[INFO] [launch]: All log files can be found below /home/jonas/benchmarks/runs/sim_wp4-s001-e5382a39e3/ros_home/log/2026-08-21-17-42-42-828841-Feanor-469036
[INFO] [launch]: Default logging verbosity is set to INFO
[INFO] [target_detector-1]: process started with pid [469048]
[INFO] [hand_eye_collector-2]: process started with pid [469049]
[INFO] [hand_eye_calibration-3]: process started with pid [469050]
[INFO] [hand_eye_visualization-4]: process started with pid [469051]
[hand_eye_calibration-3] [INFO] [1787326965.912157016] [hand_eye_calibration]: Hand-eye calibration ready: calibration_type=eye_in_hand, sample_file=/home/jonas/benchmarks/runs/sim_wp4-s001-e5382a39e3/ros_home/annin_ar4_calibration/hand_eye_samples.npy, result_file=/home/jonas/benchmarks/runs/sim_wp4-s001-e5382a39e3/ros_home/annin_ar4_calibration/hand_eye_result.yaml
[target_detector-1] [INFO] [1787326965.962977419] [target_detector]: Target detector ready: target_type=charuco, target_frame=calibration_target
[hand_eye_collector-2] [INFO] [1787326966.592558297] [hand_eye_collector]: Hand-eye collector ready: calibration_type=eye_in_hand, sample_file=/home/jonas/benchmarks/runs/sim_wp4-s001-e5382a39e3/ros_home/annin_ar4_calibration/hand_eye_samples.npy. This node moves the robot during run_auto_sequence - clear the workspace first.
[WARNING] [launch]: user interrupted with ctrl-c (SIGINT)
[hand_eye_collector-2] Traceback (most recent call last):
[hand_eye_collector-2]   File "/home/jonas/Documents/Bachelorarbeit/robocal/install/annin_ar4_calibration/lib/python3.12/site-packages/annin_ar4_calibration/nodes/hand_eye_collector_node.py", line 282, in main
[hand_eye_visualization-4] Traceback (most recent call last):
[hand_eye_visualization-4]   File "/home/jonas/Documents/Bachelorarbeit/robocal/install/annin_ar4_calibration/lib/python3.12/site-packages/annin_ar4_calibration/nodes/hand_eye_visualization_node.py", line 185, in main
[hand_eye_calibration-3] Traceback (most recent call last):
[hand_eye_calibration-3]   File "/home/jonas/Documents/Bachelorarbeit/robocal/install/annin_ar4_calibration/lib/python3.12/site-packages/annin_ar4_calibration/nodes/hand_eye_calibration_node.py", line 166, in main
[hand_eye_visualization-4]     rclpy.spin(node)
[hand_eye_visualization-4]   File "/opt/ros/jazzy/lib/python3.12/site-packages/rclpy/__init__.py", line 247, in spin
[hand_eye_visualization-4]     executor.spin_once()
[hand_eye_visualization-4]   File "/opt/ros/jazzy/lib/python3.12/site-packages/rclpy/executors.py", line 926, in spin_once
[hand_eye_visualization-4]     self._spin_once_impl(timeout_sec)
[hand_eye_visualization-4]   File "/opt/ros/jazzy/lib/python3.12/site-packages/rclpy/executors.py", line 907, in _spin_once_impl
[hand_eye_visualization-4]     handler, entity, node = self.wait_for_ready_callbacks(
[hand_eye_visualization-4]                             ^^^^^^^^^^^^^^^^^^^^^^^^^^^^^^
[hand_eye_visualization-4]   File "/opt/ros/jazzy/lib/python3.12/site-packages/rclpy/executors.py", line 877, in wait_for_ready_callbacks
[hand_eye_collector-2]     executor.spin()
[hand_eye_collector-2]   File "/opt/ros/jazzy/lib/python3.12/site-packages/rclpy/executors.py", line 359, in spin
[hand_eye_collector-2]     self._spin_once_impl()
[hand_eye_collector-2]   File "/opt/ros/jazzy/lib/python3.12/site-packages/rclpy/executors.py", line 991, in _spin_once_impl
[hand_eye_collector-2]     handler, entity, node = self.wait_for_ready_callbacks(
[hand_eye_collector-2]                             ^^^^^^^^^^^^^^^^^^^^^^^^^^^^^^
[hand_eye_collector-2]   File "/opt/ros/jazzy/lib/python3.12/site-packages/rclpy/executors.py", line 877, in wait_for_ready_callbacks
[hand_eye_visualization-4]     return next(self._cb_iter)
[hand_eye_visualization-4]            ^^^^^^^^^^^^^^^^^^^
[hand_eye_visualization-4]   File "/opt/ros/jazzy/lib/python3.12/site-packages/rclpy/executors.py", line 768, in _wait_for_ready_callbacks
[hand_eye_visualization-4]     wait_set.add_subscription(sub_handle)
[hand_eye_visualization-4] KeyboardInterrupt
[hand_eye_visualization-4] 
[hand_eye_visualization-4] During handling of the above exception, another exception occurred:
[hand_eye_visualization-4] 
[hand_eye_visualization-4] Traceback (most recent call last):
[hand_eye_visualization-4]   File "/home/jonas/Documents/Bachelorarbeit/robocal/install/annin_ar4_calibration/lib/annin_ar4_calibration/hand_eye_visualization", line 33, in <module>
[hand_eye_collector-2]     return next(self._cb_iter)
[hand_eye_collector-2]            ^^^^^^^^^^^^^^^^^^^
[hand_eye_collector-2]   File "/opt/ros/jazzy/lib/python3.12/site-packages/rclpy/executors.py", line 704, in _wait_for_ready_callbacks
[hand_eye_collector-2]     with ExitStack() as context_stack:
[hand_eye_collector-2]          ^^^^^^^^^^^
[hand_eye_collector-2]   File "/usr/lib/python3.12/contextlib.py", line 481, in __init__
[hand_eye_collector-2]     def __init__(self):
[hand_eye_collector-2] 
[hand_eye_collector-2] KeyboardInterrupt
[hand_eye_collector-2] 
[hand_eye_collector-2] During handling of the above exception, another exception occurred:
[hand_eye_collector-2] 
[hand_eye_collector-2] Traceback (most recent call last):
[hand_eye_collector-2]   File "/home/jonas/Documents/Bachelorarbeit/robocal/install/annin_ar4_calibration/lib/annin_ar4_calibration/hand_eye_collector", line 33, in <module>
[hand_eye_calibration-3]     rclpy.spin(node)
[hand_eye_calibration-3]   File "/opt/ros/jazzy/lib/python3.12/site-packages/rclpy/__init__.py", line 247, in spin
[hand_eye_calibration-3]     executor.spin_once()
[hand_eye_calibration-3]   File "/opt/ros/jazzy/lib/python3.12/site-packages/rclpy/executors.py", line 926, in spin_once
[hand_eye_calibration-3]     self._spin_once_impl(timeout_sec)
[hand_eye_calibration-3]   File "/opt/ros/jazzy/lib/python3.12/site-packages/rclpy/executors.py", line 907, in _spin_once_impl
[hand_eye_calibration-3]     handler, entity, node = self.wait_for_ready_callbacks(
[hand_eye_calibration-3]                             ^^^^^^^^^^^^^^^^^^^^^^^^^^^^^^
[hand_eye_calibration-3]   File "/opt/ros/jazzy/lib/python3.12/site-packages/rclpy/executors.py", line 877, in wait_for_ready_callbacks
[hand_eye_calibration-3]     return next(self._cb_iter)
[hand_eye_calibration-3]            ^^^^^^^^^^^^^^^^^^^
[hand_eye_calibration-3]   File "/opt/ros/jazzy/lib/python3.12/site-packages/rclpy/executors.py", line 781, in _wait_for_ready_callbacks
[hand_eye_calibration-3]     wait_set.wait(timeout_nsec)
[hand_eye_calibration-3] KeyboardInterrupt
[hand_eye_calibration-3] 
[hand_eye_calibration-3] During handling of the above exception, another exception occurred:
[hand_eye_calibration-3] 
[hand_eye_calibration-3] Traceback (most recent call last):
[hand_eye_calibration-3]   File "/home/jonas/Documents/Bachelorarbeit/robocal/install/annin_ar4_calibration/lib/annin_ar4_calibration/hand_eye_calibration", line 33, in <module>
[hand_eye_visualization-4]     sys.exit(load_entry_point('annin-ar4-calibration==0.0.1', 'console_scripts', 'hand_eye_visualization')())
[hand_eye_visualization-4]              ^^^^^^^^^^^^^^^^^^^^^^^^^^^^^^^^^^^^^^^^^^^^^^^^^^^^^^^^^^^^^^^^^^^^^^^^^^^^^^^^^^^^^^^^^^^^^^^
[hand_eye_visualization-4]   File "/home/jonas/Documents/Bachelorarbeit/robocal/install/annin_ar4_calibration/lib/python3.12/site-packages/annin_ar4_calibration/nodes/hand_eye_visualization_node.py", line 188, in main
[hand_eye_collector-2]     sys.exit(load_entry_point('annin-ar4-calibration==0.0.1', 'console_scripts', 'hand_eye_collector')())
[hand_eye_collector-2]              ^^^^^^^^^^^^^^^^^^^^^^^^^^^^^^^^^^^^^^^^^^^^^^^^^^^^^^^^^^^^^^^^^^^^^^^^^^^^^^^^^^^^^^^^^^^
[hand_eye_collector-2]   File "/home/jonas/Documents/Bachelorarbeit/robocal/install/annin_ar4_calibration/lib/python3.12/site-packages/annin_ar4_calibration/nodes/hand_eye_collector_node.py", line 285, in main
[hand_eye_calibration-3]     sys.exit(load_entry_point('annin-ar4-calibration==0.0.1', 'console_scripts', 'hand_eye_calibration')())
[hand_eye_calibration-3]              ^^^^^^^^^^^^^^^^^^^^^^^^^^^^^^^^^^^^^^^^^^^^^^^^^^^^^^^^^^^^^^^^^^^^^^^^^^^^^^^^^^^^^^^^^^^^^
[hand_eye_calibration-3]   File "/home/jonas/Documents/Bachelorarbeit/robocal/install/annin_ar4_calibration/lib/python3.12/site-packages/annin_ar4_calibration/nodes/hand_eye_calibration_node.py", line 169, in main
[target_detector-1] Traceback (most recent call last):
[target_detector-1]   File "/home/jonas/Documents/Bachelorarbeit/robocal/install/annin_ar4_calibration/lib/python3.12/site-packages/annin_ar4_calibration/nodes/target_detector_node.py", line 122, in main
[hand_eye_visualization-4]     rclpy.shutdown()
[hand_eye_visualization-4]   File "/opt/ros/jazzy/lib/python3.12/site-packages/rclpy/__init__.py", line 134, in shutdown
[hand_eye_calibration-3]     rclpy.shutdown()
[hand_eye_calibration-3]   File "/opt/ros/jazzy/lib/python3.12/site-packages/rclpy/__init__.py", line 134, in shutdown
[hand_eye_calibration-3]     _shutdown(context=context)
[hand_eye_calibration-3]   File "/opt/ros/jazzy/lib/python3.12/site-packages/rclpy/utilities.py", line 82, in shutdown
[hand_eye_calibration-3]     context.shutdown()
[hand_eye_calibration-3]   File "/opt/ros/jazzy/lib/python3.12/site-packages/rclpy/context.py", line 129, in shutdown
[hand_eye_visualization-4]     _shutdown(context=context)
[hand_eye_visualization-4]   File "/opt/ros/jazzy/lib/python3.12/site-packages/rclpy/utilities.py", line 82, in shutdown
[hand_eye_visualization-4]     context.shutdown()
[hand_eye_visualization-4]   File "/opt/ros/jazzy/lib/python3.12/site-packages/rclpy/context.py", line 129, in shutdown
[hand_eye_calibration-3]     self.__context.shutdown()
[hand_eye_calibration-3] rclpy._rclpy_pybind11.RCLError: failed to shutdown: rcl_shutdown already called on the given context, at ./src/rcl/init.c:333
[hand_eye_collector-2]     rclpy.shutdown()
[hand_eye_collector-2]   File "/opt/ros/jazzy/lib/python3.12/site-packages/rclpy/__init__.py", line 134, in shutdown
[hand_eye_collector-2]     _shutdown(context=context)
[hand_eye_collector-2]   File "/opt/ros/jazzy/lib/python3.12/site-packages/rclpy/utilities.py", line 82, in shutdown
[hand_eye_visualization-4]     self.__context.shutdown()
[hand_eye_visualization-4] rclpy._rclpy_pybind11.RCLError: failed to shutdown: rcl_shutdown already called on the given context, at ./src/rcl/init.c:333
[hand_eye_collector-2]     context.shutdown()
[hand_eye_collector-2]   File "/opt/ros/jazzy/lib/python3.12/site-packages/rclpy/context.py", line 129, in shutdown
[hand_eye_collector-2]     self.__context.shutdown()
[hand_eye_collector-2] rclpy._rclpy_pybind11.RCLError: failed to shutdown: rcl_shutdown already called on the given context, at ./src/rcl/init.c:333
[target_detector-1]     rclpy.spin(node)
[target_detector-1]   File "/opt/ros/jazzy/lib/python3.12/site-packages/rclpy/__init__.py", line 247, in spin
[target_detector-1]     executor.spin_once()
[target_detector-1]   File "/opt/ros/jazzy/lib/python3.12/site-packages/rclpy/executors.py", line 926, in spin_once
[target_detector-1]     self._spin_once_impl(timeout_sec)
[target_detector-1]   File "/opt/ros/jazzy/lib/python3.12/site-packages/rclpy/executors.py", line 907, in _spin_once_impl
[target_detector-1]     handler, entity, node = self.wait_for_ready_callbacks(
[target_detector-1]                             ^^^^^^^^^^^^^^^^^^^^^^^^^^^^^^
[target_detector-1]   File "/opt/ros/jazzy/lib/python3.12/site-packages/rclpy/executors.py", line 877, in wait_for_ready_callbacks
[target_detector-1]     return next(self._cb_iter)
[target_detector-1]            ^^^^^^^^^^^^^^^^^^^
[target_detector-1]   File "/opt/ros/jazzy/lib/python3.12/site-packages/rclpy/executors.py", line 778, in _wait_for_ready_callbacks
[target_detector-1]     waitable.add_to_wait_set(wait_set)
[target_detector-1]   File "/opt/ros/jazzy/lib/python3.12/site-packages/rclpy/event_handler.py", line 125, in add_to_wait_set
[target_detector-1]     self._event_index = wait_set.add_event(self.__event)
[target_detector-1]                         ^^^^^^^^^^^^^^^^^^^^^^^^^^^^^^^^
[target_detector-1] KeyboardInterrupt
[target_detector-1] 
[target_detector-1] During handling of the above exception, another exception occurred:
[target_detector-1] 
[target_detector-1] Traceback (most recent call last):
[target_detector-1]   File "/home/jonas/Documents/Bachelorarbeit/robocal/install/annin_ar4_calibration/lib/annin_ar4_calibration/target_detector", line 33, in <module>
[target_detector-1]     sys.exit(load_entry_point('annin-ar4-calibration==0.0.1', 'console_scripts', 'target_detector')())
[target_detector-1]              ^^^^^^^^^^^^^^^^^^^^^^^^^^^^^^^^^^^^^^^^^^^^^^^^^^^^^^^^^^^^^^^^^^^^^^^^^^^^^^^^^^^^^^^^
[target_detector-1]   File "/home/jonas/Documents/Bachelorarbeit/robocal/install/annin_ar4_calibration/lib/python3.12/site-packages/annin_ar4_calibration/nodes/target_detector_node.py", line 125, in main
[target_detector-1]     rclpy.shutdown()
[target_detector-1]   File "/opt/ros/jazzy/lib/python3.12/site-packages/rclpy/__init__.py", line 134, in shutdown
[target_detector-1]     _shutdown(context=context)
[target_detector-1]   File "/opt/ros/jazzy/lib/python3.12/site-packages/rclpy/utilities.py", line 82, in shutdown
[target_detector-1]     context.shutdown()
[target_detector-1]   File "/opt/ros/jazzy/lib/python3.12/site-packages/rclpy/context.py", line 129, in shutdown
[target_detector-1]     self.__context.shutdown()
[target_detector-1] rclpy._rclpy_pybind11.RCLError: failed to shutdown: rcl_shutdown already called on the given context, at ./src/rcl/init.c:333
[WARNING] [launch]: user interrupted with ctrl-c (SIGINT) again, ignoring...
[hand_eye_collector-2] Exception ignored in: <module 'threading' from '/usr/lib/python3.12/threading.py'>
[hand_eye_collector-2] Traceback (most recent call last):
[hand_eye_collector-2]   File "/usr/lib/python3.12/threading.py", line 1592, in _shutdown
[hand_eye_collector-2]     atexit_call()
[hand_eye_collector-2]   File "/usr/lib/python3.12/concurrent/futures/thread.py", line 31, in _python_exit
[hand_eye_collector-2]     t.join()
[hand_eye_collector-2]   File "/usr/lib/python3.12/threading.py", line 1147, in join
[hand_eye_collector-2]     self._wait_for_tstate_lock()
[hand_eye_collector-2]   File "/usr/lib/python3.12/threading.py", line 1167, in _wait_for_tstate_lock
[hand_eye_collector-2]     if lock.acquire(block, timeout):
[hand_eye_collector-2]        ^^^^^^^^^^^^^^^^^^^^^^^^^^^^
[hand_eye_collector-2] KeyboardInterrupt: 
[ERROR] [hand_eye_visualization-4]: process has died [pid 469051, exit code -2, cmd '/home/jonas/Documents/Bachelorarbeit/robocal/install/annin_ar4_calibration/lib/annin_ar4_calibration/hand_eye_visualization --ros-args -r __node:=hand_eye_visualization -p use_sim_time:=True --params-file /home/jonas/Documents/Bachelorarbeit/robocal/install/annin_ar4_calibration/share/annin_ar4_calibration/config/hand_eye_params.yaml --params-file /home/jonas/Documents/Bachelorarbeit/robocal/install/annin_ar4_calibration/share/annin_ar4_calibration/config/sim_overrides.yaml --params-file /home/jonas/benchmarks/runs/sim_wp4-s001-e5382a39e3/extra_params.yaml'].
[ERROR] [hand_eye_calibration-3]: process has died [pid 469050, exit code -2, cmd '/home/jonas/Documents/Bachelorarbeit/robocal/install/annin_ar4_calibration/lib/annin_ar4_calibration/hand_eye_calibration --ros-args -r __node:=hand_eye_calibration -p use_sim_time:=True --params-file /home/jonas/Documents/Bachelorarbeit/robocal/install/annin_ar4_calibration/share/annin_ar4_calibration/config/hand_eye_params.yaml --params-file /home/jonas/Documents/Bachelorarbeit/robocal/install/annin_ar4_calibration/share/annin_ar4_calibration/config/sim_overrides.yaml --params-file /home/jonas/benchmarks/runs/sim_wp4-s001-e5382a39e3/extra_params.yaml --params-file /tmp/launch_params_wf5et7my'].
[ERROR] [target_detector-1]: process has died [pid 469048, exit code -2, cmd '/home/jonas/Documents/Bachelorarbeit/robocal/install/annin_ar4_calibration/lib/annin_ar4_calibration/target_detector --ros-args -r __node:=target_detector -p use_sim_time:=True --params-file /home/jonas/Documents/Bachelorarbeit/robocal/install/annin_ar4_calibration/share/annin_ar4_calibration/config/hand_eye_params.yaml --params-file /home/jonas/Documents/Bachelorarbeit/robocal/install/annin_ar4_calibration/share/annin_ar4_calibration/config/sim_overrides.yaml --params-file /home/jonas/benchmarks/runs/sim_wp4-s001-e5382a39e3/extra_params.yaml --params-file /tmp/launch_params_x_z6zzi2'].
[ERROR] [hand_eye_collector-2]: process has died [pid 469049, exit code 1, cmd '/home/jonas/Documents/Bachelorarbeit/robocal/install/annin_ar4_calibration/lib/annin_ar4_calibration/hand_eye_collector --ros-args -r __node:=hand_eye_collector -p use_sim_time:=True --params-file /home/jonas/Documents/Bachelorarbeit/robocal/install/annin_ar4_calibration/share/annin_ar4_calibration/config/hand_eye_params.yaml --params-file /home/jonas/Documents/Bachelorarbeit/robocal/install/annin_ar4_calibration/share/annin_ar4_calibration/config/sim_overrides.yaml --params-file /home/jonas/benchmarks/runs/sim_wp4-s001-e5382a39e3/extra_params.yaml --params-file /tmp/launch_params_50fmbd6r'].
[INFO] [launch]: All log files can be found below /home/jonas/benchmarks/runs/sim_wp4-s001-e5382a39e3/ros_home/log/2026-08-21-17-43-43-479177-Feanor-469727
[INFO] [launch]: Default logging verbosity is set to INFO
[INFO] [target_detector-1]: process started with pid [469739]
[INFO] [hand_eye_collector-2]: process started with pid [469740]
[INFO] [hand_eye_calibration-3]: process started with pid [469741]
[INFO] [hand_eye_visualization-4]: process started with pid [469742]
[target_detector-1] [INFO] [1787327026.340428963] [target_detector]: Target detector ready: target_type=charuco, target_frame=calibration_target
[hand_eye_calibration-3] [INFO] [1787327026.380475569] [hand_eye_calibration]: Hand-eye calibration ready: calibration_type=eye_in_hand, sample_file=/home/jonas/benchmarks/runs/sim_wp4-s001-e5382a39e3/ros_home/annin_ar4_calibration/hand_eye_samples.npy, result_file=/home/jonas/benchmarks/runs/sim_wp4-s001-e5382a39e3/ros_home/annin_ar4_calibration/hand_eye_result.yaml
[hand_eye_collector-2] [INFO] [1787327027.199217663] [hand_eye_collector]: Hand-eye collector ready: calibration_type=eye_in_hand, sample_file=/home/jonas/benchmarks/runs/sim_wp4-s001-e5382a39e3/ros_home/annin_ar4_calibration/hand_eye_samples.npy. This node moves the robot during run_auto_sequence - clear the workspace first.
[hand_eye_collector-2] [WARN] [1787327037.367784831] [hand_eye_collector]: No fresh target detection at candidate pose, skipping
[hand_eye_collector-2] [WARN] [1787327068.006467121] [hand_eye_collector]: No fresh target detection at candidate pose, skipping
[hand_eye_collector-2] [WARN] [1787327103.210952867] [hand_eye_collector]: No fresh target detection at candidate pose, skipping
[hand_eye_collector-2] [WARN] [1787327114.350091242] [hand_eye_collector]: No fresh target detection at candidate pose, skipping
[hand_eye_collector-2] [WARN] [1787327134.077448941] [hand_eye_collector]: No fresh target detection at candidate pose, skipping
[hand_eye_collector-2] [WARN] [1787327143.118166867] [hand_eye_collector]: No fresh target detection at candidate pose, skipping
[hand_eye_collector-2] [WARN] [1787327147.861847980] [hand_eye_collector]: No fresh target detection at candidate pose, skipping
[WARNING] [launch]: user interrupted with ctrl-c (SIGINT)
[hand_eye_calibration-3] Traceback (most recent call last):
[hand_eye_calibration-3]   File "/home/jonas/Documents/Bachelorarbeit/robocal/install/annin_ar4_calibration/lib/python3.12/site-packages/annin_ar4_calibration/nodes/hand_eye_calibration_node.py", line 166, in main
[hand_eye_calibration-3]     rclpy.spin(node)
[hand_eye_calibration-3]   File "/opt/ros/jazzy/lib/python3.12/site-packages/rclpy/__init__.py", line 247, in spin
[hand_eye_calibration-3]     executor.spin_once()
[hand_eye_calibration-3]   File "/opt/ros/jazzy/lib/python3.12/site-packages/rclpy/executors.py", line 926, in spin_once
[hand_eye_calibration-3]     self._spin_once_impl(timeout_sec)
[hand_eye_calibration-3]   File "/opt/ros/jazzy/lib/python3.12/site-packages/rclpy/executors.py", line 907, in _spin_once_impl
[hand_eye_calibration-3]     handler, entity, node = self.wait_for_ready_callbacks(
[hand_eye_calibration-3]                             ^^^^^^^^^^^^^^^^^^^^^^^^^^^^^^
[hand_eye_calibration-3]   File "/opt/ros/jazzy/lib/python3.12/site-packages/rclpy/executors.py", line 877, in wait_for_ready_callbacks
[hand_eye_calibration-3]     return next(self._cb_iter)
[hand_eye_calibration-3]            ^^^^^^^^^^^^^^^^^^^
[hand_eye_calibration-3]   File "/opt/ros/jazzy/lib/python3.12/site-packages/rclpy/executors.py", line 781, in _wait_for_ready_callbacks
[hand_eye_calibration-3]     wait_set.wait(timeout_nsec)
[hand_eye_calibration-3] KeyboardInterrupt
[hand_eye_calibration-3] 
[hand_eye_calibration-3] During handling of the above exception, another exception occurred:
[hand_eye_calibration-3] 
[hand_eye_calibration-3] Traceback (most recent call last):
[hand_eye_calibration-3]   File "/home/jonas/Documents/Bachelorarbeit/robocal/install/annin_ar4_calibration/lib/annin_ar4_calibration/hand_eye_calibration", line 33, in <module>
[hand_eye_calibration-3]     sys.exit(load_entry_point('annin-ar4-calibration==0.0.1', 'console_scripts', 'hand_eye_calibration')())
[hand_eye_calibration-3]              ^^^^^^^^^^^^^^^^^^^^^^^^^^^^^^^^^^^^^^^^^^^^^^^^^^^^^^^^^^^^^^^^^^^^^^^^^^^^^^^^^^^^^^^^^^^^^
[hand_eye_calibration-3]   File "/home/jonas/Documents/Bachelorarbeit/robocal/install/annin_ar4_calibration/lib/python3.12/site-packages/annin_ar4_calibration/nodes/hand_eye_calibration_node.py", line 169, in main
[target_detector-1] Traceback (most recent call last):
[target_detector-1]   File "/home/jonas/Documents/Bachelorarbeit/robocal/install/annin_ar4_calibration/lib/python3.12/site-packages/annin_ar4_calibration/nodes/target_detector_node.py", line 122, in main
[hand_eye_visualization-4] Traceback (most recent call last):
[hand_eye_visualization-4]   File "/home/jonas/Documents/Bachelorarbeit/robocal/install/annin_ar4_calibration/lib/python3.12/site-packages/annin_ar4_calibration/nodes/hand_eye_visualization_node.py", line 185, in main
[hand_eye_calibration-3]     rclpy.shutdown()
[hand_eye_calibration-3]   File "/opt/ros/jazzy/lib/python3.12/site-packages/rclpy/__init__.py", line 134, in shutdown
[hand_eye_calibration-3]     _shutdown(context=context)
[hand_eye_calibration-3]   File "/opt/ros/jazzy/lib/python3.12/site-packages/rclpy/utilities.py", line 82, in shutdown
[hand_eye_calibration-3]     context.shutdown()
[hand_eye_calibration-3]   File "/opt/ros/jazzy/lib/python3.12/site-packages/rclpy/context.py", line 129, in shutdown
[hand_eye_calibration-3]     self.__context.shutdown()
[hand_eye_calibration-3] rclpy._rclpy_pybind11.RCLError: failed to shutdown: rcl_shutdown already called on the given context, at ./src/rcl/init.c:333
[target_detector-1]     rclpy.spin(node)
[target_detector-1]   File "/opt/ros/jazzy/lib/python3.12/site-packages/rclpy/__init__.py", line 247, in spin
[target_detector-1]     executor.spin_once()
[target_detector-1]   File "/opt/ros/jazzy/lib/python3.12/site-packages/rclpy/executors.py", line 926, in spin_once
[target_detector-1]     self._spin_once_impl(timeout_sec)
[target_detector-1]   File "/opt/ros/jazzy/lib/python3.12/site-packages/rclpy/executors.py", line 916, in _spin_once_impl
[target_detector-1]     handler()
[target_detector-1]   File "/opt/ros/jazzy/lib/python3.12/site-packages/rclpy/task.py", line 270, in __call__
[target_detector-1]     self._execute_coroutine_step(self._handler)
[target_detector-1]   File "/opt/ros/jazzy/lib/python3.12/site-packages/rclpy/task.py", line 286, in _execute_coroutine_step
[target_detector-1]     result = coro.send(None)
[target_detector-1]              ^^^^^^^^^^^^^^^
[target_detector-1]   File "/opt/ros/jazzy/lib/python3.12/site-packages/rclpy/executors.py", line 592, in handler
[target_detector-1]     await call_coroutine()
[target_detector-1]   File "/opt/ros/jazzy/lib/python3.12/site-packages/rclpy/executors.py", line 480, in _execute
[target_detector-1]     await await_or_execute(sub.callback, *msg_tuple)
[target_detector-1]   File "/opt/ros/jazzy/lib/python3.12/site-packages/rclpy/executors.py", line 115, in await_or_execute
[target_detector-1]     return callback(*args)
[target_detector-1]            ^^^^^^^^^^^^^^^
[target_detector-1]   File "/home/jonas/Documents/Bachelorarbeit/robocal/install/annin_ar4_calibration/lib/python3.12/site-packages/annin_ar4_calibration/nodes/target_detector_node.py", line 95, in _image_cb
[hand_eye_visualization-4]     rclpy.spin(node)
[hand_eye_visualization-4]   File "/opt/ros/jazzy/lib/python3.12/site-packages/rclpy/__init__.py", line 247, in spin
[hand_eye_visualization-4]     executor.spin_once()
[hand_eye_visualization-4]   File "/opt/ros/jazzy/lib/python3.12/site-packages/rclpy/executors.py", line 926, in spin_once
[hand_eye_visualization-4]     self._spin_once_impl(timeout_sec)
[hand_eye_visualization-4]   File "/opt/ros/jazzy/lib/python3.12/site-packages/rclpy/executors.py", line 907, in _spin_once_impl
[hand_eye_visualization-4]     handler, entity, node = self.wait_for_ready_callbacks(
[hand_eye_visualization-4]                             ^^^^^^^^^^^^^^^^^^^^^^^^^^^^^^
[hand_eye_visualization-4]   File "/opt/ros/jazzy/lib/python3.12/site-packages/rclpy/executors.py", line 877, in wait_for_ready_callbacks
[hand_eye_visualization-4]     return next(self._cb_iter)
[hand_eye_visualization-4]            ^^^^^^^^^^^^^^^^^^^
[hand_eye_visualization-4]   File "/opt/ros/jazzy/lib/python3.12/site-packages/rclpy/executors.py", line 781, in _wait_for_ready_callbacks
[hand_eye_visualization-4]     wait_set.wait(timeout_nsec)
[hand_eye_visualization-4] KeyboardInterrupt
[hand_eye_visualization-4] 
[hand_eye_visualization-4] During handling of the above exception, another exception occurred:
[hand_eye_visualization-4] 
[hand_eye_visualization-4] Traceback (most recent call last):
[hand_eye_visualization-4]   File "/home/jonas/Documents/Bachelorarbeit/robocal/install/annin_ar4_calibration/lib/annin_ar4_calibration/hand_eye_visualization", line 33, in <module>
[target_detector-1]     image_bgr = self.bridge.imgmsg_to_cv2(msg, desired_encoding='bgr8')
[target_detector-1]                 ^^^^^^^^^^^^^^^^^^^^^^^^^^^^^^^^^^^^^^^^^^^^^^^^^^^^^^^
[target_detector-1]   File "/opt/ros/jazzy/lib/python3.12/site-packages/cv_bridge/core.py", line 194, in imgmsg_to_cv2
[target_detector-1]     res = cvtColor2(im, img_msg.encoding, desired_encoding)
[target_detector-1]           ^^^^^^^^^^^^^^^^^^^^^^^^^^^^^^^^^^^^^^^^^^^^^^^^^
[target_detector-1] KeyboardInterrupt
[target_detector-1] 
[target_detector-1] During handling of the above exception, another exception occurred:
[target_detector-1] 
[target_detector-1] Traceback (most recent call last):
[target_detector-1]   File "/home/jonas/Documents/Bachelorarbeit/robocal/install/annin_ar4_calibration/lib/annin_ar4_calibration/target_detector", line 33, in <module>
[hand_eye_visualization-4]     sys.exit(load_entry_point('annin-ar4-calibration==0.0.1', 'console_scripts', 'hand_eye_visualization')())
[hand_eye_visualization-4]              ^^^^^^^^^^^^^^^^^^^^^^^^^^^^^^^^^^^^^^^^^^^^^^^^^^^^^^^^^^^^^^^^^^^^^^^^^^^^^^^^^^^^^^^^^^^^^^^
[hand_eye_visualization-4]   File "/home/jonas/Documents/Bachelorarbeit/robocal/install/annin_ar4_calibration/lib/python3.12/site-packages/annin_ar4_calibration/nodes/hand_eye_visualization_node.py", line 188, in main
[target_detector-1]     sys.exit(load_entry_point('annin-ar4-calibration==0.0.1', 'console_scripts', 'target_detector')())
[target_detector-1]              ^^^^^^^^^^^^^^^^^^^^^^^^^^^^^^^^^^^^^^^^^^^^^^^^^^^^^^^^^^^^^^^^^^^^^^^^^^^^^^^^^^^^^^^^
[target_detector-1]   File "/home/jonas/Documents/Bachelorarbeit/robocal/install/annin_ar4_calibration/lib/python3.12/site-packages/annin_ar4_calibration/nodes/target_detector_node.py", line 125, in main
[hand_eye_visualization-4]     rclpy.shutdown()
[hand_eye_visualization-4]   File "/opt/ros/jazzy/lib/python3.12/site-packages/rclpy/__init__.py", line 134, in shutdown
[hand_eye_visualization-4]     _shutdown(context=context)
[hand_eye_visualization-4]   File "/opt/ros/jazzy/lib/python3.12/site-packages/rclpy/utilities.py", line 82, in shutdown
[hand_eye_visualization-4]     context.shutdown()
[hand_eye_visualization-4]   File "/opt/ros/jazzy/lib/python3.12/site-packages/rclpy/context.py", line 129, in shutdown
[hand_eye_visualization-4]     self.__context.shutdown()
[hand_eye_visualization-4] rclpy._rclpy_pybind11.RCLError: failed to shutdown: rcl_shutdown already called on the given context, at ./src/rcl/init.c:333
[target_detector-1]     rclpy.shutdown()
[target_detector-1]   File "/opt/ros/jazzy/lib/python3.12/site-packages/rclpy/__init__.py", line 134, in shutdown
[target_detector-1]     _shutdown(context=context)
[target_detector-1]   File "/opt/ros/jazzy/lib/python3.12/site-packages/rclpy/utilities.py", line 82, in shutdown
[target_detector-1]     context.shutdown()
[target_detector-1]   File "/opt/ros/jazzy/lib/python3.12/site-packages/rclpy/context.py", line 129, in shutdown
[target_detector-1]     self.__context.shutdown()
[target_detector-1] rclpy._rclpy_pybind11.RCLError: failed to shutdown: rcl_shutdown already called on the given context, at ./src/rcl/init.c:333
[hand_eye_collector-2] Traceback (most recent call last):
[hand_eye_collector-2]   File "/home/jonas/Documents/Bachelorarbeit/robocal/install/annin_ar4_calibration/lib/python3.12/site-packages/annin_ar4_calibration/nodes/hand_eye_collector_node.py", line 282, in main
[hand_eye_collector-2]     executor.spin()
[hand_eye_collector-2]   File "/opt/ros/jazzy/lib/python3.12/site-packages/rclpy/executors.py", line 359, in spin
[hand_eye_collector-2]     self._spin_once_impl()
[hand_eye_collector-2]   File "/opt/ros/jazzy/lib/python3.12/site-packages/rclpy/executors.py", line 991, in _spin_once_impl
[hand_eye_collector-2]     handler, entity, node = self.wait_for_ready_callbacks(
[hand_eye_collector-2]                             ^^^^^^^^^^^^^^^^^^^^^^^^^^^^^^
[hand_eye_collector-2]   File "/opt/ros/jazzy/lib/python3.12/site-packages/rclpy/executors.py", line 877, in wait_for_ready_callbacks
[hand_eye_collector-2]     return next(self._cb_iter)
[hand_eye_collector-2]            ^^^^^^^^^^^^^^^^^^^
[hand_eye_collector-2]   File "/opt/ros/jazzy/lib/python3.12/site-packages/rclpy/executors.py", line 749, in _wait_for_ready_callbacks
[hand_eye_collector-2]     entity_count += waitable.get_num_entities()
[hand_eye_collector-2]                     ^^^^^^^^^^^^^^^^^^^^^^^^^^^
[hand_eye_collector-2]   File "/opt/ros/jazzy/lib/python3.12/site-packages/rclpy/event_handler.py", line 120, in get_num_entities
[hand_eye_collector-2]     return NumberOfEntities(num_events=1)
[hand_eye_collector-2]            ^^^^^^^^^^^^^^^^^^^^^^^^^^^^^^
[hand_eye_collector-2] KeyboardInterrupt
[hand_eye_collector-2] 
[hand_eye_collector-2] During handling of the above exception, another exception occurred:
[hand_eye_collector-2] 
[hand_eye_collector-2] Traceback (most recent call last):
[hand_eye_collector-2]   File "/home/jonas/Documents/Bachelorarbeit/robocal/install/annin_ar4_calibration/lib/annin_ar4_calibration/hand_eye_collector", line 33, in <module>
[hand_eye_collector-2]     sys.exit(load_entry_point('annin-ar4-calibration==0.0.1', 'console_scripts', 'hand_eye_collector')())
[hand_eye_collector-2]              ^^^^^^^^^^^^^^^^^^^^^^^^^^^^^^^^^^^^^^^^^^^^^^^^^^^^^^^^^^^^^^^^^^^^^^^^^^^^^^^^^^^^^^^^^^^
[hand_eye_collector-2]   File "/home/jonas/Documents/Bachelorarbeit/robocal/install/annin_ar4_calibration/lib/python3.12/site-packages/annin_ar4_calibration/nodes/hand_eye_collector_node.py", line 285, in main
[hand_eye_collector-2]     rclpy.shutdown()
[hand_eye_collector-2]   File "/opt/ros/jazzy/lib/python3.12/site-packages/rclpy/__init__.py", line 134, in shutdown
[hand_eye_collector-2]     _shutdown(context=context)
[hand_eye_collector-2]   File "/opt/ros/jazzy/lib/python3.12/site-packages/rclpy/utilities.py", line 82, in shutdown
[hand_eye_collector-2]     context.shutdown()
[hand_eye_collector-2]   File "/opt/ros/jazzy/lib/python3.12/site-packages/rclpy/context.py", line 129, in shutdown
[hand_eye_collector-2]     self.__context.shutdown()
[hand_eye_collector-2] rclpy._rclpy_pybind11.RCLError: failed to shutdown: rcl_shutdown already called on the given context, at ./src/rcl/init.c:333
[ERROR] [hand_eye_visualization-4]: process has died [pid 469742, exit code 1, cmd '/home/jonas/Documents/Bachelorarbeit/robocal/install/annin_ar4_calibration/lib/annin_ar4_calibration/hand_eye_visualization --ros-args -r __node:=hand_eye_visualization -p use_sim_time:=True --params-file /home/jonas/Documents/Bachelorarbeit/robocal/install/annin_ar4_calibration/share/annin_ar4_calibration/config/hand_eye_params.yaml --params-file /home/jonas/Documents/Bachelorarbeit/robocal/install/annin_ar4_calibration/share/annin_ar4_calibration/config/sim_overrides.yaml --params-file /home/jonas/benchmarks/runs/sim_wp4-s001-e5382a39e3/extra_params.yaml'].
[ERROR] [hand_eye_calibration-3]: process has died [pid 469741, exit code 1, cmd '/home/jonas/Documents/Bachelorarbeit/robocal/install/annin_ar4_calibration/lib/annin_ar4_calibration/hand_eye_calibration --ros-args -r __node:=hand_eye_calibration -p use_sim_time:=True --params-file /home/jonas/Documents/Bachelorarbeit/robocal/install/annin_ar4_calibration/share/annin_ar4_calibration/config/hand_eye_params.yaml --params-file /home/jonas/Documents/Bachelorarbeit/robocal/install/annin_ar4_calibration/share/annin_ar4_calibration/config/sim_overrides.yaml --params-file /home/jonas/benchmarks/runs/sim_wp4-s001-e5382a39e3/extra_params.yaml --params-file /tmp/launch_params_j29awzix'].
[ERROR] [target_detector-1]: process has died [pid 469739, exit code 1, cmd '/home/jonas/Documents/Bachelorarbeit/robocal/install/annin_ar4_calibration/lib/annin_ar4_calibration/target_detector --ros-args -r __node:=target_detector -p use_sim_time:=True --params-file /home/jonas/Documents/Bachelorarbeit/robocal/install/annin_ar4_calibration/share/annin_ar4_calibration/config/hand_eye_params.yaml --params-file /home/jonas/Documents/Bachelorarbeit/robocal/install/annin_ar4_calibration/share/annin_ar4_calibration/config/sim_overrides.yaml --params-file /home/jonas/benchmarks/runs/sim_wp4-s001-e5382a39e3/extra_params.yaml --params-file /tmp/launch_params_tc6bu8n1'].
[ERROR] [hand_eye_collector-2]: process has died [pid 469740, exit code 1, cmd '/home/jonas/Documents/Bachelorarbeit/robocal/install/annin_ar4_calibration/lib/annin_ar4_calibration/hand_eye_collector --ros-args -r __node:=hand_eye_collector -p use_sim_time:=True --params-file /home/jonas/Documents/Bachelorarbeit/robocal/install/annin_ar4_calibration/share/annin_ar4_calibration/config/hand_eye_params.yaml --params-file /home/jonas/Documents/Bachelorarbeit/robocal/install/annin_ar4_calibration/share/annin_ar4_calibration/config/sim_overrides.yaml --params-file /home/jonas/benchmarks/runs/sim_wp4-s001-e5382a39e3/extra_params.yaml --params-file /tmp/launch_params_2szc5gm1'].
[INFO] [launch]: All log files can be found below /home/jonas/benchmarks/runs/sim_wp4-s001-e5382a39e3/ros_home/log/2026-08-21-21-36-44-066135-Feanor-557655
[INFO] [launch]: Default logging verbosity is set to INFO
[INFO] [target_detector-1]: process started with pid [557665]
[INFO] [hand_eye_collector-2]: process started with pid [557666]
[INFO] [hand_eye_calibration-3]: process started with pid [557667]
[INFO] [hand_eye_visualization-4]: process started with pid [557668]
[target_detector-1] [INFO] [1787341007.069129734] [target_detector]: Target detector ready: target_type=charuco, target_frame=calibration_target
[hand_eye_calibration-3] [INFO] [1787341007.103368297] [hand_eye_calibration]: Loaded existing calibration from /home/jonas/benchmarks/runs/sim_wp4-s001-e5382a39e3/ros_home/annin_ar4_calibration/hand_eye_result.yaml, re-broadcasting ee_link -> camera_color_optical_frame
[hand_eye_calibration-3] [INFO] [1787341007.148846343] [hand_eye_calibration]: Hand-eye calibration ready: calibration_type=eye_in_hand, sample_file=/home/jonas/benchmarks/runs/sim_wp4-s001-e5382a39e3/ros_home/annin_ar4_calibration/hand_eye_samples.npy, result_file=/home/jonas/benchmarks/runs/sim_wp4-s001-e5382a39e3/ros_home/annin_ar4_calibration/hand_eye_result.yaml
[hand_eye_collector-2] [INFO] [1787341008.020412727] [hand_eye_collector]: Hand-eye collector ready: calibration_type=eye_in_hand, sample_file=/home/jonas/benchmarks/runs/sim_wp4-s001-e5382a39e3/ros_home/annin_ar4_calibration/hand_eye_samples.npy. This node moves the robot during run_auto_sequence - clear the workspace first.
[hand_eye_collector-2] [WARN] [1787341013.203584183] [hand_eye_collector]: No fresh target detection at candidate pose, skipping
[hand_eye_collector-2] [WARN] [1787341098.024610088] [hand_eye_collector]: No fresh target detection at candidate pose, skipping
[hand_eye_collector-2] [WARN] [1787341167.220793977] [hand_eye_collector]: No fresh target detection at candidate pose, skipping
[WARNING] [launch]: user interrupted with ctrl-c (SIGINT)
[hand_eye_calibration-3] Traceback (most recent call last):
[hand_eye_calibration-3]   File "/home/jonas/Documents/Bachelorarbeit/robocal/install/annin_ar4_calibration/lib/python3.12/site-packages/annin_ar4_calibration/nodes/hand_eye_calibration_node.py", line 166, in main
[hand_eye_visualization-4] Traceback (most recent call last):
[hand_eye_visualization-4]   File "/home/jonas/Documents/Bachelorarbeit/robocal/install/annin_ar4_calibration/lib/python3.12/site-packages/annin_ar4_calibration/nodes/hand_eye_visualization_node.py", line 185, in main
[target_detector-1] Traceback (most recent call last):
[target_detector-1]   File "/home/jonas/Documents/Bachelorarbeit/robocal/install/annin_ar4_calibration/lib/python3.12/site-packages/annin_ar4_calibration/nodes/target_detector_node.py", line 122, in main
[hand_eye_calibration-3]     rclpy.spin(node)
[target_detector-1]     rclpy.spin(node)
[target_detector-1]   File "/opt/ros/jazzy/lib/python3.12/site-packages/rclpy/__init__.py", line 247, in spin
[hand_eye_calibration-3]   File "/opt/ros/jazzy/lib/python3.12/site-packages/rclpy/__init__.py", line 247, in spin
[hand_eye_calibration-3]     executor.spin_once()
[hand_eye_calibration-3]   File "/opt/ros/jazzy/lib/python3.12/site-packages/rclpy/executors.py", line 926, in spin_once
[target_detector-1]     executor.spin_once()
[target_detector-1]   File "/opt/ros/jazzy/lib/python3.12/site-packages/rclpy/executors.py", line 926, in spin_once
[target_detector-1]     self._spin_once_impl(timeout_sec)
[target_detector-1]   File "/opt/ros/jazzy/lib/python3.12/site-packages/rclpy/executors.py", line 907, in _spin_once_impl
[hand_eye_calibration-3]     self._spin_once_impl(timeout_sec)
[hand_eye_calibration-3]   File "/opt/ros/jazzy/lib/python3.12/site-packages/rclpy/executors.py", line 907, in _spin_once_impl
[hand_eye_calibration-3]     handler, entity, node = self.wait_for_ready_callbacks(
[hand_eye_calibration-3]                             ^^^^^^^^^^^^^^^^^^^^^^^^^^^^^^
[hand_eye_calibration-3]   File "/opt/ros/jazzy/lib/python3.12/site-packages/rclpy/executors.py", line 877, in wait_for_ready_callbacks
[target_detector-1]     handler, entity, node = self.wait_for_ready_callbacks(
[target_detector-1]                             ^^^^^^^^^^^^^^^^^^^^^^^^^^^^^^
[target_detector-1]   File "/opt/ros/jazzy/lib/python3.12/site-packages/rclpy/executors.py", line 877, in wait_for_ready_callbacks
[target_detector-1]     return next(self._cb_iter)
[target_detector-1]            ^^^^^^^^^^^^^^^^^^^
[target_detector-1]   File "/opt/ros/jazzy/lib/python3.12/site-packages/rclpy/executors.py", line 704, in _wait_for_ready_callbacks
[hand_eye_calibration-3]     return next(self._cb_iter)
[hand_eye_calibration-3]            ^^^^^^^^^^^^^^^^^^^
[hand_eye_calibration-3]   File "/opt/ros/jazzy/lib/python3.12/site-packages/rclpy/executors.py", line 781, in _wait_for_ready_callbacks
[target_detector-1]     with ExitStack() as context_stack:
[target_detector-1]   File "/usr/lib/python3.12/contextlib.py", line 564, in __enter__
[hand_eye_calibration-3]     wait_set.wait(timeout_nsec)
[hand_eye_calibration-3] KeyboardInterrupt
[hand_eye_calibration-3] 
[hand_eye_calibration-3] During handling of the above exception, another exception occurred:
[hand_eye_calibration-3] 
[hand_eye_calibration-3] Traceback (most recent call last):
[hand_eye_calibration-3]   File "/home/jonas/Documents/Bachelorarbeit/robocal/install/annin_ar4_calibration/lib/annin_ar4_calibration/hand_eye_calibration", line 33, in <module>
[target_detector-1]     def __enter__(self):
[target_detector-1] 
[target_detector-1] KeyboardInterrupt
[target_detector-1] 
[target_detector-1] During handling of the above exception, another exception occurred:
[target_detector-1] 
[target_detector-1] Traceback (most recent call last):
[target_detector-1]   File "/home/jonas/Documents/Bachelorarbeit/robocal/install/annin_ar4_calibration/lib/annin_ar4_calibration/target_detector", line 33, in <module>
[hand_eye_calibration-3]     sys.exit(load_entry_point('annin-ar4-calibration==0.0.1', 'console_scripts', 'hand_eye_calibration')())
[hand_eye_calibration-3]              ^^^^^^^^^^^^^^^^^^^^^^^^^^^^^^^^^^^^^^^^^^^^^^^^^^^^^^^^^^^^^^^^^^^^^^^^^^^^^^^^^^^^^^^^^^^^^
[hand_eye_calibration-3]   File "/home/jonas/Documents/Bachelorarbeit/robocal/install/annin_ar4_calibration/lib/python3.12/site-packages/annin_ar4_calibration/nodes/hand_eye_calibration_node.py", line 169, in main
[target_detector-1]     sys.exit(load_entry_point('annin-ar4-calibration==0.0.1', 'console_scripts', 'target_detector')())
[target_detector-1]              ^^^^^^^^^^^^^^^^^^^^^^^^^^^^^^^^^^^^^^^^^^^^^^^^^^^^^^^^^^^^^^^^^^^^^^^^^^^^^^^^^^^^^^^^
[target_detector-1]   File "/home/jonas/Documents/Bachelorarbeit/robocal/install/annin_ar4_calibration/lib/python3.12/site-packages/annin_ar4_calibration/nodes/target_detector_node.py", line 125, in main
[hand_eye_calibration-3]     rclpy.shutdown()
[hand_eye_calibration-3]   File "/opt/ros/jazzy/lib/python3.12/site-packages/rclpy/__init__.py", line 134, in shutdown
[hand_eye_calibration-3]     _shutdown(context=context)
[hand_eye_calibration-3]   File "/opt/ros/jazzy/lib/python3.12/site-packages/rclpy/utilities.py", line 82, in shutdown
[hand_eye_calibration-3]     context.shutdown()
[hand_eye_calibration-3]   File "/opt/ros/jazzy/lib/python3.12/site-packages/rclpy/context.py", line 129, in shutdown
[hand_eye_calibration-3]     self.__context.shutdown()
[hand_eye_calibration-3] rclpy._rclpy_pybind11.RCLError: failed to shutdown: rcl_shutdown already called on the given context, at ./src/rcl/init.c:333
[target_detector-1]     rclpy.shutdown()
[target_detector-1]   File "/opt/ros/jazzy/lib/python3.12/site-packages/rclpy/__init__.py", line 134, in shutdown
[target_detector-1]     _shutdown(context=context)
[target_detector-1]   File "/opt/ros/jazzy/lib/python3.12/site-packages/rclpy/utilities.py", line 82, in shutdown
[target_detector-1]     context.shutdown()
[target_detector-1]   File "/opt/ros/jazzy/lib/python3.12/site-packages/rclpy/context.py", line 129, in shutdown
[target_detector-1]     self.__context.shutdown()
[target_detector-1] rclpy._rclpy_pybind11.RCLError: failed to shutdown: rcl_shutdown already called on the given context, at ./src/rcl/init.c:333
[hand_eye_visualization-4]     rclpy.spin(node)
[hand_eye_visualization-4]   File "/opt/ros/jazzy/lib/python3.12/site-packages/rclpy/__init__.py", line 247, in spin
[hand_eye_visualization-4]     executor.spin_once()
[hand_eye_visualization-4]   File "/opt/ros/jazzy/lib/python3.12/site-packages/rclpy/executors.py", line 926, in spin_once
[hand_eye_visualization-4]     self._spin_once_impl(timeout_sec)
[hand_eye_visualization-4]   File "/opt/ros/jazzy/lib/python3.12/site-packages/rclpy/executors.py", line 907, in _spin_once_impl
[hand_eye_visualization-4]     handler, entity, node = self.wait_for_ready_callbacks(
[hand_eye_visualization-4]                             ^^^^^^^^^^^^^^^^^^^^^^^^^^^^^^
[hand_eye_visualization-4]   File "/opt/ros/jazzy/lib/python3.12/site-packages/rclpy/executors.py", line 877, in wait_for_ready_callbacks
[hand_eye_visualization-4]     return next(self._cb_iter)
[hand_eye_visualization-4]            ^^^^^^^^^^^^^^^^^^^
[hand_eye_visualization-4]   File "/opt/ros/jazzy/lib/python3.12/site-packages/rclpy/executors.py", line 748, in _wait_for_ready_callbacks
[hand_eye_visualization-4]     context_stack.enter_context(waitable)
[hand_eye_visualization-4]   File "/usr/lib/python3.12/contextlib.py", line 526, in enter_context
[hand_eye_visualization-4]     result = _enter(cm)
[hand_eye_visualization-4]              ^^^^^^^^^^
[hand_eye_visualization-4]   File "/opt/ros/jazzy/lib/python3.12/site-packages/rclpy/event_handler.py", line 129, in __enter__
[hand_eye_visualization-4]     self.__event.__enter__()
[hand_eye_visualization-4] KeyboardInterrupt
[hand_eye_visualization-4] 
[hand_eye_visualization-4] During handling of the above exception, another exception occurred:
[hand_eye_visualization-4] 
[hand_eye_visualization-4] Traceback (most recent call last):
[hand_eye_visualization-4]   File "/home/jonas/Documents/Bachelorarbeit/robocal/install/annin_ar4_calibration/lib/annin_ar4_calibration/hand_eye_visualization", line 33, in <module>
[hand_eye_collector-2] Traceback (most recent call last):
[hand_eye_collector-2]   File "/home/jonas/Documents/Bachelorarbeit/robocal/install/annin_ar4_calibration/lib/python3.12/site-packages/annin_ar4_calibration/nodes/hand_eye_collector_node.py", line 282, in main
[hand_eye_visualization-4]     sys.exit(load_entry_point('annin-ar4-calibration==0.0.1', 'console_scripts', 'hand_eye_visualization')())
[hand_eye_visualization-4]              ^^^^^^^^^^^^^^^^^^^^^^^^^^^^^^^^^^^^^^^^^^^^^^^^^^^^^^^^^^^^^^^^^^^^^^^^^^^^^^^^^^^^^^^^^^^^^^^
[hand_eye_visualization-4]   File "/home/jonas/Documents/Bachelorarbeit/robocal/install/annin_ar4_calibration/lib/python3.12/site-packages/annin_ar4_calibration/nodes/hand_eye_visualization_node.py", line 188, in main
[hand_eye_collector-2]     executor.spin()
[hand_eye_collector-2]   File "/opt/ros/jazzy/lib/python3.12/site-packages/rclpy/executors.py", line 359, in spin
[hand_eye_collector-2]     self._spin_once_impl()
[hand_eye_collector-2]   File "/opt/ros/jazzy/lib/python3.12/site-packages/rclpy/executors.py", line 991, in _spin_once_impl
[hand_eye_collector-2]     handler, entity, node = self.wait_for_ready_callbacks(
[hand_eye_collector-2]                             ^^^^^^^^^^^^^^^^^^^^^^^^^^^^^^
[hand_eye_collector-2]   File "/opt/ros/jazzy/lib/python3.12/site-packages/rclpy/executors.py", line 877, in wait_for_ready_callbacks
[hand_eye_collector-2]     return next(self._cb_iter)
[hand_eye_collector-2]            ^^^^^^^^^^^^^^^^^^^
[hand_eye_collector-2]   File "/opt/ros/jazzy/lib/python3.12/site-packages/rclpy/executors.py", line 704, in _wait_for_ready_callbacks
[hand_eye_collector-2]     with ExitStack() as context_stack:
[hand_eye_collector-2]   File "/usr/lib/python3.12/contextlib.py", line 591, in __exit__
[hand_eye_collector-2]     while self._exit_callbacks:
[hand_eye_collector-2]           ^^^^^^^^^^^^^^^^^^^^
[hand_eye_collector-2] KeyboardInterrupt
[hand_eye_collector-2] 
[hand_eye_collector-2] During handling of the above exception, another exception occurred:
[hand_eye_collector-2] 
[hand_eye_collector-2] Traceback (most recent call last):
[hand_eye_collector-2]   File "/home/jonas/Documents/Bachelorarbeit/robocal/install/annin_ar4_calibration/lib/annin_ar4_calibration/hand_eye_collector", line 33, in <module>
[hand_eye_visualization-4]     rclpy.shutdown()
[hand_eye_visualization-4]   File "/opt/ros/jazzy/lib/python3.12/site-packages/rclpy/__init__.py", line 134, in shutdown
[hand_eye_visualization-4]     _shutdown(context=context)
[hand_eye_visualization-4]   File "/opt/ros/jazzy/lib/python3.12/site-packages/rclpy/utilities.py", line 82, in shutdown
[hand_eye_visualization-4]     context.shutdown()
[hand_eye_visualization-4]   File "/opt/ros/jazzy/lib/python3.12/site-packages/rclpy/context.py", line 129, in shutdown
[hand_eye_visualization-4]     self.__context.shutdown()
[hand_eye_visualization-4] rclpy._rclpy_pybind11.RCLError: failed to shutdown: rcl_shutdown already called on the given context, at ./src/rcl/init.c:333
[hand_eye_collector-2]     sys.exit(load_entry_point('annin-ar4-calibration==0.0.1', 'console_scripts', 'hand_eye_collector')())
[hand_eye_collector-2]              ^^^^^^^^^^^^^^^^^^^^^^^^^^^^^^^^^^^^^^^^^^^^^^^^^^^^^^^^^^^^^^^^^^^^^^^^^^^^^^^^^^^^^^^^^^^
[hand_eye_collector-2]   File "/home/jonas/Documents/Bachelorarbeit/robocal/install/annin_ar4_calibration/lib/python3.12/site-packages/annin_ar4_calibration/nodes/hand_eye_collector_node.py", line 285, in main
[hand_eye_collector-2]     rclpy.shutdown()
[hand_eye_collector-2]   File "/opt/ros/jazzy/lib/python3.12/site-packages/rclpy/__init__.py", line 134, in shutdown
[hand_eye_collector-2]     _shutdown(context=context)
[hand_eye_collector-2]   File "/opt/ros/jazzy/lib/python3.12/site-packages/rclpy/utilities.py", line 82, in shutdown
[hand_eye_collector-2]     context.shutdown()
[hand_eye_collector-2]   File "/opt/ros/jazzy/lib/python3.12/site-packages/rclpy/context.py", line 129, in shutdown
[hand_eye_collector-2]     self.__context.shutdown()
[hand_eye_collector-2] rclpy._rclpy_pybind11.RCLError: failed to shutdown: rcl_shutdown already called on the given context, at ./src/rcl/init.c:333
[ERROR] [hand_eye_calibration-3]: process has died [pid 557667, exit code 1, cmd '/home/jonas/Documents/Bachelorarbeit/robocal/install/annin_ar4_calibration/lib/annin_ar4_calibration/hand_eye_calibration --ros-args -r __node:=hand_eye_calibration -p use_sim_time:=True --params-file /home/jonas/Documents/Bachelorarbeit/robocal/install/annin_ar4_calibration/share/annin_ar4_calibration/config/hand_eye_params.yaml --params-file /home/jonas/Documents/Bachelorarbeit/robocal/install/annin_ar4_calibration/share/annin_ar4_calibration/config/sim_overrides.yaml --params-file /home/jonas/benchmarks/runs/sim_wp4-s001-e5382a39e3/extra_params.yaml --params-file /tmp/launch_params_u3f_j77d'].
[ERROR] [hand_eye_visualization-4]: process has died [pid 557668, exit code 1, cmd '/home/jonas/Documents/Bachelorarbeit/robocal/install/annin_ar4_calibration/lib/annin_ar4_calibration/hand_eye_visualization --ros-args -r __node:=hand_eye_visualization -p use_sim_time:=True --params-file /home/jonas/Documents/Bachelorarbeit/robocal/install/annin_ar4_calibration/share/annin_ar4_calibration/config/hand_eye_params.yaml --params-file /home/jonas/Documents/Bachelorarbeit/robocal/install/annin_ar4_calibration/share/annin_ar4_calibration/config/sim_overrides.yaml --params-file /home/jonas/benchmarks/runs/sim_wp4-s001-e5382a39e3/extra_params.yaml'].
[ERROR] [target_detector-1]: process has died [pid 557665, exit code 1, cmd '/home/jonas/Documents/Bachelorarbeit/robocal/install/annin_ar4_calibration/lib/annin_ar4_calibration/target_detector --ros-args -r __node:=target_detector -p use_sim_time:=True --params-file /home/jonas/Documents/Bachelorarbeit/robocal/install/annin_ar4_calibration/share/annin_ar4_calibration/config/hand_eye_params.yaml --params-file /home/jonas/Documents/Bachelorarbeit/robocal/install/annin_ar4_calibration/share/annin_ar4_calibration/config/sim_overrides.yaml --params-file /home/jonas/benchmarks/runs/sim_wp4-s001-e5382a39e3/extra_params.yaml --params-file /tmp/launch_params_e63az2oc'].
[ERROR] [hand_eye_collector-2]: process has died [pid 557666, exit code 1, cmd '/home/jonas/Documents/Bachelorarbeit/robocal/install/annin_ar4_calibration/lib/annin_ar4_calibration/hand_eye_collector --ros-args -r __node:=hand_eye_collector -p use_sim_time:=True --params-file /home/jonas/Documents/Bachelorarbeit/robocal/install/annin_ar4_calibration/share/annin_ar4_calibration/config/hand_eye_params.yaml --params-file /home/jonas/Documents/Bachelorarbeit/robocal/install/annin_ar4_calibration/share/annin_ar4_calibration/config/sim_overrides.yaml --params-file /home/jonas/benchmarks/runs/sim_wp4-s001-e5382a39e3/extra_params.yaml --params-file /tmp/launch_params_4q7pht83'].
[INFO] [launch]: All log files can be found below /home/jonas/benchmarks/runs/sim_wp4-s001-e5382a39e3/ros_home/log/2026-08-23-09-35-33-371644-Feanor-645024
[INFO] [launch]: Default logging verbosity is set to INFO
[INFO] [target_detector-1]: process started with pid [645034]
[INFO] [hand_eye_collector-2]: process started with pid [645035]
[INFO] [hand_eye_calibration-3]: process started with pid [645036]
[INFO] [hand_eye_visualization-4]: process started with pid [645037]
[hand_eye_calibration-3] [INFO] [1787470536.674722814] [hand_eye_calibration]: Loaded existing calibration from /home/jonas/benchmarks/runs/sim_wp4-s001-e5382a39e3/ros_home/annin_ar4_calibration/hand_eye_result.yaml, re-broadcasting ee_link -> camera_color_optical_frame
[target_detector-1] [INFO] [1787470536.675619858] [target_detector]: Target detector ready: target_type=charuco, target_frame=calibration_target
[hand_eye_calibration-3] [INFO] [1787470536.708046285] [hand_eye_calibration]: Hand-eye calibration ready: calibration_type=eye_in_hand, sample_file=/home/jonas/benchmarks/runs/sim_wp4-s001-e5382a39e3/ros_home/annin_ar4_calibration/hand_eye_samples.npy, result_file=/home/jonas/benchmarks/runs/sim_wp4-s001-e5382a39e3/ros_home/annin_ar4_calibration/hand_eye_result.yaml
[hand_eye_collector-2] [INFO] [1787470537.512465212] [hand_eye_collector]: Hand-eye collector ready: calibration_type=eye_in_hand, sample_file=/home/jonas/benchmarks/runs/sim_wp4-s001-e5382a39e3/ros_home/annin_ar4_calibration/hand_eye_samples.npy. This node moves the robot during run_auto_sequence - clear the workspace first.
[hand_eye_collector-2] [WARN] [1787470542.728660636] [hand_eye_collector]: No fresh target detection at candidate pose, skipping
[hand_eye_collector-2] [WARN] [1787470672.822095568] [hand_eye_collector]: No fresh target detection at candidate pose, skipping
[hand_eye_collector-2] [WARN] [1787470677.973341099] [hand_eye_collector]: No fresh target detection at candidate pose, skipping
[hand_eye_collector-2] [WARN] [1787470701.410860988] [hand_eye_collector]: No fresh target detection at candidate pose, skipping
[WARNING] [launch]: user interrupted with ctrl-c (SIGINT)
[target_detector-1] Traceback (most recent call last):
[target_detector-1]   File "/home/jonas/Documents/Bachelorarbeit/robocal/install/annin_ar4_calibration/lib/python3.12/site-packages/annin_ar4_calibration/nodes/target_detector_node.py", line 122, in main
[hand_eye_visualization-4] Traceback (most recent call last):
[hand_eye_visualization-4]   File "/home/jonas/Documents/Bachelorarbeit/robocal/install/annin_ar4_calibration/lib/python3.12/site-packages/annin_ar4_calibration/nodes/hand_eye_visualization_node.py", line 185, in main
[hand_eye_calibration-3] Traceback (most recent call last):
[hand_eye_calibration-3]   File "/home/jonas/Documents/Bachelorarbeit/robocal/install/annin_ar4_calibration/lib/python3.12/site-packages/annin_ar4_calibration/nodes/hand_eye_calibration_node.py", line 166, in main
[hand_eye_collector-2] Traceback (most recent call last):
[hand_eye_collector-2]   File "/home/jonas/Documents/Bachelorarbeit/robocal/install/annin_ar4_calibration/lib/python3.12/site-packages/annin_ar4_calibration/nodes/hand_eye_collector_node.py", line 282, in main
[hand_eye_calibration-3]     rclpy.spin(node)
[hand_eye_calibration-3]   File "/opt/ros/jazzy/lib/python3.12/site-packages/rclpy/__init__.py", line 247, in spin
[target_detector-1]     rclpy.spin(node)
[target_detector-1]   File "/opt/ros/jazzy/lib/python3.12/site-packages/rclpy/__init__.py", line 247, in spin
[hand_eye_calibration-3]     executor.spin_once()
[hand_eye_calibration-3]   File "/opt/ros/jazzy/lib/python3.12/site-packages/rclpy/executors.py", line 926, in spin_once
[hand_eye_calibration-3]     self._spin_once_impl(timeout_sec)
[hand_eye_calibration-3]   File "/opt/ros/jazzy/lib/python3.12/site-packages/rclpy/executors.py", line 907, in _spin_once_impl
[hand_eye_collector-2]     executor.spin()
[hand_eye_collector-2]   File "/opt/ros/jazzy/lib/python3.12/site-packages/rclpy/executors.py", line 359, in spin
[hand_eye_collector-2]     self._spin_once_impl()
[hand_eye_collector-2]   File "/opt/ros/jazzy/lib/python3.12/site-packages/rclpy/executors.py", line 991, in _spin_once_impl
[target_detector-1]     executor.spin_once()
[target_detector-1]   File "/opt/ros/jazzy/lib/python3.12/site-packages/rclpy/executors.py", line 926, in spin_once
[hand_eye_calibration-3]     handler, entity, node = self.wait_for_ready_callbacks(
[hand_eye_calibration-3]                             ^^^^^^^^^^^^^^^^^^^^^^^^^^^^^^
[hand_eye_calibration-3]   File "/opt/ros/jazzy/lib/python3.12/site-packages/rclpy/executors.py", line 877, in wait_for_ready_callbacks
[hand_eye_calibration-3]     return next(self._cb_iter)
[hand_eye_calibration-3]            ^^^^^^^^^^^^^^^^^^^
[hand_eye_calibration-3]   File "/opt/ros/jazzy/lib/python3.12/site-packages/rclpy/executors.py", line 781, in _wait_for_ready_callbacks
[target_detector-1]     self._spin_once_impl(timeout_sec)
[target_detector-1]   File "/opt/ros/jazzy/lib/python3.12/site-packages/rclpy/executors.py", line 907, in _spin_once_impl
[hand_eye_collector-2]     handler, entity, node = self.wait_for_ready_callbacks(
[hand_eye_collector-2]                             ^^^^^^^^^^^^^^^^^^^^^^^^^^^^^^
[hand_eye_collector-2]   File "/opt/ros/jazzy/lib/python3.12/site-packages/rclpy/executors.py", line 877, in wait_for_ready_callbacks
[hand_eye_collector-2]     return next(self._cb_iter)
[hand_eye_collector-2]            ^^^^^^^^^^^^^^^^^^^
[hand_eye_collector-2]   File "/opt/ros/jazzy/lib/python3.12/site-packages/rclpy/executors.py", line 781, in _wait_for_ready_callbacks
[hand_eye_collector-2]     wait_set.wait(timeout_nsec)
[hand_eye_collector-2] KeyboardInterrupt
[hand_eye_collector-2] 
[hand_eye_collector-2] During handling of the above exception, another exception occurred:
[hand_eye_collector-2] 
[hand_eye_collector-2] Traceback (most recent call last):
[hand_eye_collector-2]   File "/home/jonas/Documents/Bachelorarbeit/robocal/install/annin_ar4_calibration/lib/annin_ar4_calibration/hand_eye_collector", line 33, in <module>
[hand_eye_calibration-3]     wait_set.wait(timeout_nsec)
[hand_eye_calibration-3] KeyboardInterrupt
[hand_eye_calibration-3] 
[hand_eye_calibration-3] During handling of the above exception, another exception occurred:
[hand_eye_calibration-3] 
[hand_eye_calibration-3] Traceback (most recent call last):
[hand_eye_calibration-3]   File "/home/jonas/Documents/Bachelorarbeit/robocal/install/annin_ar4_calibration/lib/annin_ar4_calibration/hand_eye_calibration", line 33, in <module>
[target_detector-1]     handler, entity, node = self.wait_for_ready_callbacks(
[target_detector-1]                             ^^^^^^^^^^^^^^^^^^^^^^^^^^^^^^
[target_detector-1]   File "/opt/ros/jazzy/lib/python3.12/site-packages/rclpy/executors.py", line 877, in wait_for_ready_callbacks
[target_detector-1]     return next(self._cb_iter)
[target_detector-1]            ^^^^^^^^^^^^^^^^^^^
[target_detector-1]   File "/opt/ros/jazzy/lib/python3.12/site-packages/rclpy/executors.py", line 781, in _wait_for_ready_callbacks
[target_detector-1]     wait_set.wait(timeout_nsec)
[target_detector-1] KeyboardInterrupt
[target_detector-1] 
[target_detector-1] During handling of the above exception, another exception occurred:
[target_detector-1] 
[target_detector-1] Traceback (most recent call last):
[target_detector-1]   File "/home/jonas/Documents/Bachelorarbeit/robocal/install/annin_ar4_calibration/lib/annin_ar4_calibration/target_detector", line 33, in <module>
[hand_eye_calibration-3]     sys.exit(load_entry_point('annin-ar4-calibration==0.0.1', 'console_scripts', 'hand_eye_calibration')())
[hand_eye_calibration-3]              ^^^^^^^^^^^^^^^^^^^^^^^^^^^^^^^^^^^^^^^^^^^^^^^^^^^^^^^^^^^^^^^^^^^^^^^^^^^^^^^^^^^^^^^^^^^^^
[hand_eye_calibration-3]   File "/home/jonas/Documents/Bachelorarbeit/robocal/install/annin_ar4_calibration/lib/python3.12/site-packages/annin_ar4_calibration/nodes/hand_eye_calibration_node.py", line 169, in main
[hand_eye_collector-2]     sys.exit(load_entry_point('annin-ar4-calibration==0.0.1', 'console_scripts', 'hand_eye_collector')())
[hand_eye_collector-2]              ^^^^^^^^^^^^^^^^^^^^^^^^^^^^^^^^^^^^^^^^^^^^^^^^^^^^^^^^^^^^^^^^^^^^^^^^^^^^^^^^^^^^^^^^^^^
[hand_eye_collector-2]   File "/home/jonas/Documents/Bachelorarbeit/robocal/install/annin_ar4_calibration/lib/python3.12/site-packages/annin_ar4_calibration/nodes/hand_eye_collector_node.py", line 285, in main
[target_detector-1]     sys.exit(load_entry_point('annin-ar4-calibration==0.0.1', 'console_scripts', 'target_detector')())
[target_detector-1]              ^^^^^^^^^^^^^^^^^^^^^^^^^^^^^^^^^^^^^^^^^^^^^^^^^^^^^^^^^^^^^^^^^^^^^^^^^^^^^^^^^^^^^^^^
[target_detector-1]   File "/home/jonas/Documents/Bachelorarbeit/robocal/install/annin_ar4_calibration/lib/python3.12/site-packages/annin_ar4_calibration/nodes/target_detector_node.py", line 125, in main
[hand_eye_calibration-3]     rclpy.shutdown()
[hand_eye_calibration-3]   File "/opt/ros/jazzy/lib/python3.12/site-packages/rclpy/__init__.py", line 134, in shutdown
[hand_eye_calibration-3]     _shutdown(context=context)
[hand_eye_calibration-3]   File "/opt/ros/jazzy/lib/python3.12/site-packages/rclpy/utilities.py", line 82, in shutdown
[hand_eye_calibration-3]     context.shutdown()
[hand_eye_calibration-3]   File "/opt/ros/jazzy/lib/python3.12/site-packages/rclpy/context.py", line 129, in shutdown
[hand_eye_calibration-3]     self.__context.shutdown()
[hand_eye_calibration-3] rclpy._rclpy_pybind11.RCLError: failed to shutdown: rcl_shutdown already called on the given context, at ./src/rcl/init.c:333
[target_detector-1]     rclpy.shutdown()
[target_detector-1]   File "/opt/ros/jazzy/lib/python3.12/site-packages/rclpy/__init__.py", line 134, in shutdown
[target_detector-1]     _shutdown(context=context)
[target_detector-1]   File "/opt/ros/jazzy/lib/python3.12/site-packages/rclpy/utilities.py", line 82, in shutdown
[target_detector-1]     context.shutdown()
[target_detector-1]   File "/opt/ros/jazzy/lib/python3.12/site-packages/rclpy/context.py", line 129, in shutdown
[target_detector-1]     self.__context.shutdown()
[target_detector-1] rclpy._rclpy_pybind11.RCLError: failed to shutdown: rcl_shutdown already called on the given context, at ./src/rcl/init.c:333
[hand_eye_collector-2]     rclpy.shutdown()
[hand_eye_collector-2]   File "/opt/ros/jazzy/lib/python3.12/site-packages/rclpy/__init__.py", line 134, in shutdown
[hand_eye_collector-2]     _shutdown(context=context)
[hand_eye_collector-2]   File "/opt/ros/jazzy/lib/python3.12/site-packages/rclpy/utilities.py", line 82, in shutdown
[hand_eye_collector-2]     context.shutdown()
[hand_eye_collector-2]   File "/opt/ros/jazzy/lib/python3.12/site-packages/rclpy/context.py", line 129, in shutdown
[hand_eye_collector-2]     self.__context.shutdown()
[hand_eye_collector-2] rclpy._rclpy_pybind11.RCLError: failed to shutdown: rcl_shutdown already called on the given context, at ./src/rcl/init.c:333
[hand_eye_visualization-4]     rclpy.spin(node)
[hand_eye_visualization-4]   File "/opt/ros/jazzy/lib/python3.12/site-packages/rclpy/__init__.py", line 247, in spin
[hand_eye_visualization-4]     executor.spin_once()
[hand_eye_visualization-4]   File "/opt/ros/jazzy/lib/python3.12/site-packages/rclpy/executors.py", line 926, in spin_once
[hand_eye_visualization-4]     self._spin_once_impl(timeout_sec)
[hand_eye_visualization-4]   File "/opt/ros/jazzy/lib/python3.12/site-packages/rclpy/executors.py", line 907, in _spin_once_impl
[hand_eye_visualization-4]     handler, entity, node = self.wait_for_ready_callbacks(
[hand_eye_visualization-4]                             ^^^^^^^^^^^^^^^^^^^^^^^^^^^^^^
[hand_eye_visualization-4]   File "/opt/ros/jazzy/lib/python3.12/site-packages/rclpy/executors.py", line 877, in wait_for_ready_callbacks
[hand_eye_visualization-4]     return next(self._cb_iter)
[hand_eye_visualization-4]            ^^^^^^^^^^^^^^^^^^^
[hand_eye_visualization-4]   File "/opt/ros/jazzy/lib/python3.12/site-packages/rclpy/executors.py", line 781, in _wait_for_ready_callbacks
[hand_eye_visualization-4]     wait_set.wait(timeout_nsec)
[hand_eye_visualization-4] KeyboardInterrupt
[hand_eye_visualization-4] 
[hand_eye_visualization-4] During handling of the above exception, another exception occurred:
[hand_eye_visualization-4] 
[hand_eye_visualization-4] Traceback (most recent call last):
[hand_eye_visualization-4]   File "/home/jonas/Documents/Bachelorarbeit/robocal/install/annin_ar4_calibration/lib/annin_ar4_calibration/hand_eye_visualization", line 33, in <module>
[hand_eye_visualization-4]     sys.exit(load_entry_point('annin-ar4-calibration==0.0.1', 'console_scripts', 'hand_eye_visualization')())
[hand_eye_visualization-4]              ^^^^^^^^^^^^^^^^^^^^^^^^^^^^^^^^^^^^^^^^^^^^^^^^^^^^^^^^^^^^^^^^^^^^^^^^^^^^^^^^^^^^^^^^^^^^^^^
[hand_eye_visualization-4]   File "/home/jonas/Documents/Bachelorarbeit/robocal/install/annin_ar4_calibration/lib/python3.12/site-packages/annin_ar4_calibration/nodes/hand_eye_visualization_node.py", line 188, in main
[hand_eye_visualization-4]     rclpy.shutdown()
[hand_eye_visualization-4]   File "/opt/ros/jazzy/lib/python3.12/site-packages/rclpy/__init__.py", line 134, in shutdown
[hand_eye_visualization-4]     _shutdown(context=context)
[hand_eye_visualization-4]   File "/opt/ros/jazzy/lib/python3.12/site-packages/rclpy/utilities.py", line 82, in shutdown
[hand_eye_visualization-4]     context.shutdown()
[hand_eye_visualization-4]   File "/opt/ros/jazzy/lib/python3.12/site-packages/rclpy/context.py", line 129, in shutdown
[hand_eye_visualization-4]     self.__context.shutdown()
[hand_eye_visualization-4] rclpy._rclpy_pybind11.RCLError: failed to shutdown: rcl_shutdown already called on the given context, at ./src/rcl/init.c:333
[ERROR] [hand_eye_visualization-4]: process has died [pid 645037, exit code 1, cmd '/home/jonas/Documents/Bachelorarbeit/robocal/install/annin_ar4_calibration/lib/annin_ar4_calibration/hand_eye_visualization --ros-args -r __node:=hand_eye_visualization -p use_sim_time:=True --params-file /home/jonas/Documents/Bachelorarbeit/robocal/install/annin_ar4_calibration/share/annin_ar4_calibration/config/hand_eye_params.yaml --params-file /home/jonas/Documents/Bachelorarbeit/robocal/install/annin_ar4_calibration/share/annin_ar4_calibration/config/sim_overrides.yaml --params-file /home/jonas/benchmarks/runs/sim_wp4-s001-e5382a39e3/extra_params.yaml'].
[ERROR] [hand_eye_collector-2]: process has died [pid 645035, exit code 1, cmd '/home/jonas/Documents/Bachelorarbeit/robocal/install/annin_ar4_calibration/lib/annin_ar4_calibration/hand_eye_collector --ros-args -r __node:=hand_eye_collector -p use_sim_time:=True --params-file /home/jonas/Documents/Bachelorarbeit/robocal/install/annin_ar4_calibration/share/annin_ar4_calibration/config/hand_eye_params.yaml --params-file /home/jonas/Documents/Bachelorarbeit/robocal/install/annin_ar4_calibration/share/annin_ar4_calibration/config/sim_overrides.yaml --params-file /home/jonas/benchmarks/runs/sim_wp4-s001-e5382a39e3/extra_params.yaml --params-file /tmp/launch_params_tufviwq8'].
[ERROR] [hand_eye_calibration-3]: process has died [pid 645036, exit code 1, cmd '/home/jonas/Documents/Bachelorarbeit/robocal/install/annin_ar4_calibration/lib/annin_ar4_calibration/hand_eye_calibration --ros-args -r __node:=hand_eye_calibration -p use_sim_time:=True --params-file /home/jonas/Documents/Bachelorarbeit/robocal/install/annin_ar4_calibration/share/annin_ar4_calibration/config/hand_eye_params.yaml --params-file /home/jonas/Documents/Bachelorarbeit/robocal/install/annin_ar4_calibration/share/annin_ar4_calibration/config/sim_overrides.yaml --params-file /home/jonas/benchmarks/runs/sim_wp4-s001-e5382a39e3/extra_params.yaml --params-file /tmp/launch_params_zpk616yj'].
[ERROR] [target_detector-1]: process has died [pid 645034, exit code 1, cmd '/home/jonas/Documents/Bachelorarbeit/robocal/install/annin_ar4_calibration/lib/annin_ar4_calibration/target_detector --ros-args -r __node:=target_detector -p use_sim_time:=True --params-file /home/jonas/Documents/Bachelorarbeit/robocal/install/annin_ar4_calibration/share/annin_ar4_calibration/config/hand_eye_params.yaml --params-file /home/jonas/Documents/Bachelorarbeit/robocal/install/annin_ar4_calibration/share/annin_ar4_calibration/config/sim_overrides.yaml --params-file /home/jonas/benchmarks/runs/sim_wp4-s001-e5382a39e3/extra_params.yaml --params-file /tmp/launch_params_dmd881dx'].
[INFO] [launch]: All log files can be found below /home/jonas/benchmarks/runs/sim_wp4-s001-e5382a39e3/ros_home/log/2026-08-23-11-11-51-437774-Feanor-676312
[INFO] [launch]: Default logging verbosity is set to INFO
[INFO] [target_detector-1]: process started with pid [676323]
[INFO] [hand_eye_collector-2]: process started with pid [676324]
[INFO] [hand_eye_calibration-3]: process started with pid [676325]
[INFO] [hand_eye_visualization-4]: process started with pid [676326]
[hand_eye_calibration-3] [INFO] [1787476314.467914758] [hand_eye_calibration]: Loaded existing calibration from /home/jonas/benchmarks/runs/sim_wp4-s001-e5382a39e3/ros_home/annin_ar4_calibration/hand_eye_result.yaml, re-broadcasting ee_link -> camera_color_optical_frame
[target_detector-1] [INFO] [1787476314.478971875] [target_detector]: Target detector ready: target_type=charuco, target_frame=calibration_target
[hand_eye_calibration-3] [INFO] [1787476314.479703881] [hand_eye_calibration]: Hand-eye calibration ready: calibration_type=eye_in_hand, sample_file=/home/jonas/benchmarks/runs/sim_wp4-s001-e5382a39e3/ros_home/annin_ar4_calibration/hand_eye_samples.npy, result_file=/home/jonas/benchmarks/runs/sim_wp4-s001-e5382a39e3/ros_home/annin_ar4_calibration/hand_eye_result.yaml
[hand_eye_collector-2] [INFO] [1787476315.370215715] [hand_eye_collector]: Hand-eye collector ready: calibration_type=eye_in_hand, sample_file=/home/jonas/benchmarks/runs/sim_wp4-s001-e5382a39e3/ros_home/annin_ar4_calibration/hand_eye_samples.npy. This node moves the robot during run_auto_sequence - clear the workspace first.
[hand_eye_collector-2] [WARN] [1787476315.886302909] [hand_eye_collector]: Action server 'move_action' is not yet available. Better luck next time!
[hand_eye_collector-2] [WARN] [1787476315.976161354] [hand_eye_collector]: Candidate pose skipped: motion never started (move action server unavailable)
[WARNING] [launch]: user interrupted with ctrl-c (SIGINT)
[hand_eye_visualization-4] Traceback (most recent call last):
[hand_eye_visualization-4]   File "/home/jonas/Documents/Bachelorarbeit/robocal/install/annin_ar4_calibration/lib/python3.12/site-packages/annin_ar4_calibration/nodes/hand_eye_visualization_node.py", line 185, in main
[hand_eye_calibration-3] Traceback (most recent call last):
[hand_eye_calibration-3]   File "/home/jonas/Documents/Bachelorarbeit/robocal/install/annin_ar4_calibration/lib/python3.12/site-packages/annin_ar4_calibration/nodes/hand_eye_calibration_node.py", line 166, in main
[hand_eye_calibration-3]     rclpy.spin(node)
[hand_eye_calibration-3]   File "/opt/ros/jazzy/lib/python3.12/site-packages/rclpy/__init__.py", line 247, in spin
[target_detector-1] Traceback (most recent call last):
[target_detector-1]   File "/home/jonas/Documents/Bachelorarbeit/robocal/install/annin_ar4_calibration/lib/python3.12/site-packages/annin_ar4_calibration/nodes/target_detector_node.py", line 122, in main
[hand_eye_calibration-3]     executor.spin_once()
[hand_eye_calibration-3]   File "/opt/ros/jazzy/lib/python3.12/site-packages/rclpy/executors.py", line 926, in spin_once
[hand_eye_calibration-3]     self._spin_once_impl(timeout_sec)
[hand_eye_calibration-3]   File "/opt/ros/jazzy/lib/python3.12/site-packages/rclpy/executors.py", line 907, in _spin_once_impl
[hand_eye_calibration-3]     handler, entity, node = self.wait_for_ready_callbacks(
[hand_eye_calibration-3]                             ^^^^^^^^^^^^^^^^^^^^^^^^^^^^^^
[hand_eye_calibration-3]   File "/opt/ros/jazzy/lib/python3.12/site-packages/rclpy/executors.py", line 877, in wait_for_ready_callbacks
[hand_eye_calibration-3]     return next(self._cb_iter)
[hand_eye_calibration-3]            ^^^^^^^^^^^^^^^^^^^
[hand_eye_calibration-3]   File "/opt/ros/jazzy/lib/python3.12/site-packages/rclpy/executors.py", line 781, in _wait_for_ready_callbacks
[hand_eye_calibration-3]     wait_set.wait(timeout_nsec)
[hand_eye_calibration-3] KeyboardInterrupt
[hand_eye_calibration-3] 
[hand_eye_calibration-3] During handling of the above exception, another exception occurred:
[hand_eye_calibration-3] 
[hand_eye_calibration-3] Traceback (most recent call last):
[hand_eye_calibration-3]   File "/home/jonas/Documents/Bachelorarbeit/robocal/install/annin_ar4_calibration/lib/annin_ar4_calibration/hand_eye_calibration", line 33, in <module>
[target_detector-1]     rclpy.spin(node)
[target_detector-1]   File "/opt/ros/jazzy/lib/python3.12/site-packages/rclpy/__init__.py", line 247, in spin
[target_detector-1]     executor.spin_once()
[target_detector-1]   File "/opt/ros/jazzy/lib/python3.12/site-packages/rclpy/executors.py", line 926, in spin_once
[target_detector-1]     self._spin_once_impl(timeout_sec)
[target_detector-1]   File "/opt/ros/jazzy/lib/python3.12/site-packages/rclpy/executors.py", line 907, in _spin_once_impl
[target_detector-1]     handler, entity, node = self.wait_for_ready_callbacks(
[target_detector-1]                             ^^^^^^^^^^^^^^^^^^^^^^^^^^^^^^
[target_detector-1]   File "/opt/ros/jazzy/lib/python3.12/site-packages/rclpy/executors.py", line 877, in wait_for_ready_callbacks
[target_detector-1]     return next(self._cb_iter)
[target_detector-1]            ^^^^^^^^^^^^^^^^^^^
[target_detector-1]   File "/opt/ros/jazzy/lib/python3.12/site-packages/rclpy/executors.py", line 781, in _wait_for_ready_callbacks
[target_detector-1]     wait_set.wait(timeout_nsec)
[target_detector-1] KeyboardInterrupt
[target_detector-1] 
[target_detector-1] During handling of the above exception, another exception occurred:
[target_detector-1] 
[target_detector-1] Traceback (most recent call last):
[target_detector-1]   File "/home/jonas/Documents/Bachelorarbeit/robocal/install/annin_ar4_calibration/lib/annin_ar4_calibration/target_detector", line 33, in <module>
[hand_eye_calibration-3]     sys.exit(load_entry_point('annin-ar4-calibration==0.0.1', 'console_scripts', 'hand_eye_calibration')())
[hand_eye_calibration-3]              ^^^^^^^^^^^^^^^^^^^^^^^^^^^^^^^^^^^^^^^^^^^^^^^^^^^^^^^^^^^^^^^^^^^^^^^^^^^^^^^^^^^^^^^^^^^^^
[hand_eye_calibration-3]   File "/home/jonas/Documents/Bachelorarbeit/robocal/install/annin_ar4_calibration/lib/python3.12/site-packages/annin_ar4_calibration/nodes/hand_eye_calibration_node.py", line 169, in main
[target_detector-1]     sys.exit(load_entry_point('annin-ar4-calibration==0.0.1', 'console_scripts', 'target_detector')())
[target_detector-1]              ^^^^^^^^^^^^^^^^^^^^^^^^^^^^^^^^^^^^^^^^^^^^^^^^^^^^^^^^^^^^^^^^^^^^^^^^^^^^^^^^^^^^^^^^
[target_detector-1]   File "/home/jonas/Documents/Bachelorarbeit/robocal/install/annin_ar4_calibration/lib/python3.12/site-packages/annin_ar4_calibration/nodes/target_detector_node.py", line 125, in main
[hand_eye_calibration-3]     rclpy.shutdown()
[hand_eye_calibration-3]   File "/opt/ros/jazzy/lib/python3.12/site-packages/rclpy/__init__.py", line 134, in shutdown
[hand_eye_calibration-3]     _shutdown(context=context)
[hand_eye_calibration-3]   File "/opt/ros/jazzy/lib/python3.12/site-packages/rclpy/utilities.py", line 82, in shutdown
[hand_eye_calibration-3]     context.shutdown()
[hand_eye_calibration-3]   File "/opt/ros/jazzy/lib/python3.12/site-packages/rclpy/context.py", line 129, in shutdown
[hand_eye_calibration-3]     self.__context.shutdown()
[hand_eye_calibration-3] rclpy._rclpy_pybind11.RCLError: failed to shutdown: rcl_shutdown already called on the given context, at ./src/rcl/init.c:333
[target_detector-1]     rclpy.shutdown()
[target_detector-1]   File "/opt/ros/jazzy/lib/python3.12/site-packages/rclpy/__init__.py", line 134, in shutdown
[target_detector-1]     _shutdown(context=context)
[target_detector-1]   File "/opt/ros/jazzy/lib/python3.12/site-packages/rclpy/utilities.py", line 82, in shutdown
[target_detector-1]     context.shutdown()
[target_detector-1]   File "/opt/ros/jazzy/lib/python3.12/site-packages/rclpy/context.py", line 129, in shutdown
[target_detector-1]     self.__context.shutdown()
[target_detector-1] rclpy._rclpy_pybind11.RCLError: failed to shutdown: rcl_shutdown already called on the given context, at ./src/rcl/init.c:333
[hand_eye_visualization-4]     rclpy.spin(node)
[hand_eye_visualization-4]   File "/opt/ros/jazzy/lib/python3.12/site-packages/rclpy/__init__.py", line 247, in spin
[hand_eye_visualization-4]     executor.spin_once()
[hand_eye_visualization-4]   File "/opt/ros/jazzy/lib/python3.12/site-packages/rclpy/executors.py", line 926, in spin_once
[hand_eye_visualization-4]     self._spin_once_impl(timeout_sec)
[hand_eye_visualization-4]   File "/opt/ros/jazzy/lib/python3.12/site-packages/rclpy/executors.py", line 907, in _spin_once_impl
[hand_eye_visualization-4]     handler, entity, node = self.wait_for_ready_callbacks(
[hand_eye_visualization-4]                             ^^^^^^^^^^^^^^^^^^^^^^^^^^^^^^
[hand_eye_visualization-4]   File "/opt/ros/jazzy/lib/python3.12/site-packages/rclpy/executors.py", line 877, in wait_for_ready_callbacks
[hand_eye_visualization-4]     return next(self._cb_iter)
[hand_eye_visualization-4]            ^^^^^^^^^^^^^^^^^^^
[hand_eye_visualization-4]   File "/opt/ros/jazzy/lib/python3.12/site-packages/rclpy/executors.py", line 781, in _wait_for_ready_callbacks
[hand_eye_visualization-4]     wait_set.wait(timeout_nsec)
[hand_eye_visualization-4] KeyboardInterrupt
[hand_eye_visualization-4] 
[hand_eye_visualization-4] During handling of the above exception, another exception occurred:
[hand_eye_visualization-4] 
[hand_eye_visualization-4] Traceback (most recent call last):
[hand_eye_visualization-4]   File "/home/jonas/Documents/Bachelorarbeit/robocal/install/annin_ar4_calibration/lib/annin_ar4_calibration/hand_eye_visualization", line 33, in <module>
[hand_eye_collector-2] Traceback (most recent call last):
[hand_eye_collector-2]   File "/home/jonas/Documents/Bachelorarbeit/robocal/install/annin_ar4_calibration/lib/python3.12/site-packages/annin_ar4_calibration/nodes/hand_eye_collector_node.py", line 282, in main
[hand_eye_visualization-4]     sys.exit(load_entry_point('annin-ar4-calibration==0.0.1', 'console_scripts', 'hand_eye_visualization')())
[hand_eye_visualization-4]              ^^^^^^^^^^^^^^^^^^^^^^^^^^^^^^^^^^^^^^^^^^^^^^^^^^^^^^^^^^^^^^^^^^^^^^^^^^^^^^^^^^^^^^^^^^^^^^^
[hand_eye_visualization-4]   File "/home/jonas/Documents/Bachelorarbeit/robocal/install/annin_ar4_calibration/lib/python3.12/site-packages/annin_ar4_calibration/nodes/hand_eye_visualization_node.py", line 188, in main
[hand_eye_collector-2]     executor.spin()
[hand_eye_collector-2]   File "/opt/ros/jazzy/lib/python3.12/site-packages/rclpy/executors.py", line 359, in spin
[hand_eye_collector-2]     self._spin_once_impl()
[hand_eye_collector-2]   File "/opt/ros/jazzy/lib/python3.12/site-packages/rclpy/executors.py", line 991, in _spin_once_impl
[hand_eye_collector-2]     handler, entity, node = self.wait_for_ready_callbacks(
[hand_eye_collector-2]                             ^^^^^^^^^^^^^^^^^^^^^^^^^^^^^^
[hand_eye_collector-2]   File "/opt/ros/jazzy/lib/python3.12/site-packages/rclpy/executors.py", line 877, in wait_for_ready_callbacks
[hand_eye_collector-2]     return next(self._cb_iter)
[hand_eye_collector-2]            ^^^^^^^^^^^^^^^^^^^
[hand_eye_collector-2]   File "/opt/ros/jazzy/lib/python3.12/site-packages/rclpy/executors.py", line 781, in _wait_for_ready_callbacks
[hand_eye_collector-2]     wait_set.wait(timeout_nsec)
[hand_eye_collector-2] KeyboardInterrupt
[hand_eye_collector-2] 
[hand_eye_collector-2] During handling of the above exception, another exception occurred:
[hand_eye_collector-2] 
[hand_eye_collector-2] Traceback (most recent call last):
[hand_eye_collector-2]   File "/home/jonas/Documents/Bachelorarbeit/robocal/install/annin_ar4_calibration/lib/annin_ar4_calibration/hand_eye_collector", line 33, in <module>
[hand_eye_visualization-4]     rclpy.shutdown()
[hand_eye_visualization-4]   File "/opt/ros/jazzy/lib/python3.12/site-packages/rclpy/__init__.py", line 134, in shutdown
[hand_eye_visualization-4]     _shutdown(context=context)
[hand_eye_visualization-4]   File "/opt/ros/jazzy/lib/python3.12/site-packages/rclpy/utilities.py", line 82, in shutdown
[hand_eye_visualization-4]     context.shutdown()
[hand_eye_visualization-4]   File "/opt/ros/jazzy/lib/python3.12/site-packages/rclpy/context.py", line 129, in shutdown
[hand_eye_visualization-4]     self.__context.shutdown()
[hand_eye_visualization-4] rclpy._rclpy_pybind11.RCLError: failed to shutdown: rcl_shutdown already called on the given context, at ./src/rcl/init.c:333
[hand_eye_collector-2]     sys.exit(load_entry_point('annin-ar4-calibration==0.0.1', 'console_scripts', 'hand_eye_collector')())
[hand_eye_collector-2]              ^^^^^^^^^^^^^^^^^^^^^^^^^^^^^^^^^^^^^^^^^^^^^^^^^^^^^^^^^^^^^^^^^^^^^^^^^^^^^^^^^^^^^^^^^^^
[hand_eye_collector-2]   File "/home/jonas/Documents/Bachelorarbeit/robocal/install/annin_ar4_calibration/lib/python3.12/site-packages/annin_ar4_calibration/nodes/hand_eye_collector_node.py", line 285, in main
[hand_eye_collector-2]     rclpy.shutdown()
[hand_eye_collector-2]   File "/opt/ros/jazzy/lib/python3.12/site-packages/rclpy/__init__.py", line 134, in shutdown
[hand_eye_collector-2]     _shutdown(context=context)
[hand_eye_collector-2]   File "/opt/ros/jazzy/lib/python3.12/site-packages/rclpy/utilities.py", line 82, in shutdown
[hand_eye_collector-2]     context.shutdown()
[hand_eye_collector-2]   File "/opt/ros/jazzy/lib/python3.12/site-packages/rclpy/context.py", line 129, in shutdown
[hand_eye_collector-2]     self.__context.shutdown()
[hand_eye_collector-2] rclpy._rclpy_pybind11.RCLError: failed to shutdown: rcl_shutdown already called on the given context, at ./src/rcl/init.c:333
[ERROR] [hand_eye_visualization-4]: process has died [pid 676326, exit code 1, cmd '/home/jonas/Documents/Bachelorarbeit/robocal/install/annin_ar4_calibration/lib/annin_ar4_calibration/hand_eye_visualization --ros-args -r __node:=hand_eye_visualization -p use_sim_time:=True --params-file /home/jonas/Documents/Bachelorarbeit/robocal/install/annin_ar4_calibration/share/annin_ar4_calibration/config/hand_eye_params.yaml --params-file /home/jonas/Documents/Bachelorarbeit/robocal/install/annin_ar4_calibration/share/annin_ar4_calibration/config/sim_overrides.yaml --params-file /home/jonas/benchmarks/runs/sim_wp4-s001-e5382a39e3/extra_params.yaml'].
[ERROR] [hand_eye_calibration-3]: process has died [pid 676325, exit code 1, cmd '/home/jonas/Documents/Bachelorarbeit/robocal/install/annin_ar4_calibration/lib/annin_ar4_calibration/hand_eye_calibration --ros-args -r __node:=hand_eye_calibration -p use_sim_time:=True --params-file /home/jonas/Documents/Bachelorarbeit/robocal/install/annin_ar4_calibration/share/annin_ar4_calibration/config/hand_eye_params.yaml --params-file /home/jonas/Documents/Bachelorarbeit/robocal/install/annin_ar4_calibration/share/annin_ar4_calibration/config/sim_overrides.yaml --params-file /home/jonas/benchmarks/runs/sim_wp4-s001-e5382a39e3/extra_params.yaml --params-file /tmp/launch_params_bjdrm1_1'].
[ERROR] [target_detector-1]: process has died [pid 676323, exit code 1, cmd '/home/jonas/Documents/Bachelorarbeit/robocal/install/annin_ar4_calibration/lib/annin_ar4_calibration/target_detector --ros-args -r __node:=target_detector -p use_sim_time:=True --params-file /home/jonas/Documents/Bachelorarbeit/robocal/install/annin_ar4_calibration/share/annin_ar4_calibration/config/hand_eye_params.yaml --params-file /home/jonas/Documents/Bachelorarbeit/robocal/install/annin_ar4_calibration/share/annin_ar4_calibration/config/sim_overrides.yaml --params-file /home/jonas/benchmarks/runs/sim_wp4-s001-e5382a39e3/extra_params.yaml --params-file /tmp/launch_params_6zdhuqxt'].
[WARNING] [launch]: user interrupted with ctrl-c (SIGINT) again, ignoring...
[hand_eye_collector-2] Exception ignored in: <module 'threading' from '/usr/lib/python3.12/threading.py'>
[hand_eye_collector-2] Traceback (most recent call last):
[hand_eye_collector-2]   File "/usr/lib/python3.12/threading.py", line 1592, in _shutdown
[hand_eye_collector-2]     atexit_call()
[hand_eye_collector-2]   File "/usr/lib/python3.12/concurrent/futures/thread.py", line 31, in _python_exit
[hand_eye_collector-2]     t.join()
[hand_eye_collector-2]   File "/usr/lib/python3.12/threading.py", line 1147, in join
[hand_eye_collector-2]     self._wait_for_tstate_lock()
[hand_eye_collector-2]   File "/usr/lib/python3.12/threading.py", line 1167, in _wait_for_tstate_lock
[hand_eye_collector-2]     if lock.acquire(block, timeout):
[hand_eye_collector-2]        ^^^^^^^^^^^^^^^^^^^^^^^^^^^^
[hand_eye_collector-2] KeyboardInterrupt: 
[ERROR] [hand_eye_collector-2]: process has died [pid 676324, exit code 1, cmd '/home/jonas/Documents/Bachelorarbeit/robocal/install/annin_ar4_calibration/lib/annin_ar4_calibration/hand_eye_collector --ros-args -r __node:=hand_eye_collector -p use_sim_time:=True --params-file /home/jonas/Documents/Bachelorarbeit/robocal/install/annin_ar4_calibration/share/annin_ar4_calibration/config/hand_eye_params.yaml --params-file /home/jonas/Documents/Bachelorarbeit/robocal/install/annin_ar4_calibration/share/annin_ar4_calibration/config/sim_overrides.yaml --params-file /home/jonas/benchmarks/runs/sim_wp4-s001-e5382a39e3/extra_params.yaml --params-file /tmp/launch_params_u8og_84w'].
[INFO] [launch]: All log files can be found below /home/jonas/benchmarks/runs/sim_wp4-s001-e5382a39e3/ros_home/log/2026-08-23-11-13-39-228459-Feanor-677320
[INFO] [launch]: Default logging verbosity is set to INFO
[INFO] [target_detector-1]: process started with pid [677326]
[INFO] [hand_eye_collector-2]: process started with pid [677328]
[INFO] [hand_eye_calibration-3]: process started with pid [677329]
[INFO] [hand_eye_visualization-4]: process started with pid [677330]
[hand_eye_calibration-3] [INFO] [1787476422.303959842] [hand_eye_calibration]: Loaded existing calibration from /home/jonas/benchmarks/runs/sim_wp4-s001-e5382a39e3/ros_home/annin_ar4_calibration/hand_eye_result.yaml, re-broadcasting ee_link -> camera_color_optical_frame
[hand_eye_calibration-3] [INFO] [1787476422.315237401] [hand_eye_calibration]: Hand-eye calibration ready: calibration_type=eye_in_hand, sample_file=/home/jonas/benchmarks/runs/sim_wp4-s001-e5382a39e3/ros_home/annin_ar4_calibration/hand_eye_samples.npy, result_file=/home/jonas/benchmarks/runs/sim_wp4-s001-e5382a39e3/ros_home/annin_ar4_calibration/hand_eye_result.yaml
[target_detector-1] [INFO] [1787476422.315889452] [target_detector]: Target detector ready: target_type=charuco, target_frame=calibration_target
[hand_eye_collector-2] [INFO] [1787476423.013660095] [hand_eye_collector]: Hand-eye collector ready: calibration_type=eye_in_hand, sample_file=/home/jonas/benchmarks/runs/sim_wp4-s001-e5382a39e3/ros_home/annin_ar4_calibration/hand_eye_samples.npy. This node moves the robot during run_auto_sequence - clear the workspace first.
[hand_eye_collector-2] [WARN] [1787476437.350309695] [hand_eye_collector]: No fresh target detection at candidate pose, skipping
[hand_eye_collector-2] [WARN] [1787476441.072049150] [hand_eye_collector]: No fresh target detection at candidate pose, skipping
[hand_eye_collector-2] [WARN] [1787476445.745552437] [hand_eye_collector]: No fresh target detection at candidate pose, skipping
[hand_eye_collector-2] [WARN] [1787476475.679559917] [hand_eye_collector]: No fresh target detection at candidate pose, skipping
[hand_eye_collector-2] [WARN] [1787476502.213955660] [hand_eye_collector]: No fresh target detection at candidate pose, skipping
[WARNING] [launch]: user interrupted with ctrl-c (SIGINT)
[target_detector-1] Traceback (most recent call last):
[target_detector-1]   File "/home/jonas/Documents/Bachelorarbeit/robocal/install/annin_ar4_calibration/lib/python3.12/site-packages/annin_ar4_calibration/nodes/target_detector_node.py", line 122, in main
[hand_eye_calibration-3] Traceback (most recent call last):
[hand_eye_calibration-3]   File "/home/jonas/Documents/Bachelorarbeit/robocal/install/annin_ar4_calibration/lib/python3.12/site-packages/annin_ar4_calibration/nodes/hand_eye_calibration_node.py", line 166, in main
[hand_eye_calibration-3]     rclpy.spin(node)
[hand_eye_calibration-3]   File "/opt/ros/jazzy/lib/python3.12/site-packages/rclpy/__init__.py", line 247, in spin
[hand_eye_calibration-3]     executor.spin_once()
[hand_eye_calibration-3]   File "/opt/ros/jazzy/lib/python3.12/site-packages/rclpy/executors.py", line 926, in spin_once
[hand_eye_calibration-3]     self._spin_once_impl(timeout_sec)
[hand_eye_calibration-3]   File "/opt/ros/jazzy/lib/python3.12/site-packages/rclpy/executors.py", line 907, in _spin_once_impl
[hand_eye_calibration-3]     handler, entity, node = self.wait_for_ready_callbacks(
[hand_eye_calibration-3]                             ^^^^^^^^^^^^^^^^^^^^^^^^^^^^^^
[hand_eye_calibration-3]   File "/opt/ros/jazzy/lib/python3.12/site-packages/rclpy/executors.py", line 877, in wait_for_ready_callbacks
[hand_eye_calibration-3]     return next(self._cb_iter)
[hand_eye_calibration-3]            ^^^^^^^^^^^^^^^^^^^
[hand_eye_calibration-3]   File "/opt/ros/jazzy/lib/python3.12/site-packages/rclpy/executors.py", line 781, in _wait_for_ready_callbacks
[hand_eye_calibration-3]     wait_set.wait(timeout_nsec)
[hand_eye_calibration-3] KeyboardInterrupt
[hand_eye_calibration-3] 
[hand_eye_calibration-3] During handling of the above exception, another exception occurred:
[hand_eye_calibration-3] 
[hand_eye_calibration-3] Traceback (most recent call last):
[hand_eye_calibration-3]   File "/home/jonas/Documents/Bachelorarbeit/robocal/install/annin_ar4_calibration/lib/annin_ar4_calibration/hand_eye_calibration", line 33, in <module>
[target_detector-1]     rclpy.spin(node)
[target_detector-1]   File "/opt/ros/jazzy/lib/python3.12/site-packages/rclpy/__init__.py", line 247, in spin
[target_detector-1]     executor.spin_once()
[target_detector-1]   File "/opt/ros/jazzy/lib/python3.12/site-packages/rclpy/executors.py", line 926, in spin_once
[target_detector-1]     self._spin_once_impl(timeout_sec)
[target_detector-1]   File "/opt/ros/jazzy/lib/python3.12/site-packages/rclpy/executors.py", line 907, in _spin_once_impl
[target_detector-1]     handler, entity, node = self.wait_for_ready_callbacks(
[target_detector-1]                             ^^^^^^^^^^^^^^^^^^^^^^^^^^^^^^
[target_detector-1]   File "/opt/ros/jazzy/lib/python3.12/site-packages/rclpy/executors.py", line 877, in wait_for_ready_callbacks
[target_detector-1]     return next(self._cb_iter)
[target_detector-1]            ^^^^^^^^^^^^^^^^^^^
[target_detector-1]   File "/opt/ros/jazzy/lib/python3.12/site-packages/rclpy/executors.py", line 781, in _wait_for_ready_callbacks
[target_detector-1]     wait_set.wait(timeout_nsec)
[target_detector-1] KeyboardInterrupt
[target_detector-1] 
[target_detector-1] During handling of the above exception, another exception occurred:
[target_detector-1] 
[target_detector-1] Traceback (most recent call last):
[target_detector-1]   File "/home/jonas/Documents/Bachelorarbeit/robocal/install/annin_ar4_calibration/lib/annin_ar4_calibration/target_detector", line 33, in <module>
[hand_eye_calibration-3]     sys.exit(load_entry_point('annin-ar4-calibration==0.0.1', 'console_scripts', 'hand_eye_calibration')())
[hand_eye_calibration-3]              ^^^^^^^^^^^^^^^^^^^^^^^^^^^^^^^^^^^^^^^^^^^^^^^^^^^^^^^^^^^^^^^^^^^^^^^^^^^^^^^^^^^^^^^^^^^^^
[hand_eye_calibration-3]   File "/home/jonas/Documents/Bachelorarbeit/robocal/install/annin_ar4_calibration/lib/python3.12/site-packages/annin_ar4_calibration/nodes/hand_eye_calibration_node.py", line 169, in main
[target_detector-1]     sys.exit(load_entry_point('annin-ar4-calibration==0.0.1', 'console_scripts', 'target_detector')())
[target_detector-1]              ^^^^^^^^^^^^^^^^^^^^^^^^^^^^^^^^^^^^^^^^^^^^^^^^^^^^^^^^^^^^^^^^^^^^^^^^^^^^^^^^^^^^^^^^
[target_detector-1]   File "/home/jonas/Documents/Bachelorarbeit/robocal/install/annin_ar4_calibration/lib/python3.12/site-packages/annin_ar4_calibration/nodes/target_detector_node.py", line 125, in main
[target_detector-1]     rclpy.shutdown()
[target_detector-1]   File "/opt/ros/jazzy/lib/python3.12/site-packages/rclpy/__init__.py", line 134, in shutdown
[target_detector-1]     _shutdown(context=context)
[target_detector-1]   File "/opt/ros/jazzy/lib/python3.12/site-packages/rclpy/utilities.py", line 82, in shutdown
[target_detector-1]     context.shutdown()
[target_detector-1]   File "/opt/ros/jazzy/lib/python3.12/site-packages/rclpy/context.py", line 129, in shutdown
[target_detector-1]     self.__context.shutdown()
[target_detector-1] rclpy._rclpy_pybind11.RCLError: failed to shutdown: rcl_shutdown already called on the given context, at ./src/rcl/init.c:333
[hand_eye_calibration-3]     rclpy.shutdown()
[hand_eye_calibration-3]   File "/opt/ros/jazzy/lib/python3.12/site-packages/rclpy/__init__.py", line 134, in shutdown
[hand_eye_calibration-3]     _shutdown(context=context)
[hand_eye_calibration-3]   File "/opt/ros/jazzy/lib/python3.12/site-packages/rclpy/utilities.py", line 82, in shutdown
[hand_eye_calibration-3]     context.shutdown()
[hand_eye_calibration-3]   File "/opt/ros/jazzy/lib/python3.12/site-packages/rclpy/context.py", line 129, in shutdown
[hand_eye_calibration-3]     self.__context.shutdown()
[hand_eye_calibration-3] rclpy._rclpy_pybind11.RCLError: failed to shutdown: rcl_shutdown already called on the given context, at ./src/rcl/init.c:333
[hand_eye_visualization-4] Traceback (most recent call last):
[hand_eye_visualization-4]   File "/home/jonas/Documents/Bachelorarbeit/robocal/install/annin_ar4_calibration/lib/python3.12/site-packages/annin_ar4_calibration/nodes/hand_eye_visualization_node.py", line 185, in main
[hand_eye_visualization-4]     rclpy.spin(node)
[hand_eye_visualization-4]   File "/opt/ros/jazzy/lib/python3.12/site-packages/rclpy/__init__.py", line 247, in spin
[hand_eye_visualization-4]     executor.spin_once()
[hand_eye_visualization-4]   File "/opt/ros/jazzy/lib/python3.12/site-packages/rclpy/executors.py", line 926, in spin_once
[hand_eye_visualization-4]     self._spin_once_impl(timeout_sec)
[hand_eye_visualization-4]   File "/opt/ros/jazzy/lib/python3.12/site-packages/rclpy/executors.py", line 907, in _spin_once_impl
[hand_eye_visualization-4]     handler, entity, node = self.wait_for_ready_callbacks(
[hand_eye_visualization-4]                             ^^^^^^^^^^^^^^^^^^^^^^^^^^^^^^
[hand_eye_visualization-4]   File "/opt/ros/jazzy/lib/python3.12/site-packages/rclpy/executors.py", line 877, in wait_for_ready_callbacks
[hand_eye_visualization-4]     return next(self._cb_iter)
[hand_eye_visualization-4]            ^^^^^^^^^^^^^^^^^^^
[hand_eye_visualization-4]   File "/opt/ros/jazzy/lib/python3.12/site-packages/rclpy/executors.py", line 781, in _wait_for_ready_callbacks
[hand_eye_visualization-4]     wait_set.wait(timeout_nsec)
[hand_eye_visualization-4] KeyboardInterrupt
[hand_eye_visualization-4] 
[hand_eye_visualization-4] During handling of the above exception, another exception occurred:
[hand_eye_visualization-4] 
[hand_eye_visualization-4] Traceback (most recent call last):
[hand_eye_visualization-4]   File "/home/jonas/Documents/Bachelorarbeit/robocal/install/annin_ar4_calibration/lib/annin_ar4_calibration/hand_eye_visualization", line 33, in <module>
[hand_eye_visualization-4]     sys.exit(load_entry_point('annin-ar4-calibration==0.0.1', 'console_scripts', 'hand_eye_visualization')())
[hand_eye_visualization-4]              ^^^^^^^^^^^^^^^^^^^^^^^^^^^^^^^^^^^^^^^^^^^^^^^^^^^^^^^^^^^^^^^^^^^^^^^^^^^^^^^^^^^^^^^^^^^^^^^
[hand_eye_visualization-4]   File "/home/jonas/Documents/Bachelorarbeit/robocal/install/annin_ar4_calibration/lib/python3.12/site-packages/annin_ar4_calibration/nodes/hand_eye_visualization_node.py", line 188, in main
[hand_eye_collector-2] Traceback (most recent call last):
[hand_eye_collector-2]   File "/home/jonas/Documents/Bachelorarbeit/robocal/install/annin_ar4_calibration/lib/python3.12/site-packages/annin_ar4_calibration/nodes/hand_eye_collector_node.py", line 282, in main
[hand_eye_collector-2]     executor.spin()
[hand_eye_collector-2]   File "/opt/ros/jazzy/lib/python3.12/site-packages/rclpy/executors.py", line 359, in spin
[hand_eye_collector-2]     self._spin_once_impl()
[hand_eye_collector-2]   File "/opt/ros/jazzy/lib/python3.12/site-packages/rclpy/executors.py", line 991, in _spin_once_impl
[hand_eye_collector-2]     handler, entity, node = self.wait_for_ready_callbacks(
[hand_eye_collector-2]                             ^^^^^^^^^^^^^^^^^^^^^^^^^^^^^^
[hand_eye_collector-2]   File "/opt/ros/jazzy/lib/python3.12/site-packages/rclpy/executors.py", line 877, in wait_for_ready_callbacks
[hand_eye_collector-2]     return next(self._cb_iter)
[hand_eye_collector-2]            ^^^^^^^^^^^^^^^^^^^
[hand_eye_collector-2]   File "/opt/ros/jazzy/lib/python3.12/site-packages/rclpy/executors.py", line 781, in _wait_for_ready_callbacks
[hand_eye_collector-2]     wait_set.wait(timeout_nsec)
[hand_eye_collector-2] KeyboardInterrupt
[hand_eye_collector-2] 
[hand_eye_collector-2] During handling of the above exception, another exception occurred:
[hand_eye_collector-2] 
[hand_eye_collector-2] Traceback (most recent call last):
[hand_eye_collector-2]   File "/home/jonas/Documents/Bachelorarbeit/robocal/install/annin_ar4_calibration/lib/annin_ar4_calibration/hand_eye_collector", line 33, in <module>
[hand_eye_visualization-4]     rclpy.shutdown()
[hand_eye_visualization-4]   File "/opt/ros/jazzy/lib/python3.12/site-packages/rclpy/__init__.py", line 134, in shutdown
[hand_eye_visualization-4]     _shutdown(context=context)
[hand_eye_visualization-4]   File "/opt/ros/jazzy/lib/python3.12/site-packages/rclpy/utilities.py", line 82, in shutdown
[hand_eye_visualization-4]     context.shutdown()
[hand_eye_visualization-4]   File "/opt/ros/jazzy/lib/python3.12/site-packages/rclpy/context.py", line 129, in shutdown
[hand_eye_visualization-4]     self.__context.shutdown()
[hand_eye_visualization-4] rclpy._rclpy_pybind11.RCLError: failed to shutdown: rcl_shutdown already called on the given context, at ./src/rcl/init.c:333
[hand_eye_collector-2]     sys.exit(load_entry_point('annin-ar4-calibration==0.0.1', 'console_scripts', 'hand_eye_collector')())
[hand_eye_collector-2]              ^^^^^^^^^^^^^^^^^^^^^^^^^^^^^^^^^^^^^^^^^^^^^^^^^^^^^^^^^^^^^^^^^^^^^^^^^^^^^^^^^^^^^^^^^^^
[hand_eye_collector-2]   File "/home/jonas/Documents/Bachelorarbeit/robocal/install/annin_ar4_calibration/lib/python3.12/site-packages/annin_ar4_calibration/nodes/hand_eye_collector_node.py", line 285, in main
[hand_eye_collector-2]     rclpy.shutdown()
[hand_eye_collector-2]   File "/opt/ros/jazzy/lib/python3.12/site-packages/rclpy/__init__.py", line 134, in shutdown
[hand_eye_collector-2]     _shutdown(context=context)
[hand_eye_collector-2]   File "/opt/ros/jazzy/lib/python3.12/site-packages/rclpy/utilities.py", line 82, in shutdown
[hand_eye_collector-2]     context.shutdown()
[hand_eye_collector-2]   File "/opt/ros/jazzy/lib/python3.12/site-packages/rclpy/context.py", line 129, in shutdown
[hand_eye_collector-2]     self.__context.shutdown()
[hand_eye_collector-2] rclpy._rclpy_pybind11.RCLError: failed to shutdown: rcl_shutdown already called on the given context, at ./src/rcl/init.c:333
[ERROR] [hand_eye_calibration-3]: process has died [pid 677329, exit code 1, cmd '/home/jonas/Documents/Bachelorarbeit/robocal/install/annin_ar4_calibration/lib/annin_ar4_calibration/hand_eye_calibration --ros-args -r __node:=hand_eye_calibration -p use_sim_time:=True --params-file /home/jonas/Documents/Bachelorarbeit/robocal/install/annin_ar4_calibration/share/annin_ar4_calibration/config/hand_eye_params.yaml --params-file /home/jonas/Documents/Bachelorarbeit/robocal/install/annin_ar4_calibration/share/annin_ar4_calibration/config/sim_overrides.yaml --params-file /home/jonas/benchmarks/runs/sim_wp4-s001-e5382a39e3/extra_params.yaml --params-file /tmp/launch_params_g7xqfbfe'].
[ERROR] [hand_eye_visualization-4]: process has died [pid 677330, exit code 1, cmd '/home/jonas/Documents/Bachelorarbeit/robocal/install/annin_ar4_calibration/lib/annin_ar4_calibration/hand_eye_visualization --ros-args -r __node:=hand_eye_visualization -p use_sim_time:=True --params-file /home/jonas/Documents/Bachelorarbeit/robocal/install/annin_ar4_calibration/share/annin_ar4_calibration/config/hand_eye_params.yaml --params-file /home/jonas/Documents/Bachelorarbeit/robocal/install/annin_ar4_calibration/share/annin_ar4_calibration/config/sim_overrides.yaml --params-file /home/jonas/benchmarks/runs/sim_wp4-s001-e5382a39e3/extra_params.yaml'].
[ERROR] [target_detector-1]: process has died [pid 677326, exit code 1, cmd '/home/jonas/Documents/Bachelorarbeit/robocal/install/annin_ar4_calibration/lib/annin_ar4_calibration/target_detector --ros-args -r __node:=target_detector -p use_sim_time:=True --params-file /home/jonas/Documents/Bachelorarbeit/robocal/install/annin_ar4_calibration/share/annin_ar4_calibration/config/hand_eye_params.yaml --params-file /home/jonas/Documents/Bachelorarbeit/robocal/install/annin_ar4_calibration/share/annin_ar4_calibration/config/sim_overrides.yaml --params-file /home/jonas/benchmarks/runs/sim_wp4-s001-e5382a39e3/extra_params.yaml --params-file /tmp/launch_params_569300qq'].
[ERROR] [hand_eye_collector-2]: process has died [pid 677328, exit code 1, cmd '/home/jonas/Documents/Bachelorarbeit/robocal/install/annin_ar4_calibration/lib/annin_ar4_calibration/hand_eye_collector --ros-args -r __node:=hand_eye_collector -p use_sim_time:=True --params-file /home/jonas/Documents/Bachelorarbeit/robocal/install/annin_ar4_calibration/share/annin_ar4_calibration/config/hand_eye_params.yaml --params-file /home/jonas/Documents/Bachelorarbeit/robocal/install/annin_ar4_calibration/share/annin_ar4_calibration/config/sim_overrides.yaml --params-file /home/jonas/benchmarks/runs/sim_wp4-s001-e5382a39e3/extra_params.yaml --params-file /tmp/launch_params_4y3g4s01'].
[INFO] [launch]: All log files can be found below /home/jonas/benchmarks/runs/sim_wp4-s001-e5382a39e3/ros_home/log/2026-08-24-17-07-51-996825-Feanor-1110739
[INFO] [launch]: Default logging verbosity is set to INFO
[INFO] [target_detector-1]: process started with pid [1110751]
[INFO] [hand_eye_collector-2]: process started with pid [1110752]
[INFO] [hand_eye_calibration-3]: process started with pid [1110753]
[INFO] [hand_eye_visualization-4]: process started with pid [1110754]
[hand_eye_calibration-3] [INFO] [1787584075.489830075] [hand_eye_calibration]: Loaded existing calibration from /home/jonas/benchmarks/runs/sim_wp4-s001-e5382a39e3/ros_home/annin_ar4_calibration/hand_eye_result.yaml, re-broadcasting ee_link -> camera_color_optical_frame
[hand_eye_calibration-3] [INFO] [1787584075.511931905] [hand_eye_calibration]: Hand-eye calibration ready: calibration_type=eye_in_hand, sample_file=/home/jonas/benchmarks/runs/sim_wp4-s001-e5382a39e3/ros_home/annin_ar4_calibration/hand_eye_samples.npy, result_file=/home/jonas/benchmarks/runs/sim_wp4-s001-e5382a39e3/ros_home/annin_ar4_calibration/hand_eye_result.yaml
[target_detector-1] [INFO] [1787584075.713530851] [target_detector]: Target detector ready: target_type=charuco, target_frame=calibration_target
[hand_eye_collector-2] [INFO] [1787584076.310924857] [hand_eye_collector]: Hand-eye collector ready: calibration_type=eye_in_hand, sample_file=/home/jonas/benchmarks/runs/sim_wp4-s001-e5382a39e3/ros_home/annin_ar4_calibration/hand_eye_samples.npy. This node moves the robot during run_auto_sequence - clear the workspace first.
[hand_eye_collector-2] [WARN] [1787584220.454856742] [hand_eye_collector]: No fresh target detection at candidate pose, skipping
[hand_eye_collector-2] [WARN] [1787584240.451775183] [hand_eye_collector]: No fresh target detection at candidate pose, skipping
[WARNING] [launch]: user interrupted with ctrl-c (SIGINT)
[hand_eye_collector-2] Traceback (most recent call last):
[hand_eye_collector-2]   File "/home/jonas/Documents/Bachelorarbeit/robocal/install/annin_ar4_calibration/lib/python3.12/site-packages/annin_ar4_calibration/nodes/hand_eye_collector_node.py", line 282, in main
[target_detector-1] Traceback (most recent call last):
[target_detector-1]   File "/home/jonas/Documents/Bachelorarbeit/robocal/install/annin_ar4_calibration/lib/python3.12/site-packages/annin_ar4_calibration/nodes/target_detector_node.py", line 122, in main
[hand_eye_calibration-3] Traceback (most recent call last):
[hand_eye_calibration-3]   File "/home/jonas/Documents/Bachelorarbeit/robocal/install/annin_ar4_calibration/lib/python3.12/site-packages/annin_ar4_calibration/nodes/hand_eye_calibration_node.py", line 166, in main
[hand_eye_visualization-4] Traceback (most recent call last):
[hand_eye_visualization-4]   File "/home/jonas/Documents/Bachelorarbeit/robocal/install/annin_ar4_calibration/lib/python3.12/site-packages/annin_ar4_calibration/nodes/hand_eye_visualization_node.py", line 185, in main
[target_detector-1]     rclpy.spin(node)
[target_detector-1]   File "/opt/ros/jazzy/lib/python3.12/site-packages/rclpy/__init__.py", line 247, in spin
[hand_eye_calibration-3]     rclpy.spin(node)
[hand_eye_calibration-3]   File "/opt/ros/jazzy/lib/python3.12/site-packages/rclpy/__init__.py", line 247, in spin
[hand_eye_collector-2]     executor.spin()
[hand_eye_collector-2]   File "/opt/ros/jazzy/lib/python3.12/site-packages/rclpy/executors.py", line 359, in spin
[hand_eye_collector-2]     self._spin_once_impl()
[hand_eye_collector-2]   File "/opt/ros/jazzy/lib/python3.12/site-packages/rclpy/executors.py", line 991, in _spin_once_impl
[hand_eye_calibration-3]     executor.spin_once()
[hand_eye_calibration-3]   File "/opt/ros/jazzy/lib/python3.12/site-packages/rclpy/executors.py", line 926, in spin_once
[hand_eye_calibration-3]     self._spin_once_impl(timeout_sec)
[hand_eye_calibration-3]   File "/opt/ros/jazzy/lib/python3.12/site-packages/rclpy/executors.py", line 907, in _spin_once_impl
[target_detector-1]     executor.spin_once()
[target_detector-1]   File "/opt/ros/jazzy/lib/python3.12/site-packages/rclpy/executors.py", line 926, in spin_once
[target_detector-1]     self._spin_once_impl(timeout_sec)
[target_detector-1]   File "/opt/ros/jazzy/lib/python3.12/site-packages/rclpy/executors.py", line 907, in _spin_once_impl
[hand_eye_collector-2]     handler, entity, node = self.wait_for_ready_callbacks(
[hand_eye_collector-2]                             ^^^^^^^^^^^^^^^^^^^^^^^^^^^^^^
[hand_eye_collector-2]   File "/opt/ros/jazzy/lib/python3.12/site-packages/rclpy/executors.py", line 877, in wait_for_ready_callbacks
[hand_eye_calibration-3]     handler, entity, node = self.wait_for_ready_callbacks(
[hand_eye_calibration-3]                             ^^^^^^^^^^^^^^^^^^^^^^^^^^^^^^
[hand_eye_calibration-3]   File "/opt/ros/jazzy/lib/python3.12/site-packages/rclpy/executors.py", line 877, in wait_for_ready_callbacks
[hand_eye_calibration-3]     return next(self._cb_iter)
[hand_eye_calibration-3]            ^^^^^^^^^^^^^^^^^^^
[hand_eye_calibration-3]   File "/opt/ros/jazzy/lib/python3.12/site-packages/rclpy/executors.py", line 781, in _wait_for_ready_callbacks
[hand_eye_calibration-3]     wait_set.wait(timeout_nsec)
[hand_eye_calibration-3] KeyboardInterrupt
[hand_eye_calibration-3] 
[hand_eye_calibration-3] During handling of the above exception, another exception occurred:
[hand_eye_calibration-3] 
[hand_eye_calibration-3] Traceback (most recent call last):
[hand_eye_calibration-3]   File "/home/jonas/Documents/Bachelorarbeit/robocal/install/annin_ar4_calibration/lib/annin_ar4_calibration/hand_eye_calibration", line 33, in <module>
[target_detector-1]     handler, entity, node = self.wait_for_ready_callbacks(
[target_detector-1]                             ^^^^^^^^^^^^^^^^^^^^^^^^^^^^^^
[target_detector-1]   File "/opt/ros/jazzy/lib/python3.12/site-packages/rclpy/executors.py", line 877, in wait_for_ready_callbacks
[target_detector-1]     return next(self._cb_iter)
[target_detector-1]            ^^^^^^^^^^^^^^^^^^^
[target_detector-1]   File "/opt/ros/jazzy/lib/python3.12/site-packages/rclpy/executors.py", line 781, in _wait_for_ready_callbacks
[target_detector-1]     wait_set.wait(timeout_nsec)
[target_detector-1] KeyboardInterrupt
[target_detector-1] 
[target_detector-1] During handling of the above exception, another exception occurred:
[target_detector-1] 
[target_detector-1] Traceback (most recent call last):
[target_detector-1]   File "/home/jonas/Documents/Bachelorarbeit/robocal/install/annin_ar4_calibration/lib/annin_ar4_calibration/target_detector", line 33, in <module>
[hand_eye_collector-2]     return next(self._cb_iter)
[hand_eye_collector-2]            ^^^^^^^^^^^^^^^^^^^
[hand_eye_collector-2]   File "/opt/ros/jazzy/lib/python3.12/site-packages/rclpy/executors.py", line 781, in _wait_for_ready_callbacks
[hand_eye_collector-2]     wait_set.wait(timeout_nsec)
[hand_eye_collector-2] KeyboardInterrupt
[hand_eye_collector-2] 
[hand_eye_collector-2] During handling of the above exception, another exception occurred:
[hand_eye_collector-2] 
[hand_eye_collector-2] Traceback (most recent call last):
[hand_eye_collector-2]   File "/home/jonas/Documents/Bachelorarbeit/robocal/install/annin_ar4_calibration/lib/annin_ar4_calibration/hand_eye_collector", line 33, in <module>
[target_detector-1]     sys.exit(load_entry_point('annin-ar4-calibration==0.0.1', 'console_scripts', 'target_detector')())
[target_detector-1]              ^^^^^^^^^^^^^^^^^^^^^^^^^^^^^^^^^^^^^^^^^^^^^^^^^^^^^^^^^^^^^^^^^^^^^^^^^^^^^^^^^^^^^^^^
[target_detector-1]   File "/home/jonas/Documents/Bachelorarbeit/robocal/install/annin_ar4_calibration/lib/python3.12/site-packages/annin_ar4_calibration/nodes/target_detector_node.py", line 125, in main
[hand_eye_calibration-3]     sys.exit(load_entry_point('annin-ar4-calibration==0.0.1', 'console_scripts', 'hand_eye_calibration')())
[hand_eye_calibration-3]              ^^^^^^^^^^^^^^^^^^^^^^^^^^^^^^^^^^^^^^^^^^^^^^^^^^^^^^^^^^^^^^^^^^^^^^^^^^^^^^^^^^^^^^^^^^^^^
[hand_eye_calibration-3]   File "/home/jonas/Documents/Bachelorarbeit/robocal/install/annin_ar4_calibration/lib/python3.12/site-packages/annin_ar4_calibration/nodes/hand_eye_calibration_node.py", line 169, in main
[hand_eye_collector-2]     sys.exit(load_entry_point('annin-ar4-calibration==0.0.1', 'console_scripts', 'hand_eye_collector')())
[hand_eye_collector-2]              ^^^^^^^^^^^^^^^^^^^^^^^^^^^^^^^^^^^^^^^^^^^^^^^^^^^^^^^^^^^^^^^^^^^^^^^^^^^^^^^^^^^^^^^^^^^
[hand_eye_collector-2]   File "/home/jonas/Documents/Bachelorarbeit/robocal/install/annin_ar4_calibration/lib/python3.12/site-packages/annin_ar4_calibration/nodes/hand_eye_collector_node.py", line 285, in main
[target_detector-1]     rclpy.shutdown()
[target_detector-1]   File "/opt/ros/jazzy/lib/python3.12/site-packages/rclpy/__init__.py", line 134, in shutdown
[hand_eye_calibration-3]     rclpy.shutdown()
[hand_eye_calibration-3]   File "/opt/ros/jazzy/lib/python3.12/site-packages/rclpy/__init__.py", line 134, in shutdown
[target_detector-1]     _shutdown(context=context)
[target_detector-1]   File "/opt/ros/jazzy/lib/python3.12/site-packages/rclpy/utilities.py", line 82, in shutdown
[target_detector-1]     context.shutdown()
[target_detector-1]   File "/opt/ros/jazzy/lib/python3.12/site-packages/rclpy/context.py", line 129, in shutdown
[target_detector-1]     self.__context.shutdown()
[hand_eye_calibration-3]     _shutdown(context=context)
[hand_eye_calibration-3]   File "/opt/ros/jazzy/lib/python3.12/site-packages/rclpy/utilities.py", line 82, in shutdown
[hand_eye_calibration-3]     context.shutdown()
[hand_eye_calibration-3]   File "/opt/ros/jazzy/lib/python3.12/site-packages/rclpy/context.py", line 129, in shutdown
[hand_eye_calibration-3]     self.__context.shutdown()
[hand_eye_collector-2]     rclpy.shutdown()
[hand_eye_collector-2]   File "/opt/ros/jazzy/lib/python3.12/site-packages/rclpy/__init__.py", line 134, in shutdown
[hand_eye_collector-2]     _shutdown(context=context)
[hand_eye_collector-2]   File "/opt/ros/jazzy/lib/python3.12/site-packages/rclpy/utilities.py", line 82, in shutdown
[target_detector-1] rclpy._rclpy_pybind11.RCLError: failed to shutdown: rcl_shutdown already called on the given context, at ./src/rcl/init.c:333
[hand_eye_collector-2]     context.shutdown()
[hand_eye_collector-2]   File "/opt/ros/jazzy/lib/python3.12/site-packages/rclpy/context.py", line 129, in shutdown
[hand_eye_collector-2]     self.__context.shutdown()
[hand_eye_collector-2] rclpy._rclpy_pybind11.RCLError: failed to shutdown: rcl_shutdown already called on the given context, at ./src/rcl/init.c:333
[hand_eye_calibration-3] rclpy._rclpy_pybind11.RCLError: failed to shutdown: rcl_shutdown already called on the given context, at ./src/rcl/init.c:333
[hand_eye_visualization-4]     rclpy.spin(node)
[hand_eye_visualization-4]   File "/opt/ros/jazzy/lib/python3.12/site-packages/rclpy/__init__.py", line 247, in spin
[hand_eye_visualization-4]     executor.spin_once()
[hand_eye_visualization-4]   File "/opt/ros/jazzy/lib/python3.12/site-packages/rclpy/executors.py", line 926, in spin_once
[hand_eye_visualization-4]     self._spin_once_impl(timeout_sec)
[hand_eye_visualization-4]   File "/opt/ros/jazzy/lib/python3.12/site-packages/rclpy/executors.py", line 907, in _spin_once_impl
[hand_eye_visualization-4]     handler, entity, node = self.wait_for_ready_callbacks(
[hand_eye_visualization-4]                             ^^^^^^^^^^^^^^^^^^^^^^^^^^^^^^
[hand_eye_visualization-4]   File "/opt/ros/jazzy/lib/python3.12/site-packages/rclpy/executors.py", line 877, in wait_for_ready_callbacks
[hand_eye_visualization-4]     return next(self._cb_iter)
[hand_eye_visualization-4]            ^^^^^^^^^^^^^^^^^^^
[hand_eye_visualization-4]   File "/opt/ros/jazzy/lib/python3.12/site-packages/rclpy/executors.py", line 781, in _wait_for_ready_callbacks
[hand_eye_visualization-4]     wait_set.wait(timeout_nsec)
[hand_eye_visualization-4] KeyboardInterrupt
[hand_eye_visualization-4] 
[hand_eye_visualization-4] During handling of the above exception, another exception occurred:
[hand_eye_visualization-4] 
[hand_eye_visualization-4] Traceback (most recent call last):
[hand_eye_visualization-4]   File "/home/jonas/Documents/Bachelorarbeit/robocal/install/annin_ar4_calibration/lib/annin_ar4_calibration/hand_eye_visualization", line 33, in <module>
[hand_eye_visualization-4]     sys.exit(load_entry_point('annin-ar4-calibration==0.0.1', 'console_scripts', 'hand_eye_visualization')())
[hand_eye_visualization-4]              ^^^^^^^^^^^^^^^^^^^^^^^^^^^^^^^^^^^^^^^^^^^^^^^^^^^^^^^^^^^^^^^^^^^^^^^^^^^^^^^^^^^^^^^^^^^^^^^
[hand_eye_visualization-4]   File "/home/jonas/Documents/Bachelorarbeit/robocal/install/annin_ar4_calibration/lib/python3.12/site-packages/annin_ar4_calibration/nodes/hand_eye_visualization_node.py", line 188, in main
[hand_eye_visualization-4]     rclpy.shutdown()
[hand_eye_visualization-4]   File "/opt/ros/jazzy/lib/python3.12/site-packages/rclpy/__init__.py", line 134, in shutdown
[hand_eye_visualization-4]     _shutdown(context=context)
[hand_eye_visualization-4]   File "/opt/ros/jazzy/lib/python3.12/site-packages/rclpy/utilities.py", line 82, in shutdown
[hand_eye_visualization-4]     context.shutdown()
[hand_eye_visualization-4]   File "/opt/ros/jazzy/lib/python3.12/site-packages/rclpy/context.py", line 129, in shutdown
[hand_eye_visualization-4]     self.__context.shutdown()
[hand_eye_visualization-4] rclpy._rclpy_pybind11.RCLError: failed to shutdown: rcl_shutdown already called on the given context, at ./src/rcl/init.c:333
[ERROR] [hand_eye_visualization-4]: process has died [pid 1110754, exit code 1, cmd '/home/jonas/Documents/Bachelorarbeit/robocal/install/annin_ar4_calibration/lib/annin_ar4_calibration/hand_eye_visualization --ros-args -r __node:=hand_eye_visualization -p use_sim_time:=True --params-file /home/jonas/Documents/Bachelorarbeit/robocal/install/annin_ar4_calibration/share/annin_ar4_calibration/config/hand_eye_params.yaml --params-file /home/jonas/Documents/Bachelorarbeit/robocal/install/annin_ar4_calibration/share/annin_ar4_calibration/config/sim_overrides.yaml --params-file /home/jonas/benchmarks/runs/sim_wp4-s001-e5382a39e3/extra_params.yaml'].
[ERROR] [hand_eye_collector-2]: process has died [pid 1110752, exit code 1, cmd '/home/jonas/Documents/Bachelorarbeit/robocal/install/annin_ar4_calibration/lib/annin_ar4_calibration/hand_eye_collector --ros-args -r __node:=hand_eye_collector -p use_sim_time:=True --params-file /home/jonas/Documents/Bachelorarbeit/robocal/install/annin_ar4_calibration/share/annin_ar4_calibration/config/hand_eye_params.yaml --params-file /home/jonas/Documents/Bachelorarbeit/robocal/install/annin_ar4_calibration/share/annin_ar4_calibration/config/sim_overrides.yaml --params-file /home/jonas/benchmarks/runs/sim_wp4-s001-e5382a39e3/extra_params.yaml --params-file /tmp/launch_params_ec74rhnq'].
[ERROR] [hand_eye_calibration-3]: process has died [pid 1110753, exit code 1, cmd '/home/jonas/Documents/Bachelorarbeit/robocal/install/annin_ar4_calibration/lib/annin_ar4_calibration/hand_eye_calibration --ros-args -r __node:=hand_eye_calibration -p use_sim_time:=True --params-file /home/jonas/Documents/Bachelorarbeit/robocal/install/annin_ar4_calibration/share/annin_ar4_calibration/config/hand_eye_params.yaml --params-file /home/jonas/Documents/Bachelorarbeit/robocal/install/annin_ar4_calibration/share/annin_ar4_calibration/config/sim_overrides.yaml --params-file /home/jonas/benchmarks/runs/sim_wp4-s001-e5382a39e3/extra_params.yaml --params-file /tmp/launch_params_v0dmlnia'].
[ERROR] [target_detector-1]: process has died [pid 1110751, exit code 1, cmd '/home/jonas/Documents/Bachelorarbeit/robocal/install/annin_ar4_calibration/lib/annin_ar4_calibration/target_detector --ros-args -r __node:=target_detector -p use_sim_time:=True --params-file /home/jonas/Documents/Bachelorarbeit/robocal/install/annin_ar4_calibration/share/annin_ar4_calibration/config/hand_eye_params.yaml --params-file /home/jonas/Documents/Bachelorarbeit/robocal/install/annin_ar4_calibration/share/annin_ar4_calibration/config/sim_overrides.yaml --params-file /home/jonas/benchmarks/runs/sim_wp4-s001-e5382a39e3/extra_params.yaml --params-file /tmp/launch_params_6qjdtyi8'].
[INFO] [launch]: All log files can be found below /home/jonas/benchmarks/runs/sim_wp4-s001-e5382a39e3/ros_home/log/2026-08-24-23-21-19-159140-Feanor-1200850
[INFO] [launch]: Default logging verbosity is set to INFO
[INFO] [target_detector-1]: process started with pid [1200860]
[INFO] [hand_eye_collector-2]: process started with pid [1200861]
[INFO] [hand_eye_calibration-3]: process started with pid [1200862]
[INFO] [hand_eye_visualization-4]: process started with pid [1200863]
[hand_eye_calibration-3] [INFO] [1787606482.320695113] [hand_eye_calibration]: Loaded existing calibration from /home/jonas/benchmarks/runs/sim_wp4-s001-e5382a39e3/ros_home/annin_ar4_calibration/hand_eye_result.yaml, re-broadcasting ee_link -> camera_color_optical_frame
[target_detector-1] [INFO] [1787606482.321520219] [target_detector]: Target detector ready: target_type=charuco, target_frame=calibration_target
[hand_eye_calibration-3] [INFO] [1787606482.355782264] [hand_eye_calibration]: Hand-eye calibration ready: calibration_type=eye_in_hand, sample_file=/home/jonas/benchmarks/runs/sim_wp4-s001-e5382a39e3/ros_home/annin_ar4_calibration/hand_eye_samples.npy, result_file=/home/jonas/benchmarks/runs/sim_wp4-s001-e5382a39e3/ros_home/annin_ar4_calibration/hand_eye_result.yaml
[hand_eye_collector-2] [INFO] [1787606483.294498326] [hand_eye_collector]: Hand-eye collector ready: calibration_type=eye_in_hand, sample_file=/home/jonas/benchmarks/runs/sim_wp4-s001-e5382a39e3/ros_home/annin_ar4_calibration/hand_eye_samples.npy. This node moves the robot during run_auto_sequence - clear the workspace first.
[hand_eye_collector-2] [WARN] [1787606514.435900968] [hand_eye_collector]: No fresh target detection at candidate pose, skipping
[hand_eye_collector-2] [WARN] [1787606564.991089277] [hand_eye_collector]: No fresh target detection at candidate pose, skipping
[hand_eye_collector-2] [WARN] [1787606586.408339256] [hand_eye_collector]: No fresh target detection at candidate pose, skipping
[hand_eye_collector-2] [WARN] [1787606591.366307688] [hand_eye_collector]: No fresh target detection at candidate pose, skipping
[hand_eye_collector-2] [WARN] [1787606603.606599732] [hand_eye_collector]: No fresh target detection at candidate pose, skipping
[hand_eye_collector-2] [WARN] [1787606610.859719196] [hand_eye_collector]: No fresh target detection at candidate pose, skipping
[hand_eye_collector-2] [WARN] [1787606615.406707843] [hand_eye_collector]: No fresh target detection at candidate pose, skipping
[WARNING] [launch]: user interrupted with ctrl-c (SIGINT)
[hand_eye_visualization-4] Traceback (most recent call last):
[hand_eye_visualization-4]   File "/home/jonas/Documents/Bachelorarbeit/robocal/install/annin_ar4_calibration/lib/python3.12/site-packages/annin_ar4_calibration/nodes/hand_eye_visualization_node.py", line 185, in main
[hand_eye_calibration-3] Traceback (most recent call last):
[hand_eye_calibration-3]   File "/home/jonas/Documents/Bachelorarbeit/robocal/install/annin_ar4_calibration/lib/python3.12/site-packages/annin_ar4_calibration/nodes/hand_eye_calibration_node.py", line 166, in main
[target_detector-1] Traceback (most recent call last):
[target_detector-1]   File "/home/jonas/Documents/Bachelorarbeit/robocal/install/annin_ar4_calibration/lib/python3.12/site-packages/annin_ar4_calibration/nodes/target_detector_node.py", line 122, in main
[hand_eye_calibration-3]     rclpy.spin(node)
[hand_eye_calibration-3]   File "/opt/ros/jazzy/lib/python3.12/site-packages/rclpy/__init__.py", line 247, in spin
[hand_eye_calibration-3]     executor.spin_once()
[hand_eye_calibration-3]   File "/opt/ros/jazzy/lib/python3.12/site-packages/rclpy/executors.py", line 926, in spin_once
[hand_eye_visualization-4]     rclpy.spin(node)
[hand_eye_visualization-4]   File "/opt/ros/jazzy/lib/python3.12/site-packages/rclpy/__init__.py", line 247, in spin
[hand_eye_calibration-3]     self._spin_once_impl(timeout_sec)
[hand_eye_calibration-3]   File "/opt/ros/jazzy/lib/python3.12/site-packages/rclpy/executors.py", line 907, in _spin_once_impl
[hand_eye_visualization-4]     executor.spin_once()
[hand_eye_visualization-4]   File "/opt/ros/jazzy/lib/python3.12/site-packages/rclpy/executors.py", line 926, in spin_once
[hand_eye_visualization-4]     self._spin_once_impl(timeout_sec)
[hand_eye_visualization-4]   File "/opt/ros/jazzy/lib/python3.12/site-packages/rclpy/executors.py", line 907, in _spin_once_impl
[hand_eye_visualization-4]     handler, entity, node = self.wait_for_ready_callbacks(
[hand_eye_visualization-4]                             ^^^^^^^^^^^^^^^^^^^^^^^^^^^^^^
[hand_eye_visualization-4]   File "/opt/ros/jazzy/lib/python3.12/site-packages/rclpy/executors.py", line 877, in wait_for_ready_callbacks
[hand_eye_calibration-3]     handler, entity, node = self.wait_for_ready_callbacks(
[hand_eye_calibration-3]                             ^^^^^^^^^^^^^^^^^^^^^^^^^^^^^^
[hand_eye_calibration-3]   File "/opt/ros/jazzy/lib/python3.12/site-packages/rclpy/executors.py", line 877, in wait_for_ready_callbacks
[hand_eye_calibration-3]     return next(self._cb_iter)
[hand_eye_calibration-3]            ^^^^^^^^^^^^^^^^^^^
[hand_eye_calibration-3]   File "/opt/ros/jazzy/lib/python3.12/site-packages/rclpy/executors.py", line 781, in _wait_for_ready_callbacks
[hand_eye_calibration-3]     wait_set.wait(timeout_nsec)
[hand_eye_calibration-3] KeyboardInterrupt
[hand_eye_calibration-3] 
[hand_eye_calibration-3] During handling of the above exception, another exception occurred:
[hand_eye_calibration-3] 
[hand_eye_calibration-3] Traceback (most recent call last):
[hand_eye_calibration-3]   File "/home/jonas/Documents/Bachelorarbeit/robocal/install/annin_ar4_calibration/lib/annin_ar4_calibration/hand_eye_calibration", line 33, in <module>
[target_detector-1]     rclpy.spin(node)
[target_detector-1]   File "/opt/ros/jazzy/lib/python3.12/site-packages/rclpy/__init__.py", line 247, in spin
[target_detector-1]     executor.spin_once()
[target_detector-1]   File "/opt/ros/jazzy/lib/python3.12/site-packages/rclpy/executors.py", line 926, in spin_once
[hand_eye_visualization-4]     return next(self._cb_iter)
[hand_eye_visualization-4]            ^^^^^^^^^^^^^^^^^^^
[hand_eye_visualization-4]   File "/opt/ros/jazzy/lib/python3.12/site-packages/rclpy/executors.py", line 781, in _wait_for_ready_callbacks
[hand_eye_visualization-4]     wait_set.wait(timeout_nsec)
[hand_eye_visualization-4] KeyboardInterrupt
[hand_eye_visualization-4] 
[hand_eye_visualization-4] During handling of the above exception, another exception occurred:
[hand_eye_visualization-4] 
[hand_eye_visualization-4] Traceback (most recent call last):
[hand_eye_visualization-4]   File "/home/jonas/Documents/Bachelorarbeit/robocal/install/annin_ar4_calibration/lib/annin_ar4_calibration/hand_eye_visualization", line 33, in <module>
[target_detector-1]     self._spin_once_impl(timeout_sec)
[target_detector-1]   File "/opt/ros/jazzy/lib/python3.12/site-packages/rclpy/executors.py", line 916, in _spin_once_impl
[target_detector-1]     handler()
[target_detector-1]   File "/opt/ros/jazzy/lib/python3.12/site-packages/rclpy/task.py", line 270, in __call__
[target_detector-1]     self._execute_coroutine_step(self._handler)
[target_detector-1]   File "/opt/ros/jazzy/lib/python3.12/site-packages/rclpy/task.py", line 286, in _execute_coroutine_step
[target_detector-1]     result = coro.send(None)
[target_detector-1]              ^^^^^^^^^^^^^^^
[target_detector-1]   File "/opt/ros/jazzy/lib/python3.12/site-packages/rclpy/executors.py", line 592, in handler
[target_detector-1]     await call_coroutine()
[target_detector-1]   File "/opt/ros/jazzy/lib/python3.12/site-packages/rclpy/executors.py", line 480, in _execute
[target_detector-1]     await await_or_execute(sub.callback, *msg_tuple)
[target_detector-1]   File "/opt/ros/jazzy/lib/python3.12/site-packages/rclpy/executors.py", line 115, in await_or_execute
[target_detector-1]     return callback(*args)
[target_detector-1]            ^^^^^^^^^^^^^^^
[target_detector-1]   File "/home/jonas/Documents/Bachelorarbeit/robocal/install/annin_ar4_calibration/lib/python3.12/site-packages/annin_ar4_calibration/nodes/target_detector_node.py", line 96, in _image_cb
[hand_eye_visualization-4]     sys.exit(load_entry_point('annin-ar4-calibration==0.0.1', 'console_scripts', 'hand_eye_visualization')())
[hand_eye_visualization-4]              ^^^^^^^^^^^^^^^^^^^^^^^^^^^^^^^^^^^^^^^^^^^^^^^^^^^^^^^^^^^^^^^^^^^^^^^^^^^^^^^^^^^^^^^^^^^^^^^
[hand_eye_visualization-4]   File "/home/jonas/Documents/Bachelorarbeit/robocal/install/annin_ar4_calibration/lib/python3.12/site-packages/annin_ar4_calibration/nodes/hand_eye_visualization_node.py", line 188, in main
[hand_eye_calibration-3]     sys.exit(load_entry_point('annin-ar4-calibration==0.0.1', 'console_scripts', 'hand_eye_calibration')())
[hand_eye_calibration-3]              ^^^^^^^^^^^^^^^^^^^^^^^^^^^^^^^^^^^^^^^^^^^^^^^^^^^^^^^^^^^^^^^^^^^^^^^^^^^^^^^^^^^^^^^^^^^^^
[hand_eye_calibration-3]   File "/home/jonas/Documents/Bachelorarbeit/robocal/install/annin_ar4_calibration/lib/python3.12/site-packages/annin_ar4_calibration/nodes/hand_eye_calibration_node.py", line 169, in main
[target_detector-1]     result = target_detection.detect(
[target_detector-1]              ^^^^^^^^^^^^^^^^^^^^^^^^
[target_detector-1]   File "/home/jonas/Documents/Bachelorarbeit/robocal/install/annin_ar4_calibration/lib/python3.12/site-packages/annin_ar4_calibration/core/target_detection.py", line 232, in detect
[hand_eye_visualization-4]     rclpy.shutdown()
[hand_eye_visualization-4]   File "/opt/ros/jazzy/lib/python3.12/site-packages/rclpy/__init__.py", line 134, in shutdown
[hand_eye_visualization-4]     _shutdown(context=context)
[hand_eye_visualization-4]   File "/opt/ros/jazzy/lib/python3.12/site-packages/rclpy/utilities.py", line 82, in shutdown
[hand_eye_visualization-4]     context.shutdown()
[hand_eye_visualization-4]   File "/opt/ros/jazzy/lib/python3.12/site-packages/rclpy/context.py", line 129, in shutdown
[hand_eye_visualization-4]     self.__context.shutdown()
[hand_eye_visualization-4] rclpy._rclpy_pybind11.RCLError: failed to shutdown: rcl_shutdown already called on the given context, at ./src/rcl/init.c:333
[hand_eye_calibration-3]     rclpy.shutdown()
[hand_eye_calibration-3]   File "/opt/ros/jazzy/lib/python3.12/site-packages/rclpy/__init__.py", line 134, in shutdown
[hand_eye_calibration-3]     _shutdown(context=context)
[hand_eye_calibration-3]   File "/opt/ros/jazzy/lib/python3.12/site-packages/rclpy/utilities.py", line 82, in shutdown
[hand_eye_calibration-3]     context.shutdown()
[hand_eye_calibration-3]   File "/opt/ros/jazzy/lib/python3.12/site-packages/rclpy/context.py", line 129, in shutdown
[hand_eye_calibration-3]     self.__context.shutdown()
[hand_eye_calibration-3] rclpy._rclpy_pybind11.RCLError: failed to shutdown: rcl_shutdown already called on the given context, at ./src/rcl/init.c:333
[hand_eye_collector-2] Traceback (most recent call last):
[hand_eye_collector-2]   File "/home/jonas/Documents/Bachelorarbeit/robocal/install/annin_ar4_calibration/lib/python3.12/site-packages/annin_ar4_calibration/nodes/hand_eye_collector_node.py", line 282, in main
[hand_eye_collector-2]     executor.spin()
[hand_eye_collector-2]   File "/opt/ros/jazzy/lib/python3.12/site-packages/rclpy/executors.py", line 359, in spin
[hand_eye_collector-2]     self._spin_once_impl()
[hand_eye_collector-2]   File "/opt/ros/jazzy/lib/python3.12/site-packages/rclpy/executors.py", line 991, in _spin_once_impl
[hand_eye_collector-2]     handler, entity, node = self.wait_for_ready_callbacks(
[hand_eye_collector-2]                             ^^^^^^^^^^^^^^^^^^^^^^^^^^^^^^
[hand_eye_collector-2]   File "/opt/ros/jazzy/lib/python3.12/site-packages/rclpy/executors.py", line 877, in wait_for_ready_callbacks
[hand_eye_collector-2]     return next(self._cb_iter)
[hand_eye_collector-2]            ^^^^^^^^^^^^^^^^^^^
[hand_eye_collector-2]   File "/opt/ros/jazzy/lib/python3.12/site-packages/rclpy/executors.py", line 803, in _wait_for_ready_callbacks
[hand_eye_collector-2]     if wt in waitables and wt.is_ready(wait_set):
[hand_eye_collector-2]                            ^^^^^^^^^^^^^^^^^^^^^
[hand_eye_collector-2]   File "/opt/ros/jazzy/lib/python3.12/site-packages/rclpy/event_handler.py", line 100, in is_ready
[hand_eye_collector-2]     if wait_set.is_ready('event', self._event_index):
[hand_eye_collector-2]        ^^^^^^^^^^^^^^^^^^^^^^^^^^^^^^^^^^^^^^^^^^^^^
[hand_eye_collector-2] KeyboardInterrupt
[hand_eye_collector-2] 
[hand_eye_collector-2] During handling of the above exception, another exception occurred:
[hand_eye_collector-2] 
[hand_eye_collector-2] Traceback (most recent call last):
[hand_eye_collector-2]   File "/home/jonas/Documents/Bachelorarbeit/robocal/install/annin_ar4_calibration/lib/annin_ar4_calibration/hand_eye_collector", line 33, in <module>
[hand_eye_collector-2]     sys.exit(load_entry_point('annin-ar4-calibration==0.0.1', 'console_scripts', 'hand_eye_collector')())
[hand_eye_collector-2]              ^^^^^^^^^^^^^^^^^^^^^^^^^^^^^^^^^^^^^^^^^^^^^^^^^^^^^^^^^^^^^^^^^^^^^^^^^^^^^^^^^^^^^^^^^^^
[hand_eye_collector-2]   File "/home/jonas/Documents/Bachelorarbeit/robocal/install/annin_ar4_calibration/lib/python3.12/site-packages/annin_ar4_calibration/nodes/hand_eye_collector_node.py", line 285, in main
[hand_eye_collector-2]     rclpy.shutdown()
[hand_eye_collector-2]   File "/opt/ros/jazzy/lib/python3.12/site-packages/rclpy/__init__.py", line 134, in shutdown
[hand_eye_collector-2]     _shutdown(context=context)
[hand_eye_collector-2]   File "/opt/ros/jazzy/lib/python3.12/site-packages/rclpy/utilities.py", line 82, in shutdown
[hand_eye_collector-2]     context.shutdown()
[hand_eye_collector-2]   File "/opt/ros/jazzy/lib/python3.12/site-packages/rclpy/context.py", line 129, in shutdown
[hand_eye_collector-2]     self.__context.shutdown()
[hand_eye_collector-2] rclpy._rclpy_pybind11.RCLError: failed to shutdown: rcl_shutdown already called on the given context, at ./src/rcl/init.c:333
[target_detector-1]     return _detect_charuco(
[target_detector-1]            ^^^^^^^^^^^^^^^^
[target_detector-1]   File "/home/jonas/Documents/Bachelorarbeit/robocal/install/annin_ar4_calibration/lib/python3.12/site-packages/annin_ar4_calibration/core/target_detection.py", line 125, in _detect_charuco
[target_detector-1]     corners, ids = _detect_markers(image_gray, dictionary)
[target_detector-1]                    ^^^^^^^^^^^^^^^^^^^^^^^^^^^^^^^^^^^^^^^
[target_detector-1]   File "/home/jonas/Documents/Bachelorarbeit/robocal/install/annin_ar4_calibration/lib/python3.12/site-packages/annin_ar4_calibration/core/target_detection.py", line 115, in _detect_markers
[target_detector-1]     corners, ids, _rejected = cv2.aruco.detectMarkers(
[target_detector-1]                               ^^^^^^^^^^^^^^^^^^^^^^^^
[target_detector-1] KeyboardInterrupt
[target_detector-1] 
[target_detector-1] During handling of the above exception, another exception occurred:
[target_detector-1] 
[target_detector-1] Traceback (most recent call last):
[target_detector-1]   File "/home/jonas/Documents/Bachelorarbeit/robocal/install/annin_ar4_calibration/lib/annin_ar4_calibration/target_detector", line 33, in <module>
[target_detector-1]     sys.exit(load_entry_point('annin-ar4-calibration==0.0.1', 'console_scripts', 'target_detector')())
[target_detector-1]              ^^^^^^^^^^^^^^^^^^^^^^^^^^^^^^^^^^^^^^^^^^^^^^^^^^^^^^^^^^^^^^^^^^^^^^^^^^^^^^^^^^^^^^^^
[target_detector-1]   File "/home/jonas/Documents/Bachelorarbeit/robocal/install/annin_ar4_calibration/lib/python3.12/site-packages/annin_ar4_calibration/nodes/target_detector_node.py", line 125, in main
[target_detector-1]     rclpy.shutdown()
[target_detector-1]   File "/opt/ros/jazzy/lib/python3.12/site-packages/rclpy/__init__.py", line 134, in shutdown
[target_detector-1]     _shutdown(context=context)
[target_detector-1]   File "/opt/ros/jazzy/lib/python3.12/site-packages/rclpy/utilities.py", line 82, in shutdown
[target_detector-1]     context.shutdown()
[target_detector-1]   File "/opt/ros/jazzy/lib/python3.12/site-packages/rclpy/context.py", line 129, in shutdown
[target_detector-1]     self.__context.shutdown()
[target_detector-1] rclpy._rclpy_pybind11.RCLError: failed to shutdown: rcl_shutdown already called on the given context, at ./src/rcl/init.c:333
[ERROR] [hand_eye_visualization-4]: process has died [pid 1200863, exit code 1, cmd '/home/jonas/Documents/Bachelorarbeit/robocal/install/annin_ar4_calibration/lib/annin_ar4_calibration/hand_eye_visualization --ros-args -r __node:=hand_eye_visualization -p use_sim_time:=True --params-file /home/jonas/Documents/Bachelorarbeit/robocal/install/annin_ar4_calibration/share/annin_ar4_calibration/config/hand_eye_params.yaml --params-file /home/jonas/Documents/Bachelorarbeit/robocal/install/annin_ar4_calibration/share/annin_ar4_calibration/config/sim_overrides.yaml --params-file /home/jonas/benchmarks/runs/sim_wp4-s001-e5382a39e3/extra_params.yaml'].
[ERROR] [hand_eye_calibration-3]: process has died [pid 1200862, exit code 1, cmd '/home/jonas/Documents/Bachelorarbeit/robocal/install/annin_ar4_calibration/lib/annin_ar4_calibration/hand_eye_calibration --ros-args -r __node:=hand_eye_calibration -p use_sim_time:=True --params-file /home/jonas/Documents/Bachelorarbeit/robocal/install/annin_ar4_calibration/share/annin_ar4_calibration/config/hand_eye_params.yaml --params-file /home/jonas/Documents/Bachelorarbeit/robocal/install/annin_ar4_calibration/share/annin_ar4_calibration/config/sim_overrides.yaml --params-file /home/jonas/benchmarks/runs/sim_wp4-s001-e5382a39e3/extra_params.yaml --params-file /tmp/launch_params_lovbzoi6'].
[ERROR] [hand_eye_collector-2]: process has died [pid 1200861, exit code 1, cmd '/home/jonas/Documents/Bachelorarbeit/robocal/install/annin_ar4_calibration/lib/annin_ar4_calibration/hand_eye_collector --ros-args -r __node:=hand_eye_collector -p use_sim_time:=True --params-file /home/jonas/Documents/Bachelorarbeit/robocal/install/annin_ar4_calibration/share/annin_ar4_calibration/config/hand_eye_params.yaml --params-file /home/jonas/Documents/Bachelorarbeit/robocal/install/annin_ar4_calibration/share/annin_ar4_calibration/config/sim_overrides.yaml --params-file /home/jonas/benchmarks/runs/sim_wp4-s001-e5382a39e3/extra_params.yaml --params-file /tmp/launch_params_t0ct0lr9'].
[ERROR] [target_detector-1]: process has died [pid 1200860, exit code 1, cmd '/home/jonas/Documents/Bachelorarbeit/robocal/install/annin_ar4_calibration/lib/annin_ar4_calibration/target_detector --ros-args -r __node:=target_detector -p use_sim_time:=True --params-file /home/jonas/Documents/Bachelorarbeit/robocal/install/annin_ar4_calibration/share/annin_ar4_calibration/config/hand_eye_params.yaml --params-file /home/jonas/Documents/Bachelorarbeit/robocal/install/annin_ar4_calibration/share/annin_ar4_calibration/config/sim_overrides.yaml --params-file /home/jonas/benchmarks/runs/sim_wp4-s001-e5382a39e3/extra_params.yaml --params-file /tmp/launch_params_bhprv_fl'].
[INFO] [launch]: All log files can be found below /home/jonas/benchmarks/runs/sim_wp4-s001-e5382a39e3/ros_home/log/2026-08-25-12-29-56-280810-Feanor-1226717
[INFO] [launch]: Default logging verbosity is set to INFO
[INFO] [target_detector-1]: process started with pid [1226787]
[INFO] [hand_eye_collector-2]: process started with pid [1226788]
[INFO] [hand_eye_calibration-3]: process started with pid [1226789]
[INFO] [hand_eye_visualization-4]: process started with pid [1226790]
[hand_eye_calibration-3] [INFO] [1787653799.090708110] [hand_eye_calibration]: Loaded existing calibration from /home/jonas/benchmarks/runs/sim_wp4-s001-e5382a39e3/ros_home/annin_ar4_calibration/hand_eye_result.yaml, re-broadcasting ee_link -> camera_color_optical_frame
[hand_eye_calibration-3] [INFO] [1787653799.096664733] [hand_eye_calibration]: Hand-eye calibration ready: calibration_type=eye_in_hand, sample_file=/home/jonas/benchmarks/runs/sim_wp4-s001-e5382a39e3/ros_home/annin_ar4_calibration/hand_eye_samples.npy, result_file=/home/jonas/benchmarks/runs/sim_wp4-s001-e5382a39e3/ros_home/annin_ar4_calibration/hand_eye_result.yaml
[target_detector-1] [INFO] [1787653799.123167811] [target_detector]: Target detector ready: target_type=charuco, target_frame=calibration_target
[target_detector-1] [WARN] [1787653799.649529875] [target_detector]: No CameraInfo received yet, skipping frame
[hand_eye_collector-2] [INFO] [1787653799.910464769] [hand_eye_collector]: Hand-eye collector ready: calibration_type=eye_in_hand, sample_file=/home/jonas/benchmarks/runs/sim_wp4-s001-e5382a39e3/ros_home/annin_ar4_calibration/hand_eye_samples.npy. This node moves the robot during run_auto_sequence - clear the workspace first.
[hand_eye_collector-2] [WARN] [1787653872.518657160] [hand_eye_collector]: No fresh target detection at candidate pose, skipping
[hand_eye_collector-2] [WARN] [1787653945.166979097] [hand_eye_collector]: No fresh target detection at candidate pose, skipping
[WARNING] [launch]: user interrupted with ctrl-c (SIGINT)
[hand_eye_visualization-4] Traceback (most recent call last):
[hand_eye_visualization-4]   File "/home/jonas/Documents/Bachelorarbeit/robocal/install/annin_ar4_calibration/lib/python3.12/site-packages/annin_ar4_calibration/nodes/hand_eye_visualization_node.py", line 185, in main
[target_detector-1] Traceback (most recent call last):
[target_detector-1]   File "/home/jonas/Documents/Bachelorarbeit/robocal/install/annin_ar4_calibration/lib/python3.12/site-packages/annin_ar4_calibration/nodes/target_detector_node.py", line 122, in main
[hand_eye_collector-2] Traceback (most recent call last):
[hand_eye_collector-2]   File "/home/jonas/Documents/Bachelorarbeit/robocal/install/annin_ar4_calibration/lib/python3.12/site-packages/annin_ar4_calibration/nodes/hand_eye_collector_node.py", line 282, in main
[hand_eye_calibration-3] Traceback (most recent call last):
[hand_eye_calibration-3]   File "/home/jonas/Documents/Bachelorarbeit/robocal/install/annin_ar4_calibration/lib/python3.12/site-packages/annin_ar4_calibration/nodes/hand_eye_calibration_node.py", line 166, in main
[target_detector-1]     rclpy.spin(node)
[target_detector-1]   File "/opt/ros/jazzy/lib/python3.12/site-packages/rclpy/__init__.py", line 247, in spin
[hand_eye_collector-2]     executor.spin()
[hand_eye_collector-2]   File "/opt/ros/jazzy/lib/python3.12/site-packages/rclpy/executors.py", line 359, in spin
[hand_eye_collector-2]     self._spin_once_impl()
[hand_eye_collector-2]   File "/opt/ros/jazzy/lib/python3.12/site-packages/rclpy/executors.py", line 991, in _spin_once_impl
[target_detector-1]     executor.spin_once()
[target_detector-1]   File "/opt/ros/jazzy/lib/python3.12/site-packages/rclpy/executors.py", line 926, in spin_once
[target_detector-1]     self._spin_once_impl(timeout_sec)
[target_detector-1]   File "/opt/ros/jazzy/lib/python3.12/site-packages/rclpy/executors.py", line 907, in _spin_once_impl
[hand_eye_calibration-3]     rclpy.spin(node)
[hand_eye_calibration-3]   File "/opt/ros/jazzy/lib/python3.12/site-packages/rclpy/__init__.py", line 247, in spin
[hand_eye_calibration-3]     executor.spin_once()
[hand_eye_calibration-3]   File "/opt/ros/jazzy/lib/python3.12/site-packages/rclpy/executors.py", line 926, in spin_once
[hand_eye_collector-2]     handler, entity, node = self.wait_for_ready_callbacks(
[hand_eye_collector-2]                             ^^^^^^^^^^^^^^^^^^^^^^^^^^^^^^
[hand_eye_collector-2]   File "/opt/ros/jazzy/lib/python3.12/site-packages/rclpy/executors.py", line 877, in wait_for_ready_callbacks
[hand_eye_collector-2]     return next(self._cb_iter)
[hand_eye_collector-2]            ^^^^^^^^^^^^^^^^^^^
[hand_eye_collector-2]   File "/opt/ros/jazzy/lib/python3.12/site-packages/rclpy/executors.py", line 835, in _wait_for_ready_callbacks
[hand_eye_collector-2]     if client.handle.pointer in clients_ready:
[hand_eye_collector-2]        ^^^^^^^^^^^^^
[hand_eye_collector-2]   File "/opt/ros/jazzy/lib/python3.12/site-packages/rclpy/client.py", line 210, in handle
[hand_eye_collector-2]     @property
[hand_eye_collector-2] 
[hand_eye_collector-2] KeyboardInterrupt
[hand_eye_collector-2] 
[hand_eye_collector-2] During handling of the above exception, another exception occurred:
[hand_eye_collector-2] 
[hand_eye_collector-2] Traceback (most recent call last):
[hand_eye_collector-2]   File "/home/jonas/Documents/Bachelorarbeit/robocal/install/annin_ar4_calibration/lib/annin_ar4_calibration/hand_eye_collector", line 33, in <module>
[target_detector-1]     handler, entity, node = self.wait_for_ready_callbacks(
[target_detector-1]                             ^^^^^^^^^^^^^^^^^^^^^^^^^^^^^^
[target_detector-1]   File "/opt/ros/jazzy/lib/python3.12/site-packages/rclpy/executors.py", line 877, in wait_for_ready_callbacks
[target_detector-1]     return next(self._cb_iter)
[target_detector-1]            ^^^^^^^^^^^^^^^^^^^
[target_detector-1]   File "/opt/ros/jazzy/lib/python3.12/site-packages/rclpy/executors.py", line 704, in _wait_for_ready_callbacks
[target_detector-1]     with ExitStack() as context_stack:
[target_detector-1]          ^^^^^^^^^^^
[target_detector-1]   File "/usr/lib/python3.12/contextlib.py", line 481, in __init__
[hand_eye_calibration-3]     self._spin_once_impl(timeout_sec)
[hand_eye_calibration-3]   File "/opt/ros/jazzy/lib/python3.12/site-packages/rclpy/executors.py", line 907, in _spin_once_impl
[hand_eye_calibration-3]     handler, entity, node = self.wait_for_ready_callbacks(
[hand_eye_calibration-3]                             ^^^^^^^^^^^^^^^^^^^^^^^^^^^^^^
[hand_eye_calibration-3]   File "/opt/ros/jazzy/lib/python3.12/site-packages/rclpy/executors.py", line 877, in wait_for_ready_callbacks
[hand_eye_calibration-3]     return next(self._cb_iter)
[hand_eye_calibration-3]            ^^^^^^^^^^^^^^^^^^^
[hand_eye_calibration-3]   File "/opt/ros/jazzy/lib/python3.12/site-packages/rclpy/executors.py", line 781, in _wait_for_ready_callbacks
[hand_eye_calibration-3]     wait_set.wait(timeout_nsec)
[hand_eye_calibration-3] KeyboardInterrupt
[hand_eye_calibration-3] 
[hand_eye_calibration-3] During handling of the above exception, another exception occurred:
[hand_eye_calibration-3] 
[hand_eye_calibration-3] Traceback (most recent call last):
[hand_eye_calibration-3]   File "/home/jonas/Documents/Bachelorarbeit/robocal/install/annin_ar4_calibration/lib/annin_ar4_calibration/hand_eye_calibration", line 33, in <module>
[target_detector-1]     def __init__(self):
[target_detector-1] 
[target_detector-1] KeyboardInterrupt
[target_detector-1] 
[target_detector-1] During handling of the above exception, another exception occurred:
[target_detector-1] 
[target_detector-1] Traceback (most recent call last):
[target_detector-1]   File "/home/jonas/Documents/Bachelorarbeit/robocal/install/annin_ar4_calibration/lib/annin_ar4_calibration/target_detector", line 33, in <module>
[hand_eye_collector-2]     sys.exit(load_entry_point('annin-ar4-calibration==0.0.1', 'console_scripts', 'hand_eye_collector')())
[target_detector-1]     sys.exit(load_entry_point('annin-ar4-calibration==0.0.1', 'console_scripts', 'target_detector')())
[hand_eye_collector-2]              ^^^^^^^^^^^^^^^^^^^^^^^^^^^^^^^^^^^^^^^^^^^^^^^^^^^^^^^^^^^^^^^^^^^^^^^^^^^^^^^^^^^^^^^^^^^
[hand_eye_collector-2]   File "/home/jonas/Documents/Bachelorarbeit/robocal/install/annin_ar4_calibration/lib/python3.12/site-packages/annin_ar4_calibration/nodes/hand_eye_collector_node.py", line 285, in main
[target_detector-1]              ^^^^^^^^^^^^^^^^^^^^^^^^^^^^^^^^^^^^^^^^^^^^^^^^^^^^^^^^^^^^^^^^^^^^^^^^^^^^^^^^^^^^^^^^
[target_detector-1]   File "/home/jonas/Documents/Bachelorarbeit/robocal/install/annin_ar4_calibration/lib/python3.12/site-packages/annin_ar4_calibration/nodes/target_detector_node.py", line 125, in main
[hand_eye_calibration-3]     sys.exit(load_entry_point('annin-ar4-calibration==0.0.1', 'console_scripts', 'hand_eye_calibration')())
[hand_eye_calibration-3]              ^^^^^^^^^^^^^^^^^^^^^^^^^^^^^^^^^^^^^^^^^^^^^^^^^^^^^^^^^^^^^^^^^^^^^^^^^^^^^^^^^^^^^^^^^^^^^
[hand_eye_calibration-3]   File "/home/jonas/Documents/Bachelorarbeit/robocal/install/annin_ar4_calibration/lib/python3.12/site-packages/annin_ar4_calibration/nodes/hand_eye_calibration_node.py", line 169, in main
[target_detector-1]     rclpy.shutdown()
[target_detector-1]   File "/opt/ros/jazzy/lib/python3.12/site-packages/rclpy/__init__.py", line 134, in shutdown
[hand_eye_collector-2]     rclpy.shutdown()
[hand_eye_collector-2]   File "/opt/ros/jazzy/lib/python3.12/site-packages/rclpy/__init__.py", line 134, in shutdown
[target_detector-1]     _shutdown(context=context)
[target_detector-1]   File "/opt/ros/jazzy/lib/python3.12/site-packages/rclpy/utilities.py", line 82, in shutdown
[target_detector-1]     context.shutdown()
[target_detector-1]   File "/opt/ros/jazzy/lib/python3.12/site-packages/rclpy/context.py", line 129, in shutdown
[target_detector-1]     self.__context.shutdown()
[target_detector-1] rclpy._rclpy_pybind11.RCLError: failed to shutdown: rcl_shutdown already called on the given context, at ./src/rcl/init.c:333
[hand_eye_collector-2]     _shutdown(context=context)
[hand_eye_collector-2]   File "/opt/ros/jazzy/lib/python3.12/site-packages/rclpy/utilities.py", line 82, in shutdown
[hand_eye_collector-2]     context.shutdown()
[hand_eye_collector-2]   File "/opt/ros/jazzy/lib/python3.12/site-packages/rclpy/context.py", line 129, in shutdown
[hand_eye_collector-2]     self.__context.shutdown()
[hand_eye_collector-2] rclpy._rclpy_pybind11.RCLError: failed to shutdown: rcl_shutdown already called on the given context, at ./src/rcl/init.c:333
[hand_eye_calibration-3]     rclpy.shutdown()
[hand_eye_calibration-3]   File "/opt/ros/jazzy/lib/python3.12/site-packages/rclpy/__init__.py", line 134, in shutdown
[hand_eye_calibration-3]     _shutdown(context=context)
[hand_eye_calibration-3]   File "/opt/ros/jazzy/lib/python3.12/site-packages/rclpy/utilities.py", line 82, in shutdown
[hand_eye_calibration-3]     context.shutdown()
[hand_eye_calibration-3]   File "/opt/ros/jazzy/lib/python3.12/site-packages/rclpy/context.py", line 129, in shutdown
[hand_eye_calibration-3]     self.__context.shutdown()
[hand_eye_calibration-3] rclpy._rclpy_pybind11.RCLError: failed to shutdown: rcl_shutdown already called on the given context, at ./src/rcl/init.c:333
[hand_eye_visualization-4]     rclpy.spin(node)
[hand_eye_visualization-4]   File "/opt/ros/jazzy/lib/python3.12/site-packages/rclpy/__init__.py", line 247, in spin
[hand_eye_visualization-4]     executor.spin_once()
[hand_eye_visualization-4]   File "/opt/ros/jazzy/lib/python3.12/site-packages/rclpy/executors.py", line 926, in spin_once
[hand_eye_visualization-4]     self._spin_once_impl(timeout_sec)
[hand_eye_visualization-4]   File "/opt/ros/jazzy/lib/python3.12/site-packages/rclpy/executors.py", line 907, in _spin_once_impl
[hand_eye_visualization-4]     handler, entity, node = self.wait_for_ready_callbacks(
[hand_eye_visualization-4]                             ^^^^^^^^^^^^^^^^^^^^^^^^^^^^^^
[hand_eye_visualization-4]   File "/opt/ros/jazzy/lib/python3.12/site-packages/rclpy/executors.py", line 877, in wait_for_ready_callbacks
[hand_eye_visualization-4]     return next(self._cb_iter)
[hand_eye_visualization-4]            ^^^^^^^^^^^^^^^^^^^
[hand_eye_visualization-4]   File "/opt/ros/jazzy/lib/python3.12/site-packages/rclpy/executors.py", line 781, in _wait_for_ready_callbacks
[hand_eye_visualization-4]     wait_set.wait(timeout_nsec)
[hand_eye_visualization-4] KeyboardInterrupt
[hand_eye_visualization-4] 
[hand_eye_visualization-4] During handling of the above exception, another exception occurred:
[hand_eye_visualization-4] 
[hand_eye_visualization-4] Traceback (most recent call last):
[hand_eye_visualization-4]   File "/home/jonas/Documents/Bachelorarbeit/robocal/install/annin_ar4_calibration/lib/annin_ar4_calibration/hand_eye_visualization", line 33, in <module>
[hand_eye_visualization-4]     sys.exit(load_entry_point('annin-ar4-calibration==0.0.1', 'console_scripts', 'hand_eye_visualization')())
[hand_eye_visualization-4]              ^^^^^^^^^^^^^^^^^^^^^^^^^^^^^^^^^^^^^^^^^^^^^^^^^^^^^^^^^^^^^^^^^^^^^^^^^^^^^^^^^^^^^^^^^^^^^^^
[hand_eye_visualization-4]   File "/home/jonas/Documents/Bachelorarbeit/robocal/install/annin_ar4_calibration/lib/python3.12/site-packages/annin_ar4_calibration/nodes/hand_eye_visualization_node.py", line 188, in main
[hand_eye_visualization-4]     rclpy.shutdown()
[hand_eye_visualization-4]   File "/opt/ros/jazzy/lib/python3.12/site-packages/rclpy/__init__.py", line 134, in shutdown
[hand_eye_visualization-4]     _shutdown(context=context)
[hand_eye_visualization-4]   File "/opt/ros/jazzy/lib/python3.12/site-packages/rclpy/utilities.py", line 82, in shutdown
[hand_eye_visualization-4]     context.shutdown()
[hand_eye_visualization-4]   File "/opt/ros/jazzy/lib/python3.12/site-packages/rclpy/context.py", line 129, in shutdown
[hand_eye_visualization-4]     self.__context.shutdown()
[hand_eye_visualization-4] rclpy._rclpy_pybind11.RCLError: failed to shutdown: rcl_shutdown already called on the given context, at ./src/rcl/init.c:333
[ERROR] [hand_eye_visualization-4]: process has died [pid 1226790, exit code 1, cmd '/home/jonas/Documents/Bachelorarbeit/robocal/install/annin_ar4_calibration/lib/annin_ar4_calibration/hand_eye_visualization --ros-args -r __node:=hand_eye_visualization -p use_sim_time:=True --params-file /home/jonas/Documents/Bachelorarbeit/robocal/install/annin_ar4_calibration/share/annin_ar4_calibration/config/hand_eye_params.yaml --params-file /home/jonas/Documents/Bachelorarbeit/robocal/install/annin_ar4_calibration/share/annin_ar4_calibration/config/sim_overrides.yaml --params-file /home/jonas/benchmarks/runs/sim_wp4-s001-e5382a39e3/extra_params.yaml'].
[ERROR] [hand_eye_calibration-3]: process has died [pid 1226789, exit code 1, cmd '/home/jonas/Documents/Bachelorarbeit/robocal/install/annin_ar4_calibration/lib/annin_ar4_calibration/hand_eye_calibration --ros-args -r __node:=hand_eye_calibration -p use_sim_time:=True --params-file /home/jonas/Documents/Bachelorarbeit/robocal/install/annin_ar4_calibration/share/annin_ar4_calibration/config/hand_eye_params.yaml --params-file /home/jonas/Documents/Bachelorarbeit/robocal/install/annin_ar4_calibration/share/annin_ar4_calibration/config/sim_overrides.yaml --params-file /home/jonas/benchmarks/runs/sim_wp4-s001-e5382a39e3/extra_params.yaml --params-file /tmp/launch_params_hs3aq84b'].
[ERROR] [hand_eye_collector-2]: process has died [pid 1226788, exit code 1, cmd '/home/jonas/Documents/Bachelorarbeit/robocal/install/annin_ar4_calibration/lib/annin_ar4_calibration/hand_eye_collector --ros-args -r __node:=hand_eye_collector -p use_sim_time:=True --params-file /home/jonas/Documents/Bachelorarbeit/robocal/install/annin_ar4_calibration/share/annin_ar4_calibration/config/hand_eye_params.yaml --params-file /home/jonas/Documents/Bachelorarbeit/robocal/install/annin_ar4_calibration/share/annin_ar4_calibration/config/sim_overrides.yaml --params-file /home/jonas/benchmarks/runs/sim_wp4-s001-e5382a39e3/extra_params.yaml --params-file /tmp/launch_params_nnmlgja8'].
[ERROR] [target_detector-1]: process has died [pid 1226787, exit code 1, cmd '/home/jonas/Documents/Bachelorarbeit/robocal/install/annin_ar4_calibration/lib/annin_ar4_calibration/target_detector --ros-args -r __node:=target_detector -p use_sim_time:=True --params-file /home/jonas/Documents/Bachelorarbeit/robocal/install/annin_ar4_calibration/share/annin_ar4_calibration/config/hand_eye_params.yaml --params-file /home/jonas/Documents/Bachelorarbeit/robocal/install/annin_ar4_calibration/share/annin_ar4_calibration/config/sim_overrides.yaml --params-file /home/jonas/benchmarks/runs/sim_wp4-s001-e5382a39e3/extra_params.yaml --params-file /tmp/launch_params_42kafuaf'].
