[INFO] [launch]: All log files can be found below /home/jonas/benchmarks/runs/sim_wp3-s005-9df2cf5137/ros_home/log/2026-08-21-12-20-19-747152-Feanor-335399
[INFO] [launch]: Default logging verbosity is set to INFO
[INFO] [robot_state_publisher-1]: process started with pid [335521]
[INFO] [gazebo-2]: process started with pid [335522]
[INFO] [create-3]: process started with pid [335523]
[INFO] [parameter_bridge-4]: process started with pid [335524]
[INFO] [spawner-5]: process started with pid [335525]
[INFO] [spawner-6]: process started with pid [335526]
[INFO] [spawner-7]: process started with pid [335527]
[INFO] [move_group-8]: process started with pid [335528]
[INFO] [ground_truth-9]: process started with pid [335529]
[create-3] [INFO] [1787307632.980725586] [ros_gz_sim]: Requesting list of world names.
[parameter_bridge-4] [INFO] [1787307633.006243393] [gz_bridge]: Creating GZ->ROS Bridge: [/clock (gz.msgs.Clock) -> /clock (rosgraph_msgs/msg/Clock)] (Lazy 0)
[parameter_bridge-4] [INFO] [1787307633.007074765] [gz_bridge]: Creating GZ->ROS Bridge: [/sim_camera/color/image_raw (gz.msgs.Image) -> /sim_camera/color/image_raw (sensor_msgs/msg/Image)] (Lazy 0)
[parameter_bridge-4] [INFO] [1787307633.014018325] [gz_bridge]: Creating GZ->ROS Bridge: [/sim_camera/color/camera_info (gz.msgs.CameraInfo) -> /sim_camera/color/camera_info (sensor_msgs/msg/CameraInfo)] (Lazy 0)
[robot_state_publisher-1] [INFO] [1787307633.087227377] [robot_state_publisher]: Robot initialized
[gazebo-2] [1;32m[Msg] [0m[1;32mGazebo Sim Server v[0m[1;32m8.11.0[0m[1;32m[0m
[gazebo-2] [1;32m[Msg] [0m[1;32mLoading SDF world file[[0m[1;32m/home/jonas/Documents/Bachelorarbeit/robocal/install/annin_ar4_gazebo/share/annin_ar4_gazebo/worlds/calibration.world[0m[1;32m].[0m
[gazebo-2] [1;32m[Msg] [0m[1;32mServing entity system service on [[0m[1;32m/[0m[1;32mentity/system/add[0m[1;32m][0m[1;32m[0m
[gazebo-2] [1;36m[Dbg] [Physics.cc:906] [0m[1;36mLoaded [[0m[1;36mgz::physics::bullet_featherstone::Plugin[0m[1;36m] from library [[0m[1;36m/opt/ros/jazzy/opt/gz_physics_vendor/lib/gz-physics-7/engine-plugins/libgz-physics-bullet-featherstone-plugin.so[0m[1;36m][0m[1;36m[0m
[gazebo-2] [1;36m[Dbg] [SystemManager.cc:80] [0m[1;36mLoaded system [[0m[1;36mgz::sim::systems::Physics[0m[1;36m] for entity [[0m[1;36m1[0m[1;36m][0m[1;36m[0m
[gazebo-2] [1;32m[Msg] [0m[1;32mCreate[0m[1;32m service on [[0m[1;32m/world/default/create_multiple[0m[1;32m] (async)[0m[1;32m[0m
[gazebo-2] [1;32m[Msg] [0m[1;32mCreate[0m[1;32m service on [[0m[1;32m/world/default/create_multiple/blocking[0m[1;32m] (blocking)[0m[1;32m[0m
[gazebo-2] [1;32m[Msg] [0m[1;32mRemove[0m[1;32m service on [[0m[1;32m/world/default/remove[0m[1;32m] (async)[0m[1;32m[0m
[gazebo-2] [1;32m[Msg] [0m[1;32mRemove[0m[1;32m service on [[0m[1;32m/world/default/remove/blocking[0m[1;32m] (blocking)[0m[1;32m[0m
[gazebo-2] [1;32m[Msg] [0m[1;32mPose[0m[1;32m service on [[0m[1;32m/world/default/set_pose[0m[1;32m] (async)[0m[1;32m[0m
[gazebo-2] [1;32m[Msg] [0m[1;32mPose[0m[1;32m service on [[0m[1;32m/world/default/set_pose/blocking[0m[1;32m] (blocking)[0m[1;32m[0m
[gazebo-2] [1;32m[Msg] [0m[1;32mPose[0m[1;32m service on [[0m[1;32m/world/default/set_pose_vector[0m[1;32m] (async)[0m[1;32m[0m
[gazebo-2] [1;32m[Msg] [0m[1;32mPose[0m[1;32m service on [[0m[1;32m/world/default/set_pose_vector/blocking[0m[1;32m] (blocking)[0m[1;32m[0m
[gazebo-2] [1;32m[Msg] [0m[1;32mLight configuration[0m[1;32m service on [[0m[1;32m/world/default/light_config[0m[1;32m] (async)[0m[1;32m[0m
[gazebo-2] [1;32m[Msg] [0m[1;32mLight configuration[0m[1;32m service on [[0m[1;32m/world/default/light_config/blocking[0m[1;32m] (blocking)[0m[1;32m[0m
[gazebo-2] [1;32m[Msg] [0m[1;32mPhysics[0m[1;32m service on [[0m[1;32m/world/default/set_physics[0m[1;32m] (async)[0m[1;32m[0m
[gazebo-2] [1;32m[Msg] [0m[1;32mPhysics[0m[1;32m service on [[0m[1;32m/world/default/set_physics/blocking[0m[1;32m] (blocking)[0m[1;32m[0m
[gazebo-2] [1;32m[Msg] [0m[1;32mSphericalCoordinates[0m[1;32m service on [[0m[1;32m/world/default/set_spherical_coordinates[0m[1;32m] (async)[0m[1;32m[0m
[gazebo-2] [1;32m[Msg] [0m[1;32mSphericalCoordinates[0m[1;32m service on [[0m[1;32m/world/default/set_spherical_coordinates/blocking[0m[1;32m] (blocking)[0m[1;32m[0m
[gazebo-2] [1;32m[Msg] [0m[1;32mEnable collision[0m[1;32m service on [[0m[1;32m/world/default/enable_collision[0m[1;32m] (async)[0m[1;32m[0m
[gazebo-2] [1;32m[Msg] [0m[1;32mEnable collision[0m[1;32m service on [[0m[1;32m/world/default/enable_collision/blocking[0m[1;32m] (blocking)[0m[1;32m[0m
[gazebo-2] [1;32m[Msg] [0m[1;32mDisable collision[0m[1;32m service on [[0m[1;32m/world/default/disable_collision[0m[1;32m] (async)[0m[1;32m[0m
[gazebo-2] [1;32m[Msg] [0m[1;32mDisable collision[0m[1;32m service on [[0m[1;32m/world/default/disable_collision/blocking[0m[1;32m] (blocking)[0m[1;32m[0m
[gazebo-2] [1;32m[Msg] [0m[1;32mMaterial[0m[1;32m service on [[0m[1;32m/world/default/visual_config[0m[1;32m] (async)[0m[1;32m[0m
[gazebo-2] [1;32m[Msg] [0m[1;32mMaterial[0m[1;32m service on [[0m[1;32m/world/default/visual_config/blocking[0m[1;32m] (blocking)[0m[1;32m[0m
[gazebo-2] [1;32m[Msg] [0m[1;32mMaterial[0m[1;32m service on [[0m[1;32m/world/default/wheel_slip[0m[1;32m] (async)[0m[1;32m[0m
[gazebo-2] [1;32m[Msg] [0m[1;32mMaterial[0m[1;32m service on [[0m[1;32m/world/default/wheel_slip/blocking[0m[1;32m] (blocking)[0m[1;32m[0m
[gazebo-2] [1;36m[Dbg] [SystemManager.cc:80] [0m[1;36mLoaded system [[0m[1;36mgz::sim::systems::UserCommands[0m[1;36m] for entity [[0m[1;36m1[0m[1;36m][0m[1;36m[0m
[create-3] [INFO] [1787307633.531817116] [ros_gz_sim]: Entity creation successful.
[move_group-8] [INFO] [1787307633.540589662] [move_group.moveit.moveit.ros.rdf_loader]: Loaded robot model in 0 seconds
[move_group-8] [INFO] [1787307633.540769827] [move_group.moveit.moveit.core.robot_model]: Loading robot model 'mk5'...
[move_group-8] [INFO] [1787307633.540799137] [move_group.moveit.moveit.core.robot_model]: No root/virtual joint specified in SRDF. Assuming fixed joint
[move_group-8] [WARN] [1787307633.540841821] [move_group.moveit.moveit.core.robot_model]: Link base_link_aluminum has visual geometry but no collision geometry. Collision geometry will be left empty. Fix your URDF file by explicitly specifying collision geometry.
[move_group-8] [WARN] [1787307633.540856025] [move_group.moveit.moveit.core.robot_model]: Link base_link_enclosure has visual geometry but no collision geometry. Collision geometry will be left empty. Fix your URDF file by explicitly specifying collision geometry.
[move_group-8] [WARN] [1787307633.540864707] [move_group.moveit.moveit.core.robot_model]: Link base_link_motor has visual geometry but no collision geometry. Collision geometry will be left empty. Fix your URDF file by explicitly specifying collision geometry.
[move_group-8] Error:   Error retrieving file [file:///home/jonas/Documents/Bachelorarbeit/robocal/install/annin_ar4_description/share/annin_ar4_description/meshes/ar4_mk5/Link_6_Col.STL]: Couldn't open file /home/jonas/Documents/Bachelorarbeit/robocal/install/annin_ar4_description/share/annin_ar4_description/meshes/ar4_mk5/Link_6_Col.STL
[move_group-8]          at line 289 in ./src/mesh_operations.cpp
[move_group-8] [WARN] [1787307633.598054361] [move_group.moveit.moveit.core.robot_model]: Link link_6_aluminum has visual geometry but no collision geometry. Collision geometry will be left empty. Fix your URDF file by explicitly specifying collision geometry.
[move_group-8] Error:   Error retrieving file [file:///home/jonas/Documents/Bachelorarbeit/robocal/install/annin_ar4_description/share/annin_ar4_description/meshes/ar4_mk5/Link_5_Col.STL]: Couldn't open file /home/jonas/Documents/Bachelorarbeit/robocal/install/annin_ar4_description/share/annin_ar4_description/meshes/ar4_mk5/Link_5_Col.STL
[move_group-8]          at line 289 in ./src/mesh_operations.cpp
[move_group-8] [WARN] [1787307633.629524978] [move_group.moveit.moveit.core.robot_model]: Link link_5_aluminum has visual geometry but no collision geometry. Collision geometry will be left empty. Fix your URDF file by explicitly specifying collision geometry.
[move_group-8] [WARN] [1787307633.629597614] [move_group.moveit.moveit.core.robot_model]: Link link_5_motor has visual geometry but no collision geometry. Collision geometry will be left empty. Fix your URDF file by explicitly specifying collision geometry.
[INFO] [create-3]: process has finished cleanly [pid 335523]
[move_group-8] [WARN] [1787307633.682758603] [move_group.moveit.moveit.core.robot_model]: Link link_4_cover has visual geometry but no collision geometry. Collision geometry will be left empty. Fix your URDF file by explicitly specifying collision geometry.
[move_group-8] [WARN] [1787307633.682829882] [move_group.moveit.moveit.core.robot_model]: Link link_4_logo has visual geometry but no collision geometry. Collision geometry will be left empty. Fix your URDF file by explicitly specifying collision geometry.
[move_group-8] [WARN] [1787307633.682841009] [move_group.moveit.moveit.core.robot_model]: Link link_4_motor has visual geometry but no collision geometry. Collision geometry will be left empty. Fix your URDF file by explicitly specifying collision geometry.
[move_group-8] [WARN] [1787307633.716405484] [move_group.moveit.moveit.core.robot_model]: Link link_3_motor has visual geometry but no collision geometry. Collision geometry will be left empty. Fix your URDF file by explicitly specifying collision geometry.
[move_group-8] [WARN] [1787307633.751832098] [move_group.moveit.moveit.core.robot_model]: Link link_2_cover has visual geometry but no collision geometry. Collision geometry will be left empty. Fix your URDF file by explicitly specifying collision geometry.
[move_group-8] [WARN] [1787307633.751925330] [move_group.moveit.moveit.core.robot_model]: Link link_2_logo has visual geometry but no collision geometry. Collision geometry will be left empty. Fix your URDF file by explicitly specifying collision geometry.
[move_group-8] [WARN] [1787307633.751951707] [move_group.moveit.moveit.core.robot_model]: Link link_2_motor has visual geometry but no collision geometry. Collision geometry will be left empty. Fix your URDF file by explicitly specifying collision geometry.
[move_group-8] [WARN] [1787307633.787631641] [move_group.moveit.moveit.core.robot_model]: Link link_1_motor has visual geometry but no collision geometry. Collision geometry will be left empty. Fix your URDF file by explicitly specifying collision geometry.
[move_group-8] [INFO] [1787307633.974728583] [move_group.moveit.moveit.kinematics.kdl_kinematics_plugin]: Joint weights for group 'ar_manipulator': 1 1 1 1 1 1
[spawner-6] [INFO] [1787307634.031783707] [spawner_joint_trajectory_controller]: waiting for service /controller_manager/list_controllers to become available...
[move_group-8] [INFO] [1787307634.249300202] [move_group.moveit.moveit.ros.planning_scene_monitor]: Publishing maintained planning scene on 'monitored_planning_scene'
[move_group-8] [INFO] [1787307634.249470442] [move_group.moveit.moveit.ros.moveit_cpp]: Listening to 'joint_states' for joint states
[move_group-8] [INFO] [1787307634.250447564] [move_group.moveit.moveit.ros.current_state_monitor]: Listening to joint states on topic 'joint_states'
[move_group-8] [INFO] [1787307634.251155099] [move_group.moveit.moveit.ros.planning_scene_monitor]: Listening to '/attached_collision_object' for attached collision objects
[move_group-8] [INFO] [1787307634.251182855] [move_group.moveit.moveit.ros.planning_scene_monitor]: Stopping existing planning scene publisher.
[move_group-8] [INFO] [1787307634.251327122] [move_group.moveit.moveit.ros.planning_scene_monitor]: Stopped publishing maintained planning scene.
[move_group-8] [INFO] [1787307634.251790952] [move_group.moveit.moveit.ros.planning_scene_monitor]: Publishing maintained planning scene on 'monitored_planning_scene'
[move_group-8] [INFO] [1787307634.251889437] [move_group.moveit.moveit.ros.planning_scene_monitor]: Starting planning scene monitor
[move_group-8] [INFO] [1787307634.252432441] [move_group.moveit.moveit.ros.planning_scene_monitor]: Listening to '/planning_scene'
[move_group-8] [INFO] [1787307634.252467936] [move_group.moveit.moveit.ros.planning_scene_monitor]: Starting world geometry update monitor for collision objects, attached objects, octomap updates.
[move_group-8] [INFO] [1787307634.253102815] [move_group.moveit.moveit.ros.planning_scene_monitor]: Listening to 'collision_object'
[move_group-8] [INFO] [1787307634.253700293] [move_group.moveit.moveit.ros.planning_scene_monitor]: Listening to 'planning_scene_world' for planning scene world geometry
[move_group-8] [WARN] [1787307634.285541799] [move_group.moveit.moveit.ros.occupancy_map_monitor]: Resolution not specified for Octomap. Assuming resolution = 0.1 instead
[move_group-8] [ERROR] [1787307634.285606136] [move_group.moveit.moveit.ros.occupancy_map_monitor]: No 3D sensor plugin(s) defined for octomap updates
[move_group-8] [INFO] [1787307634.493198556] [move_group.moveit.moveit.ros.planning_pipeline]: Successfully loaded planner 'OMPL'
[move_group-8] [INFO] [1787307634.649723937] [move_group]: Try loading adapter 'default_planning_request_adapters/CheckStartStateBounds'
[move_group-8] [INFO] [1787307634.671952029] [move_group]: Loaded adapter 'default_planning_request_adapters/CheckStartStateBounds'
[move_group-8] [INFO] [1787307634.671989389] [move_group]: Try loading adapter 'default_planning_request_adapters/CheckStartStateCollision'
[move_group-8] [INFO] [1787307634.672003924] [move_group]: Loaded adapter 'default_planning_request_adapters/CheckStartStateCollision'
[move_group-8] [INFO] [1787307634.672008369] [move_group]: Try loading adapter 'default_planning_request_adapters/ResolveConstraintFrames'
[move_group-8] [INFO] [1787307634.672019765] [move_group]: Loaded adapter 'default_planning_request_adapters/ResolveConstraintFrames'
[move_group-8] [INFO] [1787307634.672023267] [move_group]: Try loading adapter 'default_planning_request_adapters/ValidateWorkspaceBounds'
[move_group-8] [INFO] [1787307634.672036134] [move_group]: Loaded adapter 'default_planning_request_adapters/ValidateWorkspaceBounds'
[move_group-8] [INFO] [1787307634.841987902] [move_group]: Try loading adapter 'default_planning_response_adapters/AddTimeOptimalParameterization'
[move_group-8] [INFO] [1787307634.865253681] [move_group]: Loaded adapter 'default_planning_response_adapters/AddTimeOptimalParameterization'
[move_group-8] [INFO] [1787307634.865289984] [move_group]: Try loading adapter 'default_planning_response_adapters/ValidateSolution'
[move_group-8] [INFO] [1787307634.869344518] [move_group]: Loaded adapter 'default_planning_response_adapters/ValidateSolution'
[move_group-8] [INFO] [1787307635.041669652] [move_group.moveit.moveit.planners.pilz.joint_limits_aggregator]: Reading limits from namespace robot_description_planning
[move_group-8] [INFO] [1787307635.100401084] [move_group.moveit.moveit.planners.pilz.command_planner]: Available plugins: pilz_industrial_motion_planner/PlanningContextLoaderCIRC pilz_industrial_motion_planner/PlanningContextLoaderLIN pilz_industrial_motion_planner/PlanningContextLoaderPTP 
[move_group-8] [INFO] [1787307635.100459330] [move_group.moveit.moveit.planners.pilz.command_planner]: About to load: pilz_industrial_motion_planner/PlanningContextLoaderCIRC
[move_group-8] [INFO] [1787307635.125545102] [move_group.moveit.moveit.planners.pilz.command_planner]: Registered Algorithm [CIRC]
[move_group-8] [INFO] [1787307635.125604995] [move_group.moveit.moveit.planners.pilz.command_planner]: About to load: pilz_industrial_motion_planner/PlanningContextLoaderLIN
[move_group-8] [INFO] [1787307635.144053753] [move_group.moveit.moveit.planners.pilz.command_planner]: Registered Algorithm [LIN]
[move_group-8] [INFO] [1787307635.144123530] [move_group.moveit.moveit.planners.pilz.command_planner]: About to load: pilz_industrial_motion_planner/PlanningContextLoaderPTP
[move_group-8] [INFO] [1787307635.164701739] [move_group.moveit.moveit.planners.pilz.command_planner]: Registered Algorithm [PTP]
[move_group-8] [INFO] [1787307635.164758420] [move_group.moveit.moveit.ros.planning_pipeline]: Successfully loaded planner 'Pilz Industrial Motion Planner'
[gazebo-2] [1;36m[Dbg] [SystemManager.cc:80] [0m[1;36mLoaded system [[0m[1;36mgz::sim::systems::SceneBroadcaster[0m[1;36m] for entity [[0m[1;36m1[0m[1;36m][0m[1;36m[0m
[gazebo-2] [1;36m[Dbg] [Sensors.cc:697] [0m[1;36mConfiguring Sensors system[0m[1;36m[0m
[gazebo-2] [1;36m[Dbg] [Sensors.cc:557] [0m[1;36mSensorsPrivate::Run[0m[1;36m[0m
[gazebo-2] [1;36m[Dbg] [SystemManager.cc:80] [0m[1;36mLoaded system [[0m[1;36mgz::sim::systems::Sensors[0m[1;36m] for entity [[0m[1;36m1[0m[1;36m][0m[1;36m[0m
[gazebo-2] [1;36m[Dbg] [Sensors.cc:532] [0m[1;36mSensorsPrivate::RenderThread started[0m[1;36m[0m
[gazebo-2] [1;36m[Dbg] [Sensors.cc:337] [0m[1;36mWaiting for init[0m[1;36m[0m
[gazebo-2] [1;32m[Msg] [0m[1;32mLoaded level [[0m[1;32mdefault[0m[1;32m][0m[1;32m[0m
[gazebo-2] [1;32m[Msg] [0m[1;32mServing world controls on [[0m[1;32m/world/default[0m[1;32m/control], [[0m[1;32m/world/default[0m[1;32m/control/state] and [[0m[1;32m/world/default[0m[1;32m/playback/control][0m[1;32m[0m
[gazebo-2] [1;32m[Msg] [0m[1;32mServing GUI information on [[0m[1;32m/world/default[0m[1;32m/[0m[1;32mgui/info[0m[1;32m][0m[1;32m[0m
[gazebo-2] [1;32m[Msg] [0m[1;32mWorld [[0m[1;32mdefault[0m[1;32m] initialized with [[0m[1;32m1ms[0m[1;32m] physics profile.[0m[1;32m[0m
[gazebo-2] [1;32m[Msg] [0m[1;32mServing world SDF generation service on [[0m[1;32m/world/default[0m[1;32m/[0m[1;32mgenerate_world_sdf[0m[1;32m][0m[1;32m[0m
[gazebo-2] [1;32m[Msg] [0m[1;32mServing world names on [[0m[1;32m/gazebo/worlds[0m[1;32m][0m[1;32m[0m
[gazebo-2] [1;32m[Msg] [0m[1;32mResource path add service on [[0m[1;32m/gazebo/resource_paths/add[0m[1;32m].[0m[1;32m[0m
[gazebo-2] [1;32m[Msg] [0m[1;32mResource path get service on [[0m[1;32m/gazebo/resource_paths/get[0m[1;32m].[0m[1;32m[0m
[gazebo-2] [1;32m[Msg] [0m[1;32mResource path resolve service on [[0m[1;32m/gazebo/resource_paths/resolve[0m[1;32m].[0m[1;32m[0m
[gazebo-2] [1;32m[Msg] [0m[1;32mResource paths published on [[0m[1;32m/gazebo/resource_paths[0m[1;32m].[0m[1;32m[0m
[gazebo-2] [1;32m[Msg] [0m[1;32mServer control service on [[0m[1;32m/server_control[0m[1;32m].[0m[1;32m[0m
[gazebo-2] [1;32m[Msg] [0m[1;32mFound no publishers on /stats, adding root stats topic[0m[1;32m[0m
[gazebo-2] [1;32m[Msg] [0m[1;32mFound no publishers on /clock, adding root clock topic[0m[1;32m[0m
[gazebo-2] [1;36m[Dbg] [SimulationRunner.cc:551] [0m[1;36mCreating PostUpdate worker threads: [0m[1;36m3[0m[1;36m[0m
[gazebo-2] [1;36m[Dbg] [SimulationRunner.cc:562] [0m[1;36mCreating postupdate worker thread ([0m[1;36m0[0m[1;36m)[0m[1;36m[0m
[gazebo-2] [1;36m[Dbg] [SimulationRunner.cc:562] [0m[1;36mCreating postupdate worker thread ([0m[1;36m1[0m[1;36m)[0m[1;36m[0m
[gazebo-2] [1;33mWarning [Utils.cc:132][0m [/sdf/model[@name="mk5"]/link[@name="base_link"]/sensor[@name="sim_color"]/gz_frame_id:/home/jonas/benchmarks/runs/sim_wp3-s005-9df2cf5137/perturbed_robot.urdf:L0]: XML Element[gz_frame_id], child of element[sensor], not defined in SDF. Copying[gz_frame_id] as children of [sensor].
[move_group-8] [INFO] [1787307635.315423359] [move_group]: Try loading adapter 'default_planning_request_adapters/CheckStartStateBounds'
[move_group-8] [INFO] [1787307635.333936300] [move_group]: Loaded adapter 'default_planning_request_adapters/CheckStartStateBounds'
[move_group-8] [INFO] [1787307635.333977762] [move_group]: Try loading adapter 'default_planning_request_adapters/CheckStartStateCollision'
[move_group-8] [INFO] [1787307635.333995706] [move_group]: Loaded adapter 'default_planning_request_adapters/CheckStartStateCollision'
[move_group-8] [INFO] [1787307635.334002689] [move_group]: Try loading adapter 'default_planning_request_adapters/ResolveConstraintFrames'
[move_group-8] [INFO] [1787307635.334017535] [move_group]: Loaded adapter 'default_planning_request_adapters/ResolveConstraintFrames'
[move_group-8] [INFO] [1787307635.334021658] [move_group]: Try loading adapter 'default_planning_request_adapters/ValidateWorkspaceBounds'
[move_group-8] [INFO] [1787307635.334037230] [move_group]: Loaded adapter 'default_planning_request_adapters/ValidateWorkspaceBounds'
[ground_truth-9] [INFO] [1787307635.359595359] [ground_truth]: Ground truth ready: calibration_type=eye_to_hand, perturbation_file=/home/jonas/benchmarks/runs/sim_wp3-s005-9df2cf5137/perturbation.yaml, output_file=/home/jonas/benchmarks/runs/sim_wp3-s005-9df2cf5137/ros_home/annin_ar4_calibration/ground_truth.yaml
[gazebo-2] [INFO] [1787307635.486499136] [gz_ros_control]: [gz_ros2_control] Fixed joint ['base_joint'] (Entity='63') is skipped.
[move_group-8] [INFO] [1787307635.507756821] [move_group]: Try loading adapter 'default_planning_response_adapters/AddTimeOptimalParameterization'
[move_group-8] [INFO] [1787307635.523444321] [move_group]: Loaded adapter 'default_planning_response_adapters/AddTimeOptimalParameterization'
[move_group-8] [INFO] [1787307635.523560988] [move_group]: Try loading adapter 'default_planning_response_adapters/ValidateSolution'
[move_group-8] [INFO] [1787307635.524133043] [move_group]: Loaded adapter 'default_planning_response_adapters/ValidateSolution'
[move_group-8] [INFO] [1787307635.731748649] [move_group.moveit.moveit.plugins.simple_controller_manager]: Added FollowJointTrajectory controller for joint_trajectory_controller
[move_group-8] [INFO] [1787307635.731816789] [move_group.moveit.moveit.plugins.simple_controller_manager]: gripper_controller will command a max effort of: 0
[move_group-8] [INFO] [1787307635.735707878] [move_group.moveit.moveit.plugins.simple_controller_manager]: Added GripperCommand controller for gripper_controller
[move_group-8] [INFO] [1787307635.735894302] [move_group.moveit.moveit.plugins.simple_controller_manager]: Returned 2 controllers in list
[move_group-8] [INFO] [1787307635.735921912] [move_group.moveit.moveit.plugins.simple_controller_manager]: Returned 2 controllers in list
[move_group-8] [INFO] [1787307635.736384768] [move_group.moveit.moveit.ros.trajectory_execution_manager]: Trajectory execution is not managing controllers
[move_group-8] [INFO] [1787307635.736423961] [move_group]: MoveGroup debug mode is ON
[gazebo-2] [INFO] [1787307635.778111895] [gz_ros_control]: Loading controller_manager
[move_group-8] [INFO] [1787307635.863375540] [move_group.moveit.moveit.planners.pilz.move_group_sequence_action]: initialize move group sequence action
[move_group-8] [INFO] [1787307635.867481099] [move_group.moveit.moveit.planners.pilz.joint_limits_aggregator]: Reading limits from namespace robot_description_planning
[move_group-8] [INFO] [1787307635.867659845] [move_group.moveit.moveit.planners.pilz.joint_limits_aggregator]: Reading limits from namespace robot_description_planning
[move_group-8] [INFO] [1787307635.868667436] [move_group.moveit.moveit.ros.move_group.executable]: 
[move_group-8] 
[move_group-8] ********************************************************
[move_group-8] * MoveGroup using: 
[move_group-8] *     - apply_planning_scene_service
[move_group-8] *     - clear_octomap_service
[move_group-8] *     - get_group_urdf
[move_group-8] *     - load_geometry_from_file
[move_group-8] *     - CartesianPathService
[move_group-8] *     - execute_trajectory_action
[move_group-8] *     - get_planning_scene_service
[move_group-8] *     - kinematics_service
[move_group-8] *     - move_action
[move_group-8] *     - motion_plan_service
[move_group-8] *     - query_planners_service
[move_group-8] *     - state_validation_service
[move_group-8] *     - save_geometry_to_file
[move_group-8] *     - SequenceAction
[move_group-8] *     - SequenceService
[move_group-8] ********************************************************
[move_group-8] 
[move_group-8] [INFO] [1787307635.868725422] [move_group.moveit.moveit.ros.move_group.context]: MoveGroup context using pipeline ompl
[move_group-8] [INFO] [1787307635.868734840] [move_group.moveit.moveit.ros.move_group.context]: MoveGroup context initialization complete
[move_group-8] [96mLoading 'move_group/ApplyPlanningSceneService'...[0m
[move_group-8] [96mLoading 'move_group/ClearOctomapService'...[0m
[move_group-8] [96mLoading 'move_group/GetUrdfService'...[0m
[move_group-8] [96mLoading 'move_group/LoadGeometryFromFileService'...[0m
[move_group-8] [96mLoading 'move_group/MoveGroupCartesianPathService'...[0m
[move_group-8] [96mLoading 'move_group/MoveGroupExecuteTrajectoryAction'...[0m
[move_group-8] [96mLoading 'move_group/MoveGroupGetPlanningSceneService'...[0m
[move_group-8] [96mLoading 'move_group/MoveGroupKinematicsService'...[0m
[move_group-8] [96mLoading 'move_group/MoveGroupMoveAction'...[0m
[move_group-8] [96mLoading 'move_group/MoveGroupPlanService'...[0m
[move_group-8] [96mLoading 'move_group/MoveGroupQueryPlannersService'...[0m
[move_group-8] [96mLoading 'move_group/MoveGroupStateValidationService'...[0m
[move_group-8] [96mLoading 'move_group/SaveGeometryToFileService'...[0m
[move_group-8] [96mLoading 'pilz_industrial_motion_planner/MoveGroupSequenceAction'...[0m
[move_group-8] [96mLoading 'pilz_industrial_motion_planner/MoveGroupSequenceService'...[0m
[move_group-8] 
[move_group-8] [92mYou can start planning now![0m
[move_group-8] 
[gazebo-2] [INFO] [1787307636.023699908] [controller_manager]: Using ROS clock for triggering controller manager cycles.
[gazebo-2] [INFO] [1787307636.034126606] [controller_manager]: Subscribing to '/robot_description' topic for robot description.
[gazebo-2] [WARN] [1787307636.040727970] [gz_ros_control]: Waiting RM to load and initialize hardware...
[gazebo-2] [INFO] [1787307636.044622458] [controller_manager]: Received robot description from topic.
[gazebo-2] [INFO] [1787307636.044680216] [controller_manager]: Enforcing command limits is disabled. Command limits from URDF will be ignored.
[gazebo-2] text not specified in the tf_prefix tag
[gazebo-2] text not specified in the tf_prefix tag
[gazebo-2] [INFO] [1787307636.193756192] [gz_ros_control]: The position_proportional_gain has been set to: 0.1
[gazebo-2] [INFO] [1787307636.193846337] [gz_ros_control]: Loading joint: joint_1
[gazebo-2] [INFO] [1787307636.193855019] [gz_ros_control]: 	State:
[gazebo-2] [INFO] [1787307636.193864851] [gz_ros_control]: 		 position
[gazebo-2] [INFO] [1787307636.193873264] [gz_ros_control]: 			 found initial value: 0.000000
[gazebo-2] [INFO] [1787307636.193882743] [gz_ros_control]: 		 velocity
[gazebo-2] [INFO] [1787307636.193893446] [gz_ros_control]: 			 found initial value: 0.000000
[gazebo-2] [INFO] [1787307636.193897527] [gz_ros_control]: 	Command:
[gazebo-2] [INFO] [1787307636.193901226] [gz_ros_control]: 		 position
[gazebo-2] [INFO] [1787307636.193909442] [gz_ros_control]: 		 velocity
[gazebo-2] [INFO] [1787307636.193918808] [gz_ros_control]: Loading joint: joint_2
[gazebo-2] [INFO] [1787307636.193922858] [gz_ros_control]: 	State:
[gazebo-2] [INFO] [1787307636.193926422] [gz_ros_control]: 		 position
[gazebo-2] [INFO] [1787307636.193930048] [gz_ros_control]: 			 found initial value: 0.000000
[gazebo-2] [INFO] [1787307636.193933789] [gz_ros_control]: 		 velocity
[gazebo-2] [INFO] [1787307636.193937166] [gz_ros_control]: 			 found initial value: 0.000000
[gazebo-2] [INFO] [1787307636.193940771] [gz_ros_control]: 	Command:
[gazebo-2] [INFO] [1787307636.193944294] [gz_ros_control]: 		 position
[gazebo-2] [INFO] [1787307636.193949412] [gz_ros_control]: 		 velocity
[gazebo-2] [INFO] [1787307636.193957265] [gz_ros_control]: Loading joint: joint_3
[gazebo-2] [INFO] [1787307636.193961440] [gz_ros_control]: 	State:
[gazebo-2] [INFO] [1787307636.193965077] [gz_ros_control]: 		 position
[gazebo-2] [INFO] [1787307636.193968775] [gz_ros_control]: 			 found initial value: 0.000000
[gazebo-2] [INFO] [1787307636.193972484] [gz_ros_control]: 		 velocity
[gazebo-2] [INFO] [1787307636.193975789] [gz_ros_control]: 			 found initial value: 0.000000
[gazebo-2] [INFO] [1787307636.193979902] [gz_ros_control]: 	Command:
[gazebo-2] [INFO] [1787307636.193983145] [gz_ros_control]: 		 position
[gazebo-2] [INFO] [1787307636.193988190] [gz_ros_control]: 		 velocity
[gazebo-2] [INFO] [1787307636.193995204] [gz_ros_control]: Loading joint: joint_4
[gazebo-2] [INFO] [1787307636.193998944] [gz_ros_control]: 	State:
[gazebo-2] [INFO] [1787307636.194002426] [gz_ros_control]: 		 position
[gazebo-2] [INFO] [1787307636.194005844] [gz_ros_control]: 			 found initial value: 0.000000
[gazebo-2] [INFO] [1787307636.194009450] [gz_ros_control]: 		 velocity
[gazebo-2] [INFO] [1787307636.194012775] [gz_ros_control]: 			 found initial value: 0.000000
[gazebo-2] [INFO] [1787307636.194016319] [gz_ros_control]: 	Command:
[gazebo-2] [INFO] [1787307636.194020214] [gz_ros_control]: 		 position
[gazebo-2] [INFO] [1787307636.194024783] [gz_ros_control]: 		 velocity
[gazebo-2] [INFO] [1787307636.194031631] [gz_ros_control]: Loading joint: joint_5
[gazebo-2] [INFO] [1787307636.194035485] [gz_ros_control]: 	State:
[gazebo-2] [INFO] [1787307636.194038863] [gz_ros_control]: 		 position
[gazebo-2] [INFO] [1787307636.194046218] [gz_ros_control]: 			 found initial value: 0.000000
[gazebo-2] [INFO] [1787307636.194050394] [gz_ros_control]: 		 velocity
[gazebo-2] [INFO] [1787307636.194053813] [gz_ros_control]: 			 found initial value: 0.000000
[gazebo-2] [INFO] [1787307636.194057501] [gz_ros_control]: 	Command:
[gazebo-2] [INFO] [1787307636.194061054] [gz_ros_control]: 		 position
[gazebo-2] [INFO] [1787307636.194066525] [gz_ros_control]: 		 velocity
[gazebo-2] [INFO] [1787307636.194073259] [gz_ros_control]: Loading joint: joint_6
[gazebo-2] [INFO] [1787307636.194077289] [gz_ros_control]: 	State:
[gazebo-2] [INFO] [1787307636.194080687] [gz_ros_control]: 		 position
[gazebo-2] [INFO] [1787307636.194083971] [gz_ros_control]: 			 found initial value: 0.000000
[gazebo-2] [INFO] [1787307636.194087629] [gz_ros_control]: 		 velocity
[gazebo-2] [INFO] [1787307636.194119808] [gz_ros_control]: 			 found initial value: 0.000000
[gazebo-2] [INFO] [1787307636.194124936] [gz_ros_control]: 	Command:
[gazebo-2] [INFO] [1787307636.194128469] [gz_ros_control]: 		 position
[gazebo-2] [INFO] [1787307636.194134074] [gz_ros_control]: 		 velocity
[gazebo-2] [INFO] [1787307636.194245364] [controller_manager]: Initialize hardware 'mk5' 
[gazebo-2] [WARN] [1787307636.194264893] [controller_manager.hardware_component.system.mk5]: Executor is not available during hardware component initialization for 'mk5'. Skipping node creation!
[gazebo-2] [INFO] [1787307636.194373853] [controller_manager]: Successful initialization of hardware 'mk5'
[gazebo-2] [INFO] [1787307636.194489059] [gz_ros_control]: The position_proportional_gain has been set to: 0.1
[gazebo-2] [INFO] [1787307636.194501968] [gz_ros_control]: Loading joint: gripper_jaw1_joint
[gazebo-2] [INFO] [1787307636.194506723] [gz_ros_control]: 	State:
[gazebo-2] [INFO] [1787307636.194510453] [gz_ros_control]: 		 position
[gazebo-2] [INFO] [1787307636.194514452] [gz_ros_control]: 			 found initial value: 0.000000
[gazebo-2] [INFO] [1787307636.194518834] [gz_ros_control]: 		 velocity
[gazebo-2] [INFO] [1787307636.194522896] [gz_ros_control]: 			 found initial value: 0.000000
[gazebo-2] [INFO] [1787307636.194526657] [gz_ros_control]: 	Command:
[gazebo-2] [INFO] [1787307636.194530003] [gz_ros_control]: 		 position
[gazebo-2] [INFO] [1787307636.194540788] [gz_ros_control]: Loading joint: gripper_jaw2_joint
[gazebo-2] [INFO] [1787307636.194545605] [gz_ros_control]: Joint 'gripper_jaw2_joint'is mimicking joint 'gripper_jaw1_joint' with multiplier: 1 and offset: 0
[gazebo-2] [INFO] [1787307636.194550817] [gz_ros_control]: 	State:
[gazebo-2] [INFO] [1787307636.194554246] [gz_ros_control]: 		 position
[gazebo-2] [INFO] [1787307636.194557862] [gz_ros_control]: 			 found initial value: 0.000000
[gazebo-2] [INFO] [1787307636.194561757] [gz_ros_control]: 		 velocity
[gazebo-2] [INFO] [1787307636.194564979] [gz_ros_control]: 			 found initial value: 0.000000
[gazebo-2] [INFO] [1787307636.194568719] [gz_ros_control]: 	Command:
[gazebo-2] [INFO] [1787307636.194587958] [controller_manager]: Initialize hardware 'ARGripperGazeboSystem' 
[gazebo-2] [WARN] [1787307636.194600246] [controller_manager.hardware_component.system.ARGripperGazeboSystem]: Executor is not available during hardware component initialization for 'ARGripperGazeboSystem'. Skipping node creation!
[gazebo-2] [INFO] [1787307636.194614864] [controller_manager]: Successful initialization of hardware 'ARGripperGazeboSystem'
[gazebo-2] [INFO] [1787307636.194660553] [controller_manager]: Activating component 'ARGripperGazeboSystem'.
[gazebo-2] [INFO] [1787307636.194671172] [resource_manager]: 'configure' hardware 'ARGripperGazeboSystem' 
[gazebo-2] [INFO] [1787307636.194675979] [gz_ros_control]: System Successfully configured!
[gazebo-2] [INFO] [1787307636.194695571] [resource_manager]: Successful 'configure' of hardware 'ARGripperGazeboSystem'
[gazebo-2] [INFO] [1787307636.194702968] [resource_manager]: 'activate' hardware 'ARGripperGazeboSystem' 
[gazebo-2] [INFO] [1787307636.194716312] [resource_manager]: Successful 'activate' of hardware 'ARGripperGazeboSystem'
[gazebo-2] [INFO] [1787307636.194777635] [controller_manager]: Activating component 'mk5'.
[gazebo-2] [INFO] [1787307636.194782442] [resource_manager]: 'configure' hardware 'mk5' 
[gazebo-2] [INFO] [1787307636.194784990] [gz_ros_control]: System Successfully configured!
[gazebo-2] [INFO] [1787307636.194788617] [resource_manager]: Successful 'configure' of hardware 'mk5'
[gazebo-2] [INFO] [1787307636.194792647] [resource_manager]: 'activate' hardware 'mk5' 
[gazebo-2] [INFO] [1787307636.194795672] [resource_manager]: Successful 'activate' of hardware 'mk5'
[gazebo-2] [WARN] [1787307636.194812911] [controller_manager]: Component 'ARGripperGazeboSystem' does not have read or write statistics initialized, skipping registration.
[gazebo-2] [WARN] [1787307636.194818237] [controller_manager]: Component 'mk5' does not have read or write statistics initialized, skipping registration.
[gazebo-2] [INFO] [1787307636.194825074] [controller_manager]: Resource Manager has been successfully initialized. Starting Controller Manager services...
[gazebo-2] [INFO] [1787307636.286957016] [controller_manager]: Loading controller : 'joint_trajectory_controller' of type 'joint_trajectory_controller/JointTrajectoryController'
[gazebo-2] [INFO] [1787307636.287014381] [controller_manager]: Loading controller 'joint_trajectory_controller'
[gazebo-2] [INFO] [1787307636.332314287] [controller_manager]: Controller 'joint_trajectory_controller' node arguments: --ros-args --params-file /tmp/tmpk8x1de0h.yaml -p use_sim_time:=true --param use_sim_time:=true 
[spawner-6] [INFO] [1787307636.476933052] [spawner_joint_trajectory_controller]: Loaded joint_trajectory_controller
[gazebo-2] [INFO] [1787307636.478273312] [controller_manager]: Configuring controller: 'joint_trajectory_controller'
[gazebo-2] [INFO] [1787307636.478578050] [joint_trajectory_controller]: No specific joint names are used for command interfaces. Using 'joints' parameter.
[gazebo-2] [INFO] [1787307636.478631727] [joint_trajectory_controller]: Command interfaces are [position velocity] and state interfaces are [position velocity].
[gazebo-2] [INFO] [1787307636.478659161] [joint_trajectory_controller]: Using 'splines' interpolation method.
[gazebo-2] [INFO] [1787307636.501368748] [joint_trajectory_controller]: Action status changes will be monitored at 20.00 Hz.
[gazebo-2] [INFO] [1787307636.510840236] [joint_trajectory_controller]: No scaling interface set. This controller will not read speed scaling from the hardware.
[gazebo-2] [INFO] [1787307636.512546495] [controller_manager]: Activating controllers: [ joint_trajectory_controller ]
[gazebo-2] [1;31m[Err] [SystemPaths.cc:426] [0m[1;31mUnable to find file with URI [[0m[1;31mmodel://annin_ar4_description/meshes/ar4_mk5/Link_6_Col.STL[0m[1;31m][0m[1;31m[0m
[gazebo-2] [1;31m[Err] [SystemPaths.cc:526] [0m[1;31mCould not resolve file [[0m[1;31mmodel://annin_ar4_description/meshes/ar4_mk5/Link_6_Col.STL[0m[1;31m][0m[1;31m[0m
[gazebo-2] [1;31m[Err] [MeshManager.cc:211] [0m[1;31mUnable to find file[[0m[1;31mmodel://annin_ar4_description/meshes/ar4_mk5/Link_6_Col.STL[0m[1;31m][0m
[gazebo-2] [1;33m[Wrn] [SDFFeatures.cc:1094] [0m[1;33mFailed to load mesh from [[0m[1;33mmodel://annin_ar4_description/meshes/ar4_mk5/Link_6_Col.STL[0m[1;33m].[0m[1;33m[0m
[gazebo-2] [1;31m[Err] [SystemPaths.cc:426] [0m[1;31mUnable to find file with URI [[0m[1;31mmodel://annin_ar4_description/meshes/ar4_mk5/Link_5_Col.STL[0m[1;31m][0m[1;31m[0m
[gazebo-2] [1;31m[Err] [SystemPaths.cc:526] [0m[1;31mCould not resolve file [[0m[1;31mmodel://annin_ar4_description/meshes/ar4_mk5/Link_5_Col.STL[0m[1;31m][0m[1;31m[0m
[gazebo-2] [1;31m[Err] [MeshManager.cc:211] [0m[1;31mUnable to find file[[0m[1;31mmodel://annin_ar4_description/meshes/ar4_mk5/Link_5_Col.STL[0m[1;31m][0m
[gazebo-2] [1;33m[Wrn] [SDFFeatures.cc:1094] [0m[1;33mFailed to load mesh from [[0m[1;33mmodel://annin_ar4_description/meshes/ar4_mk5/Link_5_Col.STL[0m[1;33m].[0m[1;33m[0m
[gazebo-2] [1;31m[Err] [SystemPaths.cc:426] [0m[1;31mUnable to find file with URI [[0m[1;31mmodel://annin_ar4_description/meshes/ar4_mk5/Link_5_Col.STL[0m[1;31m][0m[1;31m[0m
[gazebo-2] [1;31m[Err] [SystemPaths.cc:526] [0m[1;31mCould not resolve file [[0m[1;31mmodel://annin_ar4_description/meshes/ar4_mk5/Link_5_Col.STL[0m[1;31m][0m[1;31m[0m
[gazebo-2] [1;31m[Err] [MeshManager.cc:211] [0m[1;31mUnable to find file[[0m[1;31mmodel://annin_ar4_description/meshes/ar4_mk5/Link_5_Col.STL[0m[1;31m][0m
[gazebo-2] [1;33m[Wrn] [Util.cc:859] [0m[1;33mFailed to load mesh from [[0m[1;33mmodel://annin_ar4_description/meshes/ar4_mk5/Link_5_Col.STL[0m[1;33m].[0m[1;33m[0m
[gazebo-2] [1;31m[Err] [SystemPaths.cc:426] [0m[1;31mUnable to find file with URI [[0m[1;31mmodel://annin_ar4_description/meshes/ar4_mk5/Link_6_Col.STL[0m[1;31m][0m[1;31m[0m
[gazebo-2] [1;31m[Err] [SystemPaths.cc:526] [0m[1;31mCould not resolve file [[0m[1;31mmodel://annin_ar4_description/meshes/ar4_mk5/Link_6_Col.STL[0m[1;31m][0m[1;31m[0m
[gazebo-2] [1;31m[Err] [MeshManager.cc:211] [0m[1;31mUnable to find file[[0m[1;31mmodel://annin_ar4_description/meshes/ar4_mk5/Link_6_Col.STL[0m[1;31m][0m
[gazebo-2] [1;33m[Wrn] [Util.cc:859] [0m[1;33mFailed to load mesh from [[0m[1;33mmodel://annin_ar4_description/meshes/ar4_mk5/Link_6_Col.STL[0m[1;33m].[0m[1;33m[0m
[gazebo-2] [WARN] [1787307638.390311710] [gz_ros_control]:  Desired controller update period (0.0166667 s) is slower than the gazebo simulation period (0.001 s).
[gazebo-2] [1;36m[Dbg] [SystemManager.cc:80] [0m[1;36mLoaded system [[0m[1;36mgz_ros2_control::GazeboSimROS2ControlPlugin[0m[1;36m] for entity [[0m[1;36m19[0m[1;36m][0m[1;36m[0m
[gazebo-2] [1;36m[Dbg] [UserCommands.cc:1094] [0m[1;36mCreated entity [[0m[1;36m19[0m[1;36m] named [[0m[1;36mmk5[0m[1;36m][0m[1;36m[0m
[gazebo-2] [1;36m[Dbg] [Physics.cc:1086] [0m[1;36mAttempting to set physics options, but the [0m[1;36mphyiscs engine doesn't support feature [0m[1;36m[CollisionPairMaxContacts]. [0m[1;36mOptions will be ignored.[0m[1;36m[0m
[gazebo-2] [1;36m[Dbg] [Sensors.cc:953] [0m[1;36mInitialization needed[0m[1;36m[0m
[gazebo-2] [1;36m[Dbg] [Sensors.cc:349] [0m[1;36mInitializing render context[0m[1;36m[0m
[gazebo-2] [1;32m[Msg] [0m[1;32mLoading plugin [[0m[1;32mgz-rendering-ogre2[0m[1;32m][0m[1;32m[0m
[gazebo-2] [1;32m[Msg] [0m[1;32mServing scene information on [[0m[1;32m/world/default[0m[1;32m/[0m[1;32mscene/info[0m[1;32m][0m[1;32m[0m
[gazebo-2] [1;32m[Msg] [0m[1;32mServing graph information on [[0m[1;32m/world/default[0m[1;32m/[0m[1;32mscene/graph[0m[1;32m][0m[1;32m[0m
[gazebo-2] [1;32m[Msg] [0m[1;32mServing full state on [[0m[1;32m/world/default[0m[1;32m/[0m[1;32mstate[0m[1;32m][0m[1;32m[0m
[gazebo-2] [1;32m[Msg] [0m[1;32mServing full state (async) on [[0m[1;32m/world/default[0m[1;32m/[0m[1;32mstate_async[0m[1;32m][0m[1;32m[0m
[gazebo-2] [1;32m[Msg] [0m[1;32mPublishing scene information on [[0m[1;32m/world/default/scene/info[0m[1;32m][0m[1;32m[0m
[gazebo-2] [1;32m[Msg] [0m[1;32mPublishing entity deletions on [[0m[1;32m/world/default/scene/deletion[0m[1;32m][0m[1;32m[0m
[gazebo-2] [1;32m[Msg] [0m[1;32mPublishing state changes on [[0m[1;32m/world/default/state[0m[1;32m][0m[1;32m[0m
[gazebo-2] [1;32m[Msg] [0m[1;32mPublishing pose messages on [[0m[1;32m/world/default[0m[1;32m/[0m[1;32mpose/info[0m[1;32m][0m[1;32m[0m
[gazebo-2] [1;32m[Msg] [0m[1;32mPublishing dynamic pose messages on [[0m[1;32m/world/default[0m[1;32m/[0m[1;32mdynamic_pose/info[0m[1;32m][0m[1;32m[0m
[gazebo-2] [1;36m[Dbg] [SimulationRunner.cc:578] [0m[1;36mExiting postupdate worker thread ([0m[1;36m0[0m[1;36m)[0m[1;36m[0m
[gazebo-2] [1;36m[Dbg] [SimulationRunner.cc:578] [0m[1;36mExiting postupdate worker thread ([0m[1;36m1[0m[1;36m)[0m[1;36m[0m
[gazebo-2] [1;36m[Dbg] [SimulationRunner.cc:551] [0m[1;36mCreating PostUpdate worker threads: [0m[1;36m4[0m[1;36m[0m
[gazebo-2] [1;36m[Dbg] [SimulationRunner.cc:562] [0m[1;36mCreating postupdate worker thread ([0m[1;36m0[0m[1;36m)[0m[1;36m[0m
[gazebo-2] [1;36m[Dbg] [SimulationRunner.cc:562] [0m[1;36mCreating postupdate worker thread ([0m[1;36m1[0m[1;36m)[0m[1;36m[0m
[gazebo-2] [1;36m[Dbg] [SimulationRunner.cc:562] [0m[1;36mCreating postupdate worker thread ([0m[1;36m2[0m[1;36m)[0m[1;36m[0m
[gazebo-2]  dllPath = /usr/lib/wsl/drivers/iigd_dch_d.inf_amd64_090b7c5495907f9a, dllName = libigdgmm_w.so.12 
[gazebo-2]  IsWddmLinux = 1, dllWslName = /usr/lib/wsl/drivers/iigd_dch_d.inf_amd64_090b7c5495907f9a/libigdgmm_w.so.12  flags = 2
[gazebo-2]  dllPath = /usr/lib/wsl/drivers/iigd_dch_d.inf_amd64_090b7c5495907f9a, dllName = libigdgmm_w.so.12 
[gazebo-2]  IsWddmLinux = 1, dllWslName = /usr/lib/wsl/drivers/iigd_dch_d.inf_amd64_090b7c5495907f9a/libigdgmm_w.so.12  flags = 2
[gazebo-2]  dllPath = /usr/lib/wsl/drivers/iigd_dch_d.inf_amd64_090b7c5495907f9a, dllName = libigdgmm_w.so.12 
[gazebo-2]  IsWddmLinux = 1, dllWslName = /usr/lib/wsl/drivers/iigd_dch_d.inf_amd64_090b7c5495907f9a/libigdgmm_w.so.12  flags = 2
[gazebo-2]  dllPath = /usr/lib/wsl/drivers/iigd_dch_d.inf_amd64_090b7c5495907f9a, dllName = libigdgmm_w.so.12 
[gazebo-2]  IsWddmLinux = 1, dllWslName = /usr/lib/wsl/drivers/iigd_dch_d.inf_amd64_090b7c5495907f9a/libigdgmm_w.so.12  flags = 2
[gazebo-2]  dllPath = /usr/lib/wsl/drivers/iigd_dch_d.inf_amd64_090b7c5495907f9a, dllName = libigdgmm_w.so.12 
[gazebo-2]  IsWddmLinux = 1, dllWslName = /usr/lib/wsl/drivers/iigd_dch_d.inf_amd64_090b7c5495907f9a/libigdgmm_w.so.12  flags = 2
[gazebo-2]  dllPath = /usr/lib/wsl/drivers/iigd_dch_d.inf_amd64_090b7c5495907f9a, dllName = libigdgmm_w.so.12 
[gazebo-2]  IsWddmLinux = 1, dllWslName = /usr/lib/wsl/drivers/iigd_dch_d.inf_amd64_090b7c5495907f9a/libigdgmm_w.so.12  flags = 2
[gazebo-2] [1;36m[Dbg] [RenderUtil.cc:2646] [0m[1;36mCreate scene [[0m[1;36mscene[0m[1;36m][0m[1;36m[0m
[gazebo-2] [1;36m[Dbg] [Sensors.cc:391] [0m[1;36mRendering Thread initialized[0m[1;36m[0m
[gazebo-2] [1;36m[Dbg] [Sensors.cc:953] [0m[1;36mInitialization needed[0m[1;36m[0m
[gazebo-2] [1;33m[Wrn] [Ogre2Camera.cc:423] [0m[1;33mOgre2Camera::SetVisibilityMask: Mask bits [0m[1;33mc0000000[0m[1;33m are set but will be ignored as they conflict with the [0m[1;33mreserved bits used internally by the ogre2 backend.[0m[1;33m[0m
[gazebo-2] [INFO] [1787307642.632038803] [controller_manager]: Successfully switched controllers!
[spawner-6] [INFO] [1787307642.650040911] [spawner_joint_trajectory_controller]: Configured and activated joint_trajectory_controller
[INFO] [spawner-6]: process has finished cleanly [pid 335526]
[spawner-7] [INFO] [1787307642.961442061] [spawner_gripper_controller]: waiting for service /controller_manager/list_controllers to become available...
[gazebo-2] [1;36m[Dbg] [CameraSensor.cc:405] [0m[1;36mCamera images for [[0m[1;36mmk5::base_link::sim_color[0m[1;36m] advertised on [[0m[1;36msim_camera/color/image_raw[0m[1;36m][0m[1;36m[0m
[gazebo-2] [1;36m[Dbg] [CameraSensor.cc:695] [0m[1;36mCamera info for [[0m[1;36mmk5::base_link::sim_color[0m[1;36m] advertised on [[0m[1;36msim_camera/color/camera_info[0m[1;36m][0m[1;36m[0m
[gazebo-2] [1;36m[Dbg] [CameraSensor.cc:504] [0m[1;36mEnabling camera sensor: '[0m[1;36mmk5::base_link::sim_color[0m[1;36m' data [0m[1;36mgeneration.[0m[1;36m[0m
[gazebo-2] [INFO] [1787307645.466377029] [controller_manager]: Loading controller : 'gripper_controller' of type 'position_controllers/GripperActionController'
[gazebo-2] [INFO] [1787307645.466440450] [controller_manager]: Loading controller 'gripper_controller'
[gazebo-2] [INFO] [1787307645.497756125] [controller_manager]: Controller 'gripper_controller' node arguments: --ros-args --params-file /tmp/tmpk8x1de0h.yaml -p use_sim_time:=true --param use_sim_time:=true 
[gazebo-2] [WARN] [1787307645.513948010] [gripper_controller]: [Deprecated]: the `position_controllers/GripperActionController` and `effort_controllers::GripperActionController` controllers are replaced by 'parallel_gripper_controllers/GripperActionController' controller
[spawner-7] [INFO] [1787307645.519392321] [spawner_gripper_controller]: Loaded gripper_controller
[gazebo-2] [INFO] [1787307645.520756324] [controller_manager]: Configuring controller: 'gripper_controller'
[gazebo-2] [INFO] [1787307645.520827577] [gripper_controller]: Action status changes will be monitored at 20.000000 Hz.
[gazebo-2] [INFO] [1787307645.541157611] [controller_manager]: Activating controllers: [ gripper_controller ]
[gazebo-2] [INFO] [1787307645.561835713] [controller_manager]: Successfully switched controllers!
[spawner-7] [INFO] [1787307645.579476703] [spawner_gripper_controller]: Configured and activated gripper_controller
[ground_truth-9] [INFO] [1787307645.676678384] [ground_truth]: Wrote ground truth to /home/jonas/benchmarks/runs/sim_wp3-s005-9df2cf5137/ros_home/annin_ar4_calibration/ground_truth.yaml
[INFO] [spawner-7]: process has finished cleanly [pid 335527]
[gazebo-2] [INFO] [1787307645.925129638] [controller_manager]: Loading controller : 'joint_state_broadcaster' of type 'joint_state_broadcaster/JointStateBroadcaster'
[gazebo-2] [INFO] [1787307645.925182976] [controller_manager]: Loading controller 'joint_state_broadcaster'
[gazebo-2] [INFO] [1787307646.064364628] [controller_manager]: Controller 'joint_state_broadcaster' node arguments: --ros-args --params-file /tmp/tmpk8x1de0h.yaml -p use_sim_time:=true --param use_sim_time:=true 
[spawner-5] [INFO] [1787307646.102282593] [spawner_joint_state_broadcaster]: Loaded joint_state_broadcaster
[gazebo-2] [INFO] [1787307646.103876344] [controller_manager]: Configuring controller: 'joint_state_broadcaster'
[gazebo-2] [INFO] [1787307646.104050830] [joint_state_broadcaster]: 'joints' or 'interfaces' parameter is empty. All available state interfaces will be published
[gazebo-2] [INFO] [1787307646.185991450] [controller_manager]: Activating controllers: [ joint_state_broadcaster ]
[gazebo-2] [INFO] [1787307646.200691111] [controller_manager]: Successfully switched controllers!
[spawner-5] [INFO] [1787307646.219163783] [spawner_joint_state_broadcaster]: Configured and activated joint_state_broadcaster
[INFO] [spawner-5]: process has finished cleanly [pid 335525]
[move_group-8] [INFO] [1787307652.347667336] [move_group.moveit.moveit.ros.move_group.move_action]: MoveGroupMoveAction: Received request
[move_group-8] [INFO] [1787307652.348034676] [move_group.moveit.moveit.ros.move_group.move_action]: executing..
[move_group-8] [WARN] [1787307652.367368491] [move_group.moveit.moveit.ros.planning_scene_monitor]: Unable to transform object from frame 'calibration_target' to planning frame'world' (Could not find a connection between 'world' and 'calibration_target' because they are not part of the same tree.Tf has two or more unconnected trees.)
[move_group-8] [WARN] [1787307652.367453047] [move_group.moveit.moveit.ros.planning_scene_monitor]: Unable to transform object from frame 'camera_color_optical_frame' to planning frame'world' (Could not find a connection between 'world' and 'camera_color_optical_frame' because they are not part of the same tree.Tf has two or more unconnected trees.)
[move_group-8] [INFO] [1787307652.367552700] [move_group.moveit.moveit.ros.move_group.move_action]: Combined planning and execution request received for MoveGroup action. Forwarding to planning and execution pipeline.
[move_group-8] [WARN] [1787307652.367581034] [move_group.moveit.moveit.ros.move_group.capability]: Execution of motions should always start at the robot's current state. Ignoring the state supplied as start state in the motion planning request
[move_group-8] [WARN] [1787307652.367596171] [move_group.moveit.moveit.ros.move_group.capability]: Execution of motions should always start at the robot's current state. Ignoring the state supplied as difference in the planning scene diff
[move_group-8] [INFO] [1787307652.367610811] [move_group.moveit.moveit.ros.plan_execution]: Planning attempt 1 of at most 1
[move_group-8] [INFO] [1787307652.367980474] [move_group]: Calling PlanningRequestAdapter 'CheckStartStateBounds'
[move_group-8] [INFO] [1787307652.368096913] [move_group]: Calling PlanningRequestAdapter 'CheckStartStateCollision'
[move_group-8] [INFO] [1787307652.368264159] [move_group]: Calling PlanningRequestAdapter 'ResolveConstraintFrames'
[move_group-8] [INFO] [1787307652.368295513] [move_group]: Calling PlanningRequestAdapter 'ValidateWorkspaceBounds'
[move_group-8] [INFO] [1787307652.369108959] [move_group.moveit.moveit.planners.ompl.model_based_planning_context]: Planner configuration 'ar_manipulator' will use planner 'geometric::RRTConnect'. Additional configuration parameters will be set when the planner is constructed.
[move_group-8] [INFO] [1787307652.369359278] [move_group]: Calling Planner 'OMPL'
[move_group-8] [INFO] [1787307652.383679262] [move_group]: Calling PlanningResponseAdapter 'AddTimeOptimalParameterization'
[move_group-8] [WARN] [1787307652.383775397] [move_group.moveit.moveit.core.time_optimal_trajectory_generation]: Invalid max_velocity_scaling_factor 0.000000 specified, defaulting to 1.000000 instead.
[move_group-8] [WARN] [1787307652.383800681] [move_group.moveit.moveit.core.time_optimal_trajectory_generation]: Invalid max_acceleration_scaling_factor 0.000000 specified, defaulting to 1.000000 instead.
[move_group-8] [INFO] [1787307652.384973353] [move_group]: Calling PlanningResponseAdapter 'ValidateSolution'
[move_group-8] [WARN] [1787307652.385300894] [move_group.moveit.moveit.ros.planning_pipeline]: The planner plugin did not fill out the 'planner_id' field of the MotionPlanResponse. Setting it to the planner ID name of the MotionPlanRequest assuming that the planner plugin does warn you if it does not use the requested planner.
[move_group-8] [INFO] [1787307652.385499068] [move_group.moveit.moveit.plugins.simple_controller_manager]: Returned 2 controllers in list
[move_group-8] [INFO] [1787307652.385527143] [move_group.moveit.moveit.plugins.simple_controller_manager]: Returned 2 controllers in list
[move_group-8] [INFO] [1787307652.385635127] [move_group.moveit.moveit.ros.trajectory_execution_manager]: Validating trajectory with allowed_start_tolerance 0.01
[move_group-8] [INFO] [1787307652.386481814] [move_group.moveit.moveit.ros.trajectory_execution_manager]: Starting trajectory execution ...
[move_group-8] [INFO] [1787307652.386551763] [move_group.moveit.moveit.plugins.simple_controller_manager]: Returned 2 controllers in list
[move_group-8] [INFO] [1787307652.386593118] [move_group.moveit.moveit.plugins.simple_controller_manager]: Returned 2 controllers in list
[move_group-8] [INFO] [1787307652.386776715] [moveit.simple_controller_manager.follow_joint_trajectory_controller_handle]: sending trajectory to joint_trajectory_controller
[gazebo-2] [INFO] [1787307652.387371040] [joint_trajectory_controller]: Received new action goal
[gazebo-2] [INFO] [1787307652.387477416] [joint_trajectory_controller]: Accepted new action goal
[move_group-8] [INFO] [1787307652.387747873] [moveit.simple_controller_manager.follow_joint_trajectory_controller_handle]: joint_trajectory_controller started execution
[move_group-8] [INFO] [1787307652.387770490] [moveit.simple_controller_manager.follow_joint_trajectory_controller_handle]: Goal request accepted!
[gazebo-2] [INFO] [1787307653.811460083] [joint_trajectory_controller]: Goal reached, success!
[move_group-8] [INFO] [1787307653.836454898] [moveit.simple_controller_manager.follow_joint_trajectory_controller_handle]: Controller 'joint_trajectory_controller' successfully finished
[move_group-8] [INFO] [1787307653.895862797] [move_group.moveit.moveit.ros.trajectory_execution_manager]: Completed trajectory execution with status SUCCEEDED ...
[move_group-8] [INFO] [1787307653.904888521] [move_group.moveit.moveit.ros.move_group.move_action]: Solution was found and executed.
[move_group-8] [INFO] [1787307654.604983405] [move_group.moveit.moveit.ros.move_group.move_action]: MoveGroupMoveAction: Received request
[move_group-8] [INFO] [1787307654.605725264] [move_group.moveit.moveit.ros.move_group.move_action]: executing..
[move_group-8] [WARN] [1787307654.607333658] [move_group.moveit.moveit.ros.planning_scene_monitor]: Unable to transform object from frame 'calibration_target' to planning frame'world' (Could not find a connection between 'world' and 'calibration_target' because they are not part of the same tree.Tf has two or more unconnected trees.)
[move_group-8] [WARN] [1787307654.607382214] [move_group.moveit.moveit.ros.planning_scene_monitor]: Unable to transform object from frame 'camera_color_optical_frame' to planning frame'world' (Could not find a connection between 'world' and 'camera_color_optical_frame' because they are not part of the same tree.Tf has two or more unconnected trees.)
[move_group-8] [INFO] [1787307654.607412893] [move_group.moveit.moveit.ros.move_group.move_action]: Combined planning and execution request received for MoveGroup action. Forwarding to planning and execution pipeline.
[move_group-8] [WARN] [1787307654.607427937] [move_group.moveit.moveit.ros.move_group.capability]: Execution of motions should always start at the robot's current state. Ignoring the state supplied as start state in the motion planning request
[move_group-8] [WARN] [1787307654.607443810] [move_group.moveit.moveit.ros.move_group.capability]: Execution of motions should always start at the robot's current state. Ignoring the state supplied as difference in the planning scene diff
[move_group-8] [INFO] [1787307654.607451965] [move_group.moveit.moveit.ros.plan_execution]: Planning attempt 1 of at most 1
[move_group-8] [INFO] [1787307654.607560156] [move_group]: Calling PlanningRequestAdapter 'CheckStartStateBounds'
[move_group-8] [INFO] [1787307654.607591883] [move_group]: Calling PlanningRequestAdapter 'CheckStartStateCollision'
[move_group-8] [INFO] [1787307654.607631402] [move_group]: Calling PlanningRequestAdapter 'ResolveConstraintFrames'
[move_group-8] [INFO] [1787307654.607641320] [move_group]: Calling PlanningRequestAdapter 'ValidateWorkspaceBounds'
[move_group-8] [INFO] [1787307654.607904971] [move_group.moveit.moveit.planners.ompl.model_based_planning_context]: Planner configuration 'ar_manipulator' will use planner 'geometric::RRTConnect'. Additional configuration parameters will be set when the planner is constructed.
[move_group-8] [INFO] [1787307654.607965458] [move_group]: Calling Planner 'OMPL'
[move_group-8] [INFO] [1787307654.631183385] [move_group]: Calling PlanningResponseAdapter 'AddTimeOptimalParameterization'
[move_group-8] [WARN] [1787307654.631234928] [move_group.moveit.moveit.core.time_optimal_trajectory_generation]: Invalid max_velocity_scaling_factor 0.000000 specified, defaulting to 1.000000 instead.
[move_group-8] [WARN] [1787307654.631249609] [move_group.moveit.moveit.core.time_optimal_trajectory_generation]: Invalid max_acceleration_scaling_factor 0.000000 specified, defaulting to 1.000000 instead.
[move_group-8] [INFO] [1787307654.631668918] [move_group]: Calling PlanningResponseAdapter 'ValidateSolution'
[move_group-8] [WARN] [1787307654.631788397] [move_group.moveit.moveit.ros.planning_pipeline]: The planner plugin did not fill out the 'planner_id' field of the MotionPlanResponse. Setting it to the planner ID name of the MotionPlanRequest assuming that the planner plugin does warn you if it does not use the requested planner.
[move_group-8] [INFO] [1787307654.631873213] [move_group.moveit.moveit.plugins.simple_controller_manager]: Returned 2 controllers in list
[move_group-8] [INFO] [1787307654.631892034] [move_group.moveit.moveit.plugins.simple_controller_manager]: Returned 2 controllers in list
[move_group-8] [INFO] [1787307654.631947302] [move_group.moveit.moveit.ros.trajectory_execution_manager]: Validating trajectory with allowed_start_tolerance 0.01
[move_group-8] [INFO] [1787307654.655031018] [move_group.moveit.moveit.ros.trajectory_execution_manager]: Starting trajectory execution ...
[move_group-8] [INFO] [1787307654.655122816] [move_group.moveit.moveit.plugins.simple_controller_manager]: Returned 2 controllers in list
[move_group-8] [INFO] [1787307654.655160270] [move_group.moveit.moveit.plugins.simple_controller_manager]: Returned 2 controllers in list
[move_group-8] [INFO] [1787307654.655273275] [moveit.simple_controller_manager.follow_joint_trajectory_controller_handle]: sending trajectory to joint_trajectory_controller
[gazebo-2] [INFO] [1787307654.655669374] [joint_trajectory_controller]: Received new action goal
[gazebo-2] [INFO] [1787307654.655709837] [joint_trajectory_controller]: Accepted new action goal
[move_group-8] [INFO] [1787307654.656438965] [moveit.simple_controller_manager.follow_joint_trajectory_controller_handle]: joint_trajectory_controller started execution
[move_group-8] [INFO] [1787307654.656470557] [moveit.simple_controller_manager.follow_joint_trajectory_controller_handle]: Goal request accepted!
[gazebo-2] [INFO] [1787307656.553719335] [joint_trajectory_controller]: Goal reached, success!
[move_group-8] [INFO] [1787307656.556519277] [moveit.simple_controller_manager.follow_joint_trajectory_controller_handle]: Controller 'joint_trajectory_controller' successfully finished
[move_group-8] [INFO] [1787307656.620648871] [move_group.moveit.moveit.ros.trajectory_execution_manager]: Completed trajectory execution with status SUCCEEDED ...
[move_group-8] [INFO] [1787307656.625258814] [move_group.moveit.moveit.ros.move_group.move_action]: Solution was found and executed.
[move_group-8] [INFO] [1787307657.274302620] [move_group.moveit.moveit.ros.move_group.move_action]: MoveGroupMoveAction: Received request
[move_group-8] [INFO] [1787307657.274628704] [move_group.moveit.moveit.ros.move_group.move_action]: executing..
[move_group-8] [WARN] [1787307657.281603171] [move_group.moveit.moveit.ros.planning_scene_monitor]: Unable to transform object from frame 'calibration_target' to planning frame'world' (Could not find a connection between 'world' and 'calibration_target' because they are not part of the same tree.Tf has two or more unconnected trees.)
[move_group-8] [WARN] [1787307657.281690402] [move_group.moveit.moveit.ros.planning_scene_monitor]: Unable to transform object from frame 'camera_color_optical_frame' to planning frame'world' (Could not find a connection between 'world' and 'camera_color_optical_frame' because they are not part of the same tree.Tf has two or more unconnected trees.)
[move_group-8] [INFO] [1787307657.281727729] [move_group.moveit.moveit.ros.move_group.move_action]: Combined planning and execution request received for MoveGroup action. Forwarding to planning and execution pipeline.
[move_group-8] [WARN] [1787307657.281752115] [move_group.moveit.moveit.ros.move_group.capability]: Execution of motions should always start at the robot's current state. Ignoring the state supplied as start state in the motion planning request
[move_group-8] [WARN] [1787307657.281774167] [move_group.moveit.moveit.ros.move_group.capability]: Execution of motions should always start at the robot's current state. Ignoring the state supplied as difference in the planning scene diff
[move_group-8] [INFO] [1787307657.281787605] [move_group.moveit.moveit.ros.plan_execution]: Planning attempt 1 of at most 1
[move_group-8] [INFO] [1787307657.282824981] [move_group]: Calling PlanningRequestAdapter 'CheckStartStateBounds'
[move_group-8] [INFO] [1787307657.282906068] [move_group]: Calling PlanningRequestAdapter 'CheckStartStateCollision'
[move_group-8] [INFO] [1787307657.282964606] [move_group]: Calling PlanningRequestAdapter 'ResolveConstraintFrames'
[move_group-8] [INFO] [1787307657.282978263] [move_group]: Calling PlanningRequestAdapter 'ValidateWorkspaceBounds'
[move_group-8] [INFO] [1787307657.283306142] [move_group.moveit.moveit.planners.ompl.model_based_planning_context]: Planner configuration 'ar_manipulator' will use planner 'geometric::RRTConnect'. Additional configuration parameters will be set when the planner is constructed.
[move_group-8] [INFO] [1787307657.283414687] [move_group]: Calling Planner 'OMPL'
[move_group-8] [INFO] [1787307657.305952301] [move_group]: Calling PlanningResponseAdapter 'AddTimeOptimalParameterization'
[move_group-8] [WARN] [1787307657.306005795] [move_group.moveit.moveit.core.time_optimal_trajectory_generation]: Invalid max_velocity_scaling_factor 0.000000 specified, defaulting to 1.000000 instead.
[move_group-8] [WARN] [1787307657.306018995] [move_group.moveit.moveit.core.time_optimal_trajectory_generation]: Invalid max_acceleration_scaling_factor 0.000000 specified, defaulting to 1.000000 instead.
[move_group-8] [INFO] [1787307657.306680149] [move_group]: Calling PlanningResponseAdapter 'ValidateSolution'
[move_group-8] [WARN] [1787307657.306902035] [move_group.moveit.moveit.ros.planning_pipeline]: The planner plugin did not fill out the 'planner_id' field of the MotionPlanResponse. Setting it to the planner ID name of the MotionPlanRequest assuming that the planner plugin does warn you if it does not use the requested planner.
[move_group-8] [INFO] [1787307657.307010985] [move_group.moveit.moveit.plugins.simple_controller_manager]: Returned 2 controllers in list
[move_group-8] [INFO] [1787307657.307029726] [move_group.moveit.moveit.plugins.simple_controller_manager]: Returned 2 controllers in list
[move_group-8] [INFO] [1787307657.307083097] [move_group.moveit.moveit.ros.trajectory_execution_manager]: Validating trajectory with allowed_start_tolerance 0.01
[move_group-8] [INFO] [1787307657.329637720] [move_group.moveit.moveit.ros.trajectory_execution_manager]: Starting trajectory execution ...
[move_group-8] [INFO] [1787307657.329720074] [move_group.moveit.moveit.plugins.simple_controller_manager]: Returned 2 controllers in list
[move_group-8] [INFO] [1787307657.329759663] [move_group.moveit.moveit.plugins.simple_controller_manager]: Returned 2 controllers in list
[move_group-8] [INFO] [1787307657.329865573] [moveit.simple_controller_manager.follow_joint_trajectory_controller_handle]: sending trajectory to joint_trajectory_controller
[gazebo-2] [INFO] [1787307657.330173060] [joint_trajectory_controller]: Received new action goal
[gazebo-2] [INFO] [1787307657.330207658] [joint_trajectory_controller]: Accepted new action goal
[move_group-8] [INFO] [1787307657.330622312] [moveit.simple_controller_manager.follow_joint_trajectory_controller_handle]: joint_trajectory_controller started execution
[move_group-8] [INFO] [1787307657.330639040] [moveit.simple_controller_manager.follow_joint_trajectory_controller_handle]: Goal request accepted!
[gazebo-2] [INFO] [1787307660.128567701] [joint_trajectory_controller]: Goal reached, success!
[move_group-8] [INFO] [1787307660.130718984] [moveit.simple_controller_manager.follow_joint_trajectory_controller_handle]: Controller 'joint_trajectory_controller' successfully finished
[move_group-8] [INFO] [1787307660.179884730] [move_group.moveit.moveit.ros.trajectory_execution_manager]: Completed trajectory execution with status SUCCEEDED ...
[move_group-8] [INFO] [1787307660.180105049] [move_group.moveit.moveit.ros.move_group.move_action]: Solution was found and executed.
[move_group-8] [INFO] [1787307660.928796745] [move_group.moveit.moveit.ros.move_group.move_action]: MoveGroupMoveAction: Received request
[move_group-8] [INFO] [1787307660.929123565] [move_group.moveit.moveit.ros.move_group.move_action]: executing..
[move_group-8] [WARN] [1787307660.939283784] [move_group.moveit.moveit.ros.planning_scene_monitor]: Unable to transform object from frame 'calibration_target' to planning frame'world' (Could not find a connection between 'world' and 'calibration_target' because they are not part of the same tree.Tf has two or more unconnected trees.)
[move_group-8] [WARN] [1787307660.939362952] [move_group.moveit.moveit.ros.planning_scene_monitor]: Unable to transform object from frame 'camera_color_optical_frame' to planning frame'world' (Could not find a connection between 'world' and 'camera_color_optical_frame' because they are not part of the same tree.Tf has two or more unconnected trees.)
[move_group-8] [INFO] [1787307660.939397881] [move_group.moveit.moveit.ros.move_group.move_action]: Combined planning and execution request received for MoveGroup action. Forwarding to planning and execution pipeline.
[move_group-8] [WARN] [1787307660.939420089] [move_group.moveit.moveit.ros.move_group.capability]: Execution of motions should always start at the robot's current state. Ignoring the state supplied as start state in the motion planning request
[move_group-8] [WARN] [1787307660.939441476] [move_group.moveit.moveit.ros.move_group.capability]: Execution of motions should always start at the robot's current state. Ignoring the state supplied as difference in the planning scene diff
[move_group-8] [INFO] [1787307660.939453566] [move_group.moveit.moveit.ros.plan_execution]: Planning attempt 1 of at most 1
[move_group-8] [INFO] [1787307660.939599885] [move_group]: Calling PlanningRequestAdapter 'CheckStartStateBounds'
[move_group-8] [INFO] [1787307660.939640750] [move_group]: Calling PlanningRequestAdapter 'CheckStartStateCollision'
[move_group-8] [INFO] [1787307660.939698043] [move_group]: Calling PlanningRequestAdapter 'ResolveConstraintFrames'
[move_group-8] [INFO] [1787307660.939716421] [move_group]: Calling PlanningRequestAdapter 'ValidateWorkspaceBounds'
[move_group-8] [INFO] [1787307660.940090603] [move_group.moveit.moveit.planners.ompl.model_based_planning_context]: Planner configuration 'ar_manipulator' will use planner 'geometric::RRTConnect'. Additional configuration parameters will be set when the planner is constructed.
[move_group-8] [INFO] [1787307660.940231463] [move_group]: Calling Planner 'OMPL'
[move_group-8] [INFO] [1787307660.989395196] [move_group]: Calling PlanningResponseAdapter 'AddTimeOptimalParameterization'
[move_group-8] [WARN] [1787307660.989460614] [move_group.moveit.moveit.core.time_optimal_trajectory_generation]: Invalid max_velocity_scaling_factor 0.000000 specified, defaulting to 1.000000 instead.
[move_group-8] [WARN] [1787307660.989479999] [move_group.moveit.moveit.core.time_optimal_trajectory_generation]: Invalid max_acceleration_scaling_factor 0.000000 specified, defaulting to 1.000000 instead.
[move_group-8] [INFO] [1787307660.991703642] [move_group]: Calling PlanningResponseAdapter 'ValidateSolution'
[move_group-8] [WARN] [1787307660.991981212] [move_group.moveit.moveit.ros.planning_pipeline]: The planner plugin did not fill out the 'planner_id' field of the MotionPlanResponse. Setting it to the planner ID name of the MotionPlanRequest assuming that the planner plugin does warn you if it does not use the requested planner.
[move_group-8] [INFO] [1787307660.992100415] [move_group.moveit.moveit.plugins.simple_controller_manager]: Returned 2 controllers in list
[move_group-8] [INFO] [1787307660.992145836] [move_group.moveit.moveit.plugins.simple_controller_manager]: Returned 2 controllers in list
[move_group-8] [INFO] [1787307660.992206968] [move_group.moveit.moveit.ros.trajectory_execution_manager]: Validating trajectory with allowed_start_tolerance 0.01
[move_group-8] [INFO] [1787307661.005734826] [move_group.moveit.moveit.ros.trajectory_execution_manager]: Starting trajectory execution ...
[move_group-8] [INFO] [1787307661.005838495] [move_group.moveit.moveit.plugins.simple_controller_manager]: Returned 2 controllers in list
[move_group-8] [INFO] [1787307661.005883293] [move_group.moveit.moveit.plugins.simple_controller_manager]: Returned 2 controllers in list
[move_group-8] [INFO] [1787307661.006040653] [moveit.simple_controller_manager.follow_joint_trajectory_controller_handle]: sending trajectory to joint_trajectory_controller
[gazebo-2] [INFO] [1787307661.007426241] [joint_trajectory_controller]: Received new action goal
[gazebo-2] [INFO] [1787307661.007486211] [joint_trajectory_controller]: Accepted new action goal
[move_group-8] [INFO] [1787307661.007992651] [moveit.simple_controller_manager.follow_joint_trajectory_controller_handle]: joint_trajectory_controller started execution
[move_group-8] [INFO] [1787307661.008011745] [moveit.simple_controller_manager.follow_joint_trajectory_controller_handle]: Goal request accepted!
[gazebo-2] [INFO] [1787307666.280810843] [joint_trajectory_controller]: Goal reached, success!
[move_group-8] [INFO] [1787307666.307978968] [moveit.simple_controller_manager.follow_joint_trajectory_controller_handle]: Controller 'joint_trajectory_controller' successfully finished
[move_group-8] [INFO] [1787307666.362206878] [move_group.moveit.moveit.ros.trajectory_execution_manager]: Completed trajectory execution with status SUCCEEDED ...
[move_group-8] [INFO] [1787307666.365750423] [move_group.moveit.moveit.ros.move_group.move_action]: Solution was found and executed.
[move_group-8] [INFO] [1787307667.018072987] [move_group.moveit.moveit.ros.move_group.move_action]: MoveGroupMoveAction: Received request
[move_group-8] [INFO] [1787307667.018322083] [move_group.moveit.moveit.ros.move_group.move_action]: executing..
[move_group-8] [WARN] [1787307667.028197240] [move_group.moveit.moveit.ros.planning_scene_monitor]: Unable to transform object from frame 'calibration_target' to planning frame'world' (Could not find a connection between 'world' and 'calibration_target' because they are not part of the same tree.Tf has two or more unconnected trees.)
[move_group-8] [WARN] [1787307667.028281628] [move_group.moveit.moveit.ros.planning_scene_monitor]: Unable to transform object from frame 'camera_color_optical_frame' to planning frame'world' (Could not find a connection between 'world' and 'camera_color_optical_frame' because they are not part of the same tree.Tf has two or more unconnected trees.)
[move_group-8] [INFO] [1787307667.028312739] [move_group.moveit.moveit.ros.move_group.move_action]: Combined planning and execution request received for MoveGroup action. Forwarding to planning and execution pipeline.
[move_group-8] [WARN] [1787307667.028327609] [move_group.moveit.moveit.ros.move_group.capability]: Execution of motions should always start at the robot's current state. Ignoring the state supplied as start state in the motion planning request
[move_group-8] [WARN] [1787307667.028340519] [move_group.moveit.moveit.ros.move_group.capability]: Execution of motions should always start at the robot's current state. Ignoring the state supplied as difference in the planning scene diff
[move_group-8] [INFO] [1787307667.028348997] [move_group.moveit.moveit.ros.plan_execution]: Planning attempt 1 of at most 1
[move_group-8] [INFO] [1787307667.028511070] [move_group]: Calling PlanningRequestAdapter 'CheckStartStateBounds'
[move_group-8] [INFO] [1787307667.028545699] [move_group]: Calling PlanningRequestAdapter 'CheckStartStateCollision'
[move_group-8] [INFO] [1787307667.028585807] [move_group]: Calling PlanningRequestAdapter 'ResolveConstraintFrames'
[move_group-8] [INFO] [1787307667.028596008] [move_group]: Calling PlanningRequestAdapter 'ValidateWorkspaceBounds'
[move_group-8] [INFO] [1787307667.028859477] [move_group.moveit.moveit.planners.ompl.model_based_planning_context]: Planner configuration 'ar_manipulator' will use planner 'geometric::RRTConnect'. Additional configuration parameters will be set when the planner is constructed.
[move_group-8] [INFO] [1787307667.028940222] [move_group]: Calling Planner 'OMPL'
[move_group-8] [INFO] [1787307667.041233548] [move_group]: Calling PlanningResponseAdapter 'AddTimeOptimalParameterization'
[move_group-8] [WARN] [1787307667.041284438] [move_group.moveit.moveit.core.time_optimal_trajectory_generation]: Invalid max_velocity_scaling_factor 0.000000 specified, defaulting to 1.000000 instead.
[move_group-8] [WARN] [1787307667.041300191] [move_group.moveit.moveit.core.time_optimal_trajectory_generation]: Invalid max_acceleration_scaling_factor 0.000000 specified, defaulting to 1.000000 instead.
[move_group-8] [INFO] [1787307667.041576413] [move_group]: Calling PlanningResponseAdapter 'ValidateSolution'
[move_group-8] [WARN] [1787307667.041657450] [move_group.moveit.moveit.ros.planning_pipeline]: The planner plugin did not fill out the 'planner_id' field of the MotionPlanResponse. Setting it to the planner ID name of the MotionPlanRequest assuming that the planner plugin does warn you if it does not use the requested planner.
[move_group-8] [INFO] [1787307667.041754436] [move_group.moveit.moveit.plugins.simple_controller_manager]: Returned 2 controllers in list
[move_group-8] [INFO] [1787307667.041778719] [move_group.moveit.moveit.plugins.simple_controller_manager]: Returned 2 controllers in list
[move_group-8] [INFO] [1787307667.041828021] [move_group.moveit.moveit.ros.trajectory_execution_manager]: Validating trajectory with allowed_start_tolerance 0.01
[move_group-8] [INFO] [1787307667.058938163] [move_group.moveit.moveit.ros.trajectory_execution_manager]: Starting trajectory execution ...
[move_group-8] [INFO] [1787307667.059033344] [move_group.moveit.moveit.plugins.simple_controller_manager]: Returned 2 controllers in list
[move_group-8] [INFO] [1787307667.059061746] [move_group.moveit.moveit.plugins.simple_controller_manager]: Returned 2 controllers in list
[move_group-8] [INFO] [1787307667.059154768] [moveit.simple_controller_manager.follow_joint_trajectory_controller_handle]: sending trajectory to joint_trajectory_controller
[gazebo-2] [INFO] [1787307667.059409417] [joint_trajectory_controller]: Received new action goal
[gazebo-2] [INFO] [1787307667.059443320] [joint_trajectory_controller]: Accepted new action goal
[move_group-8] [INFO] [1787307667.059742497] [moveit.simple_controller_manager.follow_joint_trajectory_controller_handle]: joint_trajectory_controller started execution
[move_group-8] [INFO] [1787307667.059756963] [moveit.simple_controller_manager.follow_joint_trajectory_controller_handle]: Goal request accepted!
[gazebo-2] [INFO] [1787307668.345071500] [joint_trajectory_controller]: Goal reached, success!
[move_group-8] [INFO] [1787307668.360509377] [moveit.simple_controller_manager.follow_joint_trajectory_controller_handle]: Controller 'joint_trajectory_controller' successfully finished
[move_group-8] [INFO] [1787307668.396633419] [move_group.moveit.moveit.ros.trajectory_execution_manager]: Completed trajectory execution with status SUCCEEDED ...
[move_group-8] [INFO] [1787307668.399079850] [move_group.moveit.moveit.ros.move_group.move_action]: Solution was found and executed.
[move_group-8] [INFO] [1787307669.082588896] [move_group.moveit.moveit.ros.move_group.move_action]: MoveGroupMoveAction: Received request
[move_group-8] [INFO] [1787307669.082794101] [move_group.moveit.moveit.ros.move_group.move_action]: executing..
[move_group-8] [WARN] [1787307669.087322849] [move_group.moveit.moveit.ros.planning_scene_monitor]: Unable to transform object from frame 'calibration_target' to planning frame'world' (Could not find a connection between 'world' and 'calibration_target' because they are not part of the same tree.Tf has two or more unconnected trees.)
[move_group-8] [WARN] [1787307669.087398894] [move_group.moveit.moveit.ros.planning_scene_monitor]: Unable to transform object from frame 'camera_color_optical_frame' to planning frame'world' (Could not find a connection between 'world' and 'camera_color_optical_frame' because they are not part of the same tree.Tf has two or more unconnected trees.)
[move_group-8] [INFO] [1787307669.087431956] [move_group.moveit.moveit.ros.move_group.move_action]: Combined planning and execution request received for MoveGroup action. Forwarding to planning and execution pipeline.
[move_group-8] [WARN] [1787307669.087453873] [move_group.moveit.moveit.ros.move_group.capability]: Execution of motions should always start at the robot's current state. Ignoring the state supplied as start state in the motion planning request
[move_group-8] [WARN] [1787307669.087475021] [move_group.moveit.moveit.ros.move_group.capability]: Execution of motions should always start at the robot's current state. Ignoring the state supplied as difference in the planning scene diff
[move_group-8] [INFO] [1787307669.087487536] [move_group.moveit.moveit.ros.plan_execution]: Planning attempt 1 of at most 1
[move_group-8] [INFO] [1787307669.087752199] [move_group]: Calling PlanningRequestAdapter 'CheckStartStateBounds'
[move_group-8] [INFO] [1787307669.087795690] [move_group]: Calling PlanningRequestAdapter 'CheckStartStateCollision'
[move_group-8] [INFO] [1787307669.087855245] [move_group]: Calling PlanningRequestAdapter 'ResolveConstraintFrames'
[move_group-8] [INFO] [1787307669.087875761] [move_group]: Calling PlanningRequestAdapter 'ValidateWorkspaceBounds'
[move_group-8] [INFO] [1787307669.088300825] [move_group.moveit.moveit.planners.ompl.model_based_planning_context]: Planner configuration 'ar_manipulator' will use planner 'geometric::RRTConnect'. Additional configuration parameters will be set when the planner is constructed.
[move_group-8] [INFO] [1787307669.088372636] [move_group]: Calling Planner 'OMPL'
[move_group-8] [INFO] [1787307669.111338042] [move_group]: Calling PlanningResponseAdapter 'AddTimeOptimalParameterization'
[move_group-8] [WARN] [1787307669.111410195] [move_group.moveit.moveit.core.time_optimal_trajectory_generation]: Invalid max_velocity_scaling_factor 0.000000 specified, defaulting to 1.000000 instead.
[move_group-8] [WARN] [1787307669.111430691] [move_group.moveit.moveit.core.time_optimal_trajectory_generation]: Invalid max_acceleration_scaling_factor 0.000000 specified, defaulting to 1.000000 instead.
[move_group-8] [INFO] [1787307669.112301117] [move_group]: Calling PlanningResponseAdapter 'ValidateSolution'
[move_group-8] [WARN] [1787307669.112466023] [move_group.moveit.moveit.ros.planning_pipeline]: The planner plugin did not fill out the 'planner_id' field of the MotionPlanResponse. Setting it to the planner ID name of the MotionPlanRequest assuming that the planner plugin does warn you if it does not use the requested planner.
[move_group-8] [INFO] [1787307669.112553763] [move_group.moveit.moveit.plugins.simple_controller_manager]: Returned 2 controllers in list
[move_group-8] [INFO] [1787307669.112600336] [move_group.moveit.moveit.plugins.simple_controller_manager]: Returned 2 controllers in list
[move_group-8] [INFO] [1787307669.112653426] [move_group.moveit.moveit.ros.trajectory_execution_manager]: Validating trajectory with allowed_start_tolerance 0.01
[move_group-8] [INFO] [1787307669.131546948] [move_group.moveit.moveit.ros.trajectory_execution_manager]: Starting trajectory execution ...
[move_group-8] [INFO] [1787307669.131647556] [move_group.moveit.moveit.plugins.simple_controller_manager]: Returned 2 controllers in list
[move_group-8] [INFO] [1787307669.131685495] [move_group.moveit.moveit.plugins.simple_controller_manager]: Returned 2 controllers in list
[move_group-8] [INFO] [1787307669.131806172] [moveit.simple_controller_manager.follow_joint_trajectory_controller_handle]: sending trajectory to joint_trajectory_controller
[gazebo-2] [INFO] [1787307669.132092389] [joint_trajectory_controller]: Received new action goal
[gazebo-2] [INFO] [1787307669.132130100] [joint_trajectory_controller]: Accepted new action goal
[move_group-8] [INFO] [1787307669.132337028] [moveit.simple_controller_manager.follow_joint_trajectory_controller_handle]: joint_trajectory_controller started execution
[move_group-8] [INFO] [1787307669.132351494] [moveit.simple_controller_manager.follow_joint_trajectory_controller_handle]: Goal request accepted!
[gazebo-2] [INFO] [1787307672.491696323] [joint_trajectory_controller]: Goal reached, success!
[move_group-8] [INFO] [1787307672.532676583] [moveit.simple_controller_manager.follow_joint_trajectory_controller_handle]: Controller 'joint_trajectory_controller' successfully finished
[move_group-8] [INFO] [1787307672.591472532] [move_group.moveit.moveit.ros.trajectory_execution_manager]: Completed trajectory execution with status SUCCEEDED ...
[move_group-8] [INFO] [1787307672.591751867] [move_group.moveit.moveit.ros.move_group.move_action]: Solution was found and executed.
[move_group-8] [INFO] [1787307673.263564516] [move_group.moveit.moveit.ros.move_group.move_action]: MoveGroupMoveAction: Received request
[move_group-8] [INFO] [1787307673.263757181] [move_group.moveit.moveit.ros.move_group.move_action]: executing..
[move_group-8] [WARN] [1787307673.264445023] [move_group.moveit.moveit.ros.planning_scene_monitor]: Unable to transform object from frame 'calibration_target' to planning frame'world' (Could not find a connection between 'world' and 'calibration_target' because they are not part of the same tree.Tf has two or more unconnected trees.)
[move_group-8] [WARN] [1787307673.264502121] [move_group.moveit.moveit.ros.planning_scene_monitor]: Unable to transform object from frame 'camera_color_optical_frame' to planning frame'world' (Could not find a connection between 'world' and 'camera_color_optical_frame' because they are not part of the same tree.Tf has two or more unconnected trees.)
[move_group-8] [INFO] [1787307673.264530618] [move_group.moveit.moveit.ros.move_group.move_action]: Combined planning and execution request received for MoveGroup action. Forwarding to planning and execution pipeline.
[move_group-8] [WARN] [1787307673.264547119] [move_group.moveit.moveit.ros.move_group.capability]: Execution of motions should always start at the robot's current state. Ignoring the state supplied as start state in the motion planning request
[move_group-8] [WARN] [1787307673.264562581] [move_group.moveit.moveit.ros.move_group.capability]: Execution of motions should always start at the robot's current state. Ignoring the state supplied as difference in the planning scene diff
[move_group-8] [INFO] [1787307673.264572668] [move_group.moveit.moveit.ros.plan_execution]: Planning attempt 1 of at most 1
[move_group-8] [INFO] [1787307673.264690704] [move_group]: Calling PlanningRequestAdapter 'CheckStartStateBounds'
[move_group-8] [INFO] [1787307673.264720166] [move_group]: Calling PlanningRequestAdapter 'CheckStartStateCollision'
[move_group-8] [INFO] [1787307673.264764323] [move_group]: Calling PlanningRequestAdapter 'ResolveConstraintFrames'
[move_group-8] [INFO] [1787307673.264784850] [move_group]: Calling PlanningRequestAdapter 'ValidateWorkspaceBounds'
[move_group-8] [INFO] [1787307673.265137731] [move_group.moveit.moveit.planners.ompl.model_based_planning_context]: Planner configuration 'ar_manipulator' will use planner 'geometric::RRTConnect'. Additional configuration parameters will be set when the planner is constructed.
[move_group-8] [INFO] [1787307673.265231026] [move_group]: Calling Planner 'OMPL'
[move_group-8] [INFO] [1787307673.278333479] [move_group]: Calling PlanningResponseAdapter 'AddTimeOptimalParameterization'
[move_group-8] [WARN] [1787307673.278388574] [move_group.moveit.moveit.core.time_optimal_trajectory_generation]: Invalid max_velocity_scaling_factor 0.000000 specified, defaulting to 1.000000 instead.
[move_group-8] [WARN] [1787307673.278402688] [move_group.moveit.moveit.core.time_optimal_trajectory_generation]: Invalid max_acceleration_scaling_factor 0.000000 specified, defaulting to 1.000000 instead.
[move_group-8] [INFO] [1787307673.279550300] [move_group]: Calling PlanningResponseAdapter 'ValidateSolution'
[move_group-8] [WARN] [1787307673.279767120] [move_group.moveit.moveit.ros.planning_pipeline]: The planner plugin did not fill out the 'planner_id' field of the MotionPlanResponse. Setting it to the planner ID name of the MotionPlanRequest assuming that the planner plugin does warn you if it does not use the requested planner.
[move_group-8] [INFO] [1787307673.279896664] [move_group.moveit.moveit.plugins.simple_controller_manager]: Returned 2 controllers in list
[move_group-8] [INFO] [1787307673.279916849] [move_group.moveit.moveit.plugins.simple_controller_manager]: Returned 2 controllers in list
[move_group-8] [INFO] [1787307673.279968602] [move_group.moveit.moveit.ros.trajectory_execution_manager]: Validating trajectory with allowed_start_tolerance 0.01
[move_group-8] [INFO] [1787307673.295347041] [move_group.moveit.moveit.ros.trajectory_execution_manager]: Starting trajectory execution ...
[move_group-8] [INFO] [1787307673.295726224] [move_group.moveit.moveit.plugins.simple_controller_manager]: Returned 2 controllers in list
[move_group-8] [INFO] [1787307673.295764798] [move_group.moveit.moveit.plugins.simple_controller_manager]: Returned 2 controllers in list
[move_group-8] [INFO] [1787307673.295883767] [moveit.simple_controller_manager.follow_joint_trajectory_controller_handle]: sending trajectory to joint_trajectory_controller
[gazebo-2] [INFO] [1787307673.296140132] [joint_trajectory_controller]: Received new action goal
[gazebo-2] [INFO] [1787307673.296176807] [joint_trajectory_controller]: Accepted new action goal
[move_group-8] [INFO] [1787307673.296371231] [moveit.simple_controller_manager.follow_joint_trajectory_controller_handle]: joint_trajectory_controller started execution
[move_group-8] [INFO] [1787307673.296386684] [moveit.simple_controller_manager.follow_joint_trajectory_controller_handle]: Goal request accepted!
[gazebo-2] [INFO] [1787307677.469336990] [joint_trajectory_controller]: Goal reached, success!
[move_group-8] [INFO] [1787307677.496766009] [moveit.simple_controller_manager.follow_joint_trajectory_controller_handle]: Controller 'joint_trajectory_controller' successfully finished
[move_group-8] [INFO] [1787307677.503835288] [move_group.moveit.moveit.ros.trajectory_execution_manager]: Completed trajectory execution with status SUCCEEDED ...
[move_group-8] [INFO] [1787307677.505712494] [move_group.moveit.moveit.ros.move_group.move_action]: Solution was found and executed.
[move_group-8] [INFO] [1787307678.201036829] [move_group.moveit.moveit.ros.move_group.move_action]: MoveGroupMoveAction: Received request
[move_group-8] [INFO] [1787307678.201319703] [move_group.moveit.moveit.ros.move_group.move_action]: executing..
[move_group-8] [WARN] [1787307678.226638714] [move_group.moveit.moveit.ros.planning_scene_monitor]: Unable to transform object from frame 'calibration_target' to planning frame'world' (Could not find a connection between 'world' and 'calibration_target' because they are not part of the same tree.Tf has two or more unconnected trees.)
[move_group-8] [WARN] [1787307678.226758794] [move_group.moveit.moveit.ros.planning_scene_monitor]: Unable to transform object from frame 'camera_color_optical_frame' to planning frame'world' (Could not find a connection between 'world' and 'camera_color_optical_frame' because they are not part of the same tree.Tf has two or more unconnected trees.)
[move_group-8] [INFO] [1787307678.226800844] [move_group.moveit.moveit.ros.move_group.move_action]: Combined planning and execution request received for MoveGroup action. Forwarding to planning and execution pipeline.
[move_group-8] [WARN] [1787307678.226824422] [move_group.moveit.moveit.ros.move_group.capability]: Execution of motions should always start at the robot's current state. Ignoring the state supplied as start state in the motion planning request
[move_group-8] [WARN] [1787307678.226848820] [move_group.moveit.moveit.ros.move_group.capability]: Execution of motions should always start at the robot's current state. Ignoring the state supplied as difference in the planning scene diff
[move_group-8] [INFO] [1787307678.226865321] [move_group.moveit.moveit.ros.plan_execution]: Planning attempt 1 of at most 1
[move_group-8] [INFO] [1787307678.227009861] [move_group]: Calling PlanningRequestAdapter 'CheckStartStateBounds'
[move_group-8] [INFO] [1787307678.227055180] [move_group]: Calling PlanningRequestAdapter 'CheckStartStateCollision'
[move_group-8] [INFO] [1787307678.227129141] [move_group]: Calling PlanningRequestAdapter 'ResolveConstraintFrames'
[move_group-8] [INFO] [1787307678.227151080] [move_group]: Calling PlanningRequestAdapter 'ValidateWorkspaceBounds'
[move_group-8] [INFO] [1787307678.227459389] [move_group.moveit.moveit.planners.ompl.model_based_planning_context]: Planner configuration 'ar_manipulator' will use planner 'geometric::RRTConnect'. Additional configuration parameters will be set when the planner is constructed.
[move_group-8] [INFO] [1787307678.227589411] [move_group]: Calling Planner 'OMPL'
[move_group-8] [INFO] [1787307678.242434086] [move_group]: Calling PlanningResponseAdapter 'AddTimeOptimalParameterization'
[move_group-8] [WARN] [1787307678.242507020] [move_group.moveit.moveit.core.time_optimal_trajectory_generation]: Invalid max_velocity_scaling_factor 0.000000 specified, defaulting to 1.000000 instead.
[move_group-8] [WARN] [1787307678.242593683] [move_group.moveit.moveit.core.time_optimal_trajectory_generation]: Invalid max_acceleration_scaling_factor 0.000000 specified, defaulting to 1.000000 instead.
[move_group-8] [INFO] [1787307678.243271396] [move_group]: Calling PlanningResponseAdapter 'ValidateSolution'
[move_group-8] [WARN] [1787307678.243513091] [move_group.moveit.moveit.ros.planning_pipeline]: The planner plugin did not fill out the 'planner_id' field of the MotionPlanResponse. Setting it to the planner ID name of the MotionPlanRequest assuming that the planner plugin does warn you if it does not use the requested planner.
[move_group-8] [INFO] [1787307678.243613516] [move_group.moveit.moveit.plugins.simple_controller_manager]: Returned 2 controllers in list
[move_group-8] [INFO] [1787307678.243658907] [move_group.moveit.moveit.plugins.simple_controller_manager]: Returned 2 controllers in list
[move_group-8] [INFO] [1787307678.243740517] [move_group.moveit.moveit.ros.trajectory_execution_manager]: Validating trajectory with allowed_start_tolerance 0.01
[move_group-8] [INFO] [1787307678.260530137] [move_group.moveit.moveit.ros.trajectory_execution_manager]: Starting trajectory execution ...
[move_group-8] [INFO] [1787307678.260637816] [move_group.moveit.moveit.plugins.simple_controller_manager]: Returned 2 controllers in list
[move_group-8] [INFO] [1787307678.260668866] [move_group.moveit.moveit.plugins.simple_controller_manager]: Returned 2 controllers in list
[move_group-8] [INFO] [1787307678.260771044] [moveit.simple_controller_manager.follow_joint_trajectory_controller_handle]: sending trajectory to joint_trajectory_controller
[gazebo-2] [INFO] [1787307678.261007281] [joint_trajectory_controller]: Received new action goal
[gazebo-2] [INFO] [1787307678.261044630] [joint_trajectory_controller]: Accepted new action goal
[move_group-8] [INFO] [1787307678.261325180] [moveit.simple_controller_manager.follow_joint_trajectory_controller_handle]: joint_trajectory_controller started execution
[move_group-8] [INFO] [1787307678.261338826] [moveit.simple_controller_manager.follow_joint_trajectory_controller_handle]: Goal request accepted!
[gazebo-2] [INFO] [1787307680.460074630] [joint_trajectory_controller]: Goal reached, success!
[move_group-8] [INFO] [1787307680.461493172] [moveit.simple_controller_manager.follow_joint_trajectory_controller_handle]: Controller 'joint_trajectory_controller' successfully finished
[move_group-8] [INFO] [1787307680.511058680] [move_group.moveit.moveit.ros.trajectory_execution_manager]: Completed trajectory execution with status SUCCEEDED ...
[move_group-8] [INFO] [1787307680.520762166] [move_group.moveit.moveit.ros.move_group.move_action]: Solution was found and executed.
[move_group-8] [INFO] [1787307681.216482587] [move_group.moveit.moveit.ros.move_group.move_action]: MoveGroupMoveAction: Received request
[move_group-8] [INFO] [1787307681.216728711] [move_group.moveit.moveit.ros.move_group.move_action]: executing..
[move_group-8] [WARN] [1787307681.222673057] [move_group.moveit.moveit.ros.planning_scene_monitor]: Unable to transform object from frame 'calibration_target' to planning frame'world' (Could not find a connection between 'world' and 'calibration_target' because they are not part of the same tree.Tf has two or more unconnected trees.)
[move_group-8] [WARN] [1787307681.222807786] [move_group.moveit.moveit.ros.planning_scene_monitor]: Unable to transform object from frame 'camera_color_optical_frame' to planning frame'world' (Could not find a connection between 'world' and 'camera_color_optical_frame' because they are not part of the same tree.Tf has two or more unconnected trees.)
[move_group-8] [INFO] [1787307681.222851773] [move_group.moveit.moveit.ros.move_group.move_action]: Combined planning and execution request received for MoveGroup action. Forwarding to planning and execution pipeline.
[move_group-8] [WARN] [1787307681.222908794] [move_group.moveit.moveit.ros.move_group.capability]: Execution of motions should always start at the robot's current state. Ignoring the state supplied as start state in the motion planning request
[move_group-8] [WARN] [1787307681.222933075] [move_group.moveit.moveit.ros.move_group.capability]: Execution of motions should always start at the robot's current state. Ignoring the state supplied as difference in the planning scene diff
[move_group-8] [INFO] [1787307681.223000419] [move_group.moveit.moveit.ros.plan_execution]: Planning attempt 1 of at most 1
[move_group-8] [INFO] [1787307681.223143066] [move_group]: Calling PlanningRequestAdapter 'CheckStartStateBounds'
[move_group-8] [INFO] [1787307681.223183431] [move_group]: Calling PlanningRequestAdapter 'CheckStartStateCollision'
[move_group-8] [INFO] [1787307681.223241945] [move_group]: Calling PlanningRequestAdapter 'ResolveConstraintFrames'
[move_group-8] [INFO] [1787307681.223265552] [move_group]: Calling PlanningRequestAdapter 'ValidateWorkspaceBounds'
[move_group-8] [INFO] [1787307681.223845894] [move_group.moveit.moveit.planners.ompl.model_based_planning_context]: Planner configuration 'ar_manipulator' will use planner 'geometric::RRTConnect'. Additional configuration parameters will be set when the planner is constructed.
[move_group-8] [INFO] [1787307681.223959362] [move_group]: Calling Planner 'OMPL'
[move_group-8] [INFO] [1787307681.247494990] [move_group]: Calling PlanningResponseAdapter 'AddTimeOptimalParameterization'
[move_group-8] [WARN] [1787307681.247546987] [move_group.moveit.moveit.core.time_optimal_trajectory_generation]: Invalid max_velocity_scaling_factor 0.000000 specified, defaulting to 1.000000 instead.
[move_group-8] [WARN] [1787307681.247568736] [move_group.moveit.moveit.core.time_optimal_trajectory_generation]: Invalid max_acceleration_scaling_factor 0.000000 specified, defaulting to 1.000000 instead.
[move_group-8] [INFO] [1787307681.248525635] [move_group]: Calling PlanningResponseAdapter 'ValidateSolution'
[move_group-8] [WARN] [1787307681.248803499] [move_group.moveit.moveit.ros.planning_pipeline]: The planner plugin did not fill out the 'planner_id' field of the MotionPlanResponse. Setting it to the planner ID name of the MotionPlanRequest assuming that the planner plugin does warn you if it does not use the requested planner.
[move_group-8] [INFO] [1787307681.248899338] [move_group.moveit.moveit.plugins.simple_controller_manager]: Returned 2 controllers in list
[move_group-8] [INFO] [1787307681.248925787] [move_group.moveit.moveit.plugins.simple_controller_manager]: Returned 2 controllers in list
[move_group-8] [INFO] [1787307681.249004764] [move_group.moveit.moveit.ros.trajectory_execution_manager]: Validating trajectory with allowed_start_tolerance 0.01
[move_group-8] [INFO] [1787307681.253007790] [move_group.moveit.moveit.ros.trajectory_execution_manager]: Starting trajectory execution ...
[move_group-8] [INFO] [1787307681.253081028] [move_group.moveit.moveit.plugins.simple_controller_manager]: Returned 2 controllers in list
[move_group-8] [INFO] [1787307681.253129051] [move_group.moveit.moveit.plugins.simple_controller_manager]: Returned 2 controllers in list
[move_group-8] [INFO] [1787307681.253248651] [moveit.simple_controller_manager.follow_joint_trajectory_controller_handle]: sending trajectory to joint_trajectory_controller
[gazebo-2] [INFO] [1787307681.253491956] [joint_trajectory_controller]: Received new action goal
[gazebo-2] [INFO] [1787307681.253533151] [joint_trajectory_controller]: Accepted new action goal
[move_group-8] [INFO] [1787307681.254190924] [moveit.simple_controller_manager.follow_joint_trajectory_controller_handle]: joint_trajectory_controller started execution
[move_group-8] [INFO] [1787307681.254217312] [moveit.simple_controller_manager.follow_joint_trajectory_controller_handle]: Goal request accepted!
[gazebo-2] [INFO] [1787307683.907115392] [joint_trajectory_controller]: Goal reached, success!
[move_group-8] [INFO] [1787307683.954060371] [moveit.simple_controller_manager.follow_joint_trajectory_controller_handle]: Controller 'joint_trajectory_controller' successfully finished
[move_group-8] [INFO] [1787307684.007003610] [move_group.moveit.moveit.ros.trajectory_execution_manager]: Completed trajectory execution with status SUCCEEDED ...
[move_group-8] [INFO] [1787307684.013296503] [move_group.moveit.moveit.ros.move_group.move_action]: Solution was found and executed.
[move_group-8] [INFO] [1787307683.573248801] [move_group.moveit.moveit.ros.move_group.move_action]: MoveGroupMoveAction: Received request
[move_group-8] [INFO] [1787307683.573470559] [move_group.moveit.moveit.ros.move_group.move_action]: executing..
[move_group-8] [WARN] [1787307683.602779183] [move_group.moveit.moveit.ros.planning_scene_monitor]: Unable to transform object from frame 'calibration_target' to planning frame'world' (Could not find a connection between 'world' and 'calibration_target' because they are not part of the same tree.Tf has two or more unconnected trees.)
[move_group-8] [WARN] [1787307683.602872946] [move_group.moveit.moveit.ros.planning_scene_monitor]: Unable to transform object from frame 'camera_color_optical_frame' to planning frame'world' (Could not find a connection between 'world' and 'camera_color_optical_frame' because they are not part of the same tree.Tf has two or more unconnected trees.)
[move_group-8] [INFO] [1787307683.602912709] [move_group.moveit.moveit.ros.move_group.move_action]: Combined planning and execution request received for MoveGroup action. Forwarding to planning and execution pipeline.
[move_group-8] [WARN] [1787307683.602967041] [move_group.moveit.moveit.ros.move_group.capability]: Execution of motions should always start at the robot's current state. Ignoring the state supplied as start state in the motion planning request
[move_group-8] [WARN] [1787307683.602996126] [move_group.moveit.moveit.ros.move_group.capability]: Execution of motions should always start at the robot's current state. Ignoring the state supplied as difference in the planning scene diff
[move_group-8] [INFO] [1787307683.603009087] [move_group.moveit.moveit.ros.plan_execution]: Planning attempt 1 of at most 1
[move_group-8] [INFO] [1787307683.603183673] [move_group]: Calling PlanningRequestAdapter 'CheckStartStateBounds'
[move_group-8] [INFO] [1787307683.603232599] [move_group]: Calling PlanningRequestAdapter 'CheckStartStateCollision'
[move_group-8] [INFO] [1787307683.603301593] [move_group]: Calling PlanningRequestAdapter 'ResolveConstraintFrames'
[move_group-8] [INFO] [1787307683.603323581] [move_group]: Calling PlanningRequestAdapter 'ValidateWorkspaceBounds'
[move_group-8] [INFO] [1787307683.603696625] [move_group.moveit.moveit.planners.ompl.model_based_planning_context]: Planner configuration 'ar_manipulator' will use planner 'geometric::RRTConnect'. Additional configuration parameters will be set when the planner is constructed.
[move_group-8] [INFO] [1787307683.603786227] [move_group]: Calling Planner 'OMPL'
[move_group-8] [INFO] [1787307683.626790671] [move_group]: Calling PlanningResponseAdapter 'AddTimeOptimalParameterization'
[move_group-8] [WARN] [1787307683.626850004] [move_group.moveit.moveit.core.time_optimal_trajectory_generation]: Invalid max_velocity_scaling_factor 0.000000 specified, defaulting to 1.000000 instead.
[move_group-8] [WARN] [1787307683.626863348] [move_group.moveit.moveit.core.time_optimal_trajectory_generation]: Invalid max_acceleration_scaling_factor 0.000000 specified, defaulting to 1.000000 instead.
[move_group-8] [INFO] [1787307683.628240914] [move_group]: Calling PlanningResponseAdapter 'ValidateSolution'
[move_group-8] [WARN] [1787307683.628595576] [move_group.moveit.moveit.ros.planning_pipeline]: The planner plugin did not fill out the 'planner_id' field of the MotionPlanResponse. Setting it to the planner ID name of the MotionPlanRequest assuming that the planner plugin does warn you if it does not use the requested planner.
[move_group-8] [INFO] [1787307683.628745881] [move_group.moveit.moveit.plugins.simple_controller_manager]: Returned 2 controllers in list
[move_group-8] [INFO] [1787307683.628775112] [move_group.moveit.moveit.plugins.simple_controller_manager]: Returned 2 controllers in list
[move_group-8] [INFO] [1787307683.628833926] [move_group.moveit.moveit.ros.trajectory_execution_manager]: Validating trajectory with allowed_start_tolerance 0.01
[move_group-8] [INFO] [1787307683.636730812] [move_group.moveit.moveit.ros.trajectory_execution_manager]: Starting trajectory execution ...
[move_group-8] [INFO] [1787307683.636803189] [move_group.moveit.moveit.plugins.simple_controller_manager]: Returned 2 controllers in list
[move_group-8] [INFO] [1787307683.636844321] [move_group.moveit.moveit.plugins.simple_controller_manager]: Returned 2 controllers in list
[move_group-8] [INFO] [1787307683.636957997] [moveit.simple_controller_manager.follow_joint_trajectory_controller_handle]: sending trajectory to joint_trajectory_controller
[gazebo-2] [INFO] [1787307683.637218289] [joint_trajectory_controller]: Received new action goal
[gazebo-2] [INFO] [1787307683.637251806] [joint_trajectory_controller]: Accepted new action goal
[move_group-8] [INFO] [1787307683.637434537] [moveit.simple_controller_manager.follow_joint_trajectory_controller_handle]: joint_trajectory_controller started execution
[move_group-8] [INFO] [1787307683.637449459] [moveit.simple_controller_manager.follow_joint_trajectory_controller_handle]: Goal request accepted!
[gazebo-2] [INFO] [1787307687.638914290] [joint_trajectory_controller]: Goal reached, success!
[move_group-8] [INFO] [1787307687.688062357] [moveit.simple_controller_manager.follow_joint_trajectory_controller_handle]: Controller 'joint_trajectory_controller' successfully finished
[move_group-8] [INFO] [1787307687.737559429] [move_group.moveit.moveit.ros.trajectory_execution_manager]: Completed trajectory execution with status SUCCEEDED ...
[move_group-8] [INFO] [1787307687.747065907] [move_group.moveit.moveit.ros.move_group.move_action]: Solution was found and executed.
[move_group-8] [INFO] [1787307688.455255574] [move_group.moveit.moveit.ros.move_group.move_action]: MoveGroupMoveAction: Received request
[move_group-8] [INFO] [1787307688.455518029] [move_group.moveit.moveit.ros.move_group.move_action]: executing..
[move_group-8] [WARN] [1787307688.458239266] [move_group.moveit.moveit.ros.planning_scene_monitor]: Unable to transform object from frame 'calibration_target' to planning frame'world' (Could not find a connection between 'world' and 'calibration_target' because they are not part of the same tree.Tf has two or more unconnected trees.)
[move_group-8] [WARN] [1787307688.458306973] [move_group.moveit.moveit.ros.planning_scene_monitor]: Unable to transform object from frame 'camera_color_optical_frame' to planning frame'world' (Could not find a connection between 'world' and 'camera_color_optical_frame' because they are not part of the same tree.Tf has two or more unconnected trees.)
[move_group-8] [INFO] [1787307688.458341402] [move_group.moveit.moveit.ros.move_group.move_action]: Combined planning and execution request received for MoveGroup action. Forwarding to planning and execution pipeline.
[move_group-8] [WARN] [1787307688.458364314] [move_group.moveit.moveit.ros.move_group.capability]: Execution of motions should always start at the robot's current state. Ignoring the state supplied as start state in the motion planning request
[move_group-8] [WARN] [1787307688.458387122] [move_group.moveit.moveit.ros.move_group.capability]: Execution of motions should always start at the robot's current state. Ignoring the state supplied as difference in the planning scene diff
[move_group-8] [INFO] [1787307688.458400601] [move_group.moveit.moveit.ros.plan_execution]: Planning attempt 1 of at most 1
[move_group-8] [INFO] [1787307688.458540695] [move_group]: Calling PlanningRequestAdapter 'CheckStartStateBounds'
[move_group-8] [INFO] [1787307688.458584443] [move_group]: Calling PlanningRequestAdapter 'CheckStartStateCollision'
[move_group-8] [INFO] [1787307688.458647740] [move_group]: Calling PlanningRequestAdapter 'ResolveConstraintFrames'
[move_group-8] [INFO] [1787307688.458751252] [move_group]: Calling PlanningRequestAdapter 'ValidateWorkspaceBounds'
[move_group-8] [INFO] [1787307688.459083604] [move_group.moveit.moveit.planners.ompl.model_based_planning_context]: Planner configuration 'ar_manipulator' will use planner 'geometric::RRTConnect'. Additional configuration parameters will be set when the planner is constructed.
[move_group-8] [INFO] [1787307688.459174161] [move_group]: Calling Planner 'OMPL'
[move_group-8] [INFO] [1787307688.505408676] [move_group]: Calling PlanningResponseAdapter 'AddTimeOptimalParameterization'
[move_group-8] [WARN] [1787307688.505471195] [move_group.moveit.moveit.core.time_optimal_trajectory_generation]: Invalid max_velocity_scaling_factor 0.000000 specified, defaulting to 1.000000 instead.
[move_group-8] [WARN] [1787307688.505497687] [move_group.moveit.moveit.core.time_optimal_trajectory_generation]: Invalid max_acceleration_scaling_factor 0.000000 specified, defaulting to 1.000000 instead.
[move_group-8] [INFO] [1787307688.510591506] [move_group]: Calling PlanningResponseAdapter 'ValidateSolution'
[move_group-8] [WARN] [1787307688.511438584] [move_group.moveit.moveit.ros.planning_pipeline]: The planner plugin did not fill out the 'planner_id' field of the MotionPlanResponse. Setting it to the planner ID name of the MotionPlanRequest assuming that the planner plugin does warn you if it does not use the requested planner.
[move_group-8] [INFO] [1787307688.511600282] [move_group.moveit.moveit.plugins.simple_controller_manager]: Returned 2 controllers in list
[move_group-8] [INFO] [1787307688.511630374] [move_group.moveit.moveit.plugins.simple_controller_manager]: Returned 2 controllers in list
[move_group-8] [INFO] [1787307688.511719457] [move_group.moveit.moveit.ros.trajectory_execution_manager]: Validating trajectory with allowed_start_tolerance 0.01
[move_group-8] [INFO] [1787307688.527095992] [move_group.moveit.moveit.ros.trajectory_execution_manager]: Starting trajectory execution ...
[move_group-8] [INFO] [1787307688.527223831] [move_group.moveit.moveit.plugins.simple_controller_manager]: Returned 2 controllers in list
[move_group-8] [INFO] [1787307688.527270827] [move_group.moveit.moveit.plugins.simple_controller_manager]: Returned 2 controllers in list
[move_group-8] [INFO] [1787307688.527398490] [moveit.simple_controller_manager.follow_joint_trajectory_controller_handle]: sending trajectory to joint_trajectory_controller
[gazebo-2] [INFO] [1787307688.527730728] [joint_trajectory_controller]: Received new action goal
[gazebo-2] [INFO] [1787307688.527767782] [joint_trajectory_controller]: Accepted new action goal
[move_group-8] [INFO] [1787307688.528209286] [moveit.simple_controller_manager.follow_joint_trajectory_controller_handle]: joint_trajectory_controller started execution
[move_group-8] [INFO] [1787307688.528224457] [moveit.simple_controller_manager.follow_joint_trajectory_controller_handle]: Goal request accepted!
[gazebo-2] [INFO] [1787307696.459370909] [joint_trajectory_controller]: Goal reached, success!
[move_group-8] [INFO] [1787307696.478298218] [moveit.simple_controller_manager.follow_joint_trajectory_controller_handle]: Controller 'joint_trajectory_controller' successfully finished
[move_group-8] [INFO] [1787307696.550415566] [move_group.moveit.moveit.ros.trajectory_execution_manager]: Completed trajectory execution with status SUCCEEDED ...
[move_group-8] [INFO] [1787307696.557312005] [move_group.moveit.moveit.ros.move_group.move_action]: Solution was found and executed.
[move_group-8] [INFO] [1787307697.340871798] [move_group.moveit.moveit.ros.move_group.move_action]: MoveGroupMoveAction: Received request
[move_group-8] [INFO] [1787307697.341176525] [move_group.moveit.moveit.ros.move_group.move_action]: executing..
[move_group-8] [WARN] [1787307697.350510361] [move_group.moveit.moveit.ros.planning_scene_monitor]: Unable to transform object from frame 'calibration_target' to planning frame'world' (Could not find a connection between 'world' and 'calibration_target' because they are not part of the same tree.Tf has two or more unconnected trees.)
[move_group-8] [WARN] [1787307697.350590351] [move_group.moveit.moveit.ros.planning_scene_monitor]: Unable to transform object from frame 'camera_color_optical_frame' to planning frame'world' (Could not find a connection between 'world' and 'camera_color_optical_frame' because they are not part of the same tree.Tf has two or more unconnected trees.)
[move_group-8] [INFO] [1787307697.350632306] [move_group.moveit.moveit.ros.move_group.move_action]: Combined planning and execution request received for MoveGroup action. Forwarding to planning and execution pipeline.
[move_group-8] [WARN] [1787307697.350654857] [move_group.moveit.moveit.ros.move_group.capability]: Execution of motions should always start at the robot's current state. Ignoring the state supplied as start state in the motion planning request
[move_group-8] [WARN] [1787307697.350674480] [move_group.moveit.moveit.ros.move_group.capability]: Execution of motions should always start at the robot's current state. Ignoring the state supplied as difference in the planning scene diff
[move_group-8] [INFO] [1787307697.350684982] [move_group.moveit.moveit.ros.plan_execution]: Planning attempt 1 of at most 1
[move_group-8] [INFO] [1787307697.350825700] [move_group]: Calling PlanningRequestAdapter 'CheckStartStateBounds'
[move_group-8] [INFO] [1787307697.350858472] [move_group]: Calling PlanningRequestAdapter 'CheckStartStateCollision'
[move_group-8] [INFO] [1787307697.350901071] [move_group]: Calling PlanningRequestAdapter 'ResolveConstraintFrames'
[move_group-8] [INFO] [1787307697.350911988] [move_group]: Calling PlanningRequestAdapter 'ValidateWorkspaceBounds'
[move_group-8] [INFO] [1787307697.351163381] [move_group.moveit.moveit.planners.ompl.model_based_planning_context]: Planner configuration 'ar_manipulator' will use planner 'geometric::RRTConnect'. Additional configuration parameters will be set when the planner is constructed.
[move_group-8] [INFO] [1787307697.351325175] [move_group]: Calling Planner 'OMPL'
[move_group-8] [INFO] [1787307697.365326395] [move_group]: Calling PlanningResponseAdapter 'AddTimeOptimalParameterization'
[move_group-8] [WARN] [1787307697.365395021] [move_group.moveit.moveit.core.time_optimal_trajectory_generation]: Invalid max_velocity_scaling_factor 0.000000 specified, defaulting to 1.000000 instead.
[move_group-8] [WARN] [1787307697.365416865] [move_group.moveit.moveit.core.time_optimal_trajectory_generation]: Invalid max_acceleration_scaling_factor 0.000000 specified, defaulting to 1.000000 instead.
[move_group-8] [INFO] [1787307697.368743523] [move_group]: Calling PlanningResponseAdapter 'ValidateSolution'
[move_group-8] [WARN] [1787307697.369246080] [move_group.moveit.moveit.ros.planning_pipeline]: The planner plugin did not fill out the 'planner_id' field of the MotionPlanResponse. Setting it to the planner ID name of the MotionPlanRequest assuming that the planner plugin does warn you if it does not use the requested planner.
[move_group-8] [INFO] [1787307697.369420722] [move_group.moveit.moveit.plugins.simple_controller_manager]: Returned 2 controllers in list
[move_group-8] [INFO] [1787307697.369451947] [move_group.moveit.moveit.plugins.simple_controller_manager]: Returned 2 controllers in list
[move_group-8] [INFO] [1787307697.369535174] [move_group.moveit.moveit.ros.trajectory_execution_manager]: Validating trajectory with allowed_start_tolerance 0.01
[move_group-8] [INFO] [1787307697.384579915] [move_group.moveit.moveit.ros.trajectory_execution_manager]: Starting trajectory execution ...
[move_group-8] [INFO] [1787307697.384683067] [move_group.moveit.moveit.plugins.simple_controller_manager]: Returned 2 controllers in list
[move_group-8] [INFO] [1787307697.384756726] [move_group.moveit.moveit.plugins.simple_controller_manager]: Returned 2 controllers in list
[move_group-8] [INFO] [1787307697.384897339] [moveit.simple_controller_manager.follow_joint_trajectory_controller_handle]: sending trajectory to joint_trajectory_controller
[gazebo-2] [INFO] [1787307697.385139445] [joint_trajectory_controller]: Received new action goal
[gazebo-2] [INFO] [1787307697.385177550] [joint_trajectory_controller]: Accepted new action goal
[move_group-8] [INFO] [1787307697.385542270] [moveit.simple_controller_manager.follow_joint_trajectory_controller_handle]: joint_trajectory_controller started execution
[move_group-8] [INFO] [1787307697.385557919] [moveit.simple_controller_manager.follow_joint_trajectory_controller_handle]: Goal request accepted!
[gazebo-2] [INFO] [1787307703.663703761] [joint_trajectory_controller]: Goal reached, success!
[move_group-8] [INFO] [1787307703.685746081] [moveit.simple_controller_manager.follow_joint_trajectory_controller_handle]: Controller 'joint_trajectory_controller' successfully finished
[move_group-8] [INFO] [1787307703.745359836] [move_group.moveit.moveit.ros.trajectory_execution_manager]: Completed trajectory execution with status SUCCEEDED ...
[move_group-8] [INFO] [1787307703.754926236] [move_group.moveit.moveit.ros.move_group.move_action]: Solution was found and executed.
[move_group-8] [INFO] [1787307704.458151709] [move_group.moveit.moveit.ros.move_group.move_action]: MoveGroupMoveAction: Received request
[move_group-8] [INFO] [1787307704.458393809] [move_group.moveit.moveit.ros.move_group.move_action]: executing..
[move_group-8] [WARN] [1787307704.460482844] [move_group.moveit.moveit.ros.planning_scene_monitor]: Unable to transform object from frame 'calibration_target' to planning frame'world' (Could not find a connection between 'world' and 'calibration_target' because they are not part of the same tree.Tf has two or more unconnected trees.)
[move_group-8] [WARN] [1787307704.460531867] [move_group.moveit.moveit.ros.planning_scene_monitor]: Unable to transform object from frame 'camera_color_optical_frame' to planning frame'world' (Could not find a connection between 'world' and 'camera_color_optical_frame' because they are not part of the same tree.Tf has two or more unconnected trees.)
[move_group-8] [INFO] [1787307704.460565334] [move_group.moveit.moveit.ros.move_group.move_action]: Combined planning and execution request received for MoveGroup action. Forwarding to planning and execution pipeline.
[move_group-8] [WARN] [1787307704.460586390] [move_group.moveit.moveit.ros.move_group.capability]: Execution of motions should always start at the robot's current state. Ignoring the state supplied as start state in the motion planning request
[move_group-8] [WARN] [1787307704.460608868] [move_group.moveit.moveit.ros.move_group.capability]: Execution of motions should always start at the robot's current state. Ignoring the state supplied as difference in the planning scene diff
[move_group-8] [INFO] [1787307704.460623562] [move_group.moveit.moveit.ros.plan_execution]: Planning attempt 1 of at most 1
[move_group-8] [INFO] [1787307704.460784308] [move_group]: Calling PlanningRequestAdapter 'CheckStartStateBounds'
[move_group-8] [INFO] [1787307704.460826430] [move_group]: Calling PlanningRequestAdapter 'CheckStartStateCollision'
[move_group-8] [INFO] [1787307704.460887045] [move_group]: Calling PlanningRequestAdapter 'ResolveConstraintFrames'
[move_group-8] [INFO] [1787307704.460907571] [move_group]: Calling PlanningRequestAdapter 'ValidateWorkspaceBounds'
[move_group-8] [INFO] [1787307704.461208008] [move_group.moveit.moveit.planners.ompl.model_based_planning_context]: Planner configuration 'ar_manipulator' will use planner 'geometric::RRTConnect'. Additional configuration parameters will be set when the planner is constructed.
[move_group-8] [INFO] [1787307704.461295448] [move_group]: Calling Planner 'OMPL'
[move_group-8] [INFO] [1787307704.474086827] [move_group]: Calling PlanningResponseAdapter 'AddTimeOptimalParameterization'
[move_group-8] [WARN] [1787307704.474150181] [move_group.moveit.moveit.core.time_optimal_trajectory_generation]: Invalid max_velocity_scaling_factor 0.000000 specified, defaulting to 1.000000 instead.
[move_group-8] [WARN] [1787307704.474175564] [move_group.moveit.moveit.core.time_optimal_trajectory_generation]: Invalid max_acceleration_scaling_factor 0.000000 specified, defaulting to 1.000000 instead.
[move_group-8] [INFO] [1787307704.475057209] [move_group]: Calling PlanningResponseAdapter 'ValidateSolution'
[move_group-8] [WARN] [1787307704.475426012] [move_group.moveit.moveit.ros.planning_pipeline]: The planner plugin did not fill out the 'planner_id' field of the MotionPlanResponse. Setting it to the planner ID name of the MotionPlanRequest assuming that the planner plugin does warn you if it does not use the requested planner.
[move_group-8] [INFO] [1787307704.475567477] [move_group.moveit.moveit.plugins.simple_controller_manager]: Returned 2 controllers in list
[move_group-8] [INFO] [1787307704.475599377] [move_group.moveit.moveit.plugins.simple_controller_manager]: Returned 2 controllers in list
[move_group-8] [INFO] [1787307704.475665969] [move_group.moveit.moveit.ros.trajectory_execution_manager]: Validating trajectory with allowed_start_tolerance 0.01
[move_group-8] [INFO] [1787307704.477928671] [move_group.moveit.moveit.ros.trajectory_execution_manager]: Starting trajectory execution ...
[move_group-8] [INFO] [1787307704.478002164] [move_group.moveit.moveit.plugins.simple_controller_manager]: Returned 2 controllers in list
[move_group-8] [INFO] [1787307704.478040343] [move_group.moveit.moveit.plugins.simple_controller_manager]: Returned 2 controllers in list
[move_group-8] [INFO] [1787307704.478155719] [moveit.simple_controller_manager.follow_joint_trajectory_controller_handle]: sending trajectory to joint_trajectory_controller
[gazebo-2] [INFO] [1787307704.478370687] [joint_trajectory_controller]: Received new action goal
[gazebo-2] [INFO] [1787307704.478407527] [joint_trajectory_controller]: Accepted new action goal
[move_group-8] [INFO] [1787307704.478666236] [moveit.simple_controller_manager.follow_joint_trajectory_controller_handle]: joint_trajectory_controller started execution
[move_group-8] [INFO] [1787307704.478681262] [moveit.simple_controller_manager.follow_joint_trajectory_controller_handle]: Goal request accepted!
[gazebo-2] [INFO] [1787307707.674259783] [joint_trajectory_controller]: Goal reached, success!
[move_group-8] [INFO] [1787307707.678963452] [moveit.simple_controller_manager.follow_joint_trajectory_controller_handle]: Controller 'joint_trajectory_controller' successfully finished
[move_group-8] [INFO] [1787307707.740607744] [move_group.moveit.moveit.ros.trajectory_execution_manager]: Completed trajectory execution with status SUCCEEDED ...
[move_group-8] [INFO] [1787307707.748124676] [move_group.moveit.moveit.ros.move_group.move_action]: Solution was found and executed.
[move_group-8] [INFO] [1787307708.460363080] [move_group.moveit.moveit.ros.move_group.move_action]: MoveGroupMoveAction: Received request
[move_group-8] [INFO] [1787307708.460611362] [move_group.moveit.moveit.ros.move_group.move_action]: executing..
[move_group-8] [WARN] [1787307708.475369257] [move_group.moveit.moveit.ros.planning_scene_monitor]: Unable to transform object from frame 'calibration_target' to planning frame'world' (Could not find a connection between 'world' and 'calibration_target' because they are not part of the same tree.Tf has two or more unconnected trees.)
[move_group-8] [WARN] [1787307708.475461524] [move_group.moveit.moveit.ros.planning_scene_monitor]: Unable to transform object from frame 'camera_color_optical_frame' to planning frame'world' (Could not find a connection between 'world' and 'camera_color_optical_frame' because they are not part of the same tree.Tf has two or more unconnected trees.)
[move_group-8] [INFO] [1787307708.475497575] [move_group.moveit.moveit.ros.move_group.move_action]: Combined planning and execution request received for MoveGroup action. Forwarding to planning and execution pipeline.
[move_group-8] [WARN] [1787307708.475519586] [move_group.moveit.moveit.ros.move_group.capability]: Execution of motions should always start at the robot's current state. Ignoring the state supplied as start state in the motion planning request
[move_group-8] [WARN] [1787307708.475541545] [move_group.moveit.moveit.ros.move_group.capability]: Execution of motions should always start at the robot's current state. Ignoring the state supplied as difference in the planning scene diff
[move_group-8] [INFO] [1787307708.475554257] [move_group.moveit.moveit.ros.plan_execution]: Planning attempt 1 of at most 1
[move_group-8] [INFO] [1787307708.475698214] [move_group]: Calling PlanningRequestAdapter 'CheckStartStateBounds'
[move_group-8] [INFO] [1787307708.475731692] [move_group]: Calling PlanningRequestAdapter 'CheckStartStateCollision'
[move_group-8] [INFO] [1787307708.475780353] [move_group]: Calling PlanningRequestAdapter 'ResolveConstraintFrames'
[move_group-8] [INFO] [1787307708.475796220] [move_group]: Calling PlanningRequestAdapter 'ValidateWorkspaceBounds'
[move_group-8] [INFO] [1787307708.476081623] [move_group.moveit.moveit.planners.ompl.model_based_planning_context]: Planner configuration 'ar_manipulator' will use planner 'geometric::RRTConnect'. Additional configuration parameters will be set when the planner is constructed.
[move_group-8] [INFO] [1787307708.476184371] [move_group]: Calling Planner 'OMPL'
[move_group-8] [INFO] [1787307708.499664259] [move_group]: Calling PlanningResponseAdapter 'AddTimeOptimalParameterization'
[move_group-8] [WARN] [1787307708.499731910] [move_group.moveit.moveit.core.time_optimal_trajectory_generation]: Invalid max_velocity_scaling_factor 0.000000 specified, defaulting to 1.000000 instead.
[move_group-8] [WARN] [1787307708.499754523] [move_group.moveit.moveit.core.time_optimal_trajectory_generation]: Invalid max_acceleration_scaling_factor 0.000000 specified, defaulting to 1.000000 instead.
[move_group-8] [INFO] [1787307708.500782853] [move_group]: Calling PlanningResponseAdapter 'ValidateSolution'
[move_group-8] [WARN] [1787307708.501003998] [move_group.moveit.moveit.ros.planning_pipeline]: The planner plugin did not fill out the 'planner_id' field of the MotionPlanResponse. Setting it to the planner ID name of the MotionPlanRequest assuming that the planner plugin does warn you if it does not use the requested planner.
[move_group-8] [INFO] [1787307708.501121098] [move_group.moveit.moveit.plugins.simple_controller_manager]: Returned 2 controllers in list
[move_group-8] [INFO] [1787307708.501151141] [move_group.moveit.moveit.plugins.simple_controller_manager]: Returned 2 controllers in list
[move_group-8] [INFO] [1787307708.501385849] [move_group.moveit.moveit.ros.trajectory_execution_manager]: Validating trajectory with allowed_start_tolerance 0.01
[move_group-8] [INFO] [1787307708.510000004] [move_group.moveit.moveit.ros.trajectory_execution_manager]: Starting trajectory execution ...
[move_group-8] [INFO] [1787307708.510075677] [move_group.moveit.moveit.plugins.simple_controller_manager]: Returned 2 controllers in list
[move_group-8] [INFO] [1787307708.510107100] [move_group.moveit.moveit.plugins.simple_controller_manager]: Returned 2 controllers in list
[move_group-8] [INFO] [1787307708.510205583] [moveit.simple_controller_manager.follow_joint_trajectory_controller_handle]: sending trajectory to joint_trajectory_controller
[gazebo-2] [INFO] [1787307708.510437100] [joint_trajectory_controller]: Received new action goal
[gazebo-2] [INFO] [1787307708.510468233] [joint_trajectory_controller]: Accepted new action goal
[move_group-8] [INFO] [1787307708.510702921] [moveit.simple_controller_manager.follow_joint_trajectory_controller_handle]: joint_trajectory_controller started execution
[move_group-8] [INFO] [1787307708.510717294] [moveit.simple_controller_manager.follow_joint_trajectory_controller_handle]: Goal request accepted!
[gazebo-2] [INFO] [1787307711.444458713] [joint_trajectory_controller]: Goal reached, success!
[move_group-8] [INFO] [1787307711.460936881] [moveit.simple_controller_manager.follow_joint_trajectory_controller_handle]: Controller 'joint_trajectory_controller' successfully finished
[move_group-8] [INFO] [1787307711.509438135] [move_group.moveit.moveit.ros.trajectory_execution_manager]: Completed trajectory execution with status SUCCEEDED ...
[move_group-8] [INFO] [1787307711.510244001] [move_group.moveit.moveit.ros.move_group.move_action]: Solution was found and executed.
[move_group-8] [INFO] [1787307712.185184833] [move_group.moveit.moveit.ros.move_group.move_action]: MoveGroupMoveAction: Received request
[move_group-8] [INFO] [1787307712.185461010] [move_group.moveit.moveit.ros.move_group.move_action]: executing..
[move_group-8] [WARN] [1787307712.191586575] [move_group.moveit.moveit.ros.planning_scene_monitor]: Unable to transform object from frame 'calibration_target' to planning frame'world' (Could not find a connection between 'world' and 'calibration_target' because they are not part of the same tree.Tf has two or more unconnected trees.)
[move_group-8] [WARN] [1787307712.191663731] [move_group.moveit.moveit.ros.planning_scene_monitor]: Unable to transform object from frame 'camera_color_optical_frame' to planning frame'world' (Could not find a connection between 'world' and 'camera_color_optical_frame' because they are not part of the same tree.Tf has two or more unconnected trees.)
[move_group-8] [INFO] [1787307712.191696628] [move_group.moveit.moveit.ros.move_group.move_action]: Combined planning and execution request received for MoveGroup action. Forwarding to planning and execution pipeline.
[move_group-8] [WARN] [1787307712.191740888] [move_group.moveit.moveit.ros.move_group.capability]: Execution of motions should always start at the robot's current state. Ignoring the state supplied as start state in the motion planning request
[move_group-8] [WARN] [1787307712.191763491] [move_group.moveit.moveit.ros.move_group.capability]: Execution of motions should always start at the robot's current state. Ignoring the state supplied as difference in the planning scene diff
[move_group-8] [INFO] [1787307712.191774740] [move_group.moveit.moveit.ros.plan_execution]: Planning attempt 1 of at most 1
[move_group-8] [INFO] [1787307712.191910852] [move_group]: Calling PlanningRequestAdapter 'CheckStartStateBounds'
[move_group-8] [INFO] [1787307712.191951521] [move_group]: Calling PlanningRequestAdapter 'CheckStartStateCollision'
[move_group-8] [INFO] [1787307712.192006076] [move_group]: Calling PlanningRequestAdapter 'ResolveConstraintFrames'
[move_group-8] [INFO] [1787307712.192023417] [move_group]: Calling PlanningRequestAdapter 'ValidateWorkspaceBounds'
[move_group-8] [INFO] [1787307712.192459636] [move_group.moveit.moveit.planners.ompl.model_based_planning_context]: Planner configuration 'ar_manipulator' will use planner 'geometric::RRTConnect'. Additional configuration parameters will be set when the planner is constructed.
[move_group-8] [INFO] [1787307712.192583181] [move_group]: Calling Planner 'OMPL'
[move_group-8] [INFO] [1787307712.215105067] [move_group]: Calling PlanningResponseAdapter 'AddTimeOptimalParameterization'
[move_group-8] [WARN] [1787307712.215167799] [move_group.moveit.moveit.core.time_optimal_trajectory_generation]: Invalid max_velocity_scaling_factor 0.000000 specified, defaulting to 1.000000 instead.
[move_group-8] [WARN] [1787307712.215196410] [move_group.moveit.moveit.core.time_optimal_trajectory_generation]: Invalid max_acceleration_scaling_factor 0.000000 specified, defaulting to 1.000000 instead.
[move_group-8] [INFO] [1787307712.216009106] [move_group]: Calling PlanningResponseAdapter 'ValidateSolution'
[move_group-8] [WARN] [1787307712.216222395] [move_group.moveit.moveit.ros.planning_pipeline]: The planner plugin did not fill out the 'planner_id' field of the MotionPlanResponse. Setting it to the planner ID name of the MotionPlanRequest assuming that the planner plugin does warn you if it does not use the requested planner.
[move_group-8] [INFO] [1787307712.216331837] [move_group.moveit.moveit.plugins.simple_controller_manager]: Returned 2 controllers in list
[move_group-8] [INFO] [1787307712.216359908] [move_group.moveit.moveit.plugins.simple_controller_manager]: Returned 2 controllers in list
[move_group-8] [INFO] [1787307712.216421312] [move_group.moveit.moveit.ros.trajectory_execution_manager]: Validating trajectory with allowed_start_tolerance 0.01
[move_group-8] [INFO] [1787307712.220752405] [move_group.moveit.moveit.ros.trajectory_execution_manager]: Starting trajectory execution ...
[move_group-8] [INFO] [1787307712.220851469] [move_group.moveit.moveit.plugins.simple_controller_manager]: Returned 2 controllers in list
[move_group-8] [INFO] [1787307712.220882985] [move_group.moveit.moveit.plugins.simple_controller_manager]: Returned 2 controllers in list
[move_group-8] [INFO] [1787307712.220995841] [moveit.simple_controller_manager.follow_joint_trajectory_controller_handle]: sending trajectory to joint_trajectory_controller
[gazebo-2] [INFO] [1787307712.221487155] [joint_trajectory_controller]: Received new action goal
[gazebo-2] [INFO] [1787307712.221616355] [joint_trajectory_controller]: Accepted new action goal
[move_group-8] [INFO] [1787307712.221784139] [moveit.simple_controller_manager.follow_joint_trajectory_controller_handle]: joint_trajectory_controller started execution
[move_group-8] [INFO] [1787307712.221799518] [moveit.simple_controller_manager.follow_joint_trajectory_controller_handle]: Goal request accepted!
[gazebo-2] [INFO] [1787307714.602283619] [joint_trajectory_controller]: Goal reached, success!
[move_group-8] [INFO] [1787307714.622273761] [moveit.simple_controller_manager.follow_joint_trajectory_controller_handle]: Controller 'joint_trajectory_controller' successfully finished
[move_group-8] [INFO] [1787307714.670190614] [move_group.moveit.moveit.ros.trajectory_execution_manager]: Completed trajectory execution with status SUCCEEDED ...
[move_group-8] [INFO] [1787307714.671179897] [move_group.moveit.moveit.ros.move_group.move_action]: Solution was found and executed.
[move_group-8] [INFO] [1787307715.366095067] [move_group.moveit.moveit.ros.move_group.move_action]: MoveGroupMoveAction: Received request
[move_group-8] [INFO] [1787307715.366357407] [move_group.moveit.moveit.ros.move_group.move_action]: executing..
[move_group-8] [WARN] [1787307715.369939387] [move_group.moveit.moveit.ros.planning_scene_monitor]: Unable to transform object from frame 'calibration_target' to planning frame'world' (Could not find a connection between 'world' and 'calibration_target' because they are not part of the same tree.Tf has two or more unconnected trees.)
[move_group-8] [WARN] [1787307715.370008790] [move_group.moveit.moveit.ros.planning_scene_monitor]: Unable to transform object from frame 'camera_color_optical_frame' to planning frame'world' (Could not find a connection between 'world' and 'camera_color_optical_frame' because they are not part of the same tree.Tf has two or more unconnected trees.)
[move_group-8] [INFO] [1787307715.370051413] [move_group.moveit.moveit.ros.move_group.move_action]: Combined planning and execution request received for MoveGroup action. Forwarding to planning and execution pipeline.
[move_group-8] [WARN] [1787307715.370073991] [move_group.moveit.moveit.ros.move_group.capability]: Execution of motions should always start at the robot's current state. Ignoring the state supplied as start state in the motion planning request
[move_group-8] [WARN] [1787307715.370096880] [move_group.moveit.moveit.ros.move_group.capability]: Execution of motions should always start at the robot's current state. Ignoring the state supplied as difference in the planning scene diff
[move_group-8] [INFO] [1787307715.370110192] [move_group.moveit.moveit.ros.plan_execution]: Planning attempt 1 of at most 1
[move_group-8] [INFO] [1787307715.370280105] [move_group]: Calling PlanningRequestAdapter 'CheckStartStateBounds'
[move_group-8] [INFO] [1787307715.370320715] [move_group]: Calling PlanningRequestAdapter 'CheckStartStateCollision'
[move_group-8] [INFO] [1787307715.370383831] [move_group]: Calling PlanningRequestAdapter 'ResolveConstraintFrames'
[move_group-8] [INFO] [1787307715.370402538] [move_group]: Calling PlanningRequestAdapter 'ValidateWorkspaceBounds'
[move_group-8] [INFO] [1787307715.370803799] [move_group.moveit.moveit.planners.ompl.model_based_planning_context]: Planner configuration 'ar_manipulator' will use planner 'geometric::RRTConnect'. Additional configuration parameters will be set when the planner is constructed.
[move_group-8] [INFO] [1787307715.370879874] [move_group]: Calling Planner 'OMPL'
[move_group-8] [INFO] [1787307715.383872503] [move_group]: Calling PlanningResponseAdapter 'AddTimeOptimalParameterization'
[move_group-8] [WARN] [1787307715.383944708] [move_group.moveit.moveit.core.time_optimal_trajectory_generation]: Invalid max_velocity_scaling_factor 0.000000 specified, defaulting to 1.000000 instead.
[move_group-8] [WARN] [1787307715.383967814] [move_group.moveit.moveit.core.time_optimal_trajectory_generation]: Invalid max_acceleration_scaling_factor 0.000000 specified, defaulting to 1.000000 instead.
[move_group-8] [INFO] [1787307715.384585168] [move_group]: Calling PlanningResponseAdapter 'ValidateSolution'
[move_group-8] [WARN] [1787307715.384825221] [move_group.moveit.moveit.ros.planning_pipeline]: The planner plugin did not fill out the 'planner_id' field of the MotionPlanResponse. Setting it to the planner ID name of the MotionPlanRequest assuming that the planner plugin does warn you if it does not use the requested planner.
[move_group-8] [INFO] [1787307715.384944479] [move_group.moveit.moveit.plugins.simple_controller_manager]: Returned 2 controllers in list
[move_group-8] [INFO] [1787307715.384973521] [move_group.moveit.moveit.plugins.simple_controller_manager]: Returned 2 controllers in list
[move_group-8] [INFO] [1787307715.385046929] [move_group.moveit.moveit.ros.trajectory_execution_manager]: Validating trajectory with allowed_start_tolerance 0.01
[move_group-8] [INFO] [1787307715.386904248] [move_group.moveit.moveit.ros.trajectory_execution_manager]: Starting trajectory execution ...
[move_group-8] [INFO] [1787307715.386970714] [move_group.moveit.moveit.plugins.simple_controller_manager]: Returned 2 controllers in list
[move_group-8] [INFO] [1787307715.387006075] [move_group.moveit.moveit.plugins.simple_controller_manager]: Returned 2 controllers in list
[move_group-8] [INFO] [1787307715.387111731] [moveit.simple_controller_manager.follow_joint_trajectory_controller_handle]: sending trajectory to joint_trajectory_controller
[gazebo-2] [INFO] [1787307715.387347301] [joint_trajectory_controller]: Received new action goal
[gazebo-2] [INFO] [1787307715.387381800] [joint_trajectory_controller]: Accepted new action goal
[move_group-8] [INFO] [1787307715.387566074] [moveit.simple_controller_manager.follow_joint_trajectory_controller_handle]: joint_trajectory_controller started execution
[move_group-8] [INFO] [1787307715.387581471] [moveit.simple_controller_manager.follow_joint_trajectory_controller_handle]: Goal request accepted!
[gazebo-2] [INFO] [1787307716.391933857] [joint_trajectory_controller]: Goal reached, success!
[move_group-8] [INFO] [1787307716.420672553] [moveit.simple_controller_manager.follow_joint_trajectory_controller_handle]: Controller 'joint_trajectory_controller' successfully finished
[move_group-8] [INFO] [1787307716.420793030] [move_group.moveit.moveit.ros.trajectory_execution_manager]: Completed trajectory execution with status SUCCEEDED ...
[move_group-8] [INFO] [1787307716.429558148] [move_group.moveit.moveit.ros.move_group.move_action]: Solution was found and executed.
[move_group-8] [INFO] [1787307717.114432128] [move_group.moveit.moveit.ros.move_group.move_action]: MoveGroupMoveAction: Received request
[move_group-8] [INFO] [1787307717.114684596] [move_group.moveit.moveit.ros.move_group.move_action]: executing..
[move_group-8] [WARN] [1787307717.146978340] [move_group.moveit.moveit.ros.planning_scene_monitor]: Unable to transform object from frame 'calibration_target' to planning frame'world' (Could not find a connection between 'world' and 'calibration_target' because they are not part of the same tree.Tf has two or more unconnected trees.)
[move_group-8] [WARN] [1787307717.147059821] [move_group.moveit.moveit.ros.planning_scene_monitor]: Unable to transform object from frame 'camera_color_optical_frame' to planning frame'world' (Could not find a connection between 'world' and 'camera_color_optical_frame' because they are not part of the same tree.Tf has two or more unconnected trees.)
[move_group-8] [INFO] [1787307717.147091622] [move_group.moveit.moveit.ros.move_group.move_action]: Combined planning and execution request received for MoveGroup action. Forwarding to planning and execution pipeline.
[move_group-8] [WARN] [1787307717.147106812] [move_group.moveit.moveit.ros.move_group.capability]: Execution of motions should always start at the robot's current state. Ignoring the state supplied as start state in the motion planning request
[move_group-8] [WARN] [1787307717.147121131] [move_group.moveit.moveit.ros.move_group.capability]: Execution of motions should always start at the robot's current state. Ignoring the state supplied as difference in the planning scene diff
[move_group-8] [INFO] [1787307717.147128809] [move_group.moveit.moveit.ros.plan_execution]: Planning attempt 1 of at most 1
[move_group-8] [INFO] [1787307717.147293461] [move_group]: Calling PlanningRequestAdapter 'CheckStartStateBounds'
[move_group-8] [INFO] [1787307717.147330855] [move_group]: Calling PlanningRequestAdapter 'CheckStartStateCollision'
[move_group-8] [INFO] [1787307717.147392352] [move_group]: Calling PlanningRequestAdapter 'ResolveConstraintFrames'
[move_group-8] [INFO] [1787307717.147409016] [move_group]: Calling PlanningRequestAdapter 'ValidateWorkspaceBounds'
[move_group-8] [INFO] [1787307717.147697700] [move_group.moveit.moveit.planners.ompl.model_based_planning_context]: Planner configuration 'ar_manipulator' will use planner 'geometric::RRTConnect'. Additional configuration parameters will be set when the planner is constructed.
[move_group-8] [INFO] [1787307717.147783580] [move_group]: Calling Planner 'OMPL'
[move_group-8] [INFO] [1787307717.181767396] [move_group]: Calling PlanningResponseAdapter 'AddTimeOptimalParameterization'
[move_group-8] [WARN] [1787307717.181843979] [move_group.moveit.moveit.core.time_optimal_trajectory_generation]: Invalid max_velocity_scaling_factor 0.000000 specified, defaulting to 1.000000 instead.
[move_group-8] [WARN] [1787307717.181868881] [move_group.moveit.moveit.core.time_optimal_trajectory_generation]: Invalid max_acceleration_scaling_factor 0.000000 specified, defaulting to 1.000000 instead.
[move_group-8] [INFO] [1787307717.182798899] [move_group]: Calling PlanningResponseAdapter 'ValidateSolution'
[move_group-8] [WARN] [1787307717.183053675] [move_group.moveit.moveit.ros.planning_pipeline]: The planner plugin did not fill out the 'planner_id' field of the MotionPlanResponse. Setting it to the planner ID name of the MotionPlanRequest assuming that the planner plugin does warn you if it does not use the requested planner.
[move_group-8] [INFO] [1787307717.183187149] [move_group.moveit.moveit.plugins.simple_controller_manager]: Returned 2 controllers in list
[move_group-8] [INFO] [1787307717.183218878] [move_group.moveit.moveit.plugins.simple_controller_manager]: Returned 2 controllers in list
[move_group-8] [INFO] [1787307717.183286590] [move_group.moveit.moveit.ros.trajectory_execution_manager]: Validating trajectory with allowed_start_tolerance 0.01
[move_group-8] [INFO] [1787307717.197933533] [move_group.moveit.moveit.ros.trajectory_execution_manager]: Starting trajectory execution ...
[move_group-8] [INFO] [1787307717.198023221] [move_group.moveit.moveit.plugins.simple_controller_manager]: Returned 2 controllers in list
[move_group-8] [INFO] [1787307717.198061341] [move_group.moveit.moveit.plugins.simple_controller_manager]: Returned 2 controllers in list
[move_group-8] [INFO] [1787307717.198176833] [moveit.simple_controller_manager.follow_joint_trajectory_controller_handle]: sending trajectory to joint_trajectory_controller
[gazebo-2] [INFO] [1787307717.198556388] [joint_trajectory_controller]: Received new action goal
[gazebo-2] [INFO] [1787307717.198592900] [joint_trajectory_controller]: Accepted new action goal
[move_group-8] [INFO] [1787307717.198953072] [moveit.simple_controller_manager.follow_joint_trajectory_controller_handle]: joint_trajectory_controller started execution
[move_group-8] [INFO] [1787307717.198968408] [moveit.simple_controller_manager.follow_joint_trajectory_controller_handle]: Goal request accepted!
[gazebo-2] [INFO] [1787307719.842184024] [joint_trajectory_controller]: Goal reached, success!
[move_group-8] [INFO] [1787307719.849594905] [moveit.simple_controller_manager.follow_joint_trajectory_controller_handle]: Controller 'joint_trajectory_controller' successfully finished
[move_group-8] [INFO] [1787307719.860055515] [move_group.moveit.moveit.ros.trajectory_execution_manager]: Completed trajectory execution with status SUCCEEDED ...
[move_group-8] [INFO] [1787307719.868148726] [move_group.moveit.moveit.ros.move_group.move_action]: Solution was found and executed.
[move_group-8] [INFO] [1787307720.519170543] [move_group.moveit.moveit.ros.move_group.move_action]: MoveGroupMoveAction: Received request
[move_group-8] [INFO] [1787307720.519462381] [move_group.moveit.moveit.ros.move_group.move_action]: executing..
[move_group-8] [WARN] [1787307720.529118133] [move_group.moveit.moveit.ros.planning_scene_monitor]: Unable to transform object from frame 'calibration_target' to planning frame'world' (Could not find a connection between 'world' and 'calibration_target' because they are not part of the same tree.Tf has two or more unconnected trees.)
[move_group-8] [WARN] [1787307720.529202882] [move_group.moveit.moveit.ros.planning_scene_monitor]: Unable to transform object from frame 'camera_color_optical_frame' to planning frame'world' (Could not find a connection between 'world' and 'camera_color_optical_frame' because they are not part of the same tree.Tf has two or more unconnected trees.)
[move_group-8] [INFO] [1787307720.529246741] [move_group.moveit.moveit.ros.move_group.move_action]: Combined planning and execution request received for MoveGroup action. Forwarding to planning and execution pipeline.
[move_group-8] [WARN] [1787307720.529270127] [move_group.moveit.moveit.ros.move_group.capability]: Execution of motions should always start at the robot's current state. Ignoring the state supplied as start state in the motion planning request
[move_group-8] [WARN] [1787307720.529296720] [move_group.moveit.moveit.ros.move_group.capability]: Execution of motions should always start at the robot's current state. Ignoring the state supplied as difference in the planning scene diff
[move_group-8] [INFO] [1787307720.529312429] [move_group.moveit.moveit.ros.plan_execution]: Planning attempt 1 of at most 1
[move_group-8] [INFO] [1787307720.529460968] [move_group]: Calling PlanningRequestAdapter 'CheckStartStateBounds'
[move_group-8] [INFO] [1787307720.529505470] [move_group]: Calling PlanningRequestAdapter 'CheckStartStateCollision'
[move_group-8] [INFO] [1787307720.529573649] [move_group]: Calling PlanningRequestAdapter 'ResolveConstraintFrames'
[move_group-8] [INFO] [1787307720.529597150] [move_group]: Calling PlanningRequestAdapter 'ValidateWorkspaceBounds'
[move_group-8] [INFO] [1787307720.530568816] [move_group.moveit.moveit.planners.ompl.model_based_planning_context]: Planner configuration 'ar_manipulator' will use planner 'geometric::RRTConnect'. Additional configuration parameters will be set when the planner is constructed.
[move_group-8] [INFO] [1787307720.530695286] [move_group]: Calling Planner 'OMPL'
[move_group-8] [INFO] [1787307720.544335256] [move_group]: Calling PlanningResponseAdapter 'AddTimeOptimalParameterization'
[move_group-8] [WARN] [1787307720.544420617] [move_group.moveit.moveit.core.time_optimal_trajectory_generation]: Invalid max_velocity_scaling_factor 0.000000 specified, defaulting to 1.000000 instead.
[move_group-8] [WARN] [1787307720.544442696] [move_group.moveit.moveit.core.time_optimal_trajectory_generation]: Invalid max_acceleration_scaling_factor 0.000000 specified, defaulting to 1.000000 instead.
[move_group-8] [INFO] [1787307720.545865520] [move_group]: Calling PlanningResponseAdapter 'ValidateSolution'
[move_group-8] [WARN] [1787307720.546179863] [move_group.moveit.moveit.ros.planning_pipeline]: The planner plugin did not fill out the 'planner_id' field of the MotionPlanResponse. Setting it to the planner ID name of the MotionPlanRequest assuming that the planner plugin does warn you if it does not use the requested planner.
[move_group-8] [INFO] [1787307720.546324884] [move_group.moveit.moveit.plugins.simple_controller_manager]: Returned 2 controllers in list
[move_group-8] [INFO] [1787307720.546356240] [move_group.moveit.moveit.plugins.simple_controller_manager]: Returned 2 controllers in list
[move_group-8] [INFO] [1787307720.546469424] [move_group.moveit.moveit.ros.trajectory_execution_manager]: Validating trajectory with allowed_start_tolerance 0.01
[move_group-8] [INFO] [1787307720.580511888] [move_group.moveit.moveit.ros.trajectory_execution_manager]: Starting trajectory execution ...
[move_group-8] [INFO] [1787307720.580623655] [move_group.moveit.moveit.plugins.simple_controller_manager]: Returned 2 controllers in list
[move_group-8] [INFO] [1787307720.580669609] [move_group.moveit.moveit.plugins.simple_controller_manager]: Returned 2 controllers in list
[move_group-8] [INFO] [1787307720.580801101] [moveit.simple_controller_manager.follow_joint_trajectory_controller_handle]: sending trajectory to joint_trajectory_controller
[gazebo-2] [INFO] [1787307720.581076255] [joint_trajectory_controller]: Received new action goal
[gazebo-2] [INFO] [1787307720.581111688] [joint_trajectory_controller]: Accepted new action goal
[move_group-8] [INFO] [1787307720.581333729] [moveit.simple_controller_manager.follow_joint_trajectory_controller_handle]: joint_trajectory_controller started execution
[move_group-8] [INFO] [1787307720.581348608] [moveit.simple_controller_manager.follow_joint_trajectory_controller_handle]: Goal request accepted!
[gazebo-2] [INFO] [1787307724.534602366] [joint_trajectory_controller]: Goal reached, success!
[move_group-8] [INFO] [1787307724.581686105] [moveit.simple_controller_manager.follow_joint_trajectory_controller_handle]: Controller 'joint_trajectory_controller' successfully finished
[move_group-8] [INFO] [1787307724.633074422] [move_group.moveit.moveit.ros.trajectory_execution_manager]: Completed trajectory execution with status SUCCEEDED ...
[move_group-8] [INFO] [1787307724.640666543] [move_group.moveit.moveit.ros.move_group.move_action]: Solution was found and executed.
[move_group-8] [INFO] [1787307725.286240598] [move_group.moveit.moveit.ros.move_group.move_action]: MoveGroupMoveAction: Received request
[move_group-8] [INFO] [1787307725.286723890] [move_group.moveit.moveit.ros.move_group.move_action]: executing..
[move_group-8] [WARN] [1787307725.288947674] [move_group.moveit.moveit.ros.planning_scene_monitor]: Unable to transform object from frame 'calibration_target' to planning frame'world' (Could not find a connection between 'world' and 'calibration_target' because they are not part of the same tree.Tf has two or more unconnected trees.)
[move_group-8] [WARN] [1787307725.289012811] [move_group.moveit.moveit.ros.planning_scene_monitor]: Unable to transform object from frame 'camera_color_optical_frame' to planning frame'world' (Could not find a connection between 'world' and 'camera_color_optical_frame' because they are not part of the same tree.Tf has two or more unconnected trees.)
[move_group-8] [INFO] [1787307725.289047563] [move_group.moveit.moveit.ros.move_group.move_action]: Combined planning and execution request received for MoveGroup action. Forwarding to planning and execution pipeline.
[move_group-8] [WARN] [1787307725.289070383] [move_group.moveit.moveit.ros.move_group.capability]: Execution of motions should always start at the robot's current state. Ignoring the state supplied as start state in the motion planning request
[move_group-8] [WARN] [1787307725.289092911] [move_group.moveit.moveit.ros.move_group.capability]: Execution of motions should always start at the robot's current state. Ignoring the state supplied as difference in the planning scene diff
[move_group-8] [INFO] [1787307725.289105966] [move_group.moveit.moveit.ros.plan_execution]: Planning attempt 1 of at most 1
[move_group-8] [INFO] [1787307725.289248858] [move_group]: Calling PlanningRequestAdapter 'CheckStartStateBounds'
[move_group-8] [INFO] [1787307725.289295295] [move_group]: Calling PlanningRequestAdapter 'CheckStartStateCollision'
[move_group-8] [INFO] [1787307725.289355140] [move_group]: Calling PlanningRequestAdapter 'ResolveConstraintFrames'
[move_group-8] [INFO] [1787307725.289377212] [move_group]: Calling PlanningRequestAdapter 'ValidateWorkspaceBounds'
[move_group-8] [INFO] [1787307725.289680803] [move_group.moveit.moveit.planners.ompl.model_based_planning_context]: Planner configuration 'ar_manipulator' will use planner 'geometric::RRTConnect'. Additional configuration parameters will be set when the planner is constructed.
[move_group-8] [INFO] [1787307725.289772391] [move_group]: Calling Planner 'OMPL'
[move_group-8] [INFO] [1787307725.313282577] [move_group]: Calling PlanningResponseAdapter 'AddTimeOptimalParameterization'
[move_group-8] [WARN] [1787307725.313332657] [move_group.moveit.moveit.core.time_optimal_trajectory_generation]: Invalid max_velocity_scaling_factor 0.000000 specified, defaulting to 1.000000 instead.
[move_group-8] [WARN] [1787307725.313346583] [move_group.moveit.moveit.core.time_optimal_trajectory_generation]: Invalid max_acceleration_scaling_factor 0.000000 specified, defaulting to 1.000000 instead.
[move_group-8] [INFO] [1787307725.314063348] [move_group]: Calling PlanningResponseAdapter 'ValidateSolution'
[move_group-8] [WARN] [1787307725.314243794] [move_group.moveit.moveit.ros.planning_pipeline]: The planner plugin did not fill out the 'planner_id' field of the MotionPlanResponse. Setting it to the planner ID name of the MotionPlanRequest assuming that the planner plugin does warn you if it does not use the requested planner.
[move_group-8] [INFO] [1787307725.314332601] [move_group.moveit.moveit.plugins.simple_controller_manager]: Returned 2 controllers in list
[move_group-8] [INFO] [1787307725.314351290] [move_group.moveit.moveit.plugins.simple_controller_manager]: Returned 2 controllers in list
[move_group-8] [INFO] [1787307725.314396628] [move_group.moveit.moveit.ros.trajectory_execution_manager]: Validating trajectory with allowed_start_tolerance 0.01
[move_group-8] [INFO] [1787307725.338258077] [move_group.moveit.moveit.ros.trajectory_execution_manager]: Starting trajectory execution ...
[move_group-8] [INFO] [1787307725.338357177] [move_group.moveit.moveit.plugins.simple_controller_manager]: Returned 2 controllers in list
[move_group-8] [INFO] [1787307725.338396641] [move_group.moveit.moveit.plugins.simple_controller_manager]: Returned 2 controllers in list
[move_group-8] [INFO] [1787307725.338514182] [moveit.simple_controller_manager.follow_joint_trajectory_controller_handle]: sending trajectory to joint_trajectory_controller
[gazebo-2] [INFO] [1787307725.338776867] [joint_trajectory_controller]: Received new action goal
[gazebo-2] [INFO] [1787307725.338814453] [joint_trajectory_controller]: Accepted new action goal
[move_group-8] [INFO] [1787307725.341740069] [moveit.simple_controller_manager.follow_joint_trajectory_controller_handle]: joint_trajectory_controller started execution
[move_group-8] [INFO] [1787307725.341873539] [moveit.simple_controller_manager.follow_joint_trajectory_controller_handle]: Goal request accepted!
[gazebo-2] [INFO] [1787307729.049227677] [joint_trajectory_controller]: Goal reached, success!
[move_group-8] [INFO] [1787307729.089551602] [moveit.simple_controller_manager.follow_joint_trajectory_controller_handle]: Controller 'joint_trajectory_controller' successfully finished
[move_group-8] [INFO] [1787307729.121729101] [move_group.moveit.moveit.ros.trajectory_execution_manager]: Completed trajectory execution with status SUCCEEDED ...
[move_group-8] [INFO] [1787307729.129238949] [move_group.moveit.moveit.ros.move_group.move_action]: Solution was found and executed.
[move_group-8] [INFO] [1787307729.901074505] [move_group.moveit.moveit.ros.move_group.move_action]: MoveGroupMoveAction: Received request
[move_group-8] [INFO] [1787307729.901321801] [move_group.moveit.moveit.ros.move_group.move_action]: executing..
[move_group-8] [WARN] [1787307729.925454373] [move_group.moveit.moveit.ros.planning_scene_monitor]: Unable to transform object from frame 'calibration_target' to planning frame'world' (Could not find a connection between 'world' and 'calibration_target' because they are not part of the same tree.Tf has two or more unconnected trees.)
[move_group-8] [WARN] [1787307729.925556076] [move_group.moveit.moveit.ros.planning_scene_monitor]: Unable to transform object from frame 'camera_color_optical_frame' to planning frame'world' (Could not find a connection between 'world' and 'camera_color_optical_frame' because they are not part of the same tree.Tf has two or more unconnected trees.)
[move_group-8] [INFO] [1787307729.925592091] [move_group.moveit.moveit.ros.move_group.move_action]: Combined planning and execution request received for MoveGroup action. Forwarding to planning and execution pipeline.
[move_group-8] [WARN] [1787307729.925611825] [move_group.moveit.moveit.ros.move_group.capability]: Execution of motions should always start at the robot's current state. Ignoring the state supplied as start state in the motion planning request
[move_group-8] [WARN] [1787307729.925665769] [move_group.moveit.moveit.ros.move_group.capability]: Execution of motions should always start at the robot's current state. Ignoring the state supplied as difference in the planning scene diff
[move_group-8] [INFO] [1787307729.925681477] [move_group.moveit.moveit.ros.plan_execution]: Planning attempt 1 of at most 1
[move_group-8] [INFO] [1787307729.925814411] [move_group]: Calling PlanningRequestAdapter 'CheckStartStateBounds'
[move_group-8] [INFO] [1787307729.925856651] [move_group]: Calling PlanningRequestAdapter 'CheckStartStateCollision'
[move_group-8] [INFO] [1787307729.925928098] [move_group]: Calling PlanningRequestAdapter 'ResolveConstraintFrames'
[move_group-8] [INFO] [1787307729.925952035] [move_group]: Calling PlanningRequestAdapter 'ValidateWorkspaceBounds'
[move_group-8] [INFO] [1787307729.926398317] [move_group.moveit.moveit.planners.ompl.model_based_planning_context]: Planner configuration 'ar_manipulator' will use planner 'geometric::RRTConnect'. Additional configuration parameters will be set when the planner is constructed.
[move_group-8] [INFO] [1787307729.926489042] [move_group]: Calling Planner 'OMPL'
[move_group-8] [INFO] [1787307729.940765872] [move_group]: Calling PlanningResponseAdapter 'AddTimeOptimalParameterization'
[move_group-8] [WARN] [1787307729.940837569] [move_group.moveit.moveit.core.time_optimal_trajectory_generation]: Invalid max_velocity_scaling_factor 0.000000 specified, defaulting to 1.000000 instead.
[move_group-8] [WARN] [1787307729.940860821] [move_group.moveit.moveit.core.time_optimal_trajectory_generation]: Invalid max_acceleration_scaling_factor 0.000000 specified, defaulting to 1.000000 instead.
[move_group-8] [INFO] [1787307729.942028287] [move_group]: Calling PlanningResponseAdapter 'ValidateSolution'
[move_group-8] [WARN] [1787307729.942358744] [move_group.moveit.moveit.ros.planning_pipeline]: The planner plugin did not fill out the 'planner_id' field of the MotionPlanResponse. Setting it to the planner ID name of the MotionPlanRequest assuming that the planner plugin does warn you if it does not use the requested planner.
[move_group-8] [INFO] [1787307729.942569262] [move_group.moveit.moveit.plugins.simple_controller_manager]: Returned 2 controllers in list
[move_group-8] [INFO] [1787307729.942606874] [move_group.moveit.moveit.plugins.simple_controller_manager]: Returned 2 controllers in list
[move_group-8] [INFO] [1787307729.942743564] [move_group.moveit.moveit.ros.trajectory_execution_manager]: Validating trajectory with allowed_start_tolerance 0.01
[move_group-8] [INFO] [1787307729.959833519] [move_group.moveit.moveit.ros.trajectory_execution_manager]: Starting trajectory execution ...
[move_group-8] [INFO] [1787307729.959938926] [move_group.moveit.moveit.plugins.simple_controller_manager]: Returned 2 controllers in list
[move_group-8] [INFO] [1787307729.959981228] [move_group.moveit.moveit.plugins.simple_controller_manager]: Returned 2 controllers in list
[move_group-8] [INFO] [1787307729.960102862] [moveit.simple_controller_manager.follow_joint_trajectory_controller_handle]: sending trajectory to joint_trajectory_controller
[gazebo-2] [INFO] [1787307729.960446714] [joint_trajectory_controller]: Received new action goal
[gazebo-2] [INFO] [1787307729.960481888] [joint_trajectory_controller]: Accepted new action goal
[move_group-8] [INFO] [1787307729.960693500] [moveit.simple_controller_manager.follow_joint_trajectory_controller_handle]: joint_trajectory_controller started execution
[move_group-8] [INFO] [1787307729.960706979] [moveit.simple_controller_manager.follow_joint_trajectory_controller_handle]: Goal request accepted!
[gazebo-2] [INFO] [1787307733.137945788] [joint_trajectory_controller]: Goal reached, success!
[move_group-8] [INFO] [1787307733.161108503] [moveit.simple_controller_manager.follow_joint_trajectory_controller_handle]: Controller 'joint_trajectory_controller' successfully finished
[move_group-8] [INFO] [1787307733.253577399] [move_group.moveit.moveit.ros.trajectory_execution_manager]: Completed trajectory execution with status SUCCEEDED ...
[move_group-8] [INFO] [1787307733.260013703] [move_group.moveit.moveit.ros.move_group.move_action]: Solution was found and executed.
[move_group-8] [INFO] [1787307733.957568299] [move_group.moveit.moveit.ros.move_group.move_action]: MoveGroupMoveAction: Received request
[move_group-8] [INFO] [1787307733.957919025] [move_group.moveit.moveit.ros.move_group.move_action]: executing..
[move_group-8] [WARN] [1787307733.969828103] [move_group.moveit.moveit.ros.planning_scene_monitor]: Unable to transform object from frame 'calibration_target' to planning frame'world' (Could not find a connection between 'world' and 'calibration_target' because they are not part of the same tree.Tf has two or more unconnected trees.)
[move_group-8] [WARN] [1787307733.969910559] [move_group.moveit.moveit.ros.planning_scene_monitor]: Unable to transform object from frame 'camera_color_optical_frame' to planning frame'world' (Could not find a connection between 'world' and 'camera_color_optical_frame' because they are not part of the same tree.Tf has two or more unconnected trees.)
[move_group-8] [INFO] [1787307733.969945256] [move_group.moveit.moveit.ros.move_group.move_action]: Combined planning and execution request received for MoveGroup action. Forwarding to planning and execution pipeline.
[move_group-8] [WARN] [1787307733.969966412] [move_group.moveit.moveit.ros.move_group.capability]: Execution of motions should always start at the robot's current state. Ignoring the state supplied as start state in the motion planning request
[move_group-8] [WARN] [1787307733.969986717] [move_group.moveit.moveit.ros.move_group.capability]: Execution of motions should always start at the robot's current state. Ignoring the state supplied as difference in the planning scene diff
[move_group-8] [INFO] [1787307733.969999158] [move_group.moveit.moveit.ros.plan_execution]: Planning attempt 1 of at most 1
[move_group-8] [INFO] [1787307733.970145414] [move_group]: Calling PlanningRequestAdapter 'CheckStartStateBounds'
[move_group-8] [INFO] [1787307733.970194844] [move_group]: Calling PlanningRequestAdapter 'CheckStartStateCollision'
[move_group-8] [INFO] [1787307733.970397419] [move_group]: Calling PlanningRequestAdapter 'ResolveConstraintFrames'
[move_group-8] [INFO] [1787307733.970426565] [move_group]: Calling PlanningRequestAdapter 'ValidateWorkspaceBounds'
[move_group-8] [INFO] [1787307733.970809471] [move_group.moveit.moveit.planners.ompl.model_based_planning_context]: Planner configuration 'ar_manipulator' will use planner 'geometric::RRTConnect'. Additional configuration parameters will be set when the planner is constructed.
[move_group-8] [INFO] [1787307733.970901950] [move_group]: Calling Planner 'OMPL'
[move_group-8] [INFO] [1787307733.983946440] [move_group]: Calling PlanningResponseAdapter 'AddTimeOptimalParameterization'
[move_group-8] [WARN] [1787307733.983995382] [move_group.moveit.moveit.core.time_optimal_trajectory_generation]: Invalid max_velocity_scaling_factor 0.000000 specified, defaulting to 1.000000 instead.
[move_group-8] [WARN] [1787307733.984008767] [move_group.moveit.moveit.core.time_optimal_trajectory_generation]: Invalid max_acceleration_scaling_factor 0.000000 specified, defaulting to 1.000000 instead.
[move_group-8] [INFO] [1787307733.984997127] [move_group]: Calling PlanningResponseAdapter 'ValidateSolution'
[move_group-8] [WARN] [1787307733.985205378] [move_group.moveit.moveit.ros.planning_pipeline]: The planner plugin did not fill out the 'planner_id' field of the MotionPlanResponse. Setting it to the planner ID name of the MotionPlanRequest assuming that the planner plugin does warn you if it does not use the requested planner.
[move_group-8] [INFO] [1787307733.985323641] [move_group.moveit.moveit.plugins.simple_controller_manager]: Returned 2 controllers in list
[move_group-8] [INFO] [1787307733.985366202] [move_group.moveit.moveit.plugins.simple_controller_manager]: Returned 2 controllers in list
[move_group-8] [INFO] [1787307733.985413017] [move_group.moveit.moveit.ros.trajectory_execution_manager]: Validating trajectory with allowed_start_tolerance 0.01
[move_group-8] [INFO] [1787307734.004648039] [move_group.moveit.moveit.ros.trajectory_execution_manager]: Starting trajectory execution ...
[move_group-8] [INFO] [1787307734.004811976] [move_group.moveit.moveit.plugins.simple_controller_manager]: Returned 2 controllers in list
[move_group-8] [INFO] [1787307734.004867724] [move_group.moveit.moveit.plugins.simple_controller_manager]: Returned 2 controllers in list
[move_group-8] [INFO] [1787307734.005048210] [moveit.simple_controller_manager.follow_joint_trajectory_controller_handle]: sending trajectory to joint_trajectory_controller
[gazebo-2] [INFO] [1787307734.005614356] [joint_trajectory_controller]: Received new action goal
[gazebo-2] [INFO] [1787307734.005668414] [joint_trajectory_controller]: Accepted new action goal
[move_group-8] [INFO] [1787307734.005877547] [moveit.simple_controller_manager.follow_joint_trajectory_controller_handle]: joint_trajectory_controller started execution
[move_group-8] [INFO] [1787307734.005890994] [moveit.simple_controller_manager.follow_joint_trajectory_controller_handle]: Goal request accepted!
[gazebo-2] [INFO] [1787307737.910412038] [joint_trajectory_controller]: Goal reached, success!
[move_group-8] [INFO] [1787307737.956196836] [moveit.simple_controller_manager.follow_joint_trajectory_controller_handle]: Controller 'joint_trajectory_controller' successfully finished
[move_group-8] [INFO] [1787307738.013841420] [move_group.moveit.moveit.ros.trajectory_execution_manager]: Completed trajectory execution with status SUCCEEDED ...
[move_group-8] [INFO] [1787307738.014938864] [move_group.moveit.moveit.ros.move_group.move_action]: Solution was found and executed.
[move_group-8] [INFO] [1787307738.751209593] [move_group.moveit.moveit.ros.move_group.move_action]: MoveGroupMoveAction: Received request
[move_group-8] [INFO] [1787307738.751521101] [move_group.moveit.moveit.ros.move_group.move_action]: executing..
[move_group-8] [WARN] [1787307738.757059202] [move_group.moveit.moveit.ros.planning_scene_monitor]: Unable to transform object from frame 'calibration_target' to planning frame'world' (Could not find a connection between 'world' and 'calibration_target' because they are not part of the same tree.Tf has two or more unconnected trees.)
[move_group-8] [WARN] [1787307738.757183311] [move_group.moveit.moveit.ros.planning_scene_monitor]: Unable to transform object from frame 'camera_color_optical_frame' to planning frame'world' (Could not find a connection between 'world' and 'camera_color_optical_frame' because they are not part of the same tree.Tf has two or more unconnected trees.)
[move_group-8] [INFO] [1787307738.757240256] [move_group.moveit.moveit.ros.move_group.move_action]: Combined planning and execution request received for MoveGroup action. Forwarding to planning and execution pipeline.
[move_group-8] [WARN] [1787307738.757271934] [move_group.moveit.moveit.ros.move_group.capability]: Execution of motions should always start at the robot's current state. Ignoring the state supplied as start state in the motion planning request
[move_group-8] [WARN] [1787307738.757298684] [move_group.moveit.moveit.ros.move_group.capability]: Execution of motions should always start at the robot's current state. Ignoring the state supplied as difference in the planning scene diff
[move_group-8] [INFO] [1787307738.757317247] [move_group.moveit.moveit.ros.plan_execution]: Planning attempt 1 of at most 1
[move_group-8] [INFO] [1787307738.757594975] [move_group]: Calling PlanningRequestAdapter 'CheckStartStateBounds'
[move_group-8] [INFO] [1787307738.757651722] [move_group]: Calling PlanningRequestAdapter 'CheckStartStateCollision'
[move_group-8] [INFO] [1787307738.757729834] [move_group]: Calling PlanningRequestAdapter 'ResolveConstraintFrames'
[move_group-8] [INFO] [1787307738.757755017] [move_group]: Calling PlanningRequestAdapter 'ValidateWorkspaceBounds'
[move_group-8] [INFO] [1787307738.758177513] [move_group.moveit.moveit.planners.ompl.model_based_planning_context]: Planner configuration 'ar_manipulator' will use planner 'geometric::RRTConnect'. Additional configuration parameters will be set when the planner is constructed.
[move_group-8] [INFO] [1787307738.758283444] [move_group]: Calling Planner 'OMPL'
[move_group-8] [INFO] [1787307738.774833349] [move_group]: Calling PlanningResponseAdapter 'AddTimeOptimalParameterization'
[move_group-8] [WARN] [1787307738.774927388] [move_group.moveit.moveit.core.time_optimal_trajectory_generation]: Invalid max_velocity_scaling_factor 0.000000 specified, defaulting to 1.000000 instead.
[move_group-8] [WARN] [1787307738.774953131] [move_group.moveit.moveit.core.time_optimal_trajectory_generation]: Invalid max_acceleration_scaling_factor 0.000000 specified, defaulting to 1.000000 instead.
[move_group-8] [INFO] [1787307738.777026175] [move_group]: Calling PlanningResponseAdapter 'ValidateSolution'
[move_group-8] [WARN] [1787307738.777487167] [move_group.moveit.moveit.ros.planning_pipeline]: The planner plugin did not fill out the 'planner_id' field of the MotionPlanResponse. Setting it to the planner ID name of the MotionPlanRequest assuming that the planner plugin does warn you if it does not use the requested planner.
[move_group-8] [INFO] [1787307738.777632682] [move_group.moveit.moveit.plugins.simple_controller_manager]: Returned 2 controllers in list
[move_group-8] [INFO] [1787307738.777667826] [move_group.moveit.moveit.plugins.simple_controller_manager]: Returned 2 controllers in list
[move_group-8] [INFO] [1787307738.777760703] [move_group.moveit.moveit.ros.trajectory_execution_manager]: Validating trajectory with allowed_start_tolerance 0.01
[move_group-8] [INFO] [1787307738.843885320] [move_group.moveit.moveit.ros.trajectory_execution_manager]: Starting trajectory execution ...
[move_group-8] [INFO] [1787307738.844121835] [move_group.moveit.moveit.plugins.simple_controller_manager]: Returned 2 controllers in list
[move_group-8] [INFO] [1787307738.844192133] [move_group.moveit.moveit.plugins.simple_controller_manager]: Returned 2 controllers in list
[move_group-8] [INFO] [1787307738.844415812] [moveit.simple_controller_manager.follow_joint_trajectory_controller_handle]: sending trajectory to joint_trajectory_controller
[gazebo-2] [INFO] [1787307738.844687574] [joint_trajectory_controller]: Received new action goal
[gazebo-2] [INFO] [1787307738.844729441] [joint_trajectory_controller]: Accepted new action goal
[move_group-8] [INFO] [1787307738.845350434] [moveit.simple_controller_manager.follow_joint_trajectory_controller_handle]: joint_trajectory_controller started execution
[move_group-8] [INFO] [1787307738.845377817] [moveit.simple_controller_manager.follow_joint_trajectory_controller_handle]: Goal request accepted!
[gazebo-2] [INFO] [1787307743.556489087] [joint_trajectory_controller]: Goal reached, success!
[move_group-8] [INFO] [1787307743.595207943] [moveit.simple_controller_manager.follow_joint_trajectory_controller_handle]: Controller 'joint_trajectory_controller' successfully finished
[move_group-8] [INFO] [1787307743.652063362] [move_group.moveit.moveit.ros.trajectory_execution_manager]: Completed trajectory execution with status SUCCEEDED ...
[move_group-8] [INFO] [1787307743.654160982] [move_group.moveit.moveit.ros.move_group.move_action]: Solution was found and executed.
[move_group-8] [INFO] [1787307744.348383339] [move_group.moveit.moveit.ros.move_group.move_action]: MoveGroupMoveAction: Received request
[move_group-8] [INFO] [1787307744.348699969] [move_group.moveit.moveit.ros.move_group.move_action]: executing..
[move_group-8] [WARN] [1787307744.349578575] [move_group.moveit.moveit.ros.planning_scene_monitor]: Unable to transform object from frame 'calibration_target' to planning frame'world' (Could not find a connection between 'world' and 'calibration_target' because they are not part of the same tree.Tf has two or more unconnected trees.)
[move_group-8] [WARN] [1787307744.349636018] [move_group.moveit.moveit.ros.planning_scene_monitor]: Unable to transform object from frame 'camera_color_optical_frame' to planning frame'world' (Could not find a connection between 'world' and 'camera_color_optical_frame' because they are not part of the same tree.Tf has two or more unconnected trees.)
[move_group-8] [INFO] [1787307744.349658970] [move_group.moveit.moveit.ros.move_group.move_action]: Combined planning and execution request received for MoveGroup action. Forwarding to planning and execution pipeline.
[move_group-8] [WARN] [1787307744.349672697] [move_group.moveit.moveit.ros.move_group.capability]: Execution of motions should always start at the robot's current state. Ignoring the state supplied as start state in the motion planning request
[move_group-8] [WARN] [1787307744.349685315] [move_group.moveit.moveit.ros.move_group.capability]: Execution of motions should always start at the robot's current state. Ignoring the state supplied as difference in the planning scene diff
[move_group-8] [INFO] [1787307744.349692941] [move_group.moveit.moveit.ros.plan_execution]: Planning attempt 1 of at most 1
[move_group-8] [INFO] [1787307744.349792895] [move_group]: Calling PlanningRequestAdapter 'CheckStartStateBounds'
[move_group-8] [INFO] [1787307744.349820018] [move_group]: Calling PlanningRequestAdapter 'CheckStartStateCollision'
[move_group-8] [INFO] [1787307744.349892641] [move_group]: Calling PlanningRequestAdapter 'ResolveConstraintFrames'
[move_group-8] [INFO] [1787307744.349906711] [move_group]: Calling PlanningRequestAdapter 'ValidateWorkspaceBounds'
[move_group-8] [INFO] [1787307744.350156953] [move_group.moveit.moveit.planners.ompl.model_based_planning_context]: Planner configuration 'ar_manipulator' will use planner 'geometric::RRTConnect'. Additional configuration parameters will be set when the planner is constructed.
[move_group-8] [INFO] [1787307744.350282141] [move_group]: Calling Planner 'OMPL'
[move_group-8] [INFO] [1787307744.373266539] [move_group]: Calling PlanningResponseAdapter 'AddTimeOptimalParameterization'
[move_group-8] [WARN] [1787307744.373329481] [move_group.moveit.moveit.core.time_optimal_trajectory_generation]: Invalid max_velocity_scaling_factor 0.000000 specified, defaulting to 1.000000 instead.
[move_group-8] [WARN] [1787307744.373344609] [move_group.moveit.moveit.core.time_optimal_trajectory_generation]: Invalid max_acceleration_scaling_factor 0.000000 specified, defaulting to 1.000000 instead.
[move_group-8] [INFO] [1787307744.373944953] [move_group]: Calling PlanningResponseAdapter 'ValidateSolution'
[move_group-8] [WARN] [1787307744.374158992] [move_group.moveit.moveit.ros.planning_pipeline]: The planner plugin did not fill out the 'planner_id' field of the MotionPlanResponse. Setting it to the planner ID name of the MotionPlanRequest assuming that the planner plugin does warn you if it does not use the requested planner.
[move_group-8] [INFO] [1787307744.374293737] [move_group.moveit.moveit.plugins.simple_controller_manager]: Returned 2 controllers in list
[move_group-8] [INFO] [1787307744.374313504] [move_group.moveit.moveit.plugins.simple_controller_manager]: Returned 2 controllers in list
[move_group-8] [INFO] [1787307744.374366069] [move_group.moveit.moveit.ros.trajectory_execution_manager]: Validating trajectory with allowed_start_tolerance 0.01
[move_group-8] [INFO] [1787307744.381442706] [move_group.moveit.moveit.ros.trajectory_execution_manager]: Starting trajectory execution ...
[move_group-8] [INFO] [1787307744.381547391] [move_group.moveit.moveit.plugins.simple_controller_manager]: Returned 2 controllers in list
[move_group-8] [INFO] [1787307744.381621487] [move_group.moveit.moveit.plugins.simple_controller_manager]: Returned 2 controllers in list
[move_group-8] [INFO] [1787307744.381761461] [moveit.simple_controller_manager.follow_joint_trajectory_controller_handle]: sending trajectory to joint_trajectory_controller
[gazebo-2] [INFO] [1787307744.382067631] [joint_trajectory_controller]: Received new action goal
[gazebo-2] [INFO] [1787307744.382103075] [joint_trajectory_controller]: Accepted new action goal
[move_group-8] [INFO] [1787307744.382312768] [moveit.simple_controller_manager.follow_joint_trajectory_controller_handle]: joint_trajectory_controller started execution
[move_group-8] [INFO] [1787307744.382327118] [moveit.simple_controller_manager.follow_joint_trajectory_controller_handle]: Goal request accepted!
[gazebo-2] [INFO] [1787307746.159300995] [joint_trajectory_controller]: Goal reached, success!
[move_group-8] [INFO] [1787307746.164750624] [moveit.simple_controller_manager.follow_joint_trajectory_controller_handle]: Controller 'joint_trajectory_controller' successfully finished
[move_group-8] [INFO] [1787307746.194062291] [move_group.moveit.moveit.ros.trajectory_execution_manager]: Completed trajectory execution with status SUCCEEDED ...
[move_group-8] [INFO] [1787307746.203192912] [move_group.moveit.moveit.ros.move_group.move_action]: Solution was found and executed.
[move_group-8] [INFO] [1787307746.951864406] [move_group.moveit.moveit.ros.move_group.move_action]: MoveGroupMoveAction: Received request
[move_group-8] [INFO] [1787307746.952179322] [move_group.moveit.moveit.ros.move_group.move_action]: executing..
[move_group-8] [WARN] [1787307746.969541924] [move_group.moveit.moveit.ros.planning_scene_monitor]: Unable to transform object from frame 'calibration_target' to planning frame'world' (Could not find a connection between 'world' and 'calibration_target' because they are not part of the same tree.Tf has two or more unconnected trees.)
[move_group-8] [WARN] [1787307746.969657211] [move_group.moveit.moveit.ros.planning_scene_monitor]: Unable to transform object from frame 'camera_color_optical_frame' to planning frame'world' (Could not find a connection between 'world' and 'camera_color_optical_frame' because they are not part of the same tree.Tf has two or more unconnected trees.)
[move_group-8] [INFO] [1787307746.969698075] [move_group.moveit.moveit.ros.move_group.move_action]: Combined planning and execution request received for MoveGroup action. Forwarding to planning and execution pipeline.
[move_group-8] [WARN] [1787307746.969722080] [move_group.moveit.moveit.ros.move_group.capability]: Execution of motions should always start at the robot's current state. Ignoring the state supplied as start state in the motion planning request
[move_group-8] [WARN] [1787307746.969746543] [move_group.moveit.moveit.ros.move_group.capability]: Execution of motions should always start at the robot's current state. Ignoring the state supplied as difference in the planning scene diff
[move_group-8] [INFO] [1787307746.969760662] [move_group.moveit.moveit.ros.plan_execution]: Planning attempt 1 of at most 1
[move_group-8] [INFO] [1787307746.969922622] [move_group]: Calling PlanningRequestAdapter 'CheckStartStateBounds'
[move_group-8] [INFO] [1787307746.969959720] [move_group]: Calling PlanningRequestAdapter 'CheckStartStateCollision'
[move_group-8] [INFO] [1787307746.970013914] [move_group]: Calling PlanningRequestAdapter 'ResolveConstraintFrames'
[move_group-8] [INFO] [1787307746.970027266] [move_group]: Calling PlanningRequestAdapter 'ValidateWorkspaceBounds'
[move_group-8] [INFO] [1787307746.970308124] [move_group.moveit.moveit.planners.ompl.model_based_planning_context]: Planner configuration 'ar_manipulator' will use planner 'geometric::RRTConnect'. Additional configuration parameters will be set when the planner is constructed.
[move_group-8] [INFO] [1787307746.970397663] [move_group]: Calling Planner 'OMPL'
[move_group-8] [INFO] [1787307746.994630144] [move_group]: Calling PlanningResponseAdapter 'AddTimeOptimalParameterization'
[move_group-8] [WARN] [1787307746.994693800] [move_group.moveit.moveit.core.time_optimal_trajectory_generation]: Invalid max_velocity_scaling_factor 0.000000 specified, defaulting to 1.000000 instead.
[move_group-8] [WARN] [1787307746.994708583] [move_group.moveit.moveit.core.time_optimal_trajectory_generation]: Invalid max_acceleration_scaling_factor 0.000000 specified, defaulting to 1.000000 instead.
[move_group-8] [INFO] [1787307746.996914034] [move_group]: Calling PlanningResponseAdapter 'ValidateSolution'
[move_group-8] [WARN] [1787307746.997262645] [move_group.moveit.moveit.ros.planning_pipeline]: The planner plugin did not fill out the 'planner_id' field of the MotionPlanResponse. Setting it to the planner ID name of the MotionPlanRequest assuming that the planner plugin does warn you if it does not use the requested planner.
[move_group-8] [INFO] [1787307746.997391035] [move_group.moveit.moveit.plugins.simple_controller_manager]: Returned 2 controllers in list
[move_group-8] [INFO] [1787307746.997418547] [move_group.moveit.moveit.plugins.simple_controller_manager]: Returned 2 controllers in list
[move_group-8] [INFO] [1787307746.997481632] [move_group.moveit.moveit.ros.trajectory_execution_manager]: Validating trajectory with allowed_start_tolerance 0.01
[move_group-8] [INFO] [1787307747.003974179] [move_group.moveit.moveit.ros.trajectory_execution_manager]: Starting trajectory execution ...
[move_group-8] [INFO] [1787307747.004041559] [move_group.moveit.moveit.plugins.simple_controller_manager]: Returned 2 controllers in list
[move_group-8] [INFO] [1787307747.004076603] [move_group.moveit.moveit.plugins.simple_controller_manager]: Returned 2 controllers in list
[move_group-8] [INFO] [1787307747.004195542] [moveit.simple_controller_manager.follow_joint_trajectory_controller_handle]: sending trajectory to joint_trajectory_controller
[gazebo-2] [INFO] [1787307747.004381763] [joint_trajectory_controller]: Received new action goal
[gazebo-2] [INFO] [1787307747.004416558] [joint_trajectory_controller]: Accepted new action goal
[move_group-8] [INFO] [1787307747.004674048] [moveit.simple_controller_manager.follow_joint_trajectory_controller_handle]: joint_trajectory_controller started execution
[move_group-8] [INFO] [1787307747.004688841] [moveit.simple_controller_manager.follow_joint_trajectory_controller_handle]: Goal request accepted!
[gazebo-2] [INFO] [1787307752.322427228] [joint_trajectory_controller]: Goal reached, success!
[move_group-8] [INFO] [1787307752.355038877] [moveit.simple_controller_manager.follow_joint_trajectory_controller_handle]: Controller 'joint_trajectory_controller' successfully finished
[move_group-8] [INFO] [1787307752.370139034] [move_group.moveit.moveit.ros.trajectory_execution_manager]: Completed trajectory execution with status SUCCEEDED ...
[move_group-8] [INFO] [1787307752.374820057] [move_group.moveit.moveit.ros.move_group.move_action]: Solution was found and executed.
[move_group-8] [INFO] [1787307753.059474636] [move_group.moveit.moveit.ros.move_group.move_action]: MoveGroupMoveAction: Received request
[move_group-8] [INFO] [1787307753.059748437] [move_group.moveit.moveit.ros.move_group.move_action]: executing..
[move_group-8] [WARN] [1787307753.063200616] [move_group.moveit.moveit.ros.planning_scene_monitor]: Unable to transform object from frame 'calibration_target' to planning frame'world' (Could not find a connection between 'world' and 'calibration_target' because they are not part of the same tree.Tf has two or more unconnected trees.)
[move_group-8] [WARN] [1787307753.063295579] [move_group.moveit.moveit.ros.planning_scene_monitor]: Unable to transform object from frame 'camera_color_optical_frame' to planning frame'world' (Could not find a connection between 'world' and 'camera_color_optical_frame' because they are not part of the same tree.Tf has two or more unconnected trees.)
[move_group-8] [INFO] [1787307753.063331625] [move_group.moveit.moveit.ros.move_group.move_action]: Combined planning and execution request received for MoveGroup action. Forwarding to planning and execution pipeline.
[move_group-8] [WARN] [1787307753.063354806] [move_group.moveit.moveit.ros.move_group.capability]: Execution of motions should always start at the robot's current state. Ignoring the state supplied as start state in the motion planning request
[move_group-8] [WARN] [1787307753.063380819] [move_group.moveit.moveit.ros.move_group.capability]: Execution of motions should always start at the robot's current state. Ignoring the state supplied as difference in the planning scene diff
[move_group-8] [INFO] [1787307753.063397431] [move_group.moveit.moveit.ros.plan_execution]: Planning attempt 1 of at most 1
[move_group-8] [INFO] [1787307753.063518822] [move_group]: Calling PlanningRequestAdapter 'CheckStartStateBounds'
[move_group-8] [INFO] [1787307753.063562703] [move_group]: Calling PlanningRequestAdapter 'CheckStartStateCollision'
[move_group-8] [INFO] [1787307753.063625655] [move_group]: Calling PlanningRequestAdapter 'ResolveConstraintFrames'
[move_group-8] [INFO] [1787307753.063645702] [move_group]: Calling PlanningRequestAdapter 'ValidateWorkspaceBounds'
[move_group-8] [INFO] [1787307753.063954113] [move_group.moveit.moveit.planners.ompl.model_based_planning_context]: Planner configuration 'ar_manipulator' will use planner 'geometric::RRTConnect'. Additional configuration parameters will be set when the planner is constructed.
[move_group-8] [INFO] [1787307753.064043680] [move_group]: Calling Planner 'OMPL'
[move_group-8] [INFO] [1787307753.076742677] [move_group]: Calling PlanningResponseAdapter 'AddTimeOptimalParameterization'
[move_group-8] [WARN] [1787307753.076796031] [move_group.moveit.moveit.core.time_optimal_trajectory_generation]: Invalid max_velocity_scaling_factor 0.000000 specified, defaulting to 1.000000 instead.
[move_group-8] [WARN] [1787307753.076809302] [move_group.moveit.moveit.core.time_optimal_trajectory_generation]: Invalid max_acceleration_scaling_factor 0.000000 specified, defaulting to 1.000000 instead.
[move_group-8] [INFO] [1787307753.077650546] [move_group]: Calling PlanningResponseAdapter 'ValidateSolution'
[move_group-8] [WARN] [1787307753.077858557] [move_group.moveit.moveit.ros.planning_pipeline]: The planner plugin did not fill out the 'planner_id' field of the MotionPlanResponse. Setting it to the planner ID name of the MotionPlanRequest assuming that the planner plugin does warn you if it does not use the requested planner.
[move_group-8] [INFO] [1787307753.077972736] [move_group.moveit.moveit.plugins.simple_controller_manager]: Returned 2 controllers in list
[move_group-8] [INFO] [1787307753.077993841] [move_group.moveit.moveit.plugins.simple_controller_manager]: Returned 2 controllers in list
[move_group-8] [INFO] [1787307753.078047745] [move_group.moveit.moveit.ros.trajectory_execution_manager]: Validating trajectory with allowed_start_tolerance 0.01
[move_group-8] [INFO] [1787307753.099566028] [move_group.moveit.moveit.ros.trajectory_execution_manager]: Starting trajectory execution ...
[move_group-8] [INFO] [1787307753.099694381] [move_group.moveit.moveit.plugins.simple_controller_manager]: Returned 2 controllers in list
[move_group-8] [INFO] [1787307753.099730200] [move_group.moveit.moveit.plugins.simple_controller_manager]: Returned 2 controllers in list
[move_group-8] [INFO] [1787307753.099851321] [moveit.simple_controller_manager.follow_joint_trajectory_controller_handle]: sending trajectory to joint_trajectory_controller
[gazebo-2] [INFO] [1787307753.100096665] [joint_trajectory_controller]: Received new action goal
[gazebo-2] [INFO] [1787307753.100125667] [joint_trajectory_controller]: Accepted new action goal
[move_group-8] [INFO] [1787307753.100381740] [moveit.simple_controller_manager.follow_joint_trajectory_controller_handle]: joint_trajectory_controller started execution
[move_group-8] [INFO] [1787307753.100395976] [moveit.simple_controller_manager.follow_joint_trajectory_controller_handle]: Goal request accepted!
[gazebo-2] [INFO] [1787307756.735501565] [joint_trajectory_controller]: Goal reached, success!
[move_group-8] [INFO] [1787307756.750750658] [moveit.simple_controller_manager.follow_joint_trajectory_controller_handle]: Controller 'joint_trajectory_controller' successfully finished
[move_group-8] [INFO] [1787307756.786104631] [move_group.moveit.moveit.ros.trajectory_execution_manager]: Completed trajectory execution with status SUCCEEDED ...
[move_group-8] [INFO] [1787307756.789817832] [move_group.moveit.moveit.ros.move_group.move_action]: Solution was found and executed.
[move_group-8] [INFO] [1787307757.503812309] [move_group.moveit.moveit.ros.move_group.move_action]: MoveGroupMoveAction: Received request
[move_group-8] [INFO] [1787307757.504038623] [move_group.moveit.moveit.ros.move_group.move_action]: executing..
[move_group-8] [WARN] [1787307757.514922678] [move_group.moveit.moveit.ros.planning_scene_monitor]: Unable to transform object from frame 'calibration_target' to planning frame'world' (Could not find a connection between 'world' and 'calibration_target' because they are not part of the same tree.Tf has two or more unconnected trees.)
[move_group-8] [WARN] [1787307757.515008769] [move_group.moveit.moveit.ros.planning_scene_monitor]: Unable to transform object from frame 'camera_color_optical_frame' to planning frame'world' (Could not find a connection between 'world' and 'camera_color_optical_frame' because they are not part of the same tree.Tf has two or more unconnected trees.)
[move_group-8] [INFO] [1787307757.515075042] [move_group.moveit.moveit.ros.move_group.move_action]: Combined planning and execution request received for MoveGroup action. Forwarding to planning and execution pipeline.
[move_group-8] [WARN] [1787307757.515101449] [move_group.moveit.moveit.ros.move_group.capability]: Execution of motions should always start at the robot's current state. Ignoring the state supplied as start state in the motion planning request
[move_group-8] [WARN] [1787307757.515123187] [move_group.moveit.moveit.ros.move_group.capability]: Execution of motions should always start at the robot's current state. Ignoring the state supplied as difference in the planning scene diff
[move_group-8] [INFO] [1787307757.515136220] [move_group.moveit.moveit.ros.plan_execution]: Planning attempt 1 of at most 1
[move_group-8] [INFO] [1787307757.515280283] [move_group]: Calling PlanningRequestAdapter 'CheckStartStateBounds'
[move_group-8] [INFO] [1787307757.515320677] [move_group]: Calling PlanningRequestAdapter 'CheckStartStateCollision'
[move_group-8] [INFO] [1787307757.515380268] [move_group]: Calling PlanningRequestAdapter 'ResolveConstraintFrames'
[move_group-8] [INFO] [1787307757.515404154] [move_group]: Calling PlanningRequestAdapter 'ValidateWorkspaceBounds'
[move_group-8] [INFO] [1787307757.515694759] [move_group.moveit.moveit.planners.ompl.model_based_planning_context]: Planner configuration 'ar_manipulator' will use planner 'geometric::RRTConnect'. Additional configuration parameters will be set when the planner is constructed.
[move_group-8] [INFO] [1787307757.515782448] [move_group]: Calling Planner 'OMPL'
[move_group-8] [INFO] [1787307757.528551665] [move_group]: Calling PlanningResponseAdapter 'AddTimeOptimalParameterization'
[move_group-8] [WARN] [1787307757.528600921] [move_group.moveit.moveit.core.time_optimal_trajectory_generation]: Invalid max_velocity_scaling_factor 0.000000 specified, defaulting to 1.000000 instead.
[move_group-8] [WARN] [1787307757.528614140] [move_group.moveit.moveit.core.time_optimal_trajectory_generation]: Invalid max_acceleration_scaling_factor 0.000000 specified, defaulting to 1.000000 instead.
[move_group-8] [INFO] [1787307757.529648199] [move_group]: Calling PlanningResponseAdapter 'ValidateSolution'
[move_group-8] [WARN] [1787307757.529938721] [move_group.moveit.moveit.ros.planning_pipeline]: The planner plugin did not fill out the 'planner_id' field of the MotionPlanResponse. Setting it to the planner ID name of the MotionPlanRequest assuming that the planner plugin does warn you if it does not use the requested planner.
[move_group-8] [INFO] [1787307757.530114265] [move_group.moveit.moveit.plugins.simple_controller_manager]: Returned 2 controllers in list
[move_group-8] [INFO] [1787307757.530146473] [move_group.moveit.moveit.plugins.simple_controller_manager]: Returned 2 controllers in list
[move_group-8] [INFO] [1787307757.530221835] [move_group.moveit.moveit.ros.trajectory_execution_manager]: Validating trajectory with allowed_start_tolerance 0.01
[move_group-8] [INFO] [1787307757.545605734] [move_group.moveit.moveit.ros.trajectory_execution_manager]: Starting trajectory execution ...
[move_group-8] [INFO] [1787307757.545699068] [move_group.moveit.moveit.plugins.simple_controller_manager]: Returned 2 controllers in list
[move_group-8] [INFO] [1787307757.545778456] [move_group.moveit.moveit.plugins.simple_controller_manager]: Returned 2 controllers in list
[move_group-8] [INFO] [1787307757.545902929] [moveit.simple_controller_manager.follow_joint_trajectory_controller_handle]: sending trajectory to joint_trajectory_controller
[gazebo-2] [INFO] [1787307757.546191926] [joint_trajectory_controller]: Received new action goal
[gazebo-2] [INFO] [1787307757.546227402] [joint_trajectory_controller]: Accepted new action goal
[move_group-8] [INFO] [1787307757.547533995] [moveit.simple_controller_manager.follow_joint_trajectory_controller_handle]: joint_trajectory_controller started execution
[move_group-8] [INFO] [1787307757.547567127] [moveit.simple_controller_manager.follow_joint_trajectory_controller_handle]: Goal request accepted!
[gazebo-2] [INFO] [1787307761.776261318] [joint_trajectory_controller]: Goal reached, success!
[move_group-8] [INFO] [1787307761.796984991] [moveit.simple_controller_manager.follow_joint_trajectory_controller_handle]: Controller 'joint_trajectory_controller' successfully finished
[move_group-8] [INFO] [1787307761.851293692] [move_group.moveit.moveit.ros.trajectory_execution_manager]: Completed trajectory execution with status SUCCEEDED ...
[move_group-8] [INFO] [1787307761.855799455] [move_group.moveit.moveit.ros.move_group.move_action]: Solution was found and executed.
[move_group-8] [INFO] [1787307762.570642786] [move_group.moveit.moveit.ros.move_group.move_action]: MoveGroupMoveAction: Received request
[move_group-8] [INFO] [1787307762.570843004] [move_group.moveit.moveit.ros.move_group.move_action]: executing..
[move_group-8] [WARN] [1787307762.598488294] [move_group.moveit.moveit.ros.planning_scene_monitor]: Unable to transform object from frame 'calibration_target' to planning frame'world' (Could not find a connection between 'world' and 'calibration_target' because they are not part of the same tree.Tf has two or more unconnected trees.)
[move_group-8] [WARN] [1787307762.598574158] [move_group.moveit.moveit.ros.planning_scene_monitor]: Unable to transform object from frame 'camera_color_optical_frame' to planning frame'world' (Could not find a connection between 'world' and 'camera_color_optical_frame' because they are not part of the same tree.Tf has two or more unconnected trees.)
[move_group-8] [INFO] [1787307762.598618729] [move_group.moveit.moveit.ros.move_group.move_action]: Combined planning and execution request received for MoveGroup action. Forwarding to planning and execution pipeline.
[move_group-8] [WARN] [1787307762.598644635] [move_group.moveit.moveit.ros.move_group.capability]: Execution of motions should always start at the robot's current state. Ignoring the state supplied as start state in the motion planning request
[move_group-8] [WARN] [1787307762.598662252] [move_group.moveit.moveit.ros.move_group.capability]: Execution of motions should always start at the robot's current state. Ignoring the state supplied as difference in the planning scene diff
[move_group-8] [INFO] [1787307762.598671911] [move_group.moveit.moveit.ros.plan_execution]: Planning attempt 1 of at most 1
[move_group-8] [INFO] [1787307762.598789346] [move_group]: Calling PlanningRequestAdapter 'CheckStartStateBounds'
[move_group-8] [INFO] [1787307762.598829414] [move_group]: Calling PlanningRequestAdapter 'CheckStartStateCollision'
[move_group-8] [INFO] [1787307762.598897786] [move_group]: Calling PlanningRequestAdapter 'ResolveConstraintFrames'
[move_group-8] [INFO] [1787307762.598916959] [move_group]: Calling PlanningRequestAdapter 'ValidateWorkspaceBounds'
[move_group-8] [INFO] [1787307762.599196659] [move_group.moveit.moveit.planners.ompl.model_based_planning_context]: Planner configuration 'ar_manipulator' will use planner 'geometric::RRTConnect'. Additional configuration parameters will be set when the planner is constructed.
[move_group-8] [INFO] [1787307762.599313087] [move_group]: Calling Planner 'OMPL'
[move_group-8] [INFO] [1787307762.612404703] [move_group]: Calling PlanningResponseAdapter 'AddTimeOptimalParameterization'
[move_group-8] [WARN] [1787307762.612469298] [move_group.moveit.moveit.core.time_optimal_trajectory_generation]: Invalid max_velocity_scaling_factor 0.000000 specified, defaulting to 1.000000 instead.
[move_group-8] [WARN] [1787307762.612495941] [move_group.moveit.moveit.core.time_optimal_trajectory_generation]: Invalid max_acceleration_scaling_factor 0.000000 specified, defaulting to 1.000000 instead.
[move_group-8] [INFO] [1787307762.613233334] [move_group]: Calling PlanningResponseAdapter 'ValidateSolution'
[move_group-8] [WARN] [1787307762.613428706] [move_group.moveit.moveit.ros.planning_pipeline]: The planner plugin did not fill out the 'planner_id' field of the MotionPlanResponse. Setting it to the planner ID name of the MotionPlanRequest assuming that the planner plugin does warn you if it does not use the requested planner.
[move_group-8] [INFO] [1787307762.613987778] [move_group.moveit.moveit.plugins.simple_controller_manager]: Returned 2 controllers in list
[move_group-8] [INFO] [1787307762.614048835] [move_group.moveit.moveit.plugins.simple_controller_manager]: Returned 2 controllers in list
[move_group-8] [INFO] [1787307762.614120101] [move_group.moveit.moveit.ros.trajectory_execution_manager]: Validating trajectory with allowed_start_tolerance 0.01
[move_group-8] [INFO] [1787307762.615453841] [move_group.moveit.moveit.ros.trajectory_execution_manager]: Starting trajectory execution ...
[move_group-8] [INFO] [1787307762.615522534] [move_group.moveit.moveit.plugins.simple_controller_manager]: Returned 2 controllers in list
[move_group-8] [INFO] [1787307762.615556771] [move_group.moveit.moveit.plugins.simple_controller_manager]: Returned 2 controllers in list
[move_group-8] [INFO] [1787307762.615675877] [moveit.simple_controller_manager.follow_joint_trajectory_controller_handle]: sending trajectory to joint_trajectory_controller
[gazebo-2] [INFO] [1787307762.615937461] [joint_trajectory_controller]: Received new action goal
[gazebo-2] [INFO] [1787307762.615973556] [joint_trajectory_controller]: Accepted new action goal
[move_group-8] [INFO] [1787307762.616169649] [moveit.simple_controller_manager.follow_joint_trajectory_controller_handle]: joint_trajectory_controller started execution
[move_group-8] [INFO] [1787307762.616181663] [moveit.simple_controller_manager.follow_joint_trajectory_controller_handle]: Goal request accepted!
[gazebo-2] [INFO] [1787307765.447979706] [joint_trajectory_controller]: Goal reached, success!
[move_group-8] [INFO] [1787307765.466750499] [moveit.simple_controller_manager.follow_joint_trajectory_controller_handle]: Controller 'joint_trajectory_controller' successfully finished
[move_group-8] [INFO] [1787307765.481596462] [move_group.moveit.moveit.ros.trajectory_execution_manager]: Completed trajectory execution with status SUCCEEDED ...
[move_group-8] [INFO] [1787307765.485643519] [move_group.moveit.moveit.ros.move_group.move_action]: Solution was found and executed.
[move_group-8] [INFO] [1787307766.151943722] [move_group.moveit.moveit.ros.move_group.move_action]: MoveGroupMoveAction: Received request
[move_group-8] [INFO] [1787307766.152206722] [move_group.moveit.moveit.ros.move_group.move_action]: executing..
[move_group-8] [WARN] [1787307766.165710311] [move_group.moveit.moveit.ros.planning_scene_monitor]: Unable to transform object from frame 'calibration_target' to planning frame'world' (Could not find a connection between 'world' and 'calibration_target' because they are not part of the same tree.Tf has two or more unconnected trees.)
[move_group-8] [WARN] [1787307766.165794608] [move_group.moveit.moveit.ros.planning_scene_monitor]: Unable to transform object from frame 'camera_color_optical_frame' to planning frame'world' (Could not find a connection between 'world' and 'camera_color_optical_frame' because they are not part of the same tree.Tf has two or more unconnected trees.)
[move_group-8] [INFO] [1787307766.165830973] [move_group.moveit.moveit.ros.move_group.move_action]: Combined planning and execution request received for MoveGroup action. Forwarding to planning and execution pipeline.
[move_group-8] [WARN] [1787307766.165853507] [move_group.moveit.moveit.ros.move_group.capability]: Execution of motions should always start at the robot's current state. Ignoring the state supplied as start state in the motion planning request
[move_group-8] [WARN] [1787307766.165873946] [move_group.moveit.moveit.ros.move_group.capability]: Execution of motions should always start at the robot's current state. Ignoring the state supplied as difference in the planning scene diff
[move_group-8] [INFO] [1787307766.165886147] [move_group.moveit.moveit.ros.plan_execution]: Planning attempt 1 of at most 1
[move_group-8] [INFO] [1787307766.166021012] [move_group]: Calling PlanningRequestAdapter 'CheckStartStateBounds'
[move_group-8] [INFO] [1787307766.166060696] [move_group]: Calling PlanningRequestAdapter 'CheckStartStateCollision'
[move_group-8] [INFO] [1787307766.166121006] [move_group]: Calling PlanningRequestAdapter 'ResolveConstraintFrames'
[move_group-8] [INFO] [1787307766.166138042] [move_group]: Calling PlanningRequestAdapter 'ValidateWorkspaceBounds'
[move_group-8] [INFO] [1787307766.166437734] [move_group.moveit.moveit.planners.ompl.model_based_planning_context]: Planner configuration 'ar_manipulator' will use planner 'geometric::RRTConnect'. Additional configuration parameters will be set when the planner is constructed.
[move_group-8] [INFO] [1787307766.166525818] [move_group]: Calling Planner 'OMPL'
[move_group-8] [INFO] [1787307766.180296806] [move_group]: Calling PlanningResponseAdapter 'AddTimeOptimalParameterization'
[move_group-8] [WARN] [1787307766.180351275] [move_group.moveit.moveit.core.time_optimal_trajectory_generation]: Invalid max_velocity_scaling_factor 0.000000 specified, defaulting to 1.000000 instead.
[move_group-8] [WARN] [1787307766.180364513] [move_group.moveit.moveit.core.time_optimal_trajectory_generation]: Invalid max_acceleration_scaling_factor 0.000000 specified, defaulting to 1.000000 instead.
[move_group-8] [INFO] [1787307766.180939756] [move_group]: Calling PlanningResponseAdapter 'ValidateSolution'
[move_group-8] [WARN] [1787307766.181116017] [move_group.moveit.moveit.ros.planning_pipeline]: The planner plugin did not fill out the 'planner_id' field of the MotionPlanResponse. Setting it to the planner ID name of the MotionPlanRequest assuming that the planner plugin does warn you if it does not use the requested planner.
[move_group-8] [INFO] [1787307766.181196413] [move_group.moveit.moveit.plugins.simple_controller_manager]: Returned 2 controllers in list
[move_group-8] [INFO] [1787307766.181216633] [move_group.moveit.moveit.plugins.simple_controller_manager]: Returned 2 controllers in list
[move_group-8] [INFO] [1787307766.181267596] [move_group.moveit.moveit.ros.trajectory_execution_manager]: Validating trajectory with allowed_start_tolerance 0.01
[move_group-8] [INFO] [1787307766.197470620] [move_group.moveit.moveit.ros.trajectory_execution_manager]: Starting trajectory execution ...
[move_group-8] [INFO] [1787307766.197567803] [move_group.moveit.moveit.plugins.simple_controller_manager]: Returned 2 controllers in list
[move_group-8] [INFO] [1787307766.197600899] [move_group.moveit.moveit.plugins.simple_controller_manager]: Returned 2 controllers in list
[move_group-8] [INFO] [1787307766.197734581] [moveit.simple_controller_manager.follow_joint_trajectory_controller_handle]: sending trajectory to joint_trajectory_controller
[gazebo-2] [INFO] [1787307766.197985236] [joint_trajectory_controller]: Received new action goal
[gazebo-2] [INFO] [1787307766.198019660] [joint_trajectory_controller]: Accepted new action goal
[move_group-8] [INFO] [1787307766.198405076] [moveit.simple_controller_manager.follow_joint_trajectory_controller_handle]: joint_trajectory_controller started execution
[move_group-8] [INFO] [1787307766.198419622] [moveit.simple_controller_manager.follow_joint_trajectory_controller_handle]: Goal request accepted!
[gazebo-2] [INFO] [1787307769.043709402] [joint_trajectory_controller]: Goal reached, success!
[move_group-8] [INFO] [1787307769.049122919] [moveit.simple_controller_manager.follow_joint_trajectory_controller_handle]: Controller 'joint_trajectory_controller' successfully finished
[move_group-8] [INFO] [1787307769.095037348] [move_group.moveit.moveit.ros.trajectory_execution_manager]: Completed trajectory execution with status SUCCEEDED ...
[move_group-8] [INFO] [1787307769.098043426] [move_group.moveit.moveit.ros.move_group.move_action]: Solution was found and executed.
[move_group-8] [INFO] [1787307769.879267175] [move_group.moveit.moveit.ros.move_group.move_action]: MoveGroupMoveAction: Received request
[move_group-8] [INFO] [1787307769.879527591] [move_group.moveit.moveit.ros.move_group.move_action]: executing..
[move_group-8] [WARN] [1787307769.895055877] [move_group.moveit.moveit.ros.planning_scene_monitor]: Unable to transform object from frame 'calibration_target' to planning frame'world' (Could not find a connection between 'world' and 'calibration_target' because they are not part of the same tree.Tf has two or more unconnected trees.)
[move_group-8] [WARN] [1787307769.895145925] [move_group.moveit.moveit.ros.planning_scene_monitor]: Unable to transform object from frame 'camera_color_optical_frame' to planning frame'world' (Could not find a connection between 'world' and 'camera_color_optical_frame' because they are not part of the same tree.Tf has two or more unconnected trees.)
[move_group-8] [INFO] [1787307769.895181471] [move_group.moveit.moveit.ros.move_group.move_action]: Combined planning and execution request received for MoveGroup action. Forwarding to planning and execution pipeline.
[move_group-8] [WARN] [1787307769.895202647] [move_group.moveit.moveit.ros.move_group.capability]: Execution of motions should always start at the robot's current state. Ignoring the state supplied as start state in the motion planning request
[move_group-8] [WARN] [1787307769.895223916] [move_group.moveit.moveit.ros.move_group.capability]: Execution of motions should always start at the robot's current state. Ignoring the state supplied as difference in the planning scene diff
[move_group-8] [INFO] [1787307769.895236107] [move_group.moveit.moveit.ros.plan_execution]: Planning attempt 1 of at most 1
[move_group-8] [INFO] [1787307769.895432897] [move_group]: Calling PlanningRequestAdapter 'CheckStartStateBounds'
[move_group-8] [INFO] [1787307769.895474004] [move_group]: Calling PlanningRequestAdapter 'CheckStartStateCollision'
[move_group-8] [INFO] [1787307769.895533589] [move_group]: Calling PlanningRequestAdapter 'ResolveConstraintFrames'
[move_group-8] [INFO] [1787307769.895552151] [move_group]: Calling PlanningRequestAdapter 'ValidateWorkspaceBounds'
[move_group-8] [INFO] [1787307769.895881651] [move_group.moveit.moveit.planners.ompl.model_based_planning_context]: Planner configuration 'ar_manipulator' will use planner 'geometric::RRTConnect'. Additional configuration parameters will be set when the planner is constructed.
[move_group-8] [INFO] [1787307769.895964613] [move_group]: Calling Planner 'OMPL'
[move_group-8] [INFO] [1787307769.910351596] [move_group]: Calling PlanningResponseAdapter 'AddTimeOptimalParameterization'
[move_group-8] [WARN] [1787307769.910398472] [move_group.moveit.moveit.core.time_optimal_trajectory_generation]: Invalid max_velocity_scaling_factor 0.000000 specified, defaulting to 1.000000 instead.
[move_group-8] [WARN] [1787307769.910421816] [move_group.moveit.moveit.core.time_optimal_trajectory_generation]: Invalid max_acceleration_scaling_factor 0.000000 specified, defaulting to 1.000000 instead.
[move_group-8] [INFO] [1787307769.911089761] [move_group]: Calling PlanningResponseAdapter 'ValidateSolution'
[move_group-8] [WARN] [1787307769.911358358] [move_group.moveit.moveit.ros.planning_pipeline]: The planner plugin did not fill out the 'planner_id' field of the MotionPlanResponse. Setting it to the planner ID name of the MotionPlanRequest assuming that the planner plugin does warn you if it does not use the requested planner.
[move_group-8] [INFO] [1787307769.911496744] [move_group.moveit.moveit.plugins.simple_controller_manager]: Returned 2 controllers in list
[move_group-8] [INFO] [1787307769.911521936] [move_group.moveit.moveit.plugins.simple_controller_manager]: Returned 2 controllers in list
[move_group-8] [INFO] [1787307769.911588369] [move_group.moveit.moveit.ros.trajectory_execution_manager]: Validating trajectory with allowed_start_tolerance 0.01
[move_group-8] [INFO] [1787307769.912168568] [move_group.moveit.moveit.ros.trajectory_execution_manager]: Starting trajectory execution ...
[move_group-8] [INFO] [1787307769.912213794] [move_group.moveit.moveit.plugins.simple_controller_manager]: Returned 2 controllers in list
[move_group-8] [INFO] [1787307769.912247390] [move_group.moveit.moveit.plugins.simple_controller_manager]: Returned 2 controllers in list
[move_group-8] [INFO] [1787307769.912393557] [moveit.simple_controller_manager.follow_joint_trajectory_controller_handle]: sending trajectory to joint_trajectory_controller
[gazebo-2] [INFO] [1787307769.912612322] [joint_trajectory_controller]: Received new action goal
[gazebo-2] [INFO] [1787307769.912644963] [joint_trajectory_controller]: Accepted new action goal
[move_group-8] [INFO] [1787307769.912803461] [moveit.simple_controller_manager.follow_joint_trajectory_controller_handle]: joint_trajectory_controller started execution
[move_group-8] [INFO] [1787307769.912820238] [moveit.simple_controller_manager.follow_joint_trajectory_controller_handle]: Goal request accepted!
[gazebo-2] [INFO] [1787307771.777848209] [joint_trajectory_controller]: Goal reached, success!
[move_group-8] [INFO] [1787307771.813231002] [moveit.simple_controller_manager.follow_joint_trajectory_controller_handle]: Controller 'joint_trajectory_controller' successfully finished
[move_group-8] [INFO] [1787307771.861004448] [move_group.moveit.moveit.ros.trajectory_execution_manager]: Completed trajectory execution with status SUCCEEDED ...
[move_group-8] [INFO] [1787307771.862415317] [move_group.moveit.moveit.ros.move_group.move_action]: Solution was found and executed.
[move_group-8] [INFO] [1787307772.586925975] [move_group.moveit.moveit.ros.move_group.move_action]: MoveGroupMoveAction: Received request
[move_group-8] [INFO] [1787307772.587205714] [move_group.moveit.moveit.ros.move_group.move_action]: executing..
[move_group-8] [WARN] [1787307772.620509837] [move_group.moveit.moveit.ros.planning_scene_monitor]: Unable to transform object from frame 'calibration_target' to planning frame'world' (Could not find a connection between 'world' and 'calibration_target' because they are not part of the same tree.Tf has two or more unconnected trees.)
[move_group-8] [WARN] [1787307772.620585297] [move_group.moveit.moveit.ros.planning_scene_monitor]: Unable to transform object from frame 'camera_color_optical_frame' to planning frame'world' (Could not find a connection between 'world' and 'camera_color_optical_frame' because they are not part of the same tree.Tf has two or more unconnected trees.)
[move_group-8] [INFO] [1787307772.620614369] [move_group.moveit.moveit.ros.move_group.move_action]: Combined planning and execution request received for MoveGroup action. Forwarding to planning and execution pipeline.
[move_group-8] [WARN] [1787307772.620630938] [move_group.moveit.moveit.ros.move_group.capability]: Execution of motions should always start at the robot's current state. Ignoring the state supplied as start state in the motion planning request
[move_group-8] [WARN] [1787307772.620653152] [move_group.moveit.moveit.ros.move_group.capability]: Execution of motions should always start at the robot's current state. Ignoring the state supplied as difference in the planning scene diff
[move_group-8] [INFO] [1787307772.620684786] [move_group.moveit.moveit.ros.plan_execution]: Planning attempt 1 of at most 1
[move_group-8] [INFO] [1787307772.620841194] [move_group]: Calling PlanningRequestAdapter 'CheckStartStateBounds'
[move_group-8] [INFO] [1787307772.620883287] [move_group]: Calling PlanningRequestAdapter 'CheckStartStateCollision'
[move_group-8] [INFO] [1787307772.620946763] [move_group]: Calling PlanningRequestAdapter 'ResolveConstraintFrames'
[move_group-8] [INFO] [1787307772.620964225] [move_group]: Calling PlanningRequestAdapter 'ValidateWorkspaceBounds'
[move_group-8] [INFO] [1787307772.621246808] [move_group.moveit.moveit.planners.ompl.model_based_planning_context]: Planner configuration 'ar_manipulator' will use planner 'geometric::RRTConnect'. Additional configuration parameters will be set when the planner is constructed.
[move_group-8] [INFO] [1787307772.621312868] [move_group]: Calling Planner 'OMPL'
[move_group-8] [INFO] [1787307772.645573332] [move_group]: Calling PlanningResponseAdapter 'AddTimeOptimalParameterization'
[move_group-8] [WARN] [1787307772.645640440] [move_group.moveit.moveit.core.time_optimal_trajectory_generation]: Invalid max_velocity_scaling_factor 0.000000 specified, defaulting to 1.000000 instead.
[move_group-8] [WARN] [1787307772.645660516] [move_group.moveit.moveit.core.time_optimal_trajectory_generation]: Invalid max_acceleration_scaling_factor 0.000000 specified, defaulting to 1.000000 instead.
[move_group-8] [INFO] [1787307772.647044152] [move_group]: Calling PlanningResponseAdapter 'ValidateSolution'
[move_group-8] [WARN] [1787307772.647550624] [move_group.moveit.moveit.ros.planning_pipeline]: The planner plugin did not fill out the 'planner_id' field of the MotionPlanResponse. Setting it to the planner ID name of the MotionPlanRequest assuming that the planner plugin does warn you if it does not use the requested planner.
[move_group-8] [INFO] [1787307772.647707634] [move_group.moveit.moveit.plugins.simple_controller_manager]: Returned 2 controllers in list
[move_group-8] [INFO] [1787307772.647739767] [move_group.moveit.moveit.plugins.simple_controller_manager]: Returned 2 controllers in list
[move_group-8] [INFO] [1787307772.647818630] [move_group.moveit.moveit.ros.trajectory_execution_manager]: Validating trajectory with allowed_start_tolerance 0.01
[move_group-8] [INFO] [1787307772.654814912] [move_group.moveit.moveit.ros.trajectory_execution_manager]: Starting trajectory execution ...
[move_group-8] [INFO] [1787307772.654916715] [move_group.moveit.moveit.plugins.simple_controller_manager]: Returned 2 controllers in list
[move_group-8] [INFO] [1787307772.654961672] [move_group.moveit.moveit.plugins.simple_controller_manager]: Returned 2 controllers in list
[move_group-8] [INFO] [1787307772.655093656] [moveit.simple_controller_manager.follow_joint_trajectory_controller_handle]: sending trajectory to joint_trajectory_controller
[gazebo-2] [INFO] [1787307772.655422077] [joint_trajectory_controller]: Received new action goal
[gazebo-2] [INFO] [1787307772.655460155] [joint_trajectory_controller]: Accepted new action goal
[move_group-8] [INFO] [1787307772.655681036] [moveit.simple_controller_manager.follow_joint_trajectory_controller_handle]: joint_trajectory_controller started execution
[move_group-8] [INFO] [1787307772.655696650] [moveit.simple_controller_manager.follow_joint_trajectory_controller_handle]: Goal request accepted!
[gazebo-2] [INFO] [1787307776.400927915] [joint_trajectory_controller]: Goal reached, success!
[move_group-8] [INFO] [1787307776.406029369] [moveit.simple_controller_manager.follow_joint_trajectory_controller_handle]: Controller 'joint_trajectory_controller' successfully finished
[move_group-8] [INFO] [1787307776.451907871] [move_group.moveit.moveit.ros.trajectory_execution_manager]: Completed trajectory execution with status SUCCEEDED ...
[move_group-8] [INFO] [1787307776.455152575] [move_group.moveit.moveit.ros.move_group.move_action]: Solution was found and executed.
[move_group-8] [INFO] [1787307777.240401813] [move_group.moveit.moveit.ros.move_group.move_action]: MoveGroupMoveAction: Received request
[move_group-8] [INFO] [1787307777.240632949] [move_group.moveit.moveit.ros.move_group.move_action]: executing..
[move_group-8] [WARN] [1787307777.245844942] [move_group.moveit.moveit.ros.planning_scene_monitor]: Unable to transform object from frame 'calibration_target' to planning frame'world' (Could not find a connection between 'world' and 'calibration_target' because they are not part of the same tree.Tf has two or more unconnected trees.)
[move_group-8] [WARN] [1787307777.245969255] [move_group.moveit.moveit.ros.planning_scene_monitor]: Unable to transform object from frame 'camera_color_optical_frame' to planning frame'world' (Could not find a connection between 'world' and 'camera_color_optical_frame' because they are not part of the same tree.Tf has two or more unconnected trees.)
[move_group-8] [INFO] [1787307777.246013887] [move_group.moveit.moveit.ros.move_group.move_action]: Combined planning and execution request received for MoveGroup action. Forwarding to planning and execution pipeline.
[move_group-8] [WARN] [1787307777.246038407] [move_group.moveit.moveit.ros.move_group.capability]: Execution of motions should always start at the robot's current state. Ignoring the state supplied as start state in the motion planning request
[move_group-8] [WARN] [1787307777.246062253] [move_group.moveit.moveit.ros.move_group.capability]: Execution of motions should always start at the robot's current state. Ignoring the state supplied as difference in the planning scene diff
[move_group-8] [INFO] [1787307777.246075083] [move_group.moveit.moveit.ros.plan_execution]: Planning attempt 1 of at most 1
[move_group-8] [INFO] [1787307777.246232598] [move_group]: Calling PlanningRequestAdapter 'CheckStartStateBounds'
[move_group-8] [INFO] [1787307777.246283246] [move_group]: Calling PlanningRequestAdapter 'CheckStartStateCollision'
[move_group-8] [INFO] [1787307777.246343364] [move_group]: Calling PlanningRequestAdapter 'ResolveConstraintFrames'
[move_group-8] [INFO] [1787307777.246370695] [move_group]: Calling PlanningRequestAdapter 'ValidateWorkspaceBounds'
[move_group-8] [INFO] [1787307777.246728322] [move_group.moveit.moveit.planners.ompl.model_based_planning_context]: Planner configuration 'ar_manipulator' will use planner 'geometric::RRTConnect'. Additional configuration parameters will be set when the planner is constructed.
[move_group-8] [INFO] [1787307777.246846536] [move_group]: Calling Planner 'OMPL'
[move_group-8] [INFO] [1787307777.261100544] [move_group]: Calling PlanningResponseAdapter 'AddTimeOptimalParameterization'
[move_group-8] [WARN] [1787307777.261161191] [move_group.moveit.moveit.core.time_optimal_trajectory_generation]: Invalid max_velocity_scaling_factor 0.000000 specified, defaulting to 1.000000 instead.
[move_group-8] [WARN] [1787307777.261174727] [move_group.moveit.moveit.core.time_optimal_trajectory_generation]: Invalid max_acceleration_scaling_factor 0.000000 specified, defaulting to 1.000000 instead.
[move_group-8] [INFO] [1787307777.262185106] [move_group]: Calling PlanningResponseAdapter 'ValidateSolution'
[move_group-8] [WARN] [1787307777.262491640] [move_group.moveit.moveit.ros.planning_pipeline]: The planner plugin did not fill out the 'planner_id' field of the MotionPlanResponse. Setting it to the planner ID name of the MotionPlanRequest assuming that the planner plugin does warn you if it does not use the requested planner.
[move_group-8] [INFO] [1787307777.262623659] [move_group.moveit.moveit.plugins.simple_controller_manager]: Returned 2 controllers in list
[move_group-8] [INFO] [1787307777.262676060] [move_group.moveit.moveit.plugins.simple_controller_manager]: Returned 2 controllers in list
[move_group-8] [INFO] [1787307777.262752245] [move_group.moveit.moveit.ros.trajectory_execution_manager]: Validating trajectory with allowed_start_tolerance 0.01
[move_group-8] [INFO] [1787307777.303393008] [move_group.moveit.moveit.ros.trajectory_execution_manager]: Starting trajectory execution ...
[move_group-8] [INFO] [1787307777.303528460] [move_group.moveit.moveit.plugins.simple_controller_manager]: Returned 2 controllers in list
[move_group-8] [INFO] [1787307777.303565479] [move_group.moveit.moveit.plugins.simple_controller_manager]: Returned 2 controllers in list
[move_group-8] [INFO] [1787307777.303692499] [moveit.simple_controller_manager.follow_joint_trajectory_controller_handle]: sending trajectory to joint_trajectory_controller
[gazebo-2] [INFO] [1787307777.304001957] [joint_trajectory_controller]: Received new action goal
[gazebo-2] [INFO] [1787307777.304040221] [joint_trajectory_controller]: Accepted new action goal
[move_group-8] [INFO] [1787307777.304208138] [moveit.simple_controller_manager.follow_joint_trajectory_controller_handle]: joint_trajectory_controller started execution
[move_group-8] [INFO] [1787307777.304221104] [moveit.simple_controller_manager.follow_joint_trajectory_controller_handle]: Goal request accepted!
[gazebo-2] [INFO] [1787307779.481968277] [joint_trajectory_controller]: Goal reached, success!
[move_group-8] [INFO] [1787307779.482681126] [moveit.simple_controller_manager.follow_joint_trajectory_controller_handle]: Controller 'joint_trajectory_controller' successfully finished
[move_group-8] [INFO] [1787307779.513665704] [move_group.moveit.moveit.ros.trajectory_execution_manager]: Completed trajectory execution with status SUCCEEDED ...
[move_group-8] [INFO] [1787307779.521744661] [move_group.moveit.moveit.ros.move_group.move_action]: Solution was found and executed.
[move_group-8] [INFO] [1787307780.254777884] [move_group.moveit.moveit.ros.move_group.move_action]: MoveGroupMoveAction: Received request
[move_group-8] [INFO] [1787307780.254981980] [move_group.moveit.moveit.ros.move_group.move_action]: executing..
[move_group-8] [WARN] [1787307780.266028813] [move_group.moveit.moveit.ros.planning_scene_monitor]: Unable to transform object from frame 'calibration_target' to planning frame'world' (Could not find a connection between 'world' and 'calibration_target' because they are not part of the same tree.Tf has two or more unconnected trees.)
[move_group-8] [WARN] [1787307780.266128035] [move_group.moveit.moveit.ros.planning_scene_monitor]: Unable to transform object from frame 'camera_color_optical_frame' to planning frame'world' (Could not find a connection between 'world' and 'camera_color_optical_frame' because they are not part of the same tree.Tf has two or more unconnected trees.)
[move_group-8] [INFO] [1787307780.266171713] [move_group.moveit.moveit.ros.move_group.move_action]: Combined planning and execution request received for MoveGroup action. Forwarding to planning and execution pipeline.
[move_group-8] [WARN] [1787307780.266213109] [move_group.moveit.moveit.ros.move_group.capability]: Execution of motions should always start at the robot's current state. Ignoring the state supplied as start state in the motion planning request
[move_group-8] [WARN] [1787307780.266237505] [move_group.moveit.moveit.ros.move_group.capability]: Execution of motions should always start at the robot's current state. Ignoring the state supplied as difference in the planning scene diff
[move_group-8] [INFO] [1787307780.266250698] [move_group.moveit.moveit.ros.plan_execution]: Planning attempt 1 of at most 1
[move_group-8] [INFO] [1787307780.266397176] [move_group]: Calling PlanningRequestAdapter 'CheckStartStateBounds'
[move_group-8] [INFO] [1787307780.266443178] [move_group]: Calling PlanningRequestAdapter 'CheckStartStateCollision'
[move_group-8] [INFO] [1787307780.266523231] [move_group]: Calling PlanningRequestAdapter 'ResolveConstraintFrames'
[move_group-8] [INFO] [1787307780.266545688] [move_group]: Calling PlanningRequestAdapter 'ValidateWorkspaceBounds'
[move_group-8] [INFO] [1787307780.266880486] [move_group.moveit.moveit.planners.ompl.model_based_planning_context]: Planner configuration 'ar_manipulator' will use planner 'geometric::RRTConnect'. Additional configuration parameters will be set when the planner is constructed.
[move_group-8] [INFO] [1787307780.266976108] [move_group]: Calling Planner 'OMPL'
[move_group-8] [INFO] [1787307780.291222852] [move_group]: Calling PlanningResponseAdapter 'AddTimeOptimalParameterization'
[move_group-8] [WARN] [1787307780.291279641] [move_group.moveit.moveit.core.time_optimal_trajectory_generation]: Invalid max_velocity_scaling_factor 0.000000 specified, defaulting to 1.000000 instead.
[move_group-8] [WARN] [1787307780.291302429] [move_group.moveit.moveit.core.time_optimal_trajectory_generation]: Invalid max_acceleration_scaling_factor 0.000000 specified, defaulting to 1.000000 instead.
[move_group-8] [INFO] [1787307780.293110450] [move_group]: Calling PlanningResponseAdapter 'ValidateSolution'
[move_group-8] [WARN] [1787307780.293589051] [move_group.moveit.moveit.ros.planning_pipeline]: The planner plugin did not fill out the 'planner_id' field of the MotionPlanResponse. Setting it to the planner ID name of the MotionPlanRequest assuming that the planner plugin does warn you if it does not use the requested planner.
[move_group-8] [INFO] [1787307780.293715697] [move_group.moveit.moveit.plugins.simple_controller_manager]: Returned 2 controllers in list
[move_group-8] [INFO] [1787307780.293747229] [move_group.moveit.moveit.plugins.simple_controller_manager]: Returned 2 controllers in list
[move_group-8] [INFO] [1787307780.293822615] [move_group.moveit.moveit.ros.trajectory_execution_manager]: Validating trajectory with allowed_start_tolerance 0.01
[move_group-8] [INFO] [1787307780.300137003] [move_group.moveit.moveit.ros.trajectory_execution_manager]: Starting trajectory execution ...
[move_group-8] [INFO] [1787307780.300236381] [move_group.moveit.moveit.plugins.simple_controller_manager]: Returned 2 controllers in list
[move_group-8] [INFO] [1787307780.300272829] [move_group.moveit.moveit.plugins.simple_controller_manager]: Returned 2 controllers in list
[move_group-8] [INFO] [1787307780.300383232] [moveit.simple_controller_manager.follow_joint_trajectory_controller_handle]: sending trajectory to joint_trajectory_controller
[gazebo-2] [INFO] [1787307780.300687634] [joint_trajectory_controller]: Received new action goal
[gazebo-2] [INFO] [1787307780.300723574] [joint_trajectory_controller]: Accepted new action goal
[move_group-8] [INFO] [1787307780.300915115] [moveit.simple_controller_manager.follow_joint_trajectory_controller_handle]: joint_trajectory_controller started execution
[move_group-8] [INFO] [1787307780.300928837] [moveit.simple_controller_manager.follow_joint_trajectory_controller_handle]: Goal request accepted!
[gazebo-2] [INFO] [1787307784.899425719] [joint_trajectory_controller]: Goal reached, success!
[move_group-8] [INFO] [1787307784.901162183] [moveit.simple_controller_manager.follow_joint_trajectory_controller_handle]: Controller 'joint_trajectory_controller' successfully finished
[move_group-8] [INFO] [1787307784.965811121] [move_group.moveit.moveit.ros.trajectory_execution_manager]: Completed trajectory execution with status SUCCEEDED ...
[move_group-8] [INFO] [1787307784.970396663] [move_group.moveit.moveit.ros.move_group.move_action]: Solution was found and executed.
[move_group-8] [INFO] [1787307785.718749459] [move_group.moveit.moveit.ros.move_group.move_action]: MoveGroupMoveAction: Received request
[move_group-8] [INFO] [1787307785.719089299] [move_group.moveit.moveit.ros.move_group.move_action]: executing..
[move_group-8] [WARN] [1787307785.727528730] [move_group.moveit.moveit.ros.planning_scene_monitor]: Unable to transform object from frame 'calibration_target' to planning frame'world' (Could not find a connection between 'world' and 'calibration_target' because they are not part of the same tree.Tf has two or more unconnected trees.)
[move_group-8] [WARN] [1787307785.727605559] [move_group.moveit.moveit.ros.planning_scene_monitor]: Unable to transform object from frame 'camera_color_optical_frame' to planning frame'world' (Could not find a connection between 'world' and 'camera_color_optical_frame' because they are not part of the same tree.Tf has two or more unconnected trees.)
[move_group-8] [INFO] [1787307785.727645161] [move_group.moveit.moveit.ros.move_group.move_action]: Combined planning and execution request received for MoveGroup action. Forwarding to planning and execution pipeline.
[move_group-8] [WARN] [1787307785.727669010] [move_group.moveit.moveit.ros.move_group.capability]: Execution of motions should always start at the robot's current state. Ignoring the state supplied as start state in the motion planning request
[move_group-8] [WARN] [1787307785.727693824] [move_group.moveit.moveit.ros.move_group.capability]: Execution of motions should always start at the robot's current state. Ignoring the state supplied as difference in the planning scene diff
[move_group-8] [INFO] [1787307785.727709308] [move_group.moveit.moveit.ros.plan_execution]: Planning attempt 1 of at most 1
[move_group-8] [INFO] [1787307785.727846267] [move_group]: Calling PlanningRequestAdapter 'CheckStartStateBounds'
[move_group-8] [INFO] [1787307785.727883483] [move_group]: Calling PlanningRequestAdapter 'CheckStartStateCollision'
[move_group-8] [INFO] [1787307785.727950016] [move_group]: Calling PlanningRequestAdapter 'ResolveConstraintFrames'
[move_group-8] [INFO] [1787307785.727970887] [move_group]: Calling PlanningRequestAdapter 'ValidateWorkspaceBounds'
[move_group-8] [INFO] [1787307785.728258867] [move_group.moveit.moveit.planners.ompl.model_based_planning_context]: Planner configuration 'ar_manipulator' will use planner 'geometric::RRTConnect'. Additional configuration parameters will be set when the planner is constructed.
[move_group-8] [INFO] [1787307785.728333423] [move_group]: Calling Planner 'OMPL'
[move_group-8] [INFO] [1787307785.741160638] [move_group]: Calling PlanningResponseAdapter 'AddTimeOptimalParameterization'
[move_group-8] [WARN] [1787307785.741208886] [move_group.moveit.moveit.core.time_optimal_trajectory_generation]: Invalid max_velocity_scaling_factor 0.000000 specified, defaulting to 1.000000 instead.
[move_group-8] [WARN] [1787307785.741222170] [move_group.moveit.moveit.core.time_optimal_trajectory_generation]: Invalid max_acceleration_scaling_factor 0.000000 specified, defaulting to 1.000000 instead.
[move_group-8] [INFO] [1787307785.742479832] [move_group]: Calling PlanningResponseAdapter 'ValidateSolution'
[move_group-8] [WARN] [1787307785.742733129] [move_group.moveit.moveit.ros.planning_pipeline]: The planner plugin did not fill out the 'planner_id' field of the MotionPlanResponse. Setting it to the planner ID name of the MotionPlanRequest assuming that the planner plugin does warn you if it does not use the requested planner.
[move_group-8] [INFO] [1787307785.742836702] [move_group.moveit.moveit.plugins.simple_controller_manager]: Returned 2 controllers in list
[move_group-8] [INFO] [1787307785.742855071] [move_group.moveit.moveit.plugins.simple_controller_manager]: Returned 2 controllers in list
[move_group-8] [INFO] [1787307785.742899821] [move_group.moveit.moveit.ros.trajectory_execution_manager]: Validating trajectory with allowed_start_tolerance 0.01
[move_group-8] [INFO] [1787307785.760545466] [move_group.moveit.moveit.ros.trajectory_execution_manager]: Starting trajectory execution ...
[move_group-8] [INFO] [1787307785.760669302] [move_group.moveit.moveit.plugins.simple_controller_manager]: Returned 2 controllers in list
[move_group-8] [INFO] [1787307785.760702045] [move_group.moveit.moveit.plugins.simple_controller_manager]: Returned 2 controllers in list
[move_group-8] [INFO] [1787307785.760853031] [moveit.simple_controller_manager.follow_joint_trajectory_controller_handle]: sending trajectory to joint_trajectory_controller
[gazebo-2] [INFO] [1787307785.761389601] [joint_trajectory_controller]: Received new action goal
[gazebo-2] [INFO] [1787307785.761431341] [joint_trajectory_controller]: Accepted new action goal
[move_group-8] [INFO] [1787307785.761634616] [moveit.simple_controller_manager.follow_joint_trajectory_controller_handle]: joint_trajectory_controller started execution
[move_group-8] [INFO] [1787307785.761649062] [moveit.simple_controller_manager.follow_joint_trajectory_controller_handle]: Goal request accepted!
[gazebo-2] [INFO] [1787307790.303285304] [joint_trajectory_controller]: Goal reached, success!
[move_group-8] [INFO] [1787307790.312230957] [moveit.simple_controller_manager.follow_joint_trajectory_controller_handle]: Controller 'joint_trajectory_controller' successfully finished
[move_group-8] [INFO] [1787307790.370404612] [move_group.moveit.moveit.ros.trajectory_execution_manager]: Completed trajectory execution with status SUCCEEDED ...
[move_group-8] [INFO] [1787307790.370830242] [move_group.moveit.moveit.ros.move_group.move_action]: Solution was found and executed.
[move_group-8] [INFO] [1787307791.061413533] [move_group.moveit.moveit.ros.move_group.move_action]: MoveGroupMoveAction: Received request
[move_group-8] [INFO] [1787307791.061658300] [move_group.moveit.moveit.ros.move_group.move_action]: executing..
[move_group-8] [WARN] [1787307791.080173376] [move_group.moveit.moveit.ros.planning_scene_monitor]: Unable to transform object from frame 'calibration_target' to planning frame'world' (Could not find a connection between 'world' and 'calibration_target' because they are not part of the same tree.Tf has two or more unconnected trees.)
[move_group-8] [WARN] [1787307791.080272424] [move_group.moveit.moveit.ros.planning_scene_monitor]: Unable to transform object from frame 'camera_color_optical_frame' to planning frame'world' (Could not find a connection between 'world' and 'camera_color_optical_frame' because they are not part of the same tree.Tf has two or more unconnected trees.)
[move_group-8] [INFO] [1787307791.080315109] [move_group.moveit.moveit.ros.move_group.move_action]: Combined planning and execution request received for MoveGroup action. Forwarding to planning and execution pipeline.
[move_group-8] [WARN] [1787307791.080344178] [move_group.moveit.moveit.ros.move_group.capability]: Execution of motions should always start at the robot's current state. Ignoring the state supplied as start state in the motion planning request
[move_group-8] [WARN] [1787307791.080369687] [move_group.moveit.moveit.ros.move_group.capability]: Execution of motions should always start at the robot's current state. Ignoring the state supplied as difference in the planning scene diff
[move_group-8] [INFO] [1787307791.080383687] [move_group.moveit.moveit.ros.plan_execution]: Planning attempt 1 of at most 1
[move_group-8] [INFO] [1787307791.080542098] [move_group]: Calling PlanningRequestAdapter 'CheckStartStateBounds'
[move_group-8] [INFO] [1787307791.080578691] [move_group]: Calling PlanningRequestAdapter 'CheckStartStateCollision'
[move_group-8] [INFO] [1787307791.080645660] [move_group]: Calling PlanningRequestAdapter 'ResolveConstraintFrames'
[move_group-8] [INFO] [1787307791.080667506] [move_group]: Calling PlanningRequestAdapter 'ValidateWorkspaceBounds'
[move_group-8] [INFO] [1787307791.080973980] [move_group.moveit.moveit.planners.ompl.model_based_planning_context]: Planner configuration 'ar_manipulator' will use planner 'geometric::RRTConnect'. Additional configuration parameters will be set when the planner is constructed.
[move_group-8] [INFO] [1787307791.081069458] [move_group]: Calling Planner 'OMPL'
[move_group-8] [INFO] [1787307791.096380625] [move_group]: Calling PlanningResponseAdapter 'AddTimeOptimalParameterization'
[move_group-8] [WARN] [1787307791.096448674] [move_group.moveit.moveit.core.time_optimal_trajectory_generation]: Invalid max_velocity_scaling_factor 0.000000 specified, defaulting to 1.000000 instead.
[move_group-8] [WARN] [1787307791.096476093] [move_group.moveit.moveit.core.time_optimal_trajectory_generation]: Invalid max_acceleration_scaling_factor 0.000000 specified, defaulting to 1.000000 instead.
[move_group-8] [INFO] [1787307791.097741975] [move_group]: Calling PlanningResponseAdapter 'ValidateSolution'
[move_group-8] [WARN] [1787307791.098144882] [move_group.moveit.moveit.ros.planning_pipeline]: The planner plugin did not fill out the 'planner_id' field of the MotionPlanResponse. Setting it to the planner ID name of the MotionPlanRequest assuming that the planner plugin does warn you if it does not use the requested planner.
[move_group-8] [INFO] [1787307791.098273933] [move_group.moveit.moveit.plugins.simple_controller_manager]: Returned 2 controllers in list
[move_group-8] [INFO] [1787307791.098298643] [move_group.moveit.moveit.plugins.simple_controller_manager]: Returned 2 controllers in list
[move_group-8] [INFO] [1787307791.098354176] [move_group.moveit.moveit.ros.trajectory_execution_manager]: Validating trajectory with allowed_start_tolerance 0.01
[move_group-8] [INFO] [1787307791.114460467] [move_group.moveit.moveit.ros.trajectory_execution_manager]: Starting trajectory execution ...
[move_group-8] [INFO] [1787307791.114554970] [move_group.moveit.moveit.plugins.simple_controller_manager]: Returned 2 controllers in list
[move_group-8] [INFO] [1787307791.114593130] [move_group.moveit.moveit.plugins.simple_controller_manager]: Returned 2 controllers in list
[move_group-8] [INFO] [1787307791.114714895] [moveit.simple_controller_manager.follow_joint_trajectory_controller_handle]: sending trajectory to joint_trajectory_controller
[gazebo-2] [INFO] [1787307791.115060868] [joint_trajectory_controller]: Received new action goal
[gazebo-2] [INFO] [1787307791.115097119] [joint_trajectory_controller]: Accepted new action goal
[move_group-8] [INFO] [1787307791.115293596] [moveit.simple_controller_manager.follow_joint_trajectory_controller_handle]: joint_trajectory_controller started execution
[move_group-8] [INFO] [1787307791.115310284] [moveit.simple_controller_manager.follow_joint_trajectory_controller_handle]: Goal request accepted!
[gazebo-2] [INFO] [1787307795.119436787] [joint_trajectory_controller]: Goal reached, success!
[move_group-8] [INFO] [1787307795.165697304] [moveit.simple_controller_manager.follow_joint_trajectory_controller_handle]: Controller 'joint_trajectory_controller' successfully finished
[move_group-8] [INFO] [1787307795.205251669] [move_group.moveit.moveit.ros.trajectory_execution_manager]: Completed trajectory execution with status SUCCEEDED ...
[move_group-8] [INFO] [1787307795.214674665] [move_group.moveit.moveit.ros.move_group.move_action]: Solution was found and executed.
[move_group-8] [INFO] [1787307795.934455781] [move_group.moveit.moveit.ros.move_group.move_action]: MoveGroupMoveAction: Received request
[move_group-8] [INFO] [1787307795.934687715] [move_group.moveit.moveit.ros.move_group.move_action]: executing..
[move_group-8] [WARN] [1787307795.945106574] [move_group.moveit.moveit.ros.planning_scene_monitor]: Unable to transform object from frame 'calibration_target' to planning frame'world' (Could not find a connection between 'world' and 'calibration_target' because they are not part of the same tree.Tf has two or more unconnected trees.)
[move_group-8] [WARN] [1787307795.945199460] [move_group.moveit.moveit.ros.planning_scene_monitor]: Unable to transform object from frame 'camera_color_optical_frame' to planning frame'world' (Could not find a connection between 'world' and 'camera_color_optical_frame' because they are not part of the same tree.Tf has two or more unconnected trees.)
[move_group-8] [INFO] [1787307795.945237849] [move_group.moveit.moveit.ros.move_group.move_action]: Combined planning and execution request received for MoveGroup action. Forwarding to planning and execution pipeline.
[move_group-8] [WARN] [1787307795.945259187] [move_group.moveit.moveit.ros.move_group.capability]: Execution of motions should always start at the robot's current state. Ignoring the state supplied as start state in the motion planning request
[move_group-8] [WARN] [1787307795.945280742] [move_group.moveit.moveit.ros.move_group.capability]: Execution of motions should always start at the robot's current state. Ignoring the state supplied as difference in the planning scene diff
[move_group-8] [INFO] [1787307795.945319811] [move_group.moveit.moveit.ros.plan_execution]: Planning attempt 1 of at most 1
[move_group-8] [INFO] [1787307795.945453961] [move_group]: Calling PlanningRequestAdapter 'CheckStartStateBounds'
[move_group-8] [INFO] [1787307795.945484151] [move_group]: Calling PlanningRequestAdapter 'CheckStartStateCollision'
[move_group-8] [INFO] [1787307795.945525592] [move_group]: Calling PlanningRequestAdapter 'ResolveConstraintFrames'
[move_group-8] [INFO] [1787307795.945535825] [move_group]: Calling PlanningRequestAdapter 'ValidateWorkspaceBounds'
[move_group-8] [INFO] [1787307795.945767821] [move_group.moveit.moveit.planners.ompl.model_based_planning_context]: Planner configuration 'ar_manipulator' will use planner 'geometric::RRTConnect'. Additional configuration parameters will be set when the planner is constructed.
[move_group-8] [INFO] [1787307795.945830651] [move_group]: Calling Planner 'OMPL'
[move_group-8] [INFO] [1787307795.970783613] [move_group]: Calling PlanningResponseAdapter 'AddTimeOptimalParameterization'
[move_group-8] [WARN] [1787307795.970854196] [move_group.moveit.moveit.core.time_optimal_trajectory_generation]: Invalid max_velocity_scaling_factor 0.000000 specified, defaulting to 1.000000 instead.
[move_group-8] [WARN] [1787307795.970879560] [move_group.moveit.moveit.core.time_optimal_trajectory_generation]: Invalid max_acceleration_scaling_factor 0.000000 specified, defaulting to 1.000000 instead.
[move_group-8] [INFO] [1787307795.972001992] [move_group]: Calling PlanningResponseAdapter 'ValidateSolution'
[move_group-8] [WARN] [1787307795.972387628] [move_group.moveit.moveit.ros.planning_pipeline]: The planner plugin did not fill out the 'planner_id' field of the MotionPlanResponse. Setting it to the planner ID name of the MotionPlanRequest assuming that the planner plugin does warn you if it does not use the requested planner.
[move_group-8] [INFO] [1787307795.972517574] [move_group.moveit.moveit.plugins.simple_controller_manager]: Returned 2 controllers in list
[move_group-8] [INFO] [1787307795.972547101] [move_group.moveit.moveit.plugins.simple_controller_manager]: Returned 2 controllers in list
[move_group-8] [INFO] [1787307795.972615390] [move_group.moveit.moveit.ros.trajectory_execution_manager]: Validating trajectory with allowed_start_tolerance 0.01
[move_group-8] [INFO] [1787307795.976676735] [move_group.moveit.moveit.ros.trajectory_execution_manager]: Starting trajectory execution ...
[move_group-8] [INFO] [1787307795.976753389] [move_group.moveit.moveit.plugins.simple_controller_manager]: Returned 2 controllers in list
[move_group-8] [INFO] [1787307795.976784223] [move_group.moveit.moveit.plugins.simple_controller_manager]: Returned 2 controllers in list
[move_group-8] [INFO] [1787307795.976888670] [moveit.simple_controller_manager.follow_joint_trajectory_controller_handle]: sending trajectory to joint_trajectory_controller
[gazebo-2] [INFO] [1787307795.977190714] [joint_trajectory_controller]: Received new action goal
[gazebo-2] [INFO] [1787307795.977232279] [joint_trajectory_controller]: Accepted new action goal
[move_group-8] [INFO] [1787307795.977424059] [moveit.simple_controller_manager.follow_joint_trajectory_controller_handle]: joint_trajectory_controller started execution
[move_group-8] [INFO] [1787307795.977440602] [moveit.simple_controller_manager.follow_joint_trajectory_controller_handle]: Goal request accepted!
[gazebo-2] [INFO] [1787307799.248701637] [joint_trajectory_controller]: Goal reached, success!
[move_group-8] [INFO] [1787307799.278214327] [moveit.simple_controller_manager.follow_joint_trajectory_controller_handle]: Controller 'joint_trajectory_controller' successfully finished
[move_group-8] [INFO] [1787307799.330615293] [move_group.moveit.moveit.ros.trajectory_execution_manager]: Completed trajectory execution with status SUCCEEDED ...
[move_group-8] [INFO] [1787307799.336903627] [move_group.moveit.moveit.ros.move_group.move_action]: Solution was found and executed.
[move_group-8] [INFO] [1787307800.085142553] [move_group.moveit.moveit.ros.move_group.move_action]: MoveGroupMoveAction: Received request
[move_group-8] [INFO] [1787307800.085355744] [move_group.moveit.moveit.ros.move_group.move_action]: executing..
[move_group-8] [WARN] [1787307800.103449579] [move_group.moveit.moveit.ros.planning_scene_monitor]: Unable to transform object from frame 'calibration_target' to planning frame'world' (Could not find a connection between 'world' and 'calibration_target' because they are not part of the same tree.Tf has two or more unconnected trees.)
[move_group-8] [WARN] [1787307800.103540659] [move_group.moveit.moveit.ros.planning_scene_monitor]: Unable to transform object from frame 'camera_color_optical_frame' to planning frame'world' (Could not find a connection between 'world' and 'camera_color_optical_frame' because they are not part of the same tree.Tf has two or more unconnected trees.)
[move_group-8] [INFO] [1787307800.103577429] [move_group.moveit.moveit.ros.move_group.move_action]: Combined planning and execution request received for MoveGroup action. Forwarding to planning and execution pipeline.
[move_group-8] [WARN] [1787307800.103628231] [move_group.moveit.moveit.ros.move_group.capability]: Execution of motions should always start at the robot's current state. Ignoring the state supplied as start state in the motion planning request
[move_group-8] [WARN] [1787307800.103655744] [move_group.moveit.moveit.ros.move_group.capability]: Execution of motions should always start at the robot's current state. Ignoring the state supplied as difference in the planning scene diff
[move_group-8] [INFO] [1787307800.103669661] [move_group.moveit.moveit.ros.plan_execution]: Planning attempt 1 of at most 1
[move_group-8] [INFO] [1787307800.103814999] [move_group]: Calling PlanningRequestAdapter 'CheckStartStateBounds'
[move_group-8] [INFO] [1787307800.103853627] [move_group]: Calling PlanningRequestAdapter 'CheckStartStateCollision'
[move_group-8] [INFO] [1787307800.103913592] [move_group]: Calling PlanningRequestAdapter 'ResolveConstraintFrames'
[move_group-8] [INFO] [1787307800.103932045] [move_group]: Calling PlanningRequestAdapter 'ValidateWorkspaceBounds'
[move_group-8] [INFO] [1787307800.104232921] [move_group.moveit.moveit.planners.ompl.model_based_planning_context]: Planner configuration 'ar_manipulator' will use planner 'geometric::RRTConnect'. Additional configuration parameters will be set when the planner is constructed.
[move_group-8] [INFO] [1787307800.104322963] [move_group]: Calling Planner 'OMPL'
[move_group-8] [INFO] [1787307800.118372720] [move_group]: Calling PlanningResponseAdapter 'AddTimeOptimalParameterization'
[move_group-8] [WARN] [1787307800.118446064] [move_group.moveit.moveit.core.time_optimal_trajectory_generation]: Invalid max_velocity_scaling_factor 0.000000 specified, defaulting to 1.000000 instead.
[move_group-8] [WARN] [1787307800.118473348] [move_group.moveit.moveit.core.time_optimal_trajectory_generation]: Invalid max_acceleration_scaling_factor 0.000000 specified, defaulting to 1.000000 instead.
[move_group-8] [INFO] [1787307800.119236784] [move_group]: Calling PlanningResponseAdapter 'ValidateSolution'
[move_group-8] [WARN] [1787307800.119806666] [move_group.moveit.moveit.ros.planning_pipeline]: The planner plugin did not fill out the 'planner_id' field of the MotionPlanResponse. Setting it to the planner ID name of the MotionPlanRequest assuming that the planner plugin does warn you if it does not use the requested planner.
[move_group-8] [INFO] [1787307800.119976838] [move_group.moveit.moveit.plugins.simple_controller_manager]: Returned 2 controllers in list
[move_group-8] [INFO] [1787307800.120011076] [move_group.moveit.moveit.plugins.simple_controller_manager]: Returned 2 controllers in list
[move_group-8] [INFO] [1787307800.120096043] [move_group.moveit.moveit.ros.trajectory_execution_manager]: Validating trajectory with allowed_start_tolerance 0.01
[move_group-8] [INFO] [1787307800.120653928] [move_group.moveit.moveit.ros.trajectory_execution_manager]: Starting trajectory execution ...
[move_group-8] [INFO] [1787307800.120725859] [move_group.moveit.moveit.plugins.simple_controller_manager]: Returned 2 controllers in list
[move_group-8] [INFO] [1787307800.120760803] [move_group.moveit.moveit.plugins.simple_controller_manager]: Returned 2 controllers in list
[move_group-8] [INFO] [1787307800.120872868] [moveit.simple_controller_manager.follow_joint_trajectory_controller_handle]: sending trajectory to joint_trajectory_controller
[gazebo-2] [INFO] [1787307800.121108267] [joint_trajectory_controller]: Received new action goal
[gazebo-2] [INFO] [1787307800.121144062] [joint_trajectory_controller]: Accepted new action goal
[move_group-8] [INFO] [1787307800.122517792] [moveit.simple_controller_manager.follow_joint_trajectory_controller_handle]: joint_trajectory_controller started execution
[move_group-8] [INFO] [1787307800.122550909] [moveit.simple_controller_manager.follow_joint_trajectory_controller_handle]: Goal request accepted!
[gazebo-2] [INFO] [1787307802.367414560] [joint_trajectory_controller]: Goal reached, success!
[move_group-8] [INFO] [1787307802.371702621] [moveit.simple_controller_manager.follow_joint_trajectory_controller_handle]: Controller 'joint_trajectory_controller' successfully finished
[move_group-8] [INFO] [1787307802.431381963] [move_group.moveit.moveit.ros.trajectory_execution_manager]: Completed trajectory execution with status SUCCEEDED ...
[move_group-8] [INFO] [1787307802.440847344] [move_group.moveit.moveit.ros.move_group.move_action]: Solution was found and executed.
[move_group-8] [INFO] [1787307803.097354045] [move_group.moveit.moveit.ros.move_group.move_action]: MoveGroupMoveAction: Received request
[move_group-8] [INFO] [1787307803.097612030] [move_group.moveit.moveit.ros.move_group.move_action]: executing..
[move_group-8] [WARN] [1787307803.110677972] [move_group.moveit.moveit.ros.planning_scene_monitor]: Unable to transform object from frame 'calibration_target' to planning frame'world' (Could not find a connection between 'world' and 'calibration_target' because they are not part of the same tree.Tf has two or more unconnected trees.)
[move_group-8] [WARN] [1787307803.110771706] [move_group.moveit.moveit.ros.planning_scene_monitor]: Unable to transform object from frame 'camera_color_optical_frame' to planning frame'world' (Could not find a connection between 'world' and 'camera_color_optical_frame' because they are not part of the same tree.Tf has two or more unconnected trees.)
[move_group-8] [INFO] [1787307803.110809160] [move_group.moveit.moveit.ros.move_group.move_action]: Combined planning and execution request received for MoveGroup action. Forwarding to planning and execution pipeline.
[move_group-8] [WARN] [1787307803.110835291] [move_group.moveit.moveit.ros.move_group.capability]: Execution of motions should always start at the robot's current state. Ignoring the state supplied as start state in the motion planning request
[move_group-8] [WARN] [1787307803.110858662] [move_group.moveit.moveit.ros.move_group.capability]: Execution of motions should always start at the robot's current state. Ignoring the state supplied as difference in the planning scene diff
[move_group-8] [INFO] [1787307803.110872507] [move_group.moveit.moveit.ros.plan_execution]: Planning attempt 1 of at most 1
[move_group-8] [INFO] [1787307803.111022104] [move_group]: Calling PlanningRequestAdapter 'CheckStartStateBounds'
[move_group-8] [INFO] [1787307803.111064602] [move_group]: Calling PlanningRequestAdapter 'CheckStartStateCollision'
[move_group-8] [INFO] [1787307803.111166191] [move_group]: Calling PlanningRequestAdapter 'ResolveConstraintFrames'
[move_group-8] [INFO] [1787307803.111189562] [move_group]: Calling PlanningRequestAdapter 'ValidateWorkspaceBounds'
[move_group-8] [INFO] [1787307803.111489484] [move_group.moveit.moveit.planners.ompl.model_based_planning_context]: Planner configuration 'ar_manipulator' will use planner 'geometric::RRTConnect'. Additional configuration parameters will be set when the planner is constructed.
[move_group-8] [INFO] [1787307803.111584401] [move_group]: Calling Planner 'OMPL'
[move_group-8] [INFO] [1787307803.125406591] [move_group]: Calling PlanningResponseAdapter 'AddTimeOptimalParameterization'
[move_group-8] [WARN] [1787307803.125457692] [move_group.moveit.moveit.core.time_optimal_trajectory_generation]: Invalid max_velocity_scaling_factor 0.000000 specified, defaulting to 1.000000 instead.
[move_group-8] [WARN] [1787307803.125480088] [move_group.moveit.moveit.core.time_optimal_trajectory_generation]: Invalid max_acceleration_scaling_factor 0.000000 specified, defaulting to 1.000000 instead.
[move_group-8] [INFO] [1787307803.126389650] [move_group]: Calling PlanningResponseAdapter 'ValidateSolution'
[move_group-8] [WARN] [1787307803.126647697] [move_group.moveit.moveit.ros.planning_pipeline]: The planner plugin did not fill out the 'planner_id' field of the MotionPlanResponse. Setting it to the planner ID name of the MotionPlanRequest assuming that the planner plugin does warn you if it does not use the requested planner.
[move_group-8] [INFO] [1787307803.126742510] [move_group.moveit.moveit.plugins.simple_controller_manager]: Returned 2 controllers in list
[move_group-8] [INFO] [1787307803.126765798] [move_group.moveit.moveit.plugins.simple_controller_manager]: Returned 2 controllers in list
[move_group-8] [INFO] [1787307803.126825211] [move_group.moveit.moveit.ros.trajectory_execution_manager]: Validating trajectory with allowed_start_tolerance 0.01
[move_group-8] [INFO] [1787307803.127658050] [move_group.moveit.moveit.ros.trajectory_execution_manager]: Starting trajectory execution ...
[move_group-8] [INFO] [1787307803.127723047] [move_group.moveit.moveit.plugins.simple_controller_manager]: Returned 2 controllers in list
[move_group-8] [INFO] [1787307803.127757429] [move_group.moveit.moveit.plugins.simple_controller_manager]: Returned 2 controllers in list
[move_group-8] [INFO] [1787307803.127866024] [moveit.simple_controller_manager.follow_joint_trajectory_controller_handle]: sending trajectory to joint_trajectory_controller
[gazebo-2] [INFO] [1787307803.128094276] [joint_trajectory_controller]: Received new action goal
[gazebo-2] [INFO] [1787307803.128122524] [joint_trajectory_controller]: Accepted new action goal
[move_group-8] [INFO] [1787307803.128307074] [moveit.simple_controller_manager.follow_joint_trajectory_controller_handle]: joint_trajectory_controller started execution
[move_group-8] [INFO] [1787307803.128323035] [moveit.simple_controller_manager.follow_joint_trajectory_controller_handle]: Goal request accepted!
[gazebo-2] [INFO] [1787307806.180366148] [joint_trajectory_controller]: Goal reached, success!
[move_group-8] [INFO] [1787307806.229232946] [moveit.simple_controller_manager.follow_joint_trajectory_controller_handle]: Controller 'joint_trajectory_controller' successfully finished
[move_group-8] [INFO] [1787307806.262222402] [move_group.moveit.moveit.ros.trajectory_execution_manager]: Completed trajectory execution with status SUCCEEDED ...
[move_group-8] [INFO] [1787307806.267815667] [move_group.moveit.moveit.ros.move_group.move_action]: Solution was found and executed.
[move_group-8] [INFO] [1787307806.978464212] [move_group.moveit.moveit.ros.move_group.move_action]: MoveGroupMoveAction: Received request
[move_group-8] [INFO] [1787307806.978814394] [move_group.moveit.moveit.ros.move_group.move_action]: executing..
[move_group-8] [WARN] [1787307806.992756773] [move_group.moveit.moveit.ros.planning_scene_monitor]: Unable to transform object from frame 'calibration_target' to planning frame'world' (Could not find a connection between 'world' and 'calibration_target' because they are not part of the same tree.Tf has two or more unconnected trees.)
[move_group-8] [WARN] [1787307806.992844716] [move_group.moveit.moveit.ros.planning_scene_monitor]: Unable to transform object from frame 'camera_color_optical_frame' to planning frame'world' (Could not find a connection between 'world' and 'camera_color_optical_frame' because they are not part of the same tree.Tf has two or more unconnected trees.)
[move_group-8] [INFO] [1787307806.992883623] [move_group.moveit.moveit.ros.move_group.move_action]: Combined planning and execution request received for MoveGroup action. Forwarding to planning and execution pipeline.
[move_group-8] [WARN] [1787307806.992902438] [move_group.moveit.moveit.ros.move_group.capability]: Execution of motions should always start at the robot's current state. Ignoring the state supplied as start state in the motion planning request
[move_group-8] [WARN] [1787307806.992916282] [move_group.moveit.moveit.ros.move_group.capability]: Execution of motions should always start at the robot's current state. Ignoring the state supplied as difference in the planning scene diff
[move_group-8] [INFO] [1787307806.992924460] [move_group.moveit.moveit.ros.plan_execution]: Planning attempt 1 of at most 1
[move_group-8] [INFO] [1787307806.993083823] [move_group]: Calling PlanningRequestAdapter 'CheckStartStateBounds'
[move_group-8] [INFO] [1787307806.993123124] [move_group]: Calling PlanningRequestAdapter 'CheckStartStateCollision'
[move_group-8] [INFO] [1787307806.993226903] [move_group]: Calling PlanningRequestAdapter 'ResolveConstraintFrames'
[move_group-8] [INFO] [1787307806.993251530] [move_group]: Calling PlanningRequestAdapter 'ValidateWorkspaceBounds'
[move_group-8] [INFO] [1787307806.993535263] [move_group.moveit.moveit.planners.ompl.model_based_planning_context]: Planner configuration 'ar_manipulator' will use planner 'geometric::RRTConnect'. Additional configuration parameters will be set when the planner is constructed.
[move_group-8] [INFO] [1787307806.993597675] [move_group]: Calling Planner 'OMPL'
[move_group-8] [INFO] [1787307807.017363062] [move_group]: Calling PlanningResponseAdapter 'AddTimeOptimalParameterization'
[move_group-8] [WARN] [1787307807.017427862] [move_group.moveit.moveit.core.time_optimal_trajectory_generation]: Invalid max_velocity_scaling_factor 0.000000 specified, defaulting to 1.000000 instead.
[move_group-8] [WARN] [1787307807.017448908] [move_group.moveit.moveit.core.time_optimal_trajectory_generation]: Invalid max_acceleration_scaling_factor 0.000000 specified, defaulting to 1.000000 instead.
[move_group-8] [INFO] [1787307807.018484365] [move_group]: Calling PlanningResponseAdapter 'ValidateSolution'
[move_group-8] [WARN] [1787307807.018817838] [move_group.moveit.moveit.ros.planning_pipeline]: The planner plugin did not fill out the 'planner_id' field of the MotionPlanResponse. Setting it to the planner ID name of the MotionPlanRequest assuming that the planner plugin does warn you if it does not use the requested planner.
[move_group-8] [INFO] [1787307807.018971203] [move_group.moveit.moveit.plugins.simple_controller_manager]: Returned 2 controllers in list
[move_group-8] [INFO] [1787307807.019001206] [move_group.moveit.moveit.plugins.simple_controller_manager]: Returned 2 controllers in list
[move_group-8] [INFO] [1787307807.019074059] [move_group.moveit.moveit.ros.trajectory_execution_manager]: Validating trajectory with allowed_start_tolerance 0.01
[move_group-8] [INFO] [1787307807.026482055] [move_group.moveit.moveit.ros.trajectory_execution_manager]: Starting trajectory execution ...
[move_group-8] [INFO] [1787307807.026547643] [move_group.moveit.moveit.plugins.simple_controller_manager]: Returned 2 controllers in list
[move_group-8] [INFO] [1787307807.026572146] [move_group.moveit.moveit.plugins.simple_controller_manager]: Returned 2 controllers in list
[move_group-8] [INFO] [1787307807.026665869] [moveit.simple_controller_manager.follow_joint_trajectory_controller_handle]: sending trajectory to joint_trajectory_controller
[gazebo-2] [INFO] [1787307807.026857362] [joint_trajectory_controller]: Received new action goal
[gazebo-2] [INFO] [1787307807.026884863] [joint_trajectory_controller]: Accepted new action goal
[move_group-8] [INFO] [1787307807.027069591] [moveit.simple_controller_manager.follow_joint_trajectory_controller_handle]: joint_trajectory_controller started execution
[move_group-8] [INFO] [1787307807.027082739] [moveit.simple_controller_manager.follow_joint_trajectory_controller_handle]: Goal request accepted!
[gazebo-2] [INFO] [1787307808.975390283] [joint_trajectory_controller]: Goal reached, success!
[move_group-8] [INFO] [1787307809.013997637] [moveit.simple_controller_manager.follow_joint_trajectory_controller_handle]: Controller 'joint_trajectory_controller' successfully finished
[move_group-8] [INFO] [1787307809.077080157] [move_group.moveit.moveit.ros.trajectory_execution_manager]: Completed trajectory execution with status SUCCEEDED ...
[move_group-8] [INFO] [1787307809.083276825] [move_group.moveit.moveit.ros.move_group.move_action]: Solution was found and executed.
[move_group-8] [INFO] [1787307809.832693029] [move_group.moveit.moveit.ros.move_group.move_action]: MoveGroupMoveAction: Received request
[move_group-8] [INFO] [1787307809.832976675] [move_group.moveit.moveit.ros.move_group.move_action]: executing..
[move_group-8] [WARN] [1787307809.838064907] [move_group.moveit.moveit.ros.planning_scene_monitor]: Unable to transform object from frame 'calibration_target' to planning frame'world' (Could not find a connection between 'world' and 'calibration_target' because they are not part of the same tree.Tf has two or more unconnected trees.)
[move_group-8] [WARN] [1787307809.838171784] [move_group.moveit.moveit.ros.planning_scene_monitor]: Unable to transform object from frame 'camera_color_optical_frame' to planning frame'world' (Could not find a connection between 'world' and 'camera_color_optical_frame' because they are not part of the same tree.Tf has two or more unconnected trees.)
[move_group-8] [INFO] [1787307809.838225118] [move_group.moveit.moveit.ros.move_group.move_action]: Combined planning and execution request received for MoveGroup action. Forwarding to planning and execution pipeline.
[move_group-8] [WARN] [1787307809.838251734] [move_group.moveit.moveit.ros.move_group.capability]: Execution of motions should always start at the robot's current state. Ignoring the state supplied as start state in the motion planning request
[move_group-8] [WARN] [1787307809.838272276] [move_group.moveit.moveit.ros.move_group.capability]: Execution of motions should always start at the robot's current state. Ignoring the state supplied as difference in the planning scene diff
[move_group-8] [INFO] [1787307809.838282723] [move_group.moveit.moveit.ros.plan_execution]: Planning attempt 1 of at most 1
[move_group-8] [INFO] [1787307809.838430767] [move_group]: Calling PlanningRequestAdapter 'CheckStartStateBounds'
[move_group-8] [INFO] [1787307809.838500436] [move_group]: Calling PlanningRequestAdapter 'CheckStartStateCollision'
[move_group-8] [INFO] [1787307809.838563244] [move_group]: Calling PlanningRequestAdapter 'ResolveConstraintFrames'
[move_group-8] [INFO] [1787307809.838577142] [move_group]: Calling PlanningRequestAdapter 'ValidateWorkspaceBounds'
[move_group-8] [INFO] [1787307809.838954590] [move_group.moveit.moveit.planners.ompl.model_based_planning_context]: Planner configuration 'ar_manipulator' will use planner 'geometric::RRTConnect'. Additional configuration parameters will be set when the planner is constructed.
[move_group-8] [INFO] [1787307809.839276050] [move_group]: Calling Planner 'OMPL'
[move_group-8] [INFO] [1787307809.852238704] [move_group]: Calling PlanningResponseAdapter 'AddTimeOptimalParameterization'
[move_group-8] [WARN] [1787307809.852298030] [move_group.moveit.moveit.core.time_optimal_trajectory_generation]: Invalid max_velocity_scaling_factor 0.000000 specified, defaulting to 1.000000 instead.
[move_group-8] [WARN] [1787307809.852311410] [move_group.moveit.moveit.core.time_optimal_trajectory_generation]: Invalid max_acceleration_scaling_factor 0.000000 specified, defaulting to 1.000000 instead.
[move_group-8] [INFO] [1787307809.853283775] [move_group]: Calling PlanningResponseAdapter 'ValidateSolution'
[move_group-8] [WARN] [1787307809.853470416] [move_group.moveit.moveit.ros.planning_pipeline]: The planner plugin did not fill out the 'planner_id' field of the MotionPlanResponse. Setting it to the planner ID name of the MotionPlanRequest assuming that the planner plugin does warn you if it does not use the requested planner.
[move_group-8] [INFO] [1787307809.853601970] [move_group.moveit.moveit.plugins.simple_controller_manager]: Returned 2 controllers in list
[move_group-8] [INFO] [1787307809.853627176] [move_group.moveit.moveit.plugins.simple_controller_manager]: Returned 2 controllers in list
[move_group-8] [INFO] [1787307809.853683578] [move_group.moveit.moveit.ros.trajectory_execution_manager]: Validating trajectory with allowed_start_tolerance 0.01
[move_group-8] [INFO] [1787307809.879138818] [move_group.moveit.moveit.ros.trajectory_execution_manager]: Starting trajectory execution ...
[move_group-8] [INFO] [1787307809.879229859] [move_group.moveit.moveit.plugins.simple_controller_manager]: Returned 2 controllers in list
[move_group-8] [INFO] [1787307809.879261283] [move_group.moveit.moveit.plugins.simple_controller_manager]: Returned 2 controllers in list
[move_group-8] [INFO] [1787307809.879362024] [moveit.simple_controller_manager.follow_joint_trajectory_controller_handle]: sending trajectory to joint_trajectory_controller
[gazebo-2] [INFO] [1787307809.879610405] [joint_trajectory_controller]: Received new action goal
[gazebo-2] [INFO] [1787307809.879646483] [joint_trajectory_controller]: Accepted new action goal
[move_group-8] [INFO] [1787307809.879893755] [moveit.simple_controller_manager.follow_joint_trajectory_controller_handle]: joint_trajectory_controller started execution
[move_group-8] [INFO] [1787307809.879908586] [moveit.simple_controller_manager.follow_joint_trajectory_controller_handle]: Goal request accepted!
[gazebo-2] [INFO] [1787307813.470112562] [joint_trajectory_controller]: Goal reached, success!
[move_group-8] [INFO] [1787307813.480827716] [moveit.simple_controller_manager.follow_joint_trajectory_controller_handle]: Controller 'joint_trajectory_controller' successfully finished
[move_group-8] [INFO] [1787307813.516716064] [move_group.moveit.moveit.ros.trajectory_execution_manager]: Completed trajectory execution with status SUCCEEDED ...
[move_group-8] [INFO] [1787307813.519387741] [move_group.moveit.moveit.ros.move_group.move_action]: Solution was found and executed.
[move_group-8] [INFO] [1787307814.187454531] [move_group.moveit.moveit.ros.move_group.move_action]: MoveGroupMoveAction: Received request
[move_group-8] [INFO] [1787307814.187753219] [move_group.moveit.moveit.ros.move_group.move_action]: executing..
[move_group-8] [WARN] [1787307814.200107444] [move_group.moveit.moveit.ros.planning_scene_monitor]: Unable to transform object from frame 'calibration_target' to planning frame'world' (Could not find a connection between 'world' and 'calibration_target' because they are not part of the same tree.Tf has two or more unconnected trees.)
[move_group-8] [WARN] [1787307814.200191468] [move_group.moveit.moveit.ros.planning_scene_monitor]: Unable to transform object from frame 'camera_color_optical_frame' to planning frame'world' (Could not find a connection between 'world' and 'camera_color_optical_frame' because they are not part of the same tree.Tf has two or more unconnected trees.)
[move_group-8] [INFO] [1787307814.200229515] [move_group.moveit.moveit.ros.move_group.move_action]: Combined planning and execution request received for MoveGroup action. Forwarding to planning and execution pipeline.
[move_group-8] [WARN] [1787307814.200258318] [move_group.moveit.moveit.ros.move_group.capability]: Execution of motions should always start at the robot's current state. Ignoring the state supplied as start state in the motion planning request
[move_group-8] [WARN] [1787307814.200282974] [move_group.moveit.moveit.ros.move_group.capability]: Execution of motions should always start at the robot's current state. Ignoring the state supplied as difference in the planning scene diff
[move_group-8] [INFO] [1787307814.200297318] [move_group.moveit.moveit.ros.plan_execution]: Planning attempt 1 of at most 1
[move_group-8] [INFO] [1787307814.200429370] [move_group]: Calling PlanningRequestAdapter 'CheckStartStateBounds'
[move_group-8] [INFO] [1787307814.200474807] [move_group]: Calling PlanningRequestAdapter 'CheckStartStateCollision'
[move_group-8] [INFO] [1787307814.200533521] [move_group]: Calling PlanningRequestAdapter 'ResolveConstraintFrames'
[move_group-8] [INFO] [1787307814.200556375] [move_group]: Calling PlanningRequestAdapter 'ValidateWorkspaceBounds'
[move_group-8] [INFO] [1787307814.200845819] [move_group.moveit.moveit.planners.ompl.model_based_planning_context]: Planner configuration 'ar_manipulator' will use planner 'geometric::RRTConnect'. Additional configuration parameters will be set when the planner is constructed.
[move_group-8] [INFO] [1787307814.200917726] [move_group]: Calling Planner 'OMPL'
[move_group-8] [INFO] [1787307814.214381637] [move_group]: Calling PlanningResponseAdapter 'AddTimeOptimalParameterization'
[move_group-8] [WARN] [1787307814.214431303] [move_group.moveit.moveit.core.time_optimal_trajectory_generation]: Invalid max_velocity_scaling_factor 0.000000 specified, defaulting to 1.000000 instead.
[move_group-8] [WARN] [1787307814.214445357] [move_group.moveit.moveit.core.time_optimal_trajectory_generation]: Invalid max_acceleration_scaling_factor 0.000000 specified, defaulting to 1.000000 instead.
[move_group-8] [INFO] [1787307814.214933599] [move_group]: Calling PlanningResponseAdapter 'ValidateSolution'
[move_group-8] [WARN] [1787307814.215052292] [move_group.moveit.moveit.ros.planning_pipeline]: The planner plugin did not fill out the 'planner_id' field of the MotionPlanResponse. Setting it to the planner ID name of the MotionPlanRequest assuming that the planner plugin does warn you if it does not use the requested planner.
[move_group-8] [INFO] [1787307814.215134128] [move_group.moveit.moveit.plugins.simple_controller_manager]: Returned 2 controllers in list
[move_group-8] [INFO] [1787307814.215152649] [move_group.moveit.moveit.plugins.simple_controller_manager]: Returned 2 controllers in list
[move_group-8] [INFO] [1787307814.215200740] [move_group.moveit.moveit.ros.trajectory_execution_manager]: Validating trajectory with allowed_start_tolerance 0.01
[move_group-8] [INFO] [1787307814.237642138] [move_group.moveit.moveit.ros.trajectory_execution_manager]: Starting trajectory execution ...
[move_group-8] [INFO] [1787307814.237730887] [move_group.moveit.moveit.plugins.simple_controller_manager]: Returned 2 controllers in list
[move_group-8] [INFO] [1787307814.237757368] [move_group.moveit.moveit.plugins.simple_controller_manager]: Returned 2 controllers in list
[move_group-8] [INFO] [1787307814.237861592] [moveit.simple_controller_manager.follow_joint_trajectory_controller_handle]: sending trajectory to joint_trajectory_controller
[gazebo-2] [INFO] [1787307814.238072777] [joint_trajectory_controller]: Received new action goal
[gazebo-2] [INFO] [1787307814.238109922] [joint_trajectory_controller]: Accepted new action goal
[move_group-8] [INFO] [1787307814.238722588] [moveit.simple_controller_manager.follow_joint_trajectory_controller_handle]: joint_trajectory_controller started execution
[move_group-8] [INFO] [1787307814.238736798] [moveit.simple_controller_manager.follow_joint_trajectory_controller_handle]: Goal request accepted!
[gazebo-2] [INFO] [1787307816.574791235] [joint_trajectory_controller]: Goal reached, success!
[move_group-8] [INFO] [1787307816.588637734] [moveit.simple_controller_manager.follow_joint_trajectory_controller_handle]: Controller 'joint_trajectory_controller' successfully finished
[move_group-8] [INFO] [1787307816.625992009] [move_group.moveit.moveit.ros.trajectory_execution_manager]: Completed trajectory execution with status SUCCEEDED ...
[move_group-8] [INFO] [1787307816.627978449] [move_group.moveit.moveit.ros.move_group.move_action]: Solution was found and executed.
[WARNING] [launch]: user interrupted with ctrl-c (SIGINT)
[robot_state_publisher-1] [INFO] [1787307819.583359284] [rclcpp]: signal_handler(SIGINT/SIGTERM)
[parameter_bridge-4] [INFO] [1787307819.583353616] [rclcpp]: signal_handler(SIGINT/SIGTERM)
[move_group-8] [INFO] [1787307819.583401770] [rclcpp]: signal_handler(SIGINT/SIGTERM)
[move_group-8] Stack trace (most recent call last):
[move_group-8] #6    Object "", at 0xffffffffffffffff, in 
[INFO] [parameter_bridge-4]: process has finished cleanly [pid 335524]
[INFO] [robot_state_publisher-1]: process has finished cleanly [pid 335521]
[INFO] [ground_truth-9]: process has finished cleanly [pid 335529]
[ERROR] [move_group-8]: process[move_group-8] failed to terminate '5' seconds after receiving 'SIGINT', escalating to 'SIGTERM'
[ERROR] [gazebo-2]: process[gazebo-2] failed to terminate '5' seconds after receiving 'SIGINT', escalating to 'SIGTERM'
[INFO] [move_group-8]: sending signal 'SIGTERM' to process[move_group-8]
[INFO] [gazebo-2]: sending signal 'SIGTERM' to process[gazebo-2]
[ERROR] [gazebo-2]: process has died [pid 335522, exit code -15, cmd 'ruby /opt/ros/jazzy/opt/gz_tools_vendor/bin/gz sim -s --headless-rendering -r -v 4 --physics-engine gz-physics-bullet-featherstone-plugin /home/jonas/Documents/Bachelorarbeit/robocal/install/annin_ar4_gazebo/share/annin_ar4_gazebo/worlds/calibration.world --force-version 8'].
[INFO] [launch]: process[gazebo-2] was required: shutting down launched system
[ERROR] [move_group-8]: process has died [pid 335528, exit code -15, cmd '/opt/ros/jazzy/lib/moveit_ros_move_group/move_group --ros-args -p use_sim_time:=True --params-file /tmp/launch_params_jtd5q5av --params-file /tmp/launch_params_7l0c145k --params-file /tmp/launch_params__th0_b6n --params-file /tmp/launch_params_0e81mo_e --params-file /tmp/launch_params_2tgx672p --params-file /tmp/launch_params_qapsu2ml --params-file /tmp/launch_params_igra15fq --params-file /tmp/launch_params_i7sm1war --params-file /tmp/launch_params_kojqa64g --params-file /tmp/launch_params_8bodf43k'].
