[INFO] [launch]: All log files can be found below /home/jonas/benchmarks/runs/sim_wp3-s002-ba4df1fb4d/ros_home/log/2026-08-21-17-04-43-578310-Feanor-455143
[INFO] [launch]: Default logging verbosity is set to INFO
[INFO] [robot_state_publisher-1]: process started with pid [455187]
[INFO] [gazebo-2]: process started with pid [455188]
[INFO] [create-3]: process started with pid [455189]
[INFO] [parameter_bridge-4]: process started with pid [455190]
[INFO] [spawner-5]: process started with pid [455191]
[INFO] [spawner-6]: process started with pid [455192]
[INFO] [spawner-7]: process started with pid [455193]
[INFO] [move_group-8]: process started with pid [455194]
[INFO] [ground_truth-9]: process started with pid [455195]
[create-3] [INFO] [1787324696.214484305] [ros_gz_sim]: Requesting list of world names.
[parameter_bridge-4] [INFO] [1787324696.241221991] [gz_bridge]: Creating GZ->ROS Bridge: [/clock (gz.msgs.Clock) -> /clock (rosgraph_msgs/msg/Clock)] (Lazy 0)
[parameter_bridge-4] [INFO] [1787324696.241947061] [gz_bridge]: Creating GZ->ROS Bridge: [/sim_camera/color/image_raw (gz.msgs.Image) -> /sim_camera/color/image_raw (sensor_msgs/msg/Image)] (Lazy 0)
[parameter_bridge-4] [INFO] [1787324696.248673175] [gz_bridge]: Creating GZ->ROS Bridge: [/sim_camera/color/camera_info (gz.msgs.CameraInfo) -> /sim_camera/color/camera_info (sensor_msgs/msg/CameraInfo)] (Lazy 0)
[robot_state_publisher-1] [INFO] [1787324696.329505943] [robot_state_publisher]: Robot initialized
[gazebo-2] [1;32m[Msg] [0m[1;32mGazebo Sim Server v[0m[1;32m8.11.0[0m[1;32m[0m
[gazebo-2] [1;32m[Msg] [0m[1;32mLoading SDF world file[[0m[1;32m/home/jonas/Documents/Bachelorarbeit/robocal/install/annin_ar4_gazebo/share/annin_ar4_gazebo/worlds/calibration.world[0m[1;32m].[0m
[gazebo-2] [1;32m[Msg] [0m[1;32mServing entity system service on [[0m[1;32m/[0m[1;32mentity/system/add[0m[1;32m][0m[1;32m[0m
[gazebo-2] [1;36m[Dbg] [Physics.cc:906] [0m[1;36mLoaded [[0m[1;36mgz::physics::bullet_featherstone::Plugin[0m[1;36m] from library [[0m[1;36m/opt/ros/jazzy/opt/gz_physics_vendor/lib/gz-physics-7/engine-plugins/libgz-physics-bullet-featherstone-plugin.so[0m[1;36m][0m[1;36m[0m
[gazebo-2] [1;36m[Dbg] [SystemManager.cc:80] [0m[1;36mLoaded system [[0m[1;36mgz::sim::systems::Physics[0m[1;36m] for entity [[0m[1;36m1[0m[1;36m][0m[1;36m[0m
[gazebo-2] [1;32m[Msg] [0m[1;32mCreate[0m[1;32m service on [[0m[1;32m/world/default/create_multiple[0m[1;32m] (async)[0m[1;32m[0m
[gazebo-2] [1;32m[Msg] [0m[1;32mCreate[0m[1;32m service on [[0m[1;32m/world/default/create_multiple/blocking[0m[1;32m] (blocking)[0m[1;32m[0m
[gazebo-2] [1;32m[Msg] [0m[1;32mRemove[0m[1;32m service on [[0m[1;32m/world/default/remove[0m[1;32m] (async)[0m[1;32m[0m
[gazebo-2] [1;32m[Msg] [0m[1;32mRemove[0m[1;32m service on [[0m[1;32m/world/default/remove/blocking[0m[1;32m] (blocking)[0m[1;32m[0m
[gazebo-2] [1;32m[Msg] [0m[1;32mPose[0m[1;32m service on [[0m[1;32m/world/default/set_pose[0m[1;32m] (async)[0m[1;32m[0m
[gazebo-2] [1;32m[Msg] [0m[1;32mPose[0m[1;32m service on [[0m[1;32m/world/default/set_pose/blocking[0m[1;32m] (blocking)[0m[1;32m[0m
[gazebo-2] [1;32m[Msg] [0m[1;32mPose[0m[1;32m service on [[0m[1;32m/world/default/set_pose_vector[0m[1;32m] (async)[0m[1;32m[0m
[gazebo-2] [1;32m[Msg] [0m[1;32mPose[0m[1;32m service on [[0m[1;32m/world/default/set_pose_vector/blocking[0m[1;32m] (blocking)[0m[1;32m[0m
[gazebo-2] [1;32m[Msg] [0m[1;32mLight configuration[0m[1;32m service on [[0m[1;32m/world/default/light_config[0m[1;32m] (async)[0m[1;32m[0m
[gazebo-2] [1;32m[Msg] [0m[1;32mLight configuration[0m[1;32m service on [[0m[1;32m/world/default/light_config/blocking[0m[1;32m] (blocking)[0m[1;32m[0m
[gazebo-2] [1;32m[Msg] [0m[1;32mPhysics[0m[1;32m service on [[0m[1;32m/world/default/set_physics[0m[1;32m] (async)[0m[1;32m[0m
[gazebo-2] [1;32m[Msg] [0m[1;32mPhysics[0m[1;32m service on [[0m[1;32m/world/default/set_physics/blocking[0m[1;32m] (blocking)[0m[1;32m[0m
[gazebo-2] [1;32m[Msg] [0m[1;32mSphericalCoordinates[0m[1;32m service on [[0m[1;32m/world/default/set_spherical_coordinates[0m[1;32m] (async)[0m[1;32m[0m
[gazebo-2] [1;32m[Msg] [0m[1;32mSphericalCoordinates[0m[1;32m service on [[0m[1;32m/world/default/set_spherical_coordinates/blocking[0m[1;32m] (blocking)[0m[1;32m[0m
[gazebo-2] [1;32m[Msg] [0m[1;32mEnable collision[0m[1;32m service on [[0m[1;32m/world/default/enable_collision[0m[1;32m] (async)[0m[1;32m[0m
[gazebo-2] [1;32m[Msg] [0m[1;32mEnable collision[0m[1;32m service on [[0m[1;32m/world/default/enable_collision/blocking[0m[1;32m] (blocking)[0m[1;32m[0m
[gazebo-2] [1;32m[Msg] [0m[1;32mDisable collision[0m[1;32m service on [[0m[1;32m/world/default/disable_collision[0m[1;32m] (async)[0m[1;32m[0m
[gazebo-2] [1;32m[Msg] [0m[1;32mDisable collision[0m[1;32m service on [[0m[1;32m/world/default/disable_collision/blocking[0m[1;32m] (blocking)[0m[1;32m[0m
[gazebo-2] [1;32m[Msg] [0m[1;32mMaterial[0m[1;32m service on [[0m[1;32m/world/default/visual_config[0m[1;32m] (async)[0m[1;32m[0m
[gazebo-2] [1;32m[Msg] [0m[1;32mMaterial[0m[1;32m service on [[0m[1;32m/world/default/visual_config/blocking[0m[1;32m] (blocking)[0m[1;32m[0m
[gazebo-2] [1;32m[Msg] [0m[1;32mMaterial[0m[1;32m service on [[0m[1;32m/world/default/wheel_slip[0m[1;32m] (async)[0m[1;32m[0m
[gazebo-2] [1;32m[Msg] [0m[1;32mMaterial[0m[1;32m service on [[0m[1;32m/world/default/wheel_slip/blocking[0m[1;32m] (blocking)[0m[1;32m[0m
[gazebo-2] [1;36m[Dbg] [SystemManager.cc:80] [0m[1;36mLoaded system [[0m[1;36mgz::sim::systems::UserCommands[0m[1;36m] for entity [[0m[1;36m1[0m[1;36m][0m[1;36m[0m
[create-3] [INFO] [1787324696.736314127] [ros_gz_sim]: Entity creation successful.
[move_group-8] [INFO] [1787324696.765266952] [move_group.moveit.moveit.ros.rdf_loader]: Loaded robot model in 0 seconds
[move_group-8] [INFO] [1787324696.765407201] [move_group.moveit.moveit.core.robot_model]: Loading robot model 'mk5'...
[move_group-8] [INFO] [1787324696.765421218] [move_group.moveit.moveit.core.robot_model]: No root/virtual joint specified in SRDF. Assuming fixed joint
[move_group-8] [WARN] [1787324696.765447417] [move_group.moveit.moveit.core.robot_model]: Link base_link_aluminum has visual geometry but no collision geometry. Collision geometry will be left empty. Fix your URDF file by explicitly specifying collision geometry.
[move_group-8] [WARN] [1787324696.765458948] [move_group.moveit.moveit.core.robot_model]: Link base_link_enclosure has visual geometry but no collision geometry. Collision geometry will be left empty. Fix your URDF file by explicitly specifying collision geometry.
[move_group-8] [WARN] [1787324696.765467109] [move_group.moveit.moveit.core.robot_model]: Link base_link_motor has visual geometry but no collision geometry. Collision geometry will be left empty. Fix your URDF file by explicitly specifying collision geometry.
[move_group-8] Error:   Error retrieving file [file:///home/jonas/Documents/Bachelorarbeit/robocal/install/annin_ar4_description/share/annin_ar4_description/meshes/ar4_mk5/Link_6_Col.STL]: Couldn't open file /home/jonas/Documents/Bachelorarbeit/robocal/install/annin_ar4_description/share/annin_ar4_description/meshes/ar4_mk5/Link_6_Col.STL
[move_group-8]          at line 289 in ./src/mesh_operations.cpp
[move_group-8] [WARN] [1787324696.815357469] [move_group.moveit.moveit.core.robot_model]: Link link_6_aluminum has visual geometry but no collision geometry. Collision geometry will be left empty. Fix your URDF file by explicitly specifying collision geometry.
[move_group-8] Error:   Error retrieving file [file:///home/jonas/Documents/Bachelorarbeit/robocal/install/annin_ar4_description/share/annin_ar4_description/meshes/ar4_mk5/Link_5_Col.STL]: Couldn't open file /home/jonas/Documents/Bachelorarbeit/robocal/install/annin_ar4_description/share/annin_ar4_description/meshes/ar4_mk5/Link_5_Col.STL
[move_group-8]          at line 289 in ./src/mesh_operations.cpp
[move_group-8] [WARN] [1787324696.840227004] [move_group.moveit.moveit.core.robot_model]: Link link_5_aluminum has visual geometry but no collision geometry. Collision geometry will be left empty. Fix your URDF file by explicitly specifying collision geometry.
[move_group-8] [WARN] [1787324696.840279513] [move_group.moveit.moveit.core.robot_model]: Link link_5_motor has visual geometry but no collision geometry. Collision geometry will be left empty. Fix your URDF file by explicitly specifying collision geometry.
[INFO] [create-3]: process has finished cleanly [pid 455189]
[move_group-8] [WARN] [1787324696.881272381] [move_group.moveit.moveit.core.robot_model]: Link link_4_cover has visual geometry but no collision geometry. Collision geometry will be left empty. Fix your URDF file by explicitly specifying collision geometry.
[move_group-8] [WARN] [1787324696.881346867] [move_group.moveit.moveit.core.robot_model]: Link link_4_logo has visual geometry but no collision geometry. Collision geometry will be left empty. Fix your URDF file by explicitly specifying collision geometry.
[move_group-8] [WARN] [1787324696.881358267] [move_group.moveit.moveit.core.robot_model]: Link link_4_motor has visual geometry but no collision geometry. Collision geometry will be left empty. Fix your URDF file by explicitly specifying collision geometry.
[move_group-8] [WARN] [1787324696.908197429] [move_group.moveit.moveit.core.robot_model]: Link link_3_motor has visual geometry but no collision geometry. Collision geometry will be left empty. Fix your URDF file by explicitly specifying collision geometry.
[move_group-8] [WARN] [1787324696.938990093] [move_group.moveit.moveit.core.robot_model]: Link link_2_cover has visual geometry but no collision geometry. Collision geometry will be left empty. Fix your URDF file by explicitly specifying collision geometry.
[move_group-8] [WARN] [1787324696.939057360] [move_group.moveit.moveit.core.robot_model]: Link link_2_logo has visual geometry but no collision geometry. Collision geometry will be left empty. Fix your URDF file by explicitly specifying collision geometry.
[move_group-8] [WARN] [1787324696.939067948] [move_group.moveit.moveit.core.robot_model]: Link link_2_motor has visual geometry but no collision geometry. Collision geometry will be left empty. Fix your URDF file by explicitly specifying collision geometry.
[move_group-8] [WARN] [1787324696.968634182] [move_group.moveit.moveit.core.robot_model]: Link link_1_motor has visual geometry but no collision geometry. Collision geometry will be left empty. Fix your URDF file by explicitly specifying collision geometry.
[move_group-8] [INFO] [1787324697.135907404] [move_group.moveit.moveit.kinematics.kdl_kinematics_plugin]: Joint weights for group 'ar_manipulator': 1 1 1 1 1 1
[spawner-6] [INFO] [1787324697.165712911] [spawner_joint_trajectory_controller]: waiting for service /controller_manager/list_controllers to become available...
[move_group-8] [INFO] [1787324697.384965191] [move_group.moveit.moveit.ros.planning_scene_monitor]: Publishing maintained planning scene on 'monitored_planning_scene'
[move_group-8] [INFO] [1787324697.385139402] [move_group.moveit.moveit.ros.moveit_cpp]: Listening to 'joint_states' for joint states
[move_group-8] [INFO] [1787324697.386010599] [move_group.moveit.moveit.ros.current_state_monitor]: Listening to joint states on topic 'joint_states'
[move_group-8] [INFO] [1787324697.386617717] [move_group.moveit.moveit.ros.planning_scene_monitor]: Listening to '/attached_collision_object' for attached collision objects
[move_group-8] [INFO] [1787324697.386643208] [move_group.moveit.moveit.ros.planning_scene_monitor]: Stopping existing planning scene publisher.
[move_group-8] [INFO] [1787324697.386766819] [move_group.moveit.moveit.ros.planning_scene_monitor]: Stopped publishing maintained planning scene.
[move_group-8] [INFO] [1787324697.387193549] [move_group.moveit.moveit.ros.planning_scene_monitor]: Publishing maintained planning scene on 'monitored_planning_scene'
[move_group-8] [INFO] [1787324697.387281101] [move_group.moveit.moveit.ros.planning_scene_monitor]: Starting planning scene monitor
[move_group-8] [INFO] [1787324697.387842312] [move_group.moveit.moveit.ros.planning_scene_monitor]: Listening to '/planning_scene'
[move_group-8] [INFO] [1787324697.387874691] [move_group.moveit.moveit.ros.planning_scene_monitor]: Starting world geometry update monitor for collision objects, attached objects, octomap updates.
[move_group-8] [INFO] [1787324697.388509866] [move_group.moveit.moveit.ros.planning_scene_monitor]: Listening to 'collision_object'
[move_group-8] [INFO] [1787324697.389027557] [move_group.moveit.moveit.ros.planning_scene_monitor]: Listening to 'planning_scene_world' for planning scene world geometry
[move_group-8] [WARN] [1787324697.420403483] [move_group.moveit.moveit.ros.occupancy_map_monitor]: Resolution not specified for Octomap. Assuming resolution = 0.1 instead
[move_group-8] [ERROR] [1787324697.420453752] [move_group.moveit.moveit.ros.occupancy_map_monitor]: No 3D sensor plugin(s) defined for octomap updates
[move_group-8] [INFO] [1787324697.608807866] [move_group.moveit.moveit.ros.planning_pipeline]: Successfully loaded planner 'OMPL'
[move_group-8] [INFO] [1787324697.755616432] [move_group]: Try loading adapter 'default_planning_request_adapters/CheckStartStateBounds'
[move_group-8] [INFO] [1787324697.776284642] [move_group]: Loaded adapter 'default_planning_request_adapters/CheckStartStateBounds'
[move_group-8] [INFO] [1787324697.776319759] [move_group]: Try loading adapter 'default_planning_request_adapters/CheckStartStateCollision'
[move_group-8] [INFO] [1787324697.776340356] [move_group]: Loaded adapter 'default_planning_request_adapters/CheckStartStateCollision'
[move_group-8] [INFO] [1787324697.776348187] [move_group]: Try loading adapter 'default_planning_request_adapters/ResolveConstraintFrames'
[move_group-8] [INFO] [1787324697.776368473] [move_group]: Loaded adapter 'default_planning_request_adapters/ResolveConstraintFrames'
[move_group-8] [INFO] [1787324697.776372886] [move_group]: Try loading adapter 'default_planning_request_adapters/ValidateWorkspaceBounds'
[move_group-8] [INFO] [1787324697.776387275] [move_group]: Loaded adapter 'default_planning_request_adapters/ValidateWorkspaceBounds'
[move_group-8] [INFO] [1787324697.925680609] [move_group]: Try loading adapter 'default_planning_response_adapters/AddTimeOptimalParameterization'
[move_group-8] [INFO] [1787324697.951953695] [move_group]: Loaded adapter 'default_planning_response_adapters/AddTimeOptimalParameterization'
[move_group-8] [INFO] [1787324697.951988822] [move_group]: Try loading adapter 'default_planning_response_adapters/ValidateSolution'
[move_group-8] [INFO] [1787324697.955360618] [move_group]: Loaded adapter 'default_planning_response_adapters/ValidateSolution'
[move_group-8] [INFO] [1787324698.124042618] [move_group.moveit.moveit.planners.pilz.joint_limits_aggregator]: Reading limits from namespace robot_description_planning
[move_group-8] [INFO] [1787324698.180519897] [move_group.moveit.moveit.planners.pilz.command_planner]: Available plugins: pilz_industrial_motion_planner/PlanningContextLoaderCIRC pilz_industrial_motion_planner/PlanningContextLoaderLIN pilz_industrial_motion_planner/PlanningContextLoaderPTP 
[move_group-8] [INFO] [1787324698.180559571] [move_group.moveit.moveit.planners.pilz.command_planner]: About to load: pilz_industrial_motion_planner/PlanningContextLoaderCIRC
[move_group-8] [INFO] [1787324698.202067359] [move_group.moveit.moveit.planners.pilz.command_planner]: Registered Algorithm [CIRC]
[move_group-8] [INFO] [1787324698.202100404] [move_group.moveit.moveit.planners.pilz.command_planner]: About to load: pilz_industrial_motion_planner/PlanningContextLoaderLIN
[move_group-8] [INFO] [1787324698.221161775] [move_group.moveit.moveit.planners.pilz.command_planner]: Registered Algorithm [LIN]
[move_group-8] [INFO] [1787324698.221193055] [move_group.moveit.moveit.planners.pilz.command_planner]: About to load: pilz_industrial_motion_planner/PlanningContextLoaderPTP
[move_group-8] [INFO] [1787324698.240619345] [move_group.moveit.moveit.planners.pilz.command_planner]: Registered Algorithm [PTP]
[move_group-8] [INFO] [1787324698.240661717] [move_group.moveit.moveit.ros.planning_pipeline]: Successfully loaded planner 'Pilz Industrial Motion Planner'
[gazebo-2] [1;36m[Dbg] [SystemManager.cc:80] [0m[1;36mLoaded system [[0m[1;36mgz::sim::systems::SceneBroadcaster[0m[1;36m] for entity [[0m[1;36m1[0m[1;36m][0m[1;36m[0m
[gazebo-2] [1;36m[Dbg] [Sensors.cc:697] [0m[1;36mConfiguring Sensors system[0m[1;36m[0m
[gazebo-2] [1;36m[Dbg] [Sensors.cc:557] [0m[1;36mSensorsPrivate::Run[0m[1;36m[0m
[gazebo-2] [1;36m[Dbg] [SystemManager.cc:80] [0m[1;36mLoaded system [[0m[1;36mgz::sim::systems::Sensors[0m[1;36m] for entity [[0m[1;36m1[0m[1;36m][0m[1;36m[0m
[gazebo-2] [1;36m[Dbg] [Sensors.cc:532] [0m[1;36mSensorsPrivate::RenderThread started[0m[1;36m[0m
[gazebo-2] [1;36m[Dbg] [Sensors.cc:337] [0m[1;36mWaiting for init[0m[1;36m[0m
[gazebo-2] [1;32m[Msg] [0m[1;32mLoaded level [[0m[1;32mdefault[0m[1;32m][0m[1;32m[0m
[gazebo-2] [1;32m[Msg] [0m[1;32mServing world controls on [[0m[1;32m/world/default[0m[1;32m/control], [[0m[1;32m/world/default[0m[1;32m/control/state] and [[0m[1;32m/world/default[0m[1;32m/playback/control][0m[1;32m[0m
[gazebo-2] [1;32m[Msg] [0m[1;32mServing GUI information on [[0m[1;32m/world/default[0m[1;32m/[0m[1;32mgui/info[0m[1;32m][0m[1;32m[0m
[gazebo-2] [1;32m[Msg] [0m[1;32mWorld [[0m[1;32mdefault[0m[1;32m] initialized with [[0m[1;32m1ms[0m[1;32m] physics profile.[0m[1;32m[0m
[gazebo-2] [1;32m[Msg] [0m[1;32mServing world SDF generation service on [[0m[1;32m/world/default[0m[1;32m/[0m[1;32mgenerate_world_sdf[0m[1;32m][0m[1;32m[0m
[gazebo-2] [1;32m[Msg] [0m[1;32mServing world names on [[0m[1;32m/gazebo/worlds[0m[1;32m][0m[1;32m[0m
[gazebo-2] [1;32m[Msg] [0m[1;32mResource path add service on [[0m[1;32m/gazebo/resource_paths/add[0m[1;32m].[0m[1;32m[0m
[gazebo-2] [1;32m[Msg] [0m[1;32mResource path get service on [[0m[1;32m/gazebo/resource_paths/get[0m[1;32m].[0m[1;32m[0m
[gazebo-2] [1;32m[Msg] [0m[1;32mResource path resolve service on [[0m[1;32m/gazebo/resource_paths/resolve[0m[1;32m].[0m[1;32m[0m
[gazebo-2] [1;32m[Msg] [0m[1;32mResource paths published on [[0m[1;32m/gazebo/resource_paths[0m[1;32m].[0m[1;32m[0m
[gazebo-2] [1;32m[Msg] [0m[1;32mServer control service on [[0m[1;32m/server_control[0m[1;32m].[0m[1;32m[0m
[gazebo-2] [1;32m[Msg] [0m[1;32mFound no publishers on /stats, adding root stats topic[0m[1;32m[0m
[gazebo-2] [1;32m[Msg] [0m[1;32mFound no publishers on /clock, adding root clock topic[0m[1;32m[0m
[gazebo-2] [1;36m[Dbg] [SimulationRunner.cc:551] [0m[1;36mCreating PostUpdate worker threads: [0m[1;36m3[0m[1;36m[0m
[gazebo-2] [1;36m[Dbg] [SimulationRunner.cc:562] [0m[1;36mCreating postupdate worker thread ([0m[1;36m0[0m[1;36m)[0m[1;36m[0m
[gazebo-2] [1;36m[Dbg] [SimulationRunner.cc:562] [0m[1;36mCreating postupdate worker thread ([0m[1;36m1[0m[1;36m)[0m[1;36m[0m
[gazebo-2] [1;33mWarning [Utils.cc:132][0m [/sdf/model[@name="mk5"]/link[@name="base_link"]/sensor[@name="sim_color"]/gz_frame_id:/home/jonas/benchmarks/runs/sim_wp3-s002-ba4df1fb4d/perturbed_robot.urdf:L0]: XML Element[gz_frame_id], child of element[sensor], not defined in SDF. Copying[gz_frame_id] as children of [sensor].
[move_group-8] [INFO] [1787324698.411788217] [move_group]: Try loading adapter 'default_planning_request_adapters/CheckStartStateBounds'
[move_group-8] [INFO] [1787324698.432082685] [move_group]: Loaded adapter 'default_planning_request_adapters/CheckStartStateBounds'
[move_group-8] [INFO] [1787324698.432118859] [move_group]: Try loading adapter 'default_planning_request_adapters/CheckStartStateCollision'
[move_group-8] [INFO] [1787324698.432139238] [move_group]: Loaded adapter 'default_planning_request_adapters/CheckStartStateCollision'
[move_group-8] [INFO] [1787324698.432145044] [move_group]: Try loading adapter 'default_planning_request_adapters/ResolveConstraintFrames'
[move_group-8] [INFO] [1787324698.432157711] [move_group]: Loaded adapter 'default_planning_request_adapters/ResolveConstraintFrames'
[move_group-8] [INFO] [1787324698.432162795] [move_group]: Try loading adapter 'default_planning_request_adapters/ValidateWorkspaceBounds'
[move_group-8] [INFO] [1787324698.432183575] [move_group]: Loaded adapter 'default_planning_request_adapters/ValidateWorkspaceBounds'
[move_group-8] [INFO] [1787324698.570925391] [move_group]: Try loading adapter 'default_planning_response_adapters/AddTimeOptimalParameterization'
[move_group-8] [INFO] [1787324698.586680070] [move_group]: Loaded adapter 'default_planning_response_adapters/AddTimeOptimalParameterization'
[move_group-8] [INFO] [1787324698.586729020] [move_group]: Try loading adapter 'default_planning_response_adapters/ValidateSolution'
[move_group-8] [INFO] [1787324698.587225529] [move_group]: Loaded adapter 'default_planning_response_adapters/ValidateSolution'
[gazebo-2] [INFO] [1787324698.688276485] [gz_ros_control]: [gz_ros2_control] Fixed joint ['base_joint'] (Entity='63') is skipped.
[ground_truth-9] [INFO] [1787324698.696029086] [ground_truth]: Ground truth ready: calibration_type=eye_to_hand, perturbation_file=/home/jonas/benchmarks/runs/sim_wp3-s002-ba4df1fb4d/perturbation.yaml, output_file=/home/jonas/benchmarks/runs/sim_wp3-s002-ba4df1fb4d/ros_home/annin_ar4_calibration/ground_truth.yaml
[move_group-8] [INFO] [1787324698.789727630] [move_group.moveit.moveit.plugins.simple_controller_manager]: Added FollowJointTrajectory controller for joint_trajectory_controller
[move_group-8] [INFO] [1787324698.789784958] [move_group.moveit.moveit.plugins.simple_controller_manager]: gripper_controller will command a max effort of: 0
[move_group-8] [INFO] [1787324698.793726359] [move_group.moveit.moveit.plugins.simple_controller_manager]: Added GripperCommand controller for gripper_controller
[move_group-8] [INFO] [1787324698.793929404] [move_group.moveit.moveit.plugins.simple_controller_manager]: Returned 2 controllers in list
[move_group-8] [INFO] [1787324698.793954678] [move_group.moveit.moveit.plugins.simple_controller_manager]: Returned 2 controllers in list
[move_group-8] [INFO] [1787324698.794441435] [move_group.moveit.moveit.ros.trajectory_execution_manager]: Trajectory execution is not managing controllers
[move_group-8] [INFO] [1787324698.794487028] [move_group]: MoveGroup debug mode is ON
[move_group-8] [INFO] [1787324698.907840515] [move_group.moveit.moveit.planners.pilz.move_group_sequence_action]: initialize move group sequence action
[move_group-8] [INFO] [1787324698.912167325] [move_group.moveit.moveit.planners.pilz.joint_limits_aggregator]: Reading limits from namespace robot_description_planning
[move_group-8] [INFO] [1787324698.912356820] [move_group.moveit.moveit.planners.pilz.joint_limits_aggregator]: Reading limits from namespace robot_description_planning
[move_group-8] [INFO] [1787324698.913613834] [move_group.moveit.moveit.ros.move_group.executable]: 
[move_group-8] 
[move_group-8] ********************************************************
[move_group-8] * MoveGroup using: 
[move_group-8] *     - apply_planning_scene_service
[move_group-8] *     - clear_octomap_service
[move_group-8] *     - get_group_urdf
[move_group-8] *     - load_geometry_from_file
[move_group-8] *     - CartesianPathService
[move_group-8] *     - execute_trajectory_action
[move_group-8] *     - get_planning_scene_service
[move_group-8] *     - kinematics_service
[move_group-8] *     - move_action
[move_group-8] *     - motion_plan_service
[move_group-8] *     - query_planners_service
[move_group-8] *     - state_validation_service
[move_group-8] *     - save_geometry_to_file
[move_group-8] *     - SequenceAction
[move_group-8] *     - SequenceService
[move_group-8] ********************************************************
[move_group-8] 
[move_group-8] [INFO] [1787324698.913670029] [move_group.moveit.moveit.ros.move_group.context]: MoveGroup context using pipeline ompl
[move_group-8] [INFO] [1787324698.913679617] [move_group.moveit.moveit.ros.move_group.context]: MoveGroup context initialization complete
[move_group-8] [96mLoading 'move_group/ApplyPlanningSceneService'...[0m
[move_group-8] [96mLoading 'move_group/ClearOctomapService'...[0m
[move_group-8] [96mLoading 'move_group/GetUrdfService'...[0m
[move_group-8] [96mLoading 'move_group/LoadGeometryFromFileService'...[0m
[move_group-8] [96mLoading 'move_group/MoveGroupCartesianPathService'...[0m
[move_group-8] [96mLoading 'move_group/MoveGroupExecuteTrajectoryAction'...[0m
[move_group-8] [96mLoading 'move_group/MoveGroupGetPlanningSceneService'...[0m
[move_group-8] [96mLoading 'move_group/MoveGroupKinematicsService'...[0m
[move_group-8] [96mLoading 'move_group/MoveGroupMoveAction'...[0m
[move_group-8] [96mLoading 'move_group/MoveGroupPlanService'...[0m
[move_group-8] [96mLoading 'move_group/MoveGroupQueryPlannersService'...[0m
[move_group-8] [96mLoading 'move_group/MoveGroupStateValidationService'...[0m
[move_group-8] [96mLoading 'move_group/SaveGeometryToFileService'...[0m
[move_group-8] [96mLoading 'pilz_industrial_motion_planner/MoveGroupSequenceAction'...[0m
[move_group-8] [96mLoading 'pilz_industrial_motion_planner/MoveGroupSequenceService'...[0m
[move_group-8] 
[move_group-8] [92mYou can start planning now![0m
[move_group-8] 
[gazebo-2] [INFO] [1787324698.992409566] [gz_ros_control]: Loading controller_manager
[gazebo-2] [INFO] [1787324699.231111170] [controller_manager]: Using ROS clock for triggering controller manager cycles.
[gazebo-2] [INFO] [1787324699.241015899] [controller_manager]: Subscribing to '/robot_description' topic for robot description.
[gazebo-2] [WARN] [1787324699.248616317] [gz_ros_control]: Waiting RM to load and initialize hardware...
[gazebo-2] [INFO] [1787324699.251535321] [controller_manager]: Received robot description from topic.
[gazebo-2] [INFO] [1787324699.251621632] [controller_manager]: Enforcing command limits is disabled. Command limits from URDF will be ignored.
[gazebo-2] text not specified in the tf_prefix tag
[gazebo-2] text not specified in the tf_prefix tag
[gazebo-2] [INFO] [1787324699.384988656] [gz_ros_control]: The position_proportional_gain has been set to: 0.1
[gazebo-2] [INFO] [1787324699.385060965] [gz_ros_control]: Loading joint: joint_1
[gazebo-2] [INFO] [1787324699.385069441] [gz_ros_control]: 	State:
[gazebo-2] [INFO] [1787324699.385075008] [gz_ros_control]: 		 position
[gazebo-2] [INFO] [1787324699.385081768] [gz_ros_control]: 			 found initial value: 0.000000
[gazebo-2] [INFO] [1787324699.385093805] [gz_ros_control]: 		 velocity
[gazebo-2] [INFO] [1787324699.385100746] [gz_ros_control]: 			 found initial value: 0.000000
[gazebo-2] [INFO] [1787324699.385104497] [gz_ros_control]: 	Command:
[gazebo-2] [INFO] [1787324699.385108188] [gz_ros_control]: 		 position
[gazebo-2] [INFO] [1787324699.385116343] [gz_ros_control]: 		 velocity
[gazebo-2] [INFO] [1787324699.385125049] [gz_ros_control]: Loading joint: joint_2
[gazebo-2] [INFO] [1787324699.385128670] [gz_ros_control]: 	State:
[gazebo-2] [INFO] [1787324699.385131950] [gz_ros_control]: 		 position
[gazebo-2] [INFO] [1787324699.385135491] [gz_ros_control]: 			 found initial value: 0.000000
[gazebo-2] [INFO] [1787324699.385139563] [gz_ros_control]: 		 velocity
[gazebo-2] [INFO] [1787324699.385142793] [gz_ros_control]: 			 found initial value: 0.000000
[gazebo-2] [INFO] [1787324699.385146595] [gz_ros_control]: 	Command:
[gazebo-2] [INFO] [1787324699.385149674] [gz_ros_control]: 		 position
[gazebo-2] [INFO] [1787324699.385154448] [gz_ros_control]: 		 velocity
[gazebo-2] [INFO] [1787324699.385160968] [gz_ros_control]: Loading joint: joint_3
[gazebo-2] [INFO] [1787324699.385164509] [gz_ros_control]: 	State:
[gazebo-2] [INFO] [1787324699.385167698] [gz_ros_control]: 		 position
[gazebo-2] [INFO] [1787324699.385171209] [gz_ros_control]: 			 found initial value: 0.000000
[gazebo-2] [INFO] [1787324699.385174780] [gz_ros_control]: 		 velocity
[gazebo-2] [INFO] [1787324699.385178371] [gz_ros_control]: 			 found initial value: 0.000000
[gazebo-2] [INFO] [1787324699.385181811] [gz_ros_control]: 	Command:
[gazebo-2] [INFO] [1787324699.385184901] [gz_ros_control]: 		 position
[gazebo-2] [INFO] [1787324699.385189615] [gz_ros_control]: 		 velocity
[gazebo-2] [INFO] [1787324699.385195994] [gz_ros_control]: Loading joint: joint_4
[gazebo-2] [INFO] [1787324699.385199475] [gz_ros_control]: 	State:
[gazebo-2] [INFO] [1787324699.385202684] [gz_ros_control]: 		 position
[gazebo-2] [INFO] [1787324699.385205774] [gz_ros_control]: 			 found initial value: 0.000000
[gazebo-2] [INFO] [1787324699.385209846] [gz_ros_control]: 		 velocity
[gazebo-2] [INFO] [1787324699.385212976] [gz_ros_control]: 			 found initial value: 0.000000
[gazebo-2] [INFO] [1787324699.385216376] [gz_ros_control]: 	Command:
[gazebo-2] [INFO] [1787324699.385219937] [gz_ros_control]: 		 position
[gazebo-2] [INFO] [1787324699.385224450] [gz_ros_control]: 		 velocity
[gazebo-2] [INFO] [1787324699.385230729] [gz_ros_control]: Loading joint: joint_5
[gazebo-2] [INFO] [1787324699.385234140] [gz_ros_control]: 	State:
[gazebo-2] [INFO] [1787324699.385240479] [gz_ros_control]: 		 position
[gazebo-2] [INFO] [1787324699.385244301] [gz_ros_control]: 			 found initial value: 0.000000
[gazebo-2] [INFO] [1787324699.385248253] [gz_ros_control]: 		 velocity
[gazebo-2] [INFO] [1787324699.385251382] [gz_ros_control]: 			 found initial value: 0.000000
[gazebo-2] [INFO] [1787324699.385254903] [gz_ros_control]: 	Command:
[gazebo-2] [INFO] [1787324699.385258453] [gz_ros_control]: 		 position
[gazebo-2] [INFO] [1787324699.385263529] [gz_ros_control]: 		 velocity
[gazebo-2] [INFO] [1787324699.385269948] [gz_ros_control]: Loading joint: joint_6
[gazebo-2] [INFO] [1787324699.385273479] [gz_ros_control]: 	State:
[gazebo-2] [INFO] [1787324699.385276729] [gz_ros_control]: 		 position
[gazebo-2] [INFO] [1787324699.385280009] [gz_ros_control]: 			 found initial value: 0.000000
[gazebo-2] [INFO] [1787324699.385283499] [gz_ros_control]: 		 velocity
[gazebo-2] [INFO] [1787324699.385316610] [gz_ros_control]: 			 found initial value: 0.000000
[gazebo-2] [INFO] [1787324699.385325436] [gz_ros_control]: 	Command:
[gazebo-2] [INFO] [1787324699.385329479] [gz_ros_control]: 		 position
[gazebo-2] [INFO] [1787324699.385335728] [gz_ros_control]: 		 velocity
[gazebo-2] [INFO] [1787324699.385436372] [controller_manager]: Initialize hardware 'mk5' 
[gazebo-2] [WARN] [1787324699.385451779] [controller_manager.hardware_component.system.mk5]: Executor is not available during hardware component initialization for 'mk5'. Skipping node creation!
[gazebo-2] [INFO] [1787324699.385512533] [controller_manager]: Successful initialization of hardware 'mk5'
[gazebo-2] [INFO] [1787324699.385651213] [gz_ros_control]: The position_proportional_gain has been set to: 0.1
[gazebo-2] [INFO] [1787324699.385668586] [gz_ros_control]: Loading joint: gripper_jaw1_joint
[gazebo-2] [INFO] [1787324699.385674083] [gz_ros_control]: 	State:
[gazebo-2] [INFO] [1787324699.385678155] [gz_ros_control]: 		 position
[gazebo-2] [INFO] [1787324699.385681967] [gz_ros_control]: 			 found initial value: 0.000000
[gazebo-2] [INFO] [1787324699.385685959] [gz_ros_control]: 		 velocity
[gazebo-2] [INFO] [1787324699.385689760] [gz_ros_control]: 			 found initial value: 0.000000
[gazebo-2] [INFO] [1787324699.385693281] [gz_ros_control]: 	Command:
[gazebo-2] [INFO] [1787324699.385697082] [gz_ros_control]: 		 position
[gazebo-2] [INFO] [1787324699.385706792] [gz_ros_control]: Loading joint: gripper_jaw2_joint
[gazebo-2] [INFO] [1787324699.385711416] [gz_ros_control]: Joint 'gripper_jaw2_joint'is mimicking joint 'gripper_jaw1_joint' with multiplier: 1 and offset: 0
[gazebo-2] [INFO] [1787324699.385715819] [gz_ros_control]: 	State:
[gazebo-2] [INFO] [1787324699.385719550] [gz_ros_control]: 		 position
[gazebo-2] [INFO] [1787324699.385723081] [gz_ros_control]: 			 found initial value: 0.000000
[gazebo-2] [INFO] [1787324699.385726833] [gz_ros_control]: 		 velocity
[gazebo-2] [INFO] [1787324699.385730022] [gz_ros_control]: 			 found initial value: 0.000000
[gazebo-2] [INFO] [1787324699.385738799] [gz_ros_control]: 	Command:
[gazebo-2] [INFO] [1787324699.385757686] [controller_manager]: Initialize hardware 'ARGripperGazeboSystem' 
[gazebo-2] [WARN] [1787324699.385764878] [controller_manager.hardware_component.system.ARGripperGazeboSystem]: Executor is not available during hardware component initialization for 'ARGripperGazeboSystem'. Skipping node creation!
[gazebo-2] [INFO] [1787324699.385778730] [controller_manager]: Successful initialization of hardware 'ARGripperGazeboSystem'
[gazebo-2] [INFO] [1787324699.385820165] [controller_manager]: Activating component 'ARGripperGazeboSystem'.
[gazebo-2] [INFO] [1787324699.385829464] [resource_manager]: 'configure' hardware 'ARGripperGazeboSystem' 
[gazebo-2] [INFO] [1787324699.385834599] [gz_ros_control]: System Successfully configured!
[gazebo-2] [INFO] [1787324699.385838952] [resource_manager]: Successful 'configure' of hardware 'ARGripperGazeboSystem'
[gazebo-2] [INFO] [1787324699.385845592] [resource_manager]: 'activate' hardware 'ARGripperGazeboSystem' 
[gazebo-2] [INFO] [1787324699.385858822] [resource_manager]: Successful 'activate' of hardware 'ARGripperGazeboSystem'
[gazebo-2] [INFO] [1787324699.385916989] [controller_manager]: Activating component 'mk5'.
[gazebo-2] [INFO] [1787324699.385921904] [resource_manager]: 'configure' hardware 'mk5' 
[gazebo-2] [INFO] [1787324699.385924261] [gz_ros_control]: System Successfully configured!
[gazebo-2] [INFO] [1787324699.385927681] [resource_manager]: Successful 'configure' of hardware 'mk5'
[gazebo-2] [INFO] [1787324699.385931703] [resource_manager]: 'activate' hardware 'mk5' 
[gazebo-2] [INFO] [1787324699.385934512] [resource_manager]: Successful 'activate' of hardware 'mk5'
[gazebo-2] [WARN] [1787324699.385950420] [controller_manager]: Component 'ARGripperGazeboSystem' does not have read or write statistics initialized, skipping registration.
[gazebo-2] [WARN] [1787324699.385955796] [controller_manager]: Component 'mk5' does not have read or write statistics initialized, skipping registration.
[gazebo-2] [INFO] [1787324699.385962436] [controller_manager]: Resource Manager has been successfully initialized. Starting Controller Manager services...
[gazebo-2] [INFO] [1787324699.419875365] [controller_manager]: Loading controller : 'joint_trajectory_controller' of type 'joint_trajectory_controller/JointTrajectoryController'
[gazebo-2] [INFO] [1787324699.419929750] [controller_manager]: Loading controller 'joint_trajectory_controller'
[gazebo-2] [INFO] [1787324699.461369825] [controller_manager]: Controller 'joint_trajectory_controller' node arguments: --ros-args --params-file /tmp/tmp4tghvhh4.yaml -p use_sim_time:=true --param use_sim_time:=true 
[spawner-6] [INFO] [1787324699.602709546] [spawner_joint_trajectory_controller]: Loaded joint_trajectory_controller
[gazebo-2] [INFO] [1787324699.603872599] [controller_manager]: Configuring controller: 'joint_trajectory_controller'
[gazebo-2] [INFO] [1787324699.604134141] [joint_trajectory_controller]: No specific joint names are used for command interfaces. Using 'joints' parameter.
[gazebo-2] [INFO] [1787324699.604186259] [joint_trajectory_controller]: Command interfaces are [position velocity] and state interfaces are [position velocity].
[gazebo-2] [INFO] [1787324699.604210733] [joint_trajectory_controller]: Using 'splines' interpolation method.
[gazebo-2] [INFO] [1787324699.625137939] [joint_trajectory_controller]: Action status changes will be monitored at 20.00 Hz.
[gazebo-2] [INFO] [1787324699.634196604] [joint_trajectory_controller]: No scaling interface set. This controller will not read speed scaling from the hardware.
[gazebo-2] [INFO] [1787324699.635722527] [controller_manager]: Activating controllers: [ joint_trajectory_controller ]
[gazebo-2] [1;31m[Err] [SystemPaths.cc:426] [0m[1;31mUnable to find file with URI [[0m[1;31mmodel://annin_ar4_description/meshes/ar4_mk5/Link_6_Col.STL[0m[1;31m][0m[1;31m[0m
[gazebo-2] [1;31m[Err] [SystemPaths.cc:526] [0m[1;31mCould not resolve file [[0m[1;31mmodel://annin_ar4_description/meshes/ar4_mk5/Link_6_Col.STL[0m[1;31m][0m[1;31m[0m
[gazebo-2] [1;31m[Err] [MeshManager.cc:211] [0m[1;31mUnable to find file[[0m[1;31mmodel://annin_ar4_description/meshes/ar4_mk5/Link_6_Col.STL[0m[1;31m][0m
[gazebo-2] [1;33m[Wrn] [SDFFeatures.cc:1094] [0m[1;33mFailed to load mesh from [[0m[1;33mmodel://annin_ar4_description/meshes/ar4_mk5/Link_6_Col.STL[0m[1;33m].[0m[1;33m[0m
[gazebo-2] [1;31m[Err] [SystemPaths.cc:426] [0m[1;31mUnable to find file with URI [[0m[1;31mmodel://annin_ar4_description/meshes/ar4_mk5/Link_5_Col.STL[0m[1;31m][0m[1;31m[0m
[gazebo-2] [1;31m[Err] [SystemPaths.cc:526] [0m[1;31mCould not resolve file [[0m[1;31mmodel://annin_ar4_description/meshes/ar4_mk5/Link_5_Col.STL[0m[1;31m][0m[1;31m[0m
[gazebo-2] [1;31m[Err] [MeshManager.cc:211] [0m[1;31mUnable to find file[[0m[1;31mmodel://annin_ar4_description/meshes/ar4_mk5/Link_5_Col.STL[0m[1;31m][0m
[gazebo-2] [1;33m[Wrn] [SDFFeatures.cc:1094] [0m[1;33mFailed to load mesh from [[0m[1;33mmodel://annin_ar4_description/meshes/ar4_mk5/Link_5_Col.STL[0m[1;33m].[0m[1;33m[0m
[gazebo-2] [1;31m[Err] [SystemPaths.cc:426] [0m[1;31mUnable to find file with URI [[0m[1;31mmodel://annin_ar4_description/meshes/ar4_mk5/Link_5_Col.STL[0m[1;31m][0m[1;31m[0m
[gazebo-2] [1;31m[Err] [SystemPaths.cc:526] [0m[1;31mCould not resolve file [[0m[1;31mmodel://annin_ar4_description/meshes/ar4_mk5/Link_5_Col.STL[0m[1;31m][0m[1;31m[0m
[gazebo-2] [1;31m[Err] [MeshManager.cc:211] [0m[1;31mUnable to find file[[0m[1;31mmodel://annin_ar4_description/meshes/ar4_mk5/Link_5_Col.STL[0m[1;31m][0m
[gazebo-2] [1;33m[Wrn] [Util.cc:859] [0m[1;33mFailed to load mesh from [[0m[1;33mmodel://annin_ar4_description/meshes/ar4_mk5/Link_5_Col.STL[0m[1;33m].[0m[1;33m[0m
[gazebo-2] [1;31m[Err] [SystemPaths.cc:426] [0m[1;31mUnable to find file with URI [[0m[1;31mmodel://annin_ar4_description/meshes/ar4_mk5/Link_6_Col.STL[0m[1;31m][0m[1;31m[0m
[gazebo-2] [1;31m[Err] [SystemPaths.cc:526] [0m[1;31mCould not resolve file [[0m[1;31mmodel://annin_ar4_description/meshes/ar4_mk5/Link_6_Col.STL[0m[1;31m][0m[1;31m[0m
[gazebo-2] [1;31m[Err] [MeshManager.cc:211] [0m[1;31mUnable to find file[[0m[1;31mmodel://annin_ar4_description/meshes/ar4_mk5/Link_6_Col.STL[0m[1;31m][0m
[gazebo-2] [1;33m[Wrn] [Util.cc:859] [0m[1;33mFailed to load mesh from [[0m[1;33mmodel://annin_ar4_description/meshes/ar4_mk5/Link_6_Col.STL[0m[1;33m].[0m[1;33m[0m
[gazebo-2] [WARN] [1787324701.559564141] [gz_ros_control]:  Desired controller update period (0.0166667 s) is slower than the gazebo simulation period (0.001 s).
[gazebo-2] [1;36m[Dbg] [SystemManager.cc:80] [0m[1;36mLoaded system [[0m[1;36mgz_ros2_control::GazeboSimROS2ControlPlugin[0m[1;36m] for entity [[0m[1;36m19[0m[1;36m][0m[1;36m[0m
[gazebo-2] [1;36m[Dbg] [UserCommands.cc:1094] [0m[1;36mCreated entity [[0m[1;36m19[0m[1;36m] named [[0m[1;36mmk5[0m[1;36m][0m[1;36m[0m
[gazebo-2] [1;36m[Dbg] [Physics.cc:1086] [0m[1;36mAttempting to set physics options, but the [0m[1;36mphyiscs engine doesn't support feature [0m[1;36m[CollisionPairMaxContacts]. [0m[1;36mOptions will be ignored.[0m[1;36m[0m
[gazebo-2] [1;36m[Dbg] [Sensors.cc:953] [0m[1;36mInitialization needed[0m[1;36m[0m
[gazebo-2] [1;36m[Dbg] [Sensors.cc:349] [0m[1;36mInitializing render context[0m[1;36m[0m
[gazebo-2] [1;32m[Msg] [0m[1;32mLoading plugin [[0m[1;32mgz-rendering-ogre2[0m[1;32m][0m[1;32m[0m
[gazebo-2] [1;32m[Msg] [0m[1;32mServing scene information on [[0m[1;32m/world/default[0m[1;32m/[0m[1;32mscene/info[0m[1;32m][0m[1;32m[0m
[gazebo-2] [1;32m[Msg] [0m[1;32mServing graph information on [[0m[1;32m/world/default[0m[1;32m/[0m[1;32mscene/graph[0m[1;32m][0m[1;32m[0m
[gazebo-2] [1;32m[Msg] [0m[1;32mServing full state on [[0m[1;32m/world/default[0m[1;32m/[0m[1;32mstate[0m[1;32m][0m[1;32m[0m
[gazebo-2] [1;32m[Msg] [0m[1;32mServing full state (async) on [[0m[1;32m/world/default[0m[1;32m/[0m[1;32mstate_async[0m[1;32m][0m[1;32m[0m
[gazebo-2] [1;32m[Msg] [0m[1;32mPublishing scene information on [[0m[1;32m/world/default/scene/info[0m[1;32m][0m[1;32m[0m
[gazebo-2] [1;32m[Msg] [0m[1;32mPublishing entity deletions on [[0m[1;32m/world/default/scene/deletion[0m[1;32m][0m[1;32m[0m
[gazebo-2] [1;32m[Msg] [0m[1;32mPublishing state changes on [[0m[1;32m/world/default/state[0m[1;32m][0m[1;32m[0m
[gazebo-2] [1;32m[Msg] [0m[1;32mPublishing pose messages on [[0m[1;32m/world/default[0m[1;32m/[0m[1;32mpose/info[0m[1;32m][0m[1;32m[0m
[gazebo-2] [1;32m[Msg] [0m[1;32mPublishing dynamic pose messages on [[0m[1;32m/world/default[0m[1;32m/[0m[1;32mdynamic_pose/info[0m[1;32m][0m[1;32m[0m
[gazebo-2] [1;36m[Dbg] [SimulationRunner.cc:578] [0m[1;36m[Dbg] [SimulationRunner.cc:578] Exiting postupdate worker thread ([0m[1;36mExiting postupdate worker thread ([0m[1;36m1[0m[1;36m)[0m[1;36m[0m
[gazebo-2] [1;36m[Dbg] [SimulationRunner.cc:578] Exiting postupdate worker thread ([0m[1;36m0[0m[1;36m)[0m[1;36m[0m
[gazebo-2] [1;36m[Dbg] [SimulationRunner.cc:551] [0m[1;36mCreating PostUpdate worker threads: [0m[1;36m4[0m[1;36m[0m
[gazebo-2] [1;36m[Dbg] [SimulationRunner.cc:562] [0m[1;36mCreating postupdate worker thread ([0m[1;36m0[0m[1;36m)[0m[1;36m[0m
[gazebo-2] [1;36m[Dbg] [SimulationRunner.cc:562] [0m[1;36mCreating postupdate worker thread ([0m[1;36m1[0m[1;36m)[0m[1;36m[0m
[gazebo-2] [1;36m[Dbg] [SimulationRunner.cc:562] [0m[1;36mCreating postupdate worker thread ([0m[1;36m2[0m[1;36m)[0m[1;36m[0m
[gazebo-2]  dllPath = /usr/lib/wsl/drivers/iigd_dch_d.inf_amd64_090b7c5495907f9a, dllName = libigdgmm_w.so.12 
[gazebo-2]  IsWddmLinux = 1, dllWslName = /usr/lib/wsl/drivers/iigd_dch_d.inf_amd64_090b7c5495907f9a/libigdgmm_w.so.12  flags = 2
[gazebo-2]  dllPath = /usr/lib/wsl/drivers/iigd_dch_d.inf_amd64_090b7c5495907f9a, dllName = libigdgmm_w.so.12 
[gazebo-2]  IsWddmLinux = 1, dllWslName = /usr/lib/wsl/drivers/iigd_dch_d.inf_amd64_090b7c5495907f9a/libigdgmm_w.so.12  flags = 2
[gazebo-2]  dllPath = /usr/lib/wsl/drivers/iigd_dch_d.inf_amd64_090b7c5495907f9a, dllName = libigdgmm_w.so.12 
[gazebo-2]  IsWddmLinux = 1, dllWslName = /usr/lib/wsl/drivers/iigd_dch_d.inf_amd64_090b7c5495907f9a/libigdgmm_w.so.12  flags = 2
[gazebo-2]  dllPath = /usr/lib/wsl/drivers/iigd_dch_d.inf_amd64_090b7c5495907f9a, dllName = libigdgmm_w.so.12 
[gazebo-2]  IsWddmLinux = 1, dllWslName = /usr/lib/wsl/drivers/iigd_dch_d.inf_amd64_090b7c5495907f9a/libigdgmm_w.so.12  flags = 2
[gazebo-2]  dllPath = /usr/lib/wsl/drivers/iigd_dch_d.inf_amd64_090b7c5495907f9a, dllName = libigdgmm_w.so.12 
[gazebo-2]  IsWddmLinux = 1, dllWslName = /usr/lib/wsl/drivers/iigd_dch_d.inf_amd64_090b7c5495907f9a/libigdgmm_w.so.12  flags = 2
[gazebo-2]  dllPath = /usr/lib/wsl/drivers/iigd_dch_d.inf_amd64_090b7c5495907f9a, dllName = libigdgmm_w.so.12 
[gazebo-2]  IsWddmLinux = 1, dllWslName = /usr/lib/wsl/drivers/iigd_dch_d.inf_amd64_090b7c5495907f9a/libigdgmm_w.so.12  flags = 2
[gazebo-2] [1;36m[Dbg] [RenderUtil.cc:2646] [0m[1;36mCreate scene [[0m[1;36mscene[0m[1;36m][0m[1;36m[0m
[gazebo-2] [1;36m[Dbg] [Sensors.cc:391] [0m[1;36mRendering Thread initialized[0m[1;36m[0m
[gazebo-2] [1;36m[Dbg] [Sensors.cc:953] [0m[1;36mInitialization needed[0m[1;36m[0m
[gazebo-2] [1;33m[Wrn] [Ogre2Camera.cc:423] [0m[1;33mOgre2Camera::SetVisibilityMask: Mask bits [0m[1;33mc0000000[0m[1;33m are set but will be ignored as they conflict with the [0m[1;33mreserved bits used internally by the ogre2 backend.[0m[1;33m[0m
[gazebo-2] [INFO] [1787324705.543635701] [controller_manager]: Successfully switched controllers!
[spawner-6] [INFO] [1787324705.561335635] [spawner_joint_trajectory_controller]: Configured and activated joint_trajectory_controller
[INFO] [spawner-6]: process has finished cleanly [pid 455192]
[gazebo-2] [INFO] [1787324705.842101974] [controller_manager]: Loading controller : 'joint_state_broadcaster' of type 'joint_state_broadcaster/JointStateBroadcaster'
[gazebo-2] [INFO] [1787324705.842153761] [controller_manager]: Loading controller 'joint_state_broadcaster'
[gazebo-2] [INFO] [1787324705.955555281] [controller_manager]: Controller 'joint_state_broadcaster' node arguments: --ros-args --params-file /tmp/tmp4tghvhh4.yaml -p use_sim_time:=true --param use_sim_time:=true 
[spawner-5] [INFO] [1787324706.001792935] [spawner_joint_state_broadcaster]: Loaded joint_state_broadcaster
[gazebo-2] [INFO] [1787324706.003591831] [controller_manager]: Configuring controller: 'joint_state_broadcaster'
[gazebo-2] [INFO] [1787324706.003723588] [joint_state_broadcaster]: 'joints' or 'interfaces' parameter is empty. All available state interfaces will be published
[gazebo-2] [INFO] [1787324706.064534162] [controller_manager]: Activating controllers: [ joint_state_broadcaster ]
[gazebo-2] [INFO] [1787324706.079820915] [controller_manager]: Successfully switched controllers!
[spawner-5] [INFO] [1787324706.097846528] [spawner_joint_state_broadcaster]: Configured and activated joint_state_broadcaster
[INFO] [spawner-5]: process has finished cleanly [pid 455191]
[gazebo-2] [INFO] [1787324706.688464771] [controller_manager]: Loading controller : 'gripper_controller' of type 'position_controllers/GripperActionController'
[gazebo-2] [INFO] [1787324706.688537683] [controller_manager]: Loading controller 'gripper_controller'
[gazebo-2] [INFO] [1787324706.716676760] [controller_manager]: Controller 'gripper_controller' node arguments: --ros-args --params-file /tmp/tmp4tghvhh4.yaml -p use_sim_time:=true --param use_sim_time:=true 
[gazebo-2] [WARN] [1787324706.732176531] [gripper_controller]: [Deprecated]: the `position_controllers/GripperActionController` and `effort_controllers::GripperActionController` controllers are replaced by 'parallel_gripper_controllers/GripperActionController' controller
[spawner-7] [INFO] [1787324706.777910871] [spawner_gripper_controller]: Loaded gripper_controller
[gazebo-2] [INFO] [1787324706.779480819] [controller_manager]: Configuring controller: 'gripper_controller'
[gazebo-2] [INFO] [1787324706.779586735] [gripper_controller]: Action status changes will be monitored at 20.000000 Hz.
[gazebo-2] [INFO] [1787324706.795542256] [controller_manager]: Activating controllers: [ gripper_controller ]
[gazebo-2] [INFO] [1787324706.814985656] [controller_manager]: Successfully switched controllers!
[spawner-7] [INFO] [1787324706.838829919] [spawner_gripper_controller]: Configured and activated gripper_controller
[INFO] [spawner-7]: process has finished cleanly [pid 455193]
[gazebo-2] [1;36m[Dbg] [CameraSensor.cc:405] [0m[1;36mCamera images for [[0m[1;36mmk5::base_link::sim_color[0m[1;36m] advertised on [[0m[1;36msim_camera/color/image_raw[0m[1;36m][0m[1;36m[0m
[gazebo-2] [1;36m[Dbg] [CameraSensor.cc:695] [0m[1;36mCamera info for [[0m[1;36mmk5::base_link::sim_color[0m[1;36m] advertised on [[0m[1;36msim_camera/color/camera_info[0m[1;36m][0m[1;36m[0m
[gazebo-2] [1;36m[Dbg] [CameraSensor.cc:504] [0m[1;36mEnabling camera sensor: '[0m[1;36mmk5::base_link::sim_color[0m[1;36m' data [0m[1;36mgeneration.[0m[1;36m[0m
[ground_truth-9] [INFO] [1787324709.134063512] [ground_truth]: Wrote ground truth to /home/jonas/benchmarks/runs/sim_wp3-s002-ba4df1fb4d/ros_home/annin_ar4_calibration/ground_truth.yaml
[move_group-8] [INFO] [1787324711.121556757] [move_group.moveit.moveit.ros.move_group.move_action]: MoveGroupMoveAction: Received request
[move_group-8] [INFO] [1787324711.121894786] [move_group.moveit.moveit.ros.move_group.move_action]: executing..
[move_group-8] [WARN] [1787324711.144101751] [move_group.moveit.moveit.ros.planning_scene_monitor]: Unable to transform object from frame 'calibration_target' to planning frame'world' (Could not find a connection between 'world' and 'calibration_target' because they are not part of the same tree.Tf has two or more unconnected trees.)
[move_group-8] [WARN] [1787324711.144208754] [move_group.moveit.moveit.ros.planning_scene_monitor]: Unable to transform object from frame 'camera_color_optical_frame' to planning frame'world' (Could not find a connection between 'world' and 'camera_color_optical_frame' because they are not part of the same tree.Tf has two or more unconnected trees.)
[move_group-8] [INFO] [1787324711.144333930] [move_group.moveit.moveit.ros.move_group.move_action]: Combined planning and execution request received for MoveGroup action. Forwarding to planning and execution pipeline.
[move_group-8] [WARN] [1787324711.144369383] [move_group.moveit.moveit.ros.move_group.capability]: Execution of motions should always start at the robot's current state. Ignoring the state supplied as start state in the motion planning request
[move_group-8] [WARN] [1787324711.144388699] [move_group.moveit.moveit.ros.move_group.capability]: Execution of motions should always start at the robot's current state. Ignoring the state supplied as difference in the planning scene diff
[move_group-8] [INFO] [1787324711.144406813] [move_group.moveit.moveit.ros.plan_execution]: Planning attempt 1 of at most 1
[move_group-8] [INFO] [1787324711.144799044] [move_group]: Calling PlanningRequestAdapter 'CheckStartStateBounds'
[move_group-8] [INFO] [1787324711.144904725] [move_group]: Calling PlanningRequestAdapter 'CheckStartStateCollision'
[move_group-8] [INFO] [1787324711.145107984] [move_group]: Calling PlanningRequestAdapter 'ResolveConstraintFrames'
[move_group-8] [INFO] [1787324711.145146329] [move_group]: Calling PlanningRequestAdapter 'ValidateWorkspaceBounds'
[move_group-8] [INFO] [1787324711.146098528] [move_group.moveit.moveit.planners.ompl.model_based_planning_context]: Planner configuration 'ar_manipulator' will use planner 'geometric::RRTConnect'. Additional configuration parameters will be set when the planner is constructed.
[move_group-8] [INFO] [1787324711.146357003] [move_group]: Calling Planner 'OMPL'
[move_group-8] [INFO] [1787324711.160267743] [move_group]: Calling PlanningResponseAdapter 'AddTimeOptimalParameterization'
[move_group-8] [WARN] [1787324711.160346830] [move_group.moveit.moveit.core.time_optimal_trajectory_generation]: Invalid max_velocity_scaling_factor 0.000000 specified, defaulting to 1.000000 instead.
[move_group-8] [WARN] [1787324711.160370451] [move_group.moveit.moveit.core.time_optimal_trajectory_generation]: Invalid max_acceleration_scaling_factor 0.000000 specified, defaulting to 1.000000 instead.
[move_group-8] [INFO] [1787324711.161469191] [move_group]: Calling PlanningResponseAdapter 'ValidateSolution'
[move_group-8] [WARN] [1787324711.161777991] [move_group.moveit.moveit.ros.planning_pipeline]: The planner plugin did not fill out the 'planner_id' field of the MotionPlanResponse. Setting it to the planner ID name of the MotionPlanRequest assuming that the planner plugin does warn you if it does not use the requested planner.
[move_group-8] [INFO] [1787324711.161925526] [move_group.moveit.moveit.plugins.simple_controller_manager]: Returned 2 controllers in list
[move_group-8] [INFO] [1787324711.161954576] [move_group.moveit.moveit.plugins.simple_controller_manager]: Returned 2 controllers in list
[move_group-8] [INFO] [1787324711.162031157] [move_group.moveit.moveit.ros.trajectory_execution_manager]: Validating trajectory with allowed_start_tolerance 0.01
[move_group-8] [INFO] [1787324711.177898141] [move_group.moveit.moveit.ros.trajectory_execution_manager]: Starting trajectory execution ...
[move_group-8] [INFO] [1787324711.177977545] [move_group.moveit.moveit.plugins.simple_controller_manager]: Returned 2 controllers in list
[move_group-8] [INFO] [1787324711.178001594] [move_group.moveit.moveit.plugins.simple_controller_manager]: Returned 2 controllers in list
[move_group-8] [INFO] [1787324711.178217807] [moveit.simple_controller_manager.follow_joint_trajectory_controller_handle]: sending trajectory to joint_trajectory_controller
[gazebo-2] [INFO] [1787324711.178765370] [joint_trajectory_controller]: Received new action goal
[gazebo-2] [INFO] [1787324711.178863435] [joint_trajectory_controller]: Accepted new action goal
[move_group-8] [INFO] [1787324711.179068637] [moveit.simple_controller_manager.follow_joint_trajectory_controller_handle]: joint_trajectory_controller started execution
[move_group-8] [INFO] [1787324711.179087118] [moveit.simple_controller_manager.follow_joint_trajectory_controller_handle]: Goal request accepted!
[gazebo-2] [INFO] [1787324713.799025532] [joint_trajectory_controller]: Goal reached, success!
[move_group-8] [INFO] [1787324713.829658284] [moveit.simple_controller_manager.follow_joint_trajectory_controller_handle]: Controller 'joint_trajectory_controller' successfully finished
[move_group-8] [INFO] [1787324713.883542018] [move_group.moveit.moveit.ros.trajectory_execution_manager]: Completed trajectory execution with status SUCCEEDED ...
[move_group-8] [INFO] [1787324713.888162918] [move_group.moveit.moveit.ros.move_group.move_action]: Solution was found and executed.
[move_group-8] [INFO] [1787324714.620389001] [move_group.moveit.moveit.ros.move_group.move_action]: MoveGroupMoveAction: Received request
[move_group-8] [INFO] [1787324714.620661839] [move_group.moveit.moveit.ros.move_group.move_action]: executing..
[move_group-8] [WARN] [1787324714.621565314] [move_group.moveit.moveit.ros.planning_scene_monitor]: Unable to transform object from frame 'calibration_target' to planning frame'world' (Could not find a connection between 'world' and 'calibration_target' because they are not part of the same tree.Tf has two or more unconnected trees.)
[move_group-8] [WARN] [1787324714.621622907] [move_group.moveit.moveit.ros.planning_scene_monitor]: Unable to transform object from frame 'camera_color_optical_frame' to planning frame'world' (Could not find a connection between 'world' and 'camera_color_optical_frame' because they are not part of the same tree.Tf has two or more unconnected trees.)
[move_group-8] [INFO] [1787324714.621667036] [move_group.moveit.moveit.ros.move_group.move_action]: Combined planning and execution request received for MoveGroup action. Forwarding to planning and execution pipeline.
[move_group-8] [WARN] [1787324714.621685794] [move_group.moveit.moveit.ros.move_group.capability]: Execution of motions should always start at the robot's current state. Ignoring the state supplied as start state in the motion planning request
[move_group-8] [WARN] [1787324714.621699447] [move_group.moveit.moveit.ros.move_group.capability]: Execution of motions should always start at the robot's current state. Ignoring the state supplied as difference in the planning scene diff
[move_group-8] [INFO] [1787324714.621706697] [move_group.moveit.moveit.ros.plan_execution]: Planning attempt 1 of at most 1
[move_group-8] [INFO] [1787324714.621837000] [move_group]: Calling PlanningRequestAdapter 'CheckStartStateBounds'
[move_group-8] [INFO] [1787324714.621864744] [move_group]: Calling PlanningRequestAdapter 'CheckStartStateCollision'
[move_group-8] [INFO] [1787324714.621921200] [move_group]: Calling PlanningRequestAdapter 'ResolveConstraintFrames'
[move_group-8] [INFO] [1787324714.621934573] [move_group]: Calling PlanningRequestAdapter 'ValidateWorkspaceBounds'
[move_group-8] [INFO] [1787324714.622229386] [move_group.moveit.moveit.planners.ompl.model_based_planning_context]: Planner configuration 'ar_manipulator' will use planner 'geometric::RRTConnect'. Additional configuration parameters will be set when the planner is constructed.
[move_group-8] [INFO] [1787324714.622319968] [move_group]: Calling Planner 'OMPL'
[move_group-8] [INFO] [1787324714.645103986] [move_group]: Calling PlanningResponseAdapter 'AddTimeOptimalParameterization'
[move_group-8] [WARN] [1787324714.645161558] [move_group.moveit.moveit.core.time_optimal_trajectory_generation]: Invalid max_velocity_scaling_factor 0.000000 specified, defaulting to 1.000000 instead.
[move_group-8] [WARN] [1787324714.645183887] [move_group.moveit.moveit.core.time_optimal_trajectory_generation]: Invalid max_acceleration_scaling_factor 0.000000 specified, defaulting to 1.000000 instead.
[move_group-8] [INFO] [1787324714.646793378] [move_group]: Calling PlanningResponseAdapter 'ValidateSolution'
[move_group-8] [WARN] [1787324714.647009107] [move_group.moveit.moveit.ros.planning_pipeline]: The planner plugin did not fill out the 'planner_id' field of the MotionPlanResponse. Setting it to the planner ID name of the MotionPlanRequest assuming that the planner plugin does warn you if it does not use the requested planner.
[move_group-8] [INFO] [1787324714.647101185] [move_group.moveit.moveit.plugins.simple_controller_manager]: Returned 2 controllers in list
[move_group-8] [INFO] [1787324714.647121290] [move_group.moveit.moveit.plugins.simple_controller_manager]: Returned 2 controllers in list
[move_group-8] [INFO] [1787324714.647181954] [move_group.moveit.moveit.ros.trajectory_execution_manager]: Validating trajectory with allowed_start_tolerance 0.01
[move_group-8] [INFO] [1787324714.656860191] [move_group.moveit.moveit.ros.trajectory_execution_manager]: Starting trajectory execution ...
[move_group-8] [INFO] [1787324714.656922171] [move_group.moveit.moveit.plugins.simple_controller_manager]: Returned 2 controllers in list
[move_group-8] [INFO] [1787324714.656947223] [move_group.moveit.moveit.plugins.simple_controller_manager]: Returned 2 controllers in list
[move_group-8] [INFO] [1787324714.657164278] [moveit.simple_controller_manager.follow_joint_trajectory_controller_handle]: sending trajectory to joint_trajectory_controller
[gazebo-2] [INFO] [1787324714.657504606] [joint_trajectory_controller]: Received new action goal
[gazebo-2] [INFO] [1787324714.657608491] [joint_trajectory_controller]: Accepted new action goal
[move_group-8] [INFO] [1787324714.657863219] [moveit.simple_controller_manager.follow_joint_trajectory_controller_handle]: joint_trajectory_controller started execution
[move_group-8] [INFO] [1787324714.657894613] [moveit.simple_controller_manager.follow_joint_trajectory_controller_handle]: Goal request accepted!
[gazebo-2] [INFO] [1787324718.815233446] [joint_trajectory_controller]: Goal reached, success!
[move_group-8] [INFO] [1787324718.858156632] [moveit.simple_controller_manager.follow_joint_trajectory_controller_handle]: Controller 'joint_trajectory_controller' successfully finished
[move_group-8] [INFO] [1787324718.880611310] [move_group.moveit.moveit.ros.trajectory_execution_manager]: Completed trajectory execution with status SUCCEEDED ...
[move_group-8] [INFO] [1787324718.887008372] [move_group.moveit.moveit.ros.move_group.move_action]: Solution was found and executed.
[move_group-8] [INFO] [1787324719.568429985] [move_group.moveit.moveit.ros.move_group.move_action]: MoveGroupMoveAction: Received request
[move_group-8] [INFO] [1787324719.568623011] [move_group.moveit.moveit.ros.move_group.move_action]: executing..
[move_group-8] [WARN] [1787324719.569677324] [move_group.moveit.moveit.ros.planning_scene_monitor]: Unable to transform object from frame 'calibration_target' to planning frame'world' (Could not find a connection between 'world' and 'calibration_target' because they are not part of the same tree.Tf has two or more unconnected trees.)
[move_group-8] [WARN] [1787324719.569721381] [move_group.moveit.moveit.ros.planning_scene_monitor]: Unable to transform object from frame 'camera_color_optical_frame' to planning frame'world' (Could not find a connection between 'world' and 'camera_color_optical_frame' because they are not part of the same tree.Tf has two or more unconnected trees.)
[move_group-8] [INFO] [1787324719.569752062] [move_group.moveit.moveit.ros.move_group.move_action]: Combined planning and execution request received for MoveGroup action. Forwarding to planning and execution pipeline.
[move_group-8] [WARN] [1787324719.569779652] [move_group.moveit.moveit.ros.move_group.capability]: Execution of motions should always start at the robot's current state. Ignoring the state supplied as start state in the motion planning request
[move_group-8] [WARN] [1787324719.569804471] [move_group.moveit.moveit.ros.move_group.capability]: Execution of motions should always start at the robot's current state. Ignoring the state supplied as difference in the planning scene diff
[move_group-8] [INFO] [1787324719.569818536] [move_group.moveit.moveit.ros.plan_execution]: Planning attempt 1 of at most 1
[move_group-8] [INFO] [1787324719.569924095] [move_group]: Calling PlanningRequestAdapter 'CheckStartStateBounds'
[move_group-8] [INFO] [1787324719.569965140] [move_group]: Calling PlanningRequestAdapter 'CheckStartStateCollision'
[move_group-8] [INFO] [1787324719.570026173] [move_group]: Calling PlanningRequestAdapter 'ResolveConstraintFrames'
[move_group-8] [INFO] [1787324719.570046150] [move_group]: Calling PlanningRequestAdapter 'ValidateWorkspaceBounds'
[move_group-8] [INFO] [1787324719.570269672] [move_group.moveit.moveit.planners.ompl.model_based_planning_context]: Planner configuration 'ar_manipulator' will use planner 'geometric::RRTConnect'. Additional configuration parameters will be set when the planner is constructed.
[move_group-8] [INFO] [1787324719.570340999] [move_group]: Calling Planner 'OMPL'
[move_group-8] [INFO] [1787324719.582531187] [move_group]: Calling PlanningResponseAdapter 'AddTimeOptimalParameterization'
[move_group-8] [WARN] [1787324719.582574342] [move_group.moveit.moveit.core.time_optimal_trajectory_generation]: Invalid max_velocity_scaling_factor 0.000000 specified, defaulting to 1.000000 instead.
[move_group-8] [WARN] [1787324719.582591549] [move_group.moveit.moveit.core.time_optimal_trajectory_generation]: Invalid max_acceleration_scaling_factor 0.000000 specified, defaulting to 1.000000 instead.
[move_group-8] [INFO] [1787324719.583915526] [move_group]: Calling PlanningResponseAdapter 'ValidateSolution'
[move_group-8] [WARN] [1787324719.584117500] [move_group.moveit.moveit.ros.planning_pipeline]: The planner plugin did not fill out the 'planner_id' field of the MotionPlanResponse. Setting it to the planner ID name of the MotionPlanRequest assuming that the planner plugin does warn you if it does not use the requested planner.
[move_group-8] [INFO] [1787324719.584201911] [move_group.moveit.moveit.plugins.simple_controller_manager]: Returned 2 controllers in list
[move_group-8] [INFO] [1787324719.584218638] [move_group.moveit.moveit.plugins.simple_controller_manager]: Returned 2 controllers in list
[move_group-8] [INFO] [1787324719.584264014] [move_group.moveit.moveit.ros.trajectory_execution_manager]: Validating trajectory with allowed_start_tolerance 0.01
[move_group-8] [INFO] [1787324719.608457563] [move_group.moveit.moveit.ros.trajectory_execution_manager]: Starting trajectory execution ...
[move_group-8] [INFO] [1787324719.608560271] [move_group.moveit.moveit.plugins.simple_controller_manager]: Returned 2 controllers in list
[move_group-8] [INFO] [1787324719.608597605] [move_group.moveit.moveit.plugins.simple_controller_manager]: Returned 2 controllers in list
[move_group-8] [INFO] [1787324719.608758064] [moveit.simple_controller_manager.follow_joint_trajectory_controller_handle]: sending trajectory to joint_trajectory_controller
[gazebo-2] [INFO] [1787324719.608974553] [joint_trajectory_controller]: Received new action goal
[gazebo-2] [INFO] [1787324719.609010937] [joint_trajectory_controller]: Accepted new action goal
[move_group-8] [INFO] [1787324719.609137491] [moveit.simple_controller_manager.follow_joint_trajectory_controller_handle]: joint_trajectory_controller started execution
[move_group-8] [INFO] [1787324719.609152767] [moveit.simple_controller_manager.follow_joint_trajectory_controller_handle]: Goal request accepted!
[gazebo-2] [INFO] [1787324724.437023626] [joint_trajectory_controller]: Goal reached, success!
[move_group-8] [INFO] [1787324724.459653678] [moveit.simple_controller_manager.follow_joint_trajectory_controller_handle]: Controller 'joint_trajectory_controller' successfully finished
[move_group-8] [INFO] [1787324724.508119480] [move_group.moveit.moveit.ros.trajectory_execution_manager]: Completed trajectory execution with status SUCCEEDED ...
[move_group-8] [INFO] [1787324724.508617880] [move_group.moveit.moveit.ros.move_group.move_action]: Solution was found and executed.
[move_group-8] [INFO] [1787324725.201779119] [move_group.moveit.moveit.ros.move_group.move_action]: MoveGroupMoveAction: Received request
[move_group-8] [INFO] [1787324725.201963007] [move_group.moveit.moveit.ros.move_group.move_action]: executing..
[move_group-8] [WARN] [1787324725.234534070] [move_group.moveit.moveit.ros.planning_scene_monitor]: Unable to transform object from frame 'calibration_target' to planning frame'world' (Could not find a connection between 'world' and 'calibration_target' because they are not part of the same tree.Tf has two or more unconnected trees.)
[move_group-8] [WARN] [1787324725.234621273] [move_group.moveit.moveit.ros.planning_scene_monitor]: Unable to transform object from frame 'camera_color_optical_frame' to planning frame'world' (Could not find a connection between 'world' and 'camera_color_optical_frame' because they are not part of the same tree.Tf has two or more unconnected trees.)
[move_group-8] [INFO] [1787324725.234659477] [move_group.moveit.moveit.ros.move_group.move_action]: Combined planning and execution request received for MoveGroup action. Forwarding to planning and execution pipeline.
[move_group-8] [WARN] [1787324725.234680844] [move_group.moveit.moveit.ros.move_group.capability]: Execution of motions should always start at the robot's current state. Ignoring the state supplied as start state in the motion planning request
[move_group-8] [WARN] [1787324725.234698784] [move_group.moveit.moveit.ros.move_group.capability]: Execution of motions should always start at the robot's current state. Ignoring the state supplied as difference in the planning scene diff
[move_group-8] [INFO] [1787324725.234739705] [move_group.moveit.moveit.ros.plan_execution]: Planning attempt 1 of at most 1
[move_group-8] [INFO] [1787324725.234894367] [move_group]: Calling PlanningRequestAdapter 'CheckStartStateBounds'
[move_group-8] [INFO] [1787324725.234933804] [move_group]: Calling PlanningRequestAdapter 'CheckStartStateCollision'
[move_group-8] [INFO] [1787324725.234985719] [move_group]: Calling PlanningRequestAdapter 'ResolveConstraintFrames'
[move_group-8] [INFO] [1787324725.235002055] [move_group]: Calling PlanningRequestAdapter 'ValidateWorkspaceBounds'
[move_group-8] [INFO] [1787324725.235286014] [move_group.moveit.moveit.planners.ompl.model_based_planning_context]: Planner configuration 'ar_manipulator' will use planner 'geometric::RRTConnect'. Additional configuration parameters will be set when the planner is constructed.
[move_group-8] [INFO] [1787324725.235375592] [move_group]: Calling Planner 'OMPL'
[move_group-8] [INFO] [1787324725.249288875] [move_group]: Calling PlanningResponseAdapter 'AddTimeOptimalParameterization'
[move_group-8] [WARN] [1787324725.249361736] [move_group.moveit.moveit.core.time_optimal_trajectory_generation]: Invalid max_velocity_scaling_factor 0.000000 specified, defaulting to 1.000000 instead.
[move_group-8] [WARN] [1787324725.249387042] [move_group.moveit.moveit.core.time_optimal_trajectory_generation]: Invalid max_acceleration_scaling_factor 0.000000 specified, defaulting to 1.000000 instead.
[move_group-8] [INFO] [1787324725.251438011] [move_group]: Calling PlanningResponseAdapter 'ValidateSolution'
[move_group-8] [WARN] [1787324725.251818834] [move_group.moveit.moveit.ros.planning_pipeline]: The planner plugin did not fill out the 'planner_id' field of the MotionPlanResponse. Setting it to the planner ID name of the MotionPlanRequest assuming that the planner plugin does warn you if it does not use the requested planner.
[move_group-8] [INFO] [1787324725.251918925] [move_group.moveit.moveit.plugins.simple_controller_manager]: Returned 2 controllers in list
[move_group-8] [INFO] [1787324725.251943981] [move_group.moveit.moveit.plugins.simple_controller_manager]: Returned 2 controllers in list
[move_group-8] [INFO] [1787324725.252014417] [move_group.moveit.moveit.ros.trajectory_execution_manager]: Validating trajectory with allowed_start_tolerance 0.01
[move_group-8] [INFO] [1787324725.268485680] [move_group.moveit.moveit.ros.trajectory_execution_manager]: Starting trajectory execution ...
[move_group-8] [INFO] [1787324725.268566949] [move_group.moveit.moveit.plugins.simple_controller_manager]: Returned 2 controllers in list
[move_group-8] [INFO] [1787324725.268604022] [move_group.moveit.moveit.plugins.simple_controller_manager]: Returned 2 controllers in list
[move_group-8] [INFO] [1787324725.268708733] [moveit.simple_controller_manager.follow_joint_trajectory_controller_handle]: sending trajectory to joint_trajectory_controller
[gazebo-2] [INFO] [1787324725.269004819] [joint_trajectory_controller]: Received new action goal
[gazebo-2] [INFO] [1787324725.269056623] [joint_trajectory_controller]: Accepted new action goal
[move_group-8] [INFO] [1787324725.269228037] [moveit.simple_controller_manager.follow_joint_trajectory_controller_handle]: joint_trajectory_controller started execution
[move_group-8] [INFO] [1787324725.269241156] [moveit.simple_controller_manager.follow_joint_trajectory_controller_handle]: Goal request accepted!
[gazebo-2] [INFO] [1787324730.109681023] [joint_trajectory_controller]: Goal reached, success!
[move_group-8] [INFO] [1787324730.119492233] [moveit.simple_controller_manager.follow_joint_trajectory_controller_handle]: Controller 'joint_trajectory_controller' successfully finished
[move_group-8] [INFO] [1787324730.159678714] [move_group.moveit.moveit.ros.trajectory_execution_manager]: Completed trajectory execution with status SUCCEEDED ...
[move_group-8] [INFO] [1787324730.168649484] [move_group.moveit.moveit.ros.move_group.move_action]: Solution was found and executed.
[move_group-8] [INFO] [1787324730.830219770] [move_group.moveit.moveit.ros.move_group.move_action]: MoveGroupMoveAction: Received request
[move_group-8] [INFO] [1787324730.830448418] [move_group.moveit.moveit.ros.move_group.move_action]: executing..
[move_group-8] [WARN] [1787324730.834928241] [move_group.moveit.moveit.ros.planning_scene_monitor]: Unable to transform object from frame 'calibration_target' to planning frame'world' (Could not find a connection between 'world' and 'calibration_target' because they are not part of the same tree.Tf has two or more unconnected trees.)
[move_group-8] [WARN] [1787324730.835000161] [move_group.moveit.moveit.ros.planning_scene_monitor]: Unable to transform object from frame 'camera_color_optical_frame' to planning frame'world' (Could not find a connection between 'world' and 'camera_color_optical_frame' because they are not part of the same tree.Tf has two or more unconnected trees.)
[move_group-8] [INFO] [1787324730.835037360] [move_group.moveit.moveit.ros.move_group.move_action]: Combined planning and execution request received for MoveGroup action. Forwarding to planning and execution pipeline.
[move_group-8] [WARN] [1787324730.835065753] [move_group.moveit.moveit.ros.move_group.capability]: Execution of motions should always start at the robot's current state. Ignoring the state supplied as start state in the motion planning request
[move_group-8] [WARN] [1787324730.835093714] [move_group.moveit.moveit.ros.move_group.capability]: Execution of motions should always start at the robot's current state. Ignoring the state supplied as difference in the planning scene diff
[move_group-8] [INFO] [1787324730.835205461] [move_group.moveit.moveit.ros.plan_execution]: Planning attempt 1 of at most 1
[move_group-8] [INFO] [1787324730.835380462] [move_group]: Calling PlanningRequestAdapter 'CheckStartStateBounds'
[move_group-8] [INFO] [1787324730.835412907] [move_group]: Calling PlanningRequestAdapter 'CheckStartStateCollision'
[move_group-8] [INFO] [1787324730.835449564] [move_group]: Calling PlanningRequestAdapter 'ResolveConstraintFrames'
[move_group-8] [INFO] [1787324730.835459783] [move_group]: Calling PlanningRequestAdapter 'ValidateWorkspaceBounds'
[move_group-8] [INFO] [1787324730.835711870] [move_group.moveit.moveit.planners.ompl.model_based_planning_context]: Planner configuration 'ar_manipulator' will use planner 'geometric::RRTConnect'. Additional configuration parameters will be set when the planner is constructed.
[move_group-8] [INFO] [1787324730.835786127] [move_group]: Calling Planner 'OMPL'
[move_group-8] [INFO] [1787324730.848133146] [move_group]: Calling PlanningResponseAdapter 'AddTimeOptimalParameterization'
[move_group-8] [WARN] [1787324730.848193181] [move_group.moveit.moveit.core.time_optimal_trajectory_generation]: Invalid max_velocity_scaling_factor 0.000000 specified, defaulting to 1.000000 instead.
[move_group-8] [WARN] [1787324730.848214544] [move_group.moveit.moveit.core.time_optimal_trajectory_generation]: Invalid max_acceleration_scaling_factor 0.000000 specified, defaulting to 1.000000 instead.
[move_group-8] [INFO] [1787324730.848695488] [move_group]: Calling PlanningResponseAdapter 'ValidateSolution'
[move_group-8] [WARN] [1787324730.848849197] [move_group.moveit.moveit.ros.planning_pipeline]: The planner plugin did not fill out the 'planner_id' field of the MotionPlanResponse. Setting it to the planner ID name of the MotionPlanRequest assuming that the planner plugin does warn you if it does not use the requested planner.
[move_group-8] [INFO] [1787324730.848946993] [move_group.moveit.moveit.plugins.simple_controller_manager]: Returned 2 controllers in list
[move_group-8] [INFO] [1787324730.848976017] [move_group.moveit.moveit.plugins.simple_controller_manager]: Returned 2 controllers in list
[move_group-8] [INFO] [1787324730.849036143] [move_group.moveit.moveit.ros.trajectory_execution_manager]: Validating trajectory with allowed_start_tolerance 0.01
[move_group-8] [INFO] [1787324730.851408662] [move_group.moveit.moveit.ros.trajectory_execution_manager]: Starting trajectory execution ...
[move_group-8] [INFO] [1787324730.851464515] [move_group.moveit.moveit.plugins.simple_controller_manager]: Returned 2 controllers in list
[move_group-8] [INFO] [1787324730.851487351] [move_group.moveit.moveit.plugins.simple_controller_manager]: Returned 2 controllers in list
[move_group-8] [INFO] [1787324730.851589119] [moveit.simple_controller_manager.follow_joint_trajectory_controller_handle]: sending trajectory to joint_trajectory_controller
[gazebo-2] [INFO] [1787324730.851851133] [joint_trajectory_controller]: Received new action goal
[gazebo-2] [INFO] [1787324730.851879295] [joint_trajectory_controller]: Accepted new action goal
[move_group-8] [INFO] [1787324730.852108837] [moveit.simple_controller_manager.follow_joint_trajectory_controller_handle]: joint_trajectory_controller started execution
[move_group-8] [INFO] [1787324730.852124081] [moveit.simple_controller_manager.follow_joint_trajectory_controller_handle]: Goal request accepted!
[gazebo-2] [INFO] [1787324733.130218156] [joint_trajectory_controller]: Goal reached, success!
[move_group-8] [INFO] [1787324733.152609833] [moveit.simple_controller_manager.follow_joint_trajectory_controller_handle]: Controller 'joint_trajectory_controller' successfully finished
[move_group-8] [INFO] [1787324733.215279635] [move_group.moveit.moveit.ros.trajectory_execution_manager]: Completed trajectory execution with status SUCCEEDED ...
[move_group-8] [INFO] [1787324733.221604998] [move_group.moveit.moveit.ros.move_group.move_action]: Solution was found and executed.
[move_group-8] [INFO] [1787324733.951324636] [move_group.moveit.moveit.ros.move_group.move_action]: MoveGroupMoveAction: Received request
[move_group-8] [INFO] [1787324733.951592092] [move_group.moveit.moveit.ros.move_group.move_action]: executing..
[move_group-8] [WARN] [1787324733.964481094] [move_group.moveit.moveit.ros.planning_scene_monitor]: Unable to transform object from frame 'calibration_target' to planning frame'world' (Could not find a connection between 'world' and 'calibration_target' because they are not part of the same tree.Tf has two or more unconnected trees.)
[move_group-8] [WARN] [1787324733.964559131] [move_group.moveit.moveit.ros.planning_scene_monitor]: Unable to transform object from frame 'camera_color_optical_frame' to planning frame'world' (Could not find a connection between 'world' and 'camera_color_optical_frame' because they are not part of the same tree.Tf has two or more unconnected trees.)
[move_group-8] [INFO] [1787324733.964592587] [move_group.moveit.moveit.ros.move_group.move_action]: Combined planning and execution request received for MoveGroup action. Forwarding to planning and execution pipeline.
[move_group-8] [WARN] [1787324733.964607103] [move_group.moveit.moveit.ros.move_group.capability]: Execution of motions should always start at the robot's current state. Ignoring the state supplied as start state in the motion planning request
[move_group-8] [WARN] [1787324733.964620195] [move_group.moveit.moveit.ros.move_group.capability]: Execution of motions should always start at the robot's current state. Ignoring the state supplied as difference in the planning scene diff
[move_group-8] [INFO] [1787324733.964627518] [move_group.moveit.moveit.ros.plan_execution]: Planning attempt 1 of at most 1
[move_group-8] [INFO] [1787324733.964766487] [move_group]: Calling PlanningRequestAdapter 'CheckStartStateBounds'
[move_group-8] [INFO] [1787324733.964794275] [move_group]: Calling PlanningRequestAdapter 'CheckStartStateCollision'
[move_group-8] [INFO] [1787324733.964829758] [move_group]: Calling PlanningRequestAdapter 'ResolveConstraintFrames'
[move_group-8] [INFO] [1787324733.964839870] [move_group]: Calling PlanningRequestAdapter 'ValidateWorkspaceBounds'
[move_group-8] [INFO] [1787324733.965084634] [move_group.moveit.moveit.planners.ompl.model_based_planning_context]: Planner configuration 'ar_manipulator' will use planner 'geometric::RRTConnect'. Additional configuration parameters will be set when the planner is constructed.
[move_group-8] [INFO] [1787324733.965167025] [move_group]: Calling Planner 'OMPL'
[move_group-8] [INFO] [1787324733.978110520] [move_group]: Calling PlanningResponseAdapter 'AddTimeOptimalParameterization'
[move_group-8] [WARN] [1787324733.978173168] [move_group.moveit.moveit.core.time_optimal_trajectory_generation]: Invalid max_velocity_scaling_factor 0.000000 specified, defaulting to 1.000000 instead.
[move_group-8] [WARN] [1787324733.978197054] [move_group.moveit.moveit.core.time_optimal_trajectory_generation]: Invalid max_acceleration_scaling_factor 0.000000 specified, defaulting to 1.000000 instead.
[move_group-8] [INFO] [1787324733.978896316] [move_group]: Calling PlanningResponseAdapter 'ValidateSolution'
[move_group-8] [WARN] [1787324733.978999783] [move_group.moveit.moveit.ros.planning_pipeline]: The planner plugin did not fill out the 'planner_id' field of the MotionPlanResponse. Setting it to the planner ID name of the MotionPlanRequest assuming that the planner plugin does warn you if it does not use the requested planner.
[move_group-8] [INFO] [1787324733.979085334] [move_group.moveit.moveit.plugins.simple_controller_manager]: Returned 2 controllers in list
[move_group-8] [INFO] [1787324733.979110434] [move_group.moveit.moveit.plugins.simple_controller_manager]: Returned 2 controllers in list
[move_group-8] [INFO] [1787324733.979183174] [move_group.moveit.moveit.ros.trajectory_execution_manager]: Validating trajectory with allowed_start_tolerance 0.01
[move_group-8] [INFO] [1787324733.995577030] [move_group.moveit.moveit.ros.trajectory_execution_manager]: Starting trajectory execution ...
[move_group-8] [INFO] [1787324733.995652790] [move_group.moveit.moveit.plugins.simple_controller_manager]: Returned 2 controllers in list
[move_group-8] [INFO] [1787324733.995686396] [move_group.moveit.moveit.plugins.simple_controller_manager]: Returned 2 controllers in list
[move_group-8] [INFO] [1787324733.995796826] [moveit.simple_controller_manager.follow_joint_trajectory_controller_handle]: sending trajectory to joint_trajectory_controller
[gazebo-2] [INFO] [1787324733.995999176] [joint_trajectory_controller]: Received new action goal
[gazebo-2] [INFO] [1787324733.996024105] [joint_trajectory_controller]: Accepted new action goal
[move_group-8] [INFO] [1787324733.996201426] [moveit.simple_controller_manager.follow_joint_trajectory_controller_handle]: joint_trajectory_controller started execution
[move_group-8] [INFO] [1787324733.996216233] [moveit.simple_controller_manager.follow_joint_trajectory_controller_handle]: Goal request accepted!
[gazebo-2] [INFO] [1787324736.338572161] [joint_trajectory_controller]: Goal reached, success!
[move_group-8] [INFO] [1787324736.346482086] [moveit.simple_controller_manager.follow_joint_trajectory_controller_handle]: Controller 'joint_trajectory_controller' successfully finished
[move_group-8] [INFO] [1787324736.412922084] [move_group.moveit.moveit.ros.trajectory_execution_manager]: Completed trajectory execution with status SUCCEEDED ...
[move_group-8] [INFO] [1787324736.415706006] [move_group.moveit.moveit.ros.move_group.move_action]: Solution was found and executed.
[move_group-8] [INFO] [1787324737.170893778] [move_group.moveit.moveit.ros.move_group.move_action]: MoveGroupMoveAction: Received request
[move_group-8] [INFO] [1787324737.171109619] [move_group.moveit.moveit.ros.move_group.move_action]: executing..
[move_group-8] [WARN] [1787324737.206069332] [move_group.moveit.moveit.ros.planning_scene_monitor]: Unable to transform object from frame 'calibration_target' to planning frame'world' (Could not find a connection between 'world' and 'calibration_target' because they are not part of the same tree.Tf has two or more unconnected trees.)
[move_group-8] [WARN] [1787324737.206146973] [move_group.moveit.moveit.ros.planning_scene_monitor]: Unable to transform object from frame 'camera_color_optical_frame' to planning frame'world' (Could not find a connection between 'world' and 'camera_color_optical_frame' because they are not part of the same tree.Tf has two or more unconnected trees.)
[move_group-8] [INFO] [1787324737.206183326] [move_group.moveit.moveit.ros.move_group.move_action]: Combined planning and execution request received for MoveGroup action. Forwarding to planning and execution pipeline.
[move_group-8] [WARN] [1787324737.206204537] [move_group.moveit.moveit.ros.move_group.capability]: Execution of motions should always start at the robot's current state. Ignoring the state supplied as start state in the motion planning request
[move_group-8] [WARN] [1787324737.206223571] [move_group.moveit.moveit.ros.move_group.capability]: Execution of motions should always start at the robot's current state. Ignoring the state supplied as difference in the planning scene diff
[move_group-8] [INFO] [1787324737.206233766] [move_group.moveit.moveit.ros.plan_execution]: Planning attempt 1 of at most 1
[move_group-8] [INFO] [1787324737.206376175] [move_group]: Calling PlanningRequestAdapter 'CheckStartStateBounds'
[move_group-8] [INFO] [1787324737.206407732] [move_group]: Calling PlanningRequestAdapter 'CheckStartStateCollision'
[move_group-8] [INFO] [1787324737.206455221] [move_group]: Calling PlanningRequestAdapter 'ResolveConstraintFrames'
[move_group-8] [INFO] [1787324737.206471185] [move_group]: Calling PlanningRequestAdapter 'ValidateWorkspaceBounds'
[move_group-8] [INFO] [1787324737.206840499] [move_group.moveit.moveit.planners.ompl.model_based_planning_context]: Planner configuration 'ar_manipulator' will use planner 'geometric::RRTConnect'. Additional configuration parameters will be set when the planner is constructed.
[move_group-8] [INFO] [1787324737.206918572] [move_group]: Calling Planner 'OMPL'
[move_group-8] [INFO] [1787324737.222021097] [move_group]: Calling PlanningResponseAdapter 'AddTimeOptimalParameterization'
[move_group-8] [WARN] [1787324737.222090671] [move_group.moveit.moveit.core.time_optimal_trajectory_generation]: Invalid max_velocity_scaling_factor 0.000000 specified, defaulting to 1.000000 instead.
[move_group-8] [WARN] [1787324737.222113849] [move_group.moveit.moveit.core.time_optimal_trajectory_generation]: Invalid max_acceleration_scaling_factor 0.000000 specified, defaulting to 1.000000 instead.
[move_group-8] [INFO] [1787324737.222922312] [move_group]: Calling PlanningResponseAdapter 'ValidateSolution'
[move_group-8] [WARN] [1787324737.223179468] [move_group.moveit.moveit.ros.planning_pipeline]: The planner plugin did not fill out the 'planner_id' field of the MotionPlanResponse. Setting it to the planner ID name of the MotionPlanRequest assuming that the planner plugin does warn you if it does not use the requested planner.
[move_group-8] [INFO] [1787324737.223299232] [move_group.moveit.moveit.plugins.simple_controller_manager]: Returned 2 controllers in list
[move_group-8] [INFO] [1787324737.223327316] [move_group.moveit.moveit.plugins.simple_controller_manager]: Returned 2 controllers in list
[move_group-8] [INFO] [1787324737.223402560] [move_group.moveit.moveit.ros.trajectory_execution_manager]: Validating trajectory with allowed_start_tolerance 0.01
[move_group-8] [INFO] [1787324737.240022945] [move_group.moveit.moveit.ros.trajectory_execution_manager]: Starting trajectory execution ...
[move_group-8] [INFO] [1787324737.240098781] [move_group.moveit.moveit.plugins.simple_controller_manager]: Returned 2 controllers in list
[move_group-8] [INFO] [1787324737.240135775] [move_group.moveit.moveit.plugins.simple_controller_manager]: Returned 2 controllers in list
[move_group-8] [INFO] [1787324737.240244351] [moveit.simple_controller_manager.follow_joint_trajectory_controller_handle]: sending trajectory to joint_trajectory_controller
[gazebo-2] [INFO] [1787324737.240653675] [joint_trajectory_controller]: Received new action goal
[gazebo-2] [INFO] [1787324737.240688923] [joint_trajectory_controller]: Accepted new action goal
[move_group-8] [INFO] [1787324737.240962720] [moveit.simple_controller_manager.follow_joint_trajectory_controller_handle]: joint_trajectory_controller started execution
[move_group-8] [INFO] [1787324737.240977520] [moveit.simple_controller_manager.follow_joint_trajectory_controller_handle]: Goal request accepted!
[gazebo-2] [INFO] [1787324740.487067381] [joint_trajectory_controller]: Goal reached, success!
[move_group-8] [INFO] [1787324740.491301662] [moveit.simple_controller_manager.follow_joint_trajectory_controller_handle]: Controller 'joint_trajectory_controller' successfully finished
[move_group-8] [INFO] [1787324740.556414361] [move_group.moveit.moveit.ros.trajectory_execution_manager]: Completed trajectory execution with status SUCCEEDED ...
[move_group-8] [INFO] [1787324740.560180820] [move_group.moveit.moveit.ros.move_group.move_action]: Solution was found and executed.
[move_group-8] [INFO] [1787324741.191691124] [move_group.moveit.moveit.ros.move_group.move_action]: MoveGroupMoveAction: Received request
[move_group-8] [INFO] [1787324741.191883698] [move_group.moveit.moveit.ros.move_group.move_action]: executing..
[move_group-8] [WARN] [1787324741.206913911] [move_group.moveit.moveit.ros.planning_scene_monitor]: Unable to transform object from frame 'calibration_target' to planning frame'world' (Could not find a connection between 'world' and 'calibration_target' because they are not part of the same tree.Tf has two or more unconnected trees.)
[move_group-8] [WARN] [1787324741.207001763] [move_group.moveit.moveit.ros.planning_scene_monitor]: Unable to transform object from frame 'camera_color_optical_frame' to planning frame'world' (Could not find a connection between 'world' and 'camera_color_optical_frame' because they are not part of the same tree.Tf has two or more unconnected trees.)
[move_group-8] [INFO] [1787324741.207036225] [move_group.moveit.moveit.ros.move_group.move_action]: Combined planning and execution request received for MoveGroup action. Forwarding to planning and execution pipeline.
[move_group-8] [WARN] [1787324741.207055749] [move_group.moveit.moveit.ros.move_group.capability]: Execution of motions should always start at the robot's current state. Ignoring the state supplied as start state in the motion planning request
[move_group-8] [WARN] [1787324741.207073390] [move_group.moveit.moveit.ros.move_group.capability]: Execution of motions should always start at the robot's current state. Ignoring the state supplied as difference in the planning scene diff
[move_group-8] [INFO] [1787324741.207083940] [move_group.moveit.moveit.ros.plan_execution]: Planning attempt 1 of at most 1
[move_group-8] [INFO] [1787324741.207239646] [move_group]: Calling PlanningRequestAdapter 'CheckStartStateBounds'
[move_group-8] [INFO] [1787324741.207270917] [move_group]: Calling PlanningRequestAdapter 'CheckStartStateCollision'
[move_group-8] [INFO] [1787324741.207310867] [move_group]: Calling PlanningRequestAdapter 'ResolveConstraintFrames'
[move_group-8] [INFO] [1787324741.207321079] [move_group]: Calling PlanningRequestAdapter 'ValidateWorkspaceBounds'
[move_group-8] [INFO] [1787324741.207606716] [move_group.moveit.moveit.planners.ompl.model_based_planning_context]: Planner configuration 'ar_manipulator' will use planner 'geometric::RRTConnect'. Additional configuration parameters will be set when the planner is constructed.
[move_group-8] [INFO] [1787324741.207690537] [move_group]: Calling Planner 'OMPL'
[move_group-8] [INFO] [1787324741.220476483] [move_group]: Calling PlanningResponseAdapter 'AddTimeOptimalParameterization'
[move_group-8] [WARN] [1787324741.220548694] [move_group.moveit.moveit.core.time_optimal_trajectory_generation]: Invalid max_velocity_scaling_factor 0.000000 specified, defaulting to 1.000000 instead.
[move_group-8] [WARN] [1787324741.220571933] [move_group.moveit.moveit.core.time_optimal_trajectory_generation]: Invalid max_acceleration_scaling_factor 0.000000 specified, defaulting to 1.000000 instead.
[move_group-8] [INFO] [1787324741.221390727] [move_group]: Calling PlanningResponseAdapter 'ValidateSolution'
[move_group-8] [WARN] [1787324741.221646717] [move_group.moveit.moveit.ros.planning_pipeline]: The planner plugin did not fill out the 'planner_id' field of the MotionPlanResponse. Setting it to the planner ID name of the MotionPlanRequest assuming that the planner plugin does warn you if it does not use the requested planner.
[move_group-8] [INFO] [1787324741.221770299] [move_group.moveit.moveit.plugins.simple_controller_manager]: Returned 2 controllers in list
[move_group-8] [INFO] [1787324741.221800521] [move_group.moveit.moveit.plugins.simple_controller_manager]: Returned 2 controllers in list
[move_group-8] [INFO] [1787324741.221871277] [move_group.moveit.moveit.ros.trajectory_execution_manager]: Validating trajectory with allowed_start_tolerance 0.01
[move_group-8] [INFO] [1787324741.223808292] [move_group.moveit.moveit.ros.trajectory_execution_manager]: Starting trajectory execution ...
[move_group-8] [INFO] [1787324741.223866814] [move_group.moveit.moveit.plugins.simple_controller_manager]: Returned 2 controllers in list
[move_group-8] [INFO] [1787324741.223895669] [move_group.moveit.moveit.plugins.simple_controller_manager]: Returned 2 controllers in list
[move_group-8] [INFO] [1787324741.223994477] [moveit.simple_controller_manager.follow_joint_trajectory_controller_handle]: sending trajectory to joint_trajectory_controller
[gazebo-2] [INFO] [1787324741.224238481] [joint_trajectory_controller]: Received new action goal
[gazebo-2] [INFO] [1787324741.224270417] [joint_trajectory_controller]: Accepted new action goal
[move_group-8] [INFO] [1787324741.224497878] [moveit.simple_controller_manager.follow_joint_trajectory_controller_handle]: joint_trajectory_controller started execution
[move_group-8] [INFO] [1787324741.224511934] [moveit.simple_controller_manager.follow_joint_trajectory_controller_handle]: Goal request accepted!
[gazebo-2] [INFO] [1787324743.843494341] [joint_trajectory_controller]: Goal reached, success!
[move_group-8] [INFO] [1787324743.874725299] [moveit.simple_controller_manager.follow_joint_trajectory_controller_handle]: Controller 'joint_trajectory_controller' successfully finished
[move_group-8] [INFO] [1787324743.901683652] [move_group.moveit.moveit.ros.trajectory_execution_manager]: Completed trajectory execution with status SUCCEEDED ...
[move_group-8] [INFO] [1787324743.903991671] [move_group.moveit.moveit.ros.move_group.move_action]: Solution was found and executed.
[move_group-8] [INFO] [1787324744.596517242] [move_group.moveit.moveit.ros.move_group.move_action]: MoveGroupMoveAction: Received request
[move_group-8] [INFO] [1787324744.596700698] [move_group.moveit.moveit.ros.move_group.move_action]: executing..
[move_group-8] [WARN] [1787324744.626605680] [move_group.moveit.moveit.ros.planning_scene_monitor]: Unable to transform object from frame 'calibration_target' to planning frame'world' (Could not find a connection between 'world' and 'calibration_target' because they are not part of the same tree.Tf has two or more unconnected trees.)
[move_group-8] [WARN] [1787324744.626724367] [move_group.moveit.moveit.ros.planning_scene_monitor]: Unable to transform object from frame 'camera_color_optical_frame' to planning frame'world' (Could not find a connection between 'world' and 'camera_color_optical_frame' because they are not part of the same tree.Tf has two or more unconnected trees.)
[move_group-8] [INFO] [1787324744.626767540] [move_group.moveit.moveit.ros.move_group.move_action]: Combined planning and execution request received for MoveGroup action. Forwarding to planning and execution pipeline.
[move_group-8] [WARN] [1787324744.626784790] [move_group.moveit.moveit.ros.move_group.capability]: Execution of motions should always start at the robot's current state. Ignoring the state supplied as start state in the motion planning request
[move_group-8] [WARN] [1787324744.626800408] [move_group.moveit.moveit.ros.move_group.capability]: Execution of motions should always start at the robot's current state. Ignoring the state supplied as difference in the planning scene diff
[move_group-8] [INFO] [1787324744.626809261] [move_group.moveit.moveit.ros.plan_execution]: Planning attempt 1 of at most 1
[move_group-8] [INFO] [1787324744.626994459] [move_group]: Calling PlanningRequestAdapter 'CheckStartStateBounds'
[move_group-8] [INFO] [1787324744.627036598] [move_group]: Calling PlanningRequestAdapter 'CheckStartStateCollision'
[move_group-8] [INFO] [1787324744.627106472] [move_group]: Calling PlanningRequestAdapter 'ResolveConstraintFrames'
[move_group-8] [INFO] [1787324744.627130963] [move_group]: Calling PlanningRequestAdapter 'ValidateWorkspaceBounds'
[move_group-8] [INFO] [1787324744.627437683] [move_group.moveit.moveit.planners.ompl.model_based_planning_context]: Planner configuration 'ar_manipulator' will use planner 'geometric::RRTConnect'. Additional configuration parameters will be set when the planner is constructed.
[move_group-8] [INFO] [1787324744.627530904] [move_group]: Calling Planner 'OMPL'
[move_group-8] [INFO] [1787324744.651048726] [move_group]: Calling PlanningResponseAdapter 'AddTimeOptimalParameterization'
[move_group-8] [WARN] [1787324744.651118371] [move_group.moveit.moveit.core.time_optimal_trajectory_generation]: Invalid max_velocity_scaling_factor 0.000000 specified, defaulting to 1.000000 instead.
[move_group-8] [WARN] [1787324744.651141161] [move_group.moveit.moveit.core.time_optimal_trajectory_generation]: Invalid max_acceleration_scaling_factor 0.000000 specified, defaulting to 1.000000 instead.
[move_group-8] [INFO] [1787324744.652337224] [move_group]: Calling PlanningResponseAdapter 'ValidateSolution'
[move_group-8] [WARN] [1787324744.652611345] [move_group.moveit.moveit.ros.planning_pipeline]: The planner plugin did not fill out the 'planner_id' field of the MotionPlanResponse. Setting it to the planner ID name of the MotionPlanRequest assuming that the planner plugin does warn you if it does not use the requested planner.
[move_group-8] [INFO] [1787324744.652715250] [move_group.moveit.moveit.plugins.simple_controller_manager]: Returned 2 controllers in list
[move_group-8] [INFO] [1787324744.652739155] [move_group.moveit.moveit.plugins.simple_controller_manager]: Returned 2 controllers in list
[move_group-8] [INFO] [1787324744.652797031] [move_group.moveit.moveit.ros.trajectory_execution_manager]: Validating trajectory with allowed_start_tolerance 0.01
[move_group-8] [INFO] [1787324744.660309802] [move_group.moveit.moveit.ros.trajectory_execution_manager]: Starting trajectory execution ...
[move_group-8] [INFO] [1787324744.660383326] [move_group.moveit.moveit.plugins.simple_controller_manager]: Returned 2 controllers in list
[move_group-8] [INFO] [1787324744.660419606] [move_group.moveit.moveit.plugins.simple_controller_manager]: Returned 2 controllers in list
[move_group-8] [INFO] [1787324744.660574503] [moveit.simple_controller_manager.follow_joint_trajectory_controller_handle]: sending trajectory to joint_trajectory_controller
[gazebo-2] [INFO] [1787324744.660940054] [joint_trajectory_controller]: Received new action goal
[gazebo-2] [INFO] [1787324744.660976990] [joint_trajectory_controller]: Accepted new action goal
[move_group-8] [INFO] [1787324744.661186949] [moveit.simple_controller_manager.follow_joint_trajectory_controller_handle]: joint_trajectory_controller started execution
[move_group-8] [INFO] [1787324744.661201751] [moveit.simple_controller_manager.follow_joint_trajectory_controller_handle]: Goal request accepted!
[gazebo-2] [INFO] [1787324748.485775839] [joint_trajectory_controller]: Goal reached, success!
[move_group-8] [INFO] [1787324748.511451820] [moveit.simple_controller_manager.follow_joint_trajectory_controller_handle]: Controller 'joint_trajectory_controller' successfully finished
[move_group-8] [INFO] [1787324748.572108178] [move_group.moveit.moveit.ros.trajectory_execution_manager]: Completed trajectory execution with status SUCCEEDED ...
[move_group-8] [INFO] [1787324748.580458769] [move_group.moveit.moveit.ros.move_group.move_action]: Solution was found and executed.
[move_group-8] [INFO] [1787324749.233414734] [move_group.moveit.moveit.ros.move_group.move_action]: MoveGroupMoveAction: Received request
[move_group-8] [INFO] [1787324749.233648767] [move_group.moveit.moveit.ros.move_group.move_action]: executing..
[move_group-8] [WARN] [1787324749.242835270] [move_group.moveit.moveit.ros.planning_scene_monitor]: Unable to transform object from frame 'calibration_target' to planning frame'world' (Could not find a connection between 'world' and 'calibration_target' because they are not part of the same tree.Tf has two or more unconnected trees.)
[move_group-8] [WARN] [1787324749.242916282] [move_group.moveit.moveit.ros.planning_scene_monitor]: Unable to transform object from frame 'camera_color_optical_frame' to planning frame'world' (Could not find a connection between 'world' and 'camera_color_optical_frame' because they are not part of the same tree.Tf has two or more unconnected trees.)
[move_group-8] [INFO] [1787324749.242957217] [move_group.moveit.moveit.ros.move_group.move_action]: Combined planning and execution request received for MoveGroup action. Forwarding to planning and execution pipeline.
[move_group-8] [WARN] [1787324749.242982386] [move_group.moveit.moveit.ros.move_group.capability]: Execution of motions should always start at the robot's current state. Ignoring the state supplied as start state in the motion planning request
[move_group-8] [WARN] [1787324749.243004747] [move_group.moveit.moveit.ros.move_group.capability]: Execution of motions should always start at the robot's current state. Ignoring the state supplied as difference in the planning scene diff
[move_group-8] [INFO] [1787324749.243019275] [move_group.moveit.moveit.ros.plan_execution]: Planning attempt 1 of at most 1
[move_group-8] [INFO] [1787324749.243148347] [move_group]: Calling PlanningRequestAdapter 'CheckStartStateBounds'
[move_group-8] [INFO] [1787324749.243192480] [move_group]: Calling PlanningRequestAdapter 'CheckStartStateCollision'
[move_group-8] [INFO] [1787324749.243260233] [move_group]: Calling PlanningRequestAdapter 'ResolveConstraintFrames'
[move_group-8] [INFO] [1787324749.243278997] [move_group]: Calling PlanningRequestAdapter 'ValidateWorkspaceBounds'
[move_group-8] [INFO] [1787324749.243574358] [move_group.moveit.moveit.planners.ompl.model_based_planning_context]: Planner configuration 'ar_manipulator' will use planner 'geometric::RRTConnect'. Additional configuration parameters will be set when the planner is constructed.
[move_group-8] [INFO] [1787324749.243731615] [move_group]: Calling Planner 'OMPL'
[move_group-8] [INFO] [1787324749.255925862] [move_group]: Calling PlanningResponseAdapter 'AddTimeOptimalParameterization'
[move_group-8] [WARN] [1787324749.255967337] [move_group.moveit.moveit.core.time_optimal_trajectory_generation]: Invalid max_velocity_scaling_factor 0.000000 specified, defaulting to 1.000000 instead.
[move_group-8] [WARN] [1787324749.255979087] [move_group.moveit.moveit.core.time_optimal_trajectory_generation]: Invalid max_acceleration_scaling_factor 0.000000 specified, defaulting to 1.000000 instead.
[move_group-8] [INFO] [1787324749.257456085] [move_group]: Calling PlanningResponseAdapter 'ValidateSolution'
[move_group-8] [WARN] [1787324749.257855419] [move_group.moveit.moveit.ros.planning_pipeline]: The planner plugin did not fill out the 'planner_id' field of the MotionPlanResponse. Setting it to the planner ID name of the MotionPlanRequest assuming that the planner plugin does warn you if it does not use the requested planner.
[move_group-8] [INFO] [1787324749.257963249] [move_group.moveit.moveit.plugins.simple_controller_manager]: Returned 2 controllers in list
[move_group-8] [INFO] [1787324749.257981044] [move_group.moveit.moveit.plugins.simple_controller_manager]: Returned 2 controllers in list
[move_group-8] [INFO] [1787324749.258028574] [move_group.moveit.moveit.ros.trajectory_execution_manager]: Validating trajectory with allowed_start_tolerance 0.01
[move_group-8] [INFO] [1787324749.259613875] [move_group.moveit.moveit.ros.trajectory_execution_manager]: Starting trajectory execution ...
[move_group-8] [INFO] [1787324749.259659637] [move_group.moveit.moveit.plugins.simple_controller_manager]: Returned 2 controllers in list
[move_group-8] [INFO] [1787324749.259692559] [move_group.moveit.moveit.plugins.simple_controller_manager]: Returned 2 controllers in list
[move_group-8] [INFO] [1787324749.259803605] [moveit.simple_controller_manager.follow_joint_trajectory_controller_handle]: sending trajectory to joint_trajectory_controller
[gazebo-2] [INFO] [1787324749.260031564] [joint_trajectory_controller]: Received new action goal
[gazebo-2] [INFO] [1787324749.260064736] [joint_trajectory_controller]: Accepted new action goal
[move_group-8] [INFO] [1787324749.260284876] [moveit.simple_controller_manager.follow_joint_trajectory_controller_handle]: joint_trajectory_controller started execution
[move_group-8] [INFO] [1787324749.260297695] [moveit.simple_controller_manager.follow_joint_trajectory_controller_handle]: Goal request accepted!
[gazebo-2] [INFO] [1787324753.983570561] [joint_trajectory_controller]: Goal reached, success!
[move_group-8] [INFO] [1787324754.010640970] [moveit.simple_controller_manager.follow_joint_trajectory_controller_handle]: Controller 'joint_trajectory_controller' successfully finished
[move_group-8] [INFO] [1787324754.053929906] [move_group.moveit.moveit.ros.trajectory_execution_manager]: Completed trajectory execution with status SUCCEEDED ...
[move_group-8] [INFO] [1787324754.059780749] [move_group.moveit.moveit.ros.move_group.move_action]: Solution was found and executed.
[move_group-8] [INFO] [1787324754.736473660] [move_group.moveit.moveit.ros.move_group.move_action]: MoveGroupMoveAction: Received request
[move_group-8] [INFO] [1787324754.736676674] [move_group.moveit.moveit.ros.move_group.move_action]: executing..
[move_group-8] [WARN] [1787324754.740960757] [move_group.moveit.moveit.ros.planning_scene_monitor]: Unable to transform object from frame 'calibration_target' to planning frame'world' (Could not find a connection between 'world' and 'calibration_target' because they are not part of the same tree.Tf has two or more unconnected trees.)
[move_group-8] [WARN] [1787324754.741008559] [move_group.moveit.moveit.ros.planning_scene_monitor]: Unable to transform object from frame 'camera_color_optical_frame' to planning frame'world' (Could not find a connection between 'world' and 'camera_color_optical_frame' because they are not part of the same tree.Tf has two or more unconnected trees.)
[move_group-8] [INFO] [1787324754.741031248] [move_group.moveit.moveit.ros.move_group.move_action]: Combined planning and execution request received for MoveGroup action. Forwarding to planning and execution pipeline.
[move_group-8] [WARN] [1787324754.741044185] [move_group.moveit.moveit.ros.move_group.capability]: Execution of motions should always start at the robot's current state. Ignoring the state supplied as start state in the motion planning request
[move_group-8] [WARN] [1787324754.741056511] [move_group.moveit.moveit.ros.move_group.capability]: Execution of motions should always start at the robot's current state. Ignoring the state supplied as difference in the planning scene diff
[move_group-8] [INFO] [1787324754.741064421] [move_group.moveit.moveit.ros.plan_execution]: Planning attempt 1 of at most 1
[move_group-8] [INFO] [1787324754.741169217] [move_group]: Calling PlanningRequestAdapter 'CheckStartStateBounds'
[move_group-8] [INFO] [1787324754.741194770] [move_group]: Calling PlanningRequestAdapter 'CheckStartStateCollision'
[move_group-8] [INFO] [1787324754.741232489] [move_group]: Calling PlanningRequestAdapter 'ResolveConstraintFrames'
[move_group-8] [INFO] [1787324754.741241651] [move_group]: Calling PlanningRequestAdapter 'ValidateWorkspaceBounds'
[move_group-8] [INFO] [1787324754.741459344] [move_group.moveit.moveit.planners.ompl.model_based_planning_context]: Planner configuration 'ar_manipulator' will use planner 'geometric::RRTConnect'. Additional configuration parameters will be set when the planner is constructed.
[move_group-8] [INFO] [1787324754.741517459] [move_group]: Calling Planner 'OMPL'
[move_group-8] [INFO] [1787324754.754764941] [move_group]: Calling PlanningResponseAdapter 'AddTimeOptimalParameterization'
[move_group-8] [WARN] [1787324754.754806285] [move_group.moveit.moveit.core.time_optimal_trajectory_generation]: Invalid max_velocity_scaling_factor 0.000000 specified, defaulting to 1.000000 instead.
[move_group-8] [WARN] [1787324754.754818661] [move_group.moveit.moveit.core.time_optimal_trajectory_generation]: Invalid max_acceleration_scaling_factor 0.000000 specified, defaulting to 1.000000 instead.
[move_group-8] [INFO] [1787324754.755672320] [move_group]: Calling PlanningResponseAdapter 'ValidateSolution'
[move_group-8] [WARN] [1787324754.755824407] [move_group.moveit.moveit.ros.planning_pipeline]: The planner plugin did not fill out the 'planner_id' field of the MotionPlanResponse. Setting it to the planner ID name of the MotionPlanRequest assuming that the planner plugin does warn you if it does not use the requested planner.
[move_group-8] [INFO] [1787324754.755894198] [move_group.moveit.moveit.plugins.simple_controller_manager]: Returned 2 controllers in list
[move_group-8] [INFO] [1787324754.755911080] [move_group.moveit.moveit.plugins.simple_controller_manager]: Returned 2 controllers in list
[move_group-8] [INFO] [1787324754.755954526] [move_group.moveit.moveit.ros.trajectory_execution_manager]: Validating trajectory with allowed_start_tolerance 0.01
[move_group-8] [INFO] [1787324754.776244563] [move_group.moveit.moveit.ros.trajectory_execution_manager]: Starting trajectory execution ...
[move_group-8] [INFO] [1787324754.776333749] [move_group.moveit.moveit.plugins.simple_controller_manager]: Returned 2 controllers in list
[move_group-8] [INFO] [1787324754.776363007] [move_group.moveit.moveit.plugins.simple_controller_manager]: Returned 2 controllers in list
[move_group-8] [INFO] [1787324754.776486047] [moveit.simple_controller_manager.follow_joint_trajectory_controller_handle]: sending trajectory to joint_trajectory_controller
[gazebo-2] [INFO] [1787324754.776810648] [joint_trajectory_controller]: Received new action goal
[gazebo-2] [INFO] [1787324754.776848778] [joint_trajectory_controller]: Accepted new action goal
[move_group-8] [INFO] [1787324754.777326438] [moveit.simple_controller_manager.follow_joint_trajectory_controller_handle]: joint_trajectory_controller started execution
[move_group-8] [INFO] [1787324754.777338393] [moveit.simple_controller_manager.follow_joint_trajectory_controller_handle]: Goal request accepted!
[gazebo-2] [INFO] [1787324759.018988539] [joint_trajectory_controller]: Goal reached, success!
[move_group-8] [INFO] [1787324759.027249584] [moveit.simple_controller_manager.follow_joint_trajectory_controller_handle]: Controller 'joint_trajectory_controller' successfully finished
[move_group-8] [INFO] [1787324759.085117057] [move_group.moveit.moveit.ros.trajectory_execution_manager]: Completed trajectory execution with status SUCCEEDED ...
[move_group-8] [INFO] [1787324759.086722443] [move_group.moveit.moveit.ros.move_group.move_action]: Solution was found and executed.
[move_group-8] [INFO] [1787324759.862448950] [move_group.moveit.moveit.ros.move_group.move_action]: MoveGroupMoveAction: Received request
[move_group-8] [INFO] [1787324759.862712553] [move_group.moveit.moveit.ros.move_group.move_action]: executing..
[move_group-8] [WARN] [1787324759.867952141] [move_group.moveit.moveit.ros.planning_scene_monitor]: Unable to transform object from frame 'calibration_target' to planning frame'world' (Could not find a connection between 'world' and 'calibration_target' because they are not part of the same tree.Tf has two or more unconnected trees.)
[move_group-8] [WARN] [1787324759.868024901] [move_group.moveit.moveit.ros.planning_scene_monitor]: Unable to transform object from frame 'camera_color_optical_frame' to planning frame'world' (Could not find a connection between 'world' and 'camera_color_optical_frame' because they are not part of the same tree.Tf has two or more unconnected trees.)
[move_group-8] [INFO] [1787324759.868063456] [move_group.moveit.moveit.ros.move_group.move_action]: Combined planning and execution request received for MoveGroup action. Forwarding to planning and execution pipeline.
[move_group-8] [WARN] [1787324759.868085220] [move_group.moveit.moveit.ros.move_group.capability]: Execution of motions should always start at the robot's current state. Ignoring the state supplied as start state in the motion planning request
[move_group-8] [WARN] [1787324759.868107475] [move_group.moveit.moveit.ros.move_group.capability]: Execution of motions should always start at the robot's current state. Ignoring the state supplied as difference in the planning scene diff
[move_group-8] [INFO] [1787324759.868119485] [move_group.moveit.moveit.ros.plan_execution]: Planning attempt 1 of at most 1
[move_group-8] [INFO] [1787324759.868257146] [move_group]: Calling PlanningRequestAdapter 'CheckStartStateBounds'
[move_group-8] [INFO] [1787324759.868298348] [move_group]: Calling PlanningRequestAdapter 'CheckStartStateCollision'
[move_group-8] [INFO] [1787324759.868351029] [move_group]: Calling PlanningRequestAdapter 'ResolveConstraintFrames'
[move_group-8] [INFO] [1787324759.868369595] [move_group]: Calling PlanningRequestAdapter 'ValidateWorkspaceBounds'
[move_group-8] [INFO] [1787324759.868634731] [move_group.moveit.moveit.planners.ompl.model_based_planning_context]: Planner configuration 'ar_manipulator' will use planner 'geometric::RRTConnect'. Additional configuration parameters will be set when the planner is constructed.
[move_group-8] [INFO] [1787324759.868723892] [move_group]: Calling Planner 'OMPL'
[move_group-8] [INFO] [1787324759.894257222] [move_group]: Calling PlanningResponseAdapter 'AddTimeOptimalParameterization'
[move_group-8] [WARN] [1787324759.894329371] [move_group.moveit.moveit.core.time_optimal_trajectory_generation]: Invalid max_velocity_scaling_factor 0.000000 specified, defaulting to 1.000000 instead.
[move_group-8] [WARN] [1787324759.894350273] [move_group.moveit.moveit.core.time_optimal_trajectory_generation]: Invalid max_acceleration_scaling_factor 0.000000 specified, defaulting to 1.000000 instead.
[move_group-8] [INFO] [1787324759.903384833] [move_group]: Calling PlanningResponseAdapter 'ValidateSolution'
[move_group-8] [WARN] [1787324759.903927316] [move_group.moveit.moveit.ros.planning_pipeline]: The planner plugin did not fill out the 'planner_id' field of the MotionPlanResponse. Setting it to the planner ID name of the MotionPlanRequest assuming that the planner plugin does warn you if it does not use the requested planner.
[move_group-8] [INFO] [1787324759.904070842] [move_group.moveit.moveit.plugins.simple_controller_manager]: Returned 2 controllers in list
[move_group-8] [INFO] [1787324759.904104976] [move_group.moveit.moveit.plugins.simple_controller_manager]: Returned 2 controllers in list
[move_group-8] [INFO] [1787324759.904201034] [move_group.moveit.moveit.ros.trajectory_execution_manager]: Validating trajectory with allowed_start_tolerance 0.01
[move_group-8] [INFO] [1787324759.919322531] [move_group.moveit.moveit.ros.trajectory_execution_manager]: Starting trajectory execution ...
[move_group-8] [INFO] [1787324759.919402018] [move_group.moveit.moveit.plugins.simple_controller_manager]: Returned 2 controllers in list
[move_group-8] [INFO] [1787324759.919427802] [move_group.moveit.moveit.plugins.simple_controller_manager]: Returned 2 controllers in list
[move_group-8] [INFO] [1787324759.919549022] [moveit.simple_controller_manager.follow_joint_trajectory_controller_handle]: sending trajectory to joint_trajectory_controller
[gazebo-2] [INFO] [1787324759.919890056] [joint_trajectory_controller]: Received new action goal
[gazebo-2] [INFO] [1787324759.919925895] [joint_trajectory_controller]: Accepted new action goal
[move_group-8] [INFO] [1787324759.920249036] [moveit.simple_controller_manager.follow_joint_trajectory_controller_handle]: joint_trajectory_controller started execution
[move_group-8] [INFO] [1787324759.920263000] [moveit.simple_controller_manager.follow_joint_trajectory_controller_handle]: Goal request accepted!
[gazebo-2] [INFO] [1787324768.484440249] [joint_trajectory_controller]: Goal reached, success!
[move_group-8] [INFO] [1787324768.520560859] [moveit.simple_controller_manager.follow_joint_trajectory_controller_handle]: Controller 'joint_trajectory_controller' successfully finished
[move_group-8] [INFO] [1787324768.569807965] [move_group.moveit.moveit.ros.trajectory_execution_manager]: Completed trajectory execution with status SUCCEEDED ...
[move_group-8] [INFO] [1787324768.579530585] [move_group.moveit.moveit.ros.move_group.move_action]: Solution was found and executed.
[move_group-8] [INFO] [1787324769.301665331] [move_group.moveit.moveit.ros.move_group.move_action]: MoveGroupMoveAction: Received request
[move_group-8] [INFO] [1787324769.301884762] [move_group.moveit.moveit.ros.move_group.move_action]: executing..
[move_group-8] [WARN] [1787324769.316910810] [move_group.moveit.moveit.ros.planning_scene_monitor]: Unable to transform object from frame 'calibration_target' to planning frame'world' (Could not find a connection between 'world' and 'calibration_target' because they are not part of the same tree.Tf has two or more unconnected trees.)
[move_group-8] [WARN] [1787324769.316966977] [move_group.moveit.moveit.ros.planning_scene_monitor]: Unable to transform object from frame 'camera_color_optical_frame' to planning frame'world' (Could not find a connection between 'world' and 'camera_color_optical_frame' because they are not part of the same tree.Tf has two or more unconnected trees.)
[move_group-8] [INFO] [1787324769.316990385] [move_group.moveit.moveit.ros.move_group.move_action]: Combined planning and execution request received for MoveGroup action. Forwarding to planning and execution pipeline.
[move_group-8] [WARN] [1787324769.317004653] [move_group.moveit.moveit.ros.move_group.capability]: Execution of motions should always start at the robot's current state. Ignoring the state supplied as start state in the motion planning request
[move_group-8] [WARN] [1787324769.317017185] [move_group.moveit.moveit.ros.move_group.capability]: Execution of motions should always start at the robot's current state. Ignoring the state supplied as difference in the planning scene diff
[move_group-8] [INFO] [1787324769.317024830] [move_group.moveit.moveit.ros.plan_execution]: Planning attempt 1 of at most 1
[move_group-8] [INFO] [1787324769.317197776] [move_group]: Calling PlanningRequestAdapter 'CheckStartStateBounds'
[move_group-8] [INFO] [1787324769.317232151] [move_group]: Calling PlanningRequestAdapter 'CheckStartStateCollision'
[move_group-8] [INFO] [1787324769.317272957] [move_group]: Calling PlanningRequestAdapter 'ResolveConstraintFrames'
[move_group-8] [INFO] [1787324769.317283361] [move_group]: Calling PlanningRequestAdapter 'ValidateWorkspaceBounds'
[move_group-8] [INFO] [1787324769.317512545] [move_group.moveit.moveit.planners.ompl.model_based_planning_context]: Planner configuration 'ar_manipulator' will use planner 'geometric::RRTConnect'. Additional configuration parameters will be set when the planner is constructed.
[move_group-8] [INFO] [1787324769.317608726] [move_group]: Calling Planner 'OMPL'
[move_group-8] [INFO] [1787324769.339994791] [move_group]: Calling PlanningResponseAdapter 'AddTimeOptimalParameterization'
[move_group-8] [WARN] [1787324769.340059376] [move_group.moveit.moveit.core.time_optimal_trajectory_generation]: Invalid max_velocity_scaling_factor 0.000000 specified, defaulting to 1.000000 instead.
[move_group-8] [WARN] [1787324769.340074727] [move_group.moveit.moveit.core.time_optimal_trajectory_generation]: Invalid max_acceleration_scaling_factor 0.000000 specified, defaulting to 1.000000 instead.
[move_group-8] [INFO] [1787324769.341248057] [move_group]: Calling PlanningResponseAdapter 'ValidateSolution'
[move_group-8] [WARN] [1787324769.341494889] [move_group.moveit.moveit.ros.planning_pipeline]: The planner plugin did not fill out the 'planner_id' field of the MotionPlanResponse. Setting it to the planner ID name of the MotionPlanRequest assuming that the planner plugin does warn you if it does not use the requested planner.
[move_group-8] [INFO] [1787324769.341656267] [move_group.moveit.moveit.plugins.simple_controller_manager]: Returned 2 controllers in list
[move_group-8] [INFO] [1787324769.341684360] [move_group.moveit.moveit.plugins.simple_controller_manager]: Returned 2 controllers in list
[move_group-8] [INFO] [1787324769.341769354] [move_group.moveit.moveit.ros.trajectory_execution_manager]: Validating trajectory with allowed_start_tolerance 0.01
[move_group-8] [INFO] [1787324769.352859707] [move_group.moveit.moveit.ros.trajectory_execution_manager]: Starting trajectory execution ...
[move_group-8] [INFO] [1787324769.352923711] [move_group.moveit.moveit.plugins.simple_controller_manager]: Returned 2 controllers in list
[move_group-8] [INFO] [1787324769.352949135] [move_group.moveit.moveit.plugins.simple_controller_manager]: Returned 2 controllers in list
[move_group-8] [INFO] [1787324769.353049991] [moveit.simple_controller_manager.follow_joint_trajectory_controller_handle]: sending trajectory to joint_trajectory_controller
[gazebo-2] [INFO] [1787324769.353611111] [joint_trajectory_controller]: Received new action goal
[gazebo-2] [INFO] [1787324769.353672516] [joint_trajectory_controller]: Accepted new action goal
[move_group-8] [INFO] [1787324769.353864089] [moveit.simple_controller_manager.follow_joint_trajectory_controller_handle]: joint_trajectory_controller started execution
[move_group-8] [INFO] [1787324769.353879300] [moveit.simple_controller_manager.follow_joint_trajectory_controller_handle]: Goal request accepted!
[gazebo-2] [INFO] [1787324773.287965037] [joint_trajectory_controller]: Goal reached, success!
[move_group-8] [INFO] [1787324773.304211563] [moveit.simple_controller_manager.follow_joint_trajectory_controller_handle]: Controller 'joint_trajectory_controller' successfully finished
[move_group-8] [INFO] [1787324773.306639961] [move_group.moveit.moveit.ros.trajectory_execution_manager]: Completed trajectory execution with status SUCCEEDED ...
[move_group-8] [INFO] [1787324773.313006265] [move_group.moveit.moveit.ros.move_group.move_action]: Solution was found and executed.
[move_group-8] [INFO] [1787324774.123733437] [move_group.moveit.moveit.ros.move_group.move_action]: MoveGroupMoveAction: Received request
[move_group-8] [INFO] [1787324774.123980264] [move_group.moveit.moveit.ros.move_group.move_action]: executing..
[move_group-8] [WARN] [1787324774.136228285] [move_group.moveit.moveit.ros.planning_scene_monitor]: Unable to transform object from frame 'calibration_target' to planning frame'world' (Could not find a connection between 'world' and 'calibration_target' because they are not part of the same tree.Tf has two or more unconnected trees.)
[move_group-8] [WARN] [1787324774.136313132] [move_group.moveit.moveit.ros.planning_scene_monitor]: Unable to transform object from frame 'camera_color_optical_frame' to planning frame'world' (Could not find a connection between 'world' and 'camera_color_optical_frame' because they are not part of the same tree.Tf has two or more unconnected trees.)
[move_group-8] [INFO] [1787324774.136349962] [move_group.moveit.moveit.ros.move_group.move_action]: Combined planning and execution request received for MoveGroup action. Forwarding to planning and execution pipeline.
[move_group-8] [WARN] [1787324774.136374456] [move_group.moveit.moveit.ros.move_group.capability]: Execution of motions should always start at the robot's current state. Ignoring the state supplied as start state in the motion planning request
[move_group-8] [WARN] [1787324774.136399604] [move_group.moveit.moveit.ros.move_group.capability]: Execution of motions should always start at the robot's current state. Ignoring the state supplied as difference in the planning scene diff
[move_group-8] [INFO] [1787324774.136413545] [move_group.moveit.moveit.ros.plan_execution]: Planning attempt 1 of at most 1
[move_group-8] [INFO] [1787324774.136557744] [move_group]: Calling PlanningRequestAdapter 'CheckStartStateBounds'
[move_group-8] [INFO] [1787324774.136586053] [move_group]: Calling PlanningRequestAdapter 'CheckStartStateCollision'
[move_group-8] [INFO] [1787324774.136624062] [move_group]: Calling PlanningRequestAdapter 'ResolveConstraintFrames'
[move_group-8] [INFO] [1787324774.136634992] [move_group]: Calling PlanningRequestAdapter 'ValidateWorkspaceBounds'
[move_group-8] [INFO] [1787324774.136865118] [move_group.moveit.moveit.planners.ompl.model_based_planning_context]: Planner configuration 'ar_manipulator' will use planner 'geometric::RRTConnect'. Additional configuration parameters will be set when the planner is constructed.
[move_group-8] [INFO] [1787324774.136950074] [move_group]: Calling Planner 'OMPL'
[move_group-8] [INFO] [1787324774.149610969] [move_group]: Calling PlanningResponseAdapter 'AddTimeOptimalParameterization'
[move_group-8] [WARN] [1787324774.149661047] [move_group.moveit.moveit.core.time_optimal_trajectory_generation]: Invalid max_velocity_scaling_factor 0.000000 specified, defaulting to 1.000000 instead.
[move_group-8] [WARN] [1787324774.149673998] [move_group.moveit.moveit.core.time_optimal_trajectory_generation]: Invalid max_acceleration_scaling_factor 0.000000 specified, defaulting to 1.000000 instead.
[move_group-8] [INFO] [1787324774.150239192] [move_group]: Calling PlanningResponseAdapter 'ValidateSolution'
[move_group-8] [WARN] [1787324774.150338446] [move_group.moveit.moveit.ros.planning_pipeline]: The planner plugin did not fill out the 'planner_id' field of the MotionPlanResponse. Setting it to the planner ID name of the MotionPlanRequest assuming that the planner plugin does warn you if it does not use the requested planner.
[move_group-8] [INFO] [1787324774.150453217] [move_group.moveit.moveit.plugins.simple_controller_manager]: Returned 2 controllers in list
[move_group-8] [INFO] [1787324774.150472420] [move_group.moveit.moveit.plugins.simple_controller_manager]: Returned 2 controllers in list
[move_group-8] [INFO] [1787324774.150523756] [move_group.moveit.moveit.ros.trajectory_execution_manager]: Validating trajectory with allowed_start_tolerance 0.01
[move_group-8] [INFO] [1787324774.153183016] [move_group.moveit.moveit.ros.trajectory_execution_manager]: Starting trajectory execution ...
[move_group-8] [INFO] [1787324774.153256439] [move_group.moveit.moveit.plugins.simple_controller_manager]: Returned 2 controllers in list
[move_group-8] [INFO] [1787324774.153291020] [move_group.moveit.moveit.plugins.simple_controller_manager]: Returned 2 controllers in list
[move_group-8] [INFO] [1787324774.153398875] [moveit.simple_controller_manager.follow_joint_trajectory_controller_handle]: sending trajectory to joint_trajectory_controller
[gazebo-2] [INFO] [1787324774.153651118] [joint_trajectory_controller]: Received new action goal
[gazebo-2] [INFO] [1787324774.153683123] [joint_trajectory_controller]: Accepted new action goal
[move_group-8] [INFO] [1787324774.153908246] [moveit.simple_controller_manager.follow_joint_trajectory_controller_handle]: joint_trajectory_controller started execution
[move_group-8] [INFO] [1787324774.153922475] [moveit.simple_controller_manager.follow_joint_trajectory_controller_handle]: Goal request accepted!
[gazebo-2] [INFO] [1787324776.719676699] [joint_trajectory_controller]: Goal reached, success!
[move_group-8] [INFO] [1787324776.754168147] [moveit.simple_controller_manager.follow_joint_trajectory_controller_handle]: Controller 'joint_trajectory_controller' successfully finished
[move_group-8] [INFO] [1787324776.793540018] [move_group.moveit.moveit.ros.trajectory_execution_manager]: Completed trajectory execution with status SUCCEEDED ...
[move_group-8] [INFO] [1787324776.803338867] [move_group.moveit.moveit.ros.move_group.move_action]: Solution was found and executed.
[move_group-8] [INFO] [1787324777.527089043] [move_group.moveit.moveit.ros.move_group.move_action]: MoveGroupMoveAction: Received request
[move_group-8] [INFO] [1787324777.527303541] [move_group.moveit.moveit.ros.move_group.move_action]: executing..
[move_group-8] [WARN] [1787324777.559133178] [move_group.moveit.moveit.ros.planning_scene_monitor]: Unable to transform object from frame 'calibration_target' to planning frame'world' (Could not find a connection between 'world' and 'calibration_target' because they are not part of the same tree.Tf has two or more unconnected trees.)
[move_group-8] [WARN] [1787324777.559233962] [move_group.moveit.moveit.ros.planning_scene_monitor]: Unable to transform object from frame 'camera_color_optical_frame' to planning frame'world' (Could not find a connection between 'world' and 'camera_color_optical_frame' because they are not part of the same tree.Tf has two or more unconnected trees.)
[move_group-8] [INFO] [1787324777.559276429] [move_group.moveit.moveit.ros.move_group.move_action]: Combined planning and execution request received for MoveGroup action. Forwarding to planning and execution pipeline.
[move_group-8] [WARN] [1787324777.559301274] [move_group.moveit.moveit.ros.move_group.capability]: Execution of motions should always start at the robot's current state. Ignoring the state supplied as start state in the motion planning request
[move_group-8] [WARN] [1787324777.559319134] [move_group.moveit.moveit.ros.move_group.capability]: Execution of motions should always start at the robot's current state. Ignoring the state supplied as difference in the planning scene diff
[move_group-8] [INFO] [1787324777.559329005] [move_group.moveit.moveit.ros.plan_execution]: Planning attempt 1 of at most 1
[move_group-8] [INFO] [1787324777.559533588] [move_group]: Calling PlanningRequestAdapter 'CheckStartStateBounds'
[move_group-8] [INFO] [1787324777.559574194] [move_group]: Calling PlanningRequestAdapter 'CheckStartStateCollision'
[move_group-8] [INFO] [1787324777.559627457] [move_group]: Calling PlanningRequestAdapter 'ResolveConstraintFrames'
[move_group-8] [INFO] [1787324777.559642879] [move_group]: Calling PlanningRequestAdapter 'ValidateWorkspaceBounds'
[move_group-8] [INFO] [1787324777.559982673] [move_group.moveit.moveit.planners.ompl.model_based_planning_context]: Planner configuration 'ar_manipulator' will use planner 'geometric::RRTConnect'. Additional configuration parameters will be set when the planner is constructed.
[move_group-8] [INFO] [1787324777.560065776] [move_group]: Calling Planner 'OMPL'
[move_group-8] [INFO] [1787324777.603292420] [move_group]: Calling PlanningResponseAdapter 'AddTimeOptimalParameterization'
[move_group-8] [WARN] [1787324777.603344071] [move_group.moveit.moveit.core.time_optimal_trajectory_generation]: Invalid max_velocity_scaling_factor 0.000000 specified, defaulting to 1.000000 instead.
[move_group-8] [WARN] [1787324777.603357076] [move_group.moveit.moveit.core.time_optimal_trajectory_generation]: Invalid max_acceleration_scaling_factor 0.000000 specified, defaulting to 1.000000 instead.
[move_group-8] [INFO] [1787324777.604942228] [move_group]: Calling PlanningResponseAdapter 'ValidateSolution'
[move_group-8] [WARN] [1787324777.605203576] [move_group.moveit.moveit.ros.planning_pipeline]: The planner plugin did not fill out the 'planner_id' field of the MotionPlanResponse. Setting it to the planner ID name of the MotionPlanRequest assuming that the planner plugin does warn you if it does not use the requested planner.
[move_group-8] [INFO] [1787324777.605294191] [move_group.moveit.moveit.plugins.simple_controller_manager]: Returned 2 controllers in list
[move_group-8] [INFO] [1787324777.605312798] [move_group.moveit.moveit.plugins.simple_controller_manager]: Returned 2 controllers in list
[move_group-8] [INFO] [1787324777.605359732] [move_group.moveit.moveit.ros.trajectory_execution_manager]: Validating trajectory with allowed_start_tolerance 0.01
[move_group-8] [INFO] [1787324777.609861454] [move_group.moveit.moveit.ros.trajectory_execution_manager]: Starting trajectory execution ...
[move_group-8] [INFO] [1787324777.609929502] [move_group.moveit.moveit.plugins.simple_controller_manager]: Returned 2 controllers in list
[move_group-8] [INFO] [1787324777.609961223] [move_group.moveit.moveit.plugins.simple_controller_manager]: Returned 2 controllers in list
[move_group-8] [INFO] [1787324777.610066097] [moveit.simple_controller_manager.follow_joint_trajectory_controller_handle]: sending trajectory to joint_trajectory_controller
[gazebo-2] [INFO] [1787324777.610464591] [joint_trajectory_controller]: Received new action goal
[gazebo-2] [INFO] [1787324777.610503446] [joint_trajectory_controller]: Accepted new action goal
[move_group-8] [INFO] [1787324777.610652404] [moveit.simple_controller_manager.follow_joint_trajectory_controller_handle]: joint_trajectory_controller started execution
[move_group-8] [INFO] [1787324777.610666672] [moveit.simple_controller_manager.follow_joint_trajectory_controller_handle]: Goal request accepted!
[gazebo-2] [INFO] [1787324782.545147966] [joint_trajectory_controller]: Goal reached, success!
[move_group-8] [INFO] [1787324782.561068095] [moveit.simple_controller_manager.follow_joint_trajectory_controller_handle]: Controller 'joint_trajectory_controller' successfully finished
[move_group-8] [INFO] [1787324782.617160881] [move_group.moveit.moveit.ros.trajectory_execution_manager]: Completed trajectory execution with status SUCCEEDED ...
[move_group-8] [INFO] [1787324782.620021198] [move_group.moveit.moveit.ros.move_group.move_action]: Solution was found and executed.
[move_group-8] [INFO] [1787324783.318928019] [move_group.moveit.moveit.ros.move_group.move_action]: MoveGroupMoveAction: Received request
[move_group-8] [INFO] [1787324783.319117659] [move_group.moveit.moveit.ros.move_group.move_action]: executing..
[move_group-8] [WARN] [1787324783.337927356] [move_group.moveit.moveit.ros.planning_scene_monitor]: Unable to transform object from frame 'calibration_target' to planning frame'world' (Could not find a connection between 'world' and 'calibration_target' because they are not part of the same tree.Tf has two or more unconnected trees.)
[move_group-8] [WARN] [1787324783.338005940] [move_group.moveit.moveit.ros.planning_scene_monitor]: Unable to transform object from frame 'camera_color_optical_frame' to planning frame'world' (Could not find a connection between 'world' and 'camera_color_optical_frame' because they are not part of the same tree.Tf has two or more unconnected trees.)
[move_group-8] [INFO] [1787324783.338043472] [move_group.moveit.moveit.ros.move_group.move_action]: Combined planning and execution request received for MoveGroup action. Forwarding to planning and execution pipeline.
[move_group-8] [WARN] [1787324783.338064367] [move_group.moveit.moveit.ros.move_group.capability]: Execution of motions should always start at the robot's current state. Ignoring the state supplied as start state in the motion planning request
[move_group-8] [WARN] [1787324783.338084873] [move_group.moveit.moveit.ros.move_group.capability]: Execution of motions should always start at the robot's current state. Ignoring the state supplied as difference in the planning scene diff
[move_group-8] [INFO] [1787324783.338096810] [move_group.moveit.moveit.ros.plan_execution]: Planning attempt 1 of at most 1
[move_group-8] [INFO] [1787324783.338251837] [move_group]: Calling PlanningRequestAdapter 'CheckStartStateBounds'
[move_group-8] [INFO] [1787324783.338292519] [move_group]: Calling PlanningRequestAdapter 'CheckStartStateCollision'
[move_group-8] [INFO] [1787324783.338356545] [move_group]: Calling PlanningRequestAdapter 'ResolveConstraintFrames'
[move_group-8] [INFO] [1787324783.338421481] [move_group]: Calling PlanningRequestAdapter 'ValidateWorkspaceBounds'
[move_group-8] [INFO] [1787324783.338719168] [move_group.moveit.moveit.planners.ompl.model_based_planning_context]: Planner configuration 'ar_manipulator' will use planner 'geometric::RRTConnect'. Additional configuration parameters will be set when the planner is constructed.
[move_group-8] [INFO] [1787324783.338783534] [move_group]: Calling Planner 'OMPL'
[move_group-8] [INFO] [1787324783.351881986] [move_group]: Calling PlanningResponseAdapter 'AddTimeOptimalParameterization'
[move_group-8] [WARN] [1787324783.351932075] [move_group.moveit.moveit.core.time_optimal_trajectory_generation]: Invalid max_velocity_scaling_factor 0.000000 specified, defaulting to 1.000000 instead.
[move_group-8] [WARN] [1787324783.351944983] [move_group.moveit.moveit.core.time_optimal_trajectory_generation]: Invalid max_acceleration_scaling_factor 0.000000 specified, defaulting to 1.000000 instead.
[move_group-8] [INFO] [1787324783.352514602] [move_group]: Calling PlanningResponseAdapter 'ValidateSolution'
[move_group-8] [WARN] [1787324783.352739054] [move_group.moveit.moveit.ros.planning_pipeline]: The planner plugin did not fill out the 'planner_id' field of the MotionPlanResponse. Setting it to the planner ID name of the MotionPlanRequest assuming that the planner plugin does warn you if it does not use the requested planner.
[move_group-8] [INFO] [1787324783.352826006] [move_group.moveit.moveit.plugins.simple_controller_manager]: Returned 2 controllers in list
[move_group-8] [INFO] [1787324783.352852780] [move_group.moveit.moveit.plugins.simple_controller_manager]: Returned 2 controllers in list
[move_group-8] [INFO] [1787324783.352914467] [move_group.moveit.moveit.ros.trajectory_execution_manager]: Validating trajectory with allowed_start_tolerance 0.01
[move_group-8] [INFO] [1787324783.354582473] [move_group.moveit.moveit.ros.trajectory_execution_manager]: Starting trajectory execution ...
[move_group-8] [INFO] [1787324783.354622514] [move_group.moveit.moveit.plugins.simple_controller_manager]: Returned 2 controllers in list
[move_group-8] [INFO] [1787324783.354655197] [move_group.moveit.moveit.plugins.simple_controller_manager]: Returned 2 controllers in list
[move_group-8] [INFO] [1787324783.354783580] [moveit.simple_controller_manager.follow_joint_trajectory_controller_handle]: sending trajectory to joint_trajectory_controller
[gazebo-2] [INFO] [1787324783.355073468] [joint_trajectory_controller]: Received new action goal
[gazebo-2] [INFO] [1787324783.355103602] [joint_trajectory_controller]: Accepted new action goal
[move_group-8] [INFO] [1787324783.355383513] [moveit.simple_controller_manager.follow_joint_trajectory_controller_handle]: joint_trajectory_controller started execution
[move_group-8] [INFO] [1787324783.355409627] [moveit.simple_controller_manager.follow_joint_trajectory_controller_handle]: Goal request accepted!
[gazebo-2] [INFO] [1787324785.257114180] [joint_trajectory_controller]: Goal reached, success!
[move_group-8] [INFO] [1787324785.305387367] [moveit.simple_controller_manager.follow_joint_trajectory_controller_handle]: Controller 'joint_trajectory_controller' successfully finished
[move_group-8] [INFO] [1787324785.322120665] [move_group.moveit.moveit.ros.trajectory_execution_manager]: Completed trajectory execution with status SUCCEEDED ...
[move_group-8] [INFO] [1787324785.324924992] [move_group.moveit.moveit.ros.move_group.move_action]: Solution was found and executed.
[move_group-8] [INFO] [1787324786.045848827] [move_group.moveit.moveit.ros.move_group.move_action]: MoveGroupMoveAction: Received request
[move_group-8] [INFO] [1787324786.046101689] [move_group.moveit.moveit.ros.move_group.move_action]: executing..
[move_group-8] [WARN] [1787324786.049224228] [move_group.moveit.moveit.ros.planning_scene_monitor]: Unable to transform object from frame 'calibration_target' to planning frame'world' (Could not find a connection between 'world' and 'calibration_target' because they are not part of the same tree.Tf has two or more unconnected trees.)
[move_group-8] [WARN] [1787324786.049276191] [move_group.moveit.moveit.ros.planning_scene_monitor]: Unable to transform object from frame 'camera_color_optical_frame' to planning frame'world' (Could not find a connection between 'world' and 'camera_color_optical_frame' because they are not part of the same tree.Tf has two or more unconnected trees.)
[move_group-8] [INFO] [1787324786.049298715] [move_group.moveit.moveit.ros.move_group.move_action]: Combined planning and execution request received for MoveGroup action. Forwarding to planning and execution pipeline.
[move_group-8] [WARN] [1787324786.049312399] [move_group.moveit.moveit.ros.move_group.capability]: Execution of motions should always start at the robot's current state. Ignoring the state supplied as start state in the motion planning request
[move_group-8] [WARN] [1787324786.049324792] [move_group.moveit.moveit.ros.move_group.capability]: Execution of motions should always start at the robot's current state. Ignoring the state supplied as difference in the planning scene diff
[move_group-8] [INFO] [1787324786.049332390] [move_group.moveit.moveit.ros.plan_execution]: Planning attempt 1 of at most 1
[move_group-8] [INFO] [1787324786.049449751] [move_group]: Calling PlanningRequestAdapter 'CheckStartStateBounds'
[move_group-8] [INFO] [1787324786.049477079] [move_group]: Calling PlanningRequestAdapter 'CheckStartStateCollision'
[move_group-8] [INFO] [1787324786.049516130] [move_group]: Calling PlanningRequestAdapter 'ResolveConstraintFrames'
[move_group-8] [INFO] [1787324786.049565551] [move_group]: Calling PlanningRequestAdapter 'ValidateWorkspaceBounds'
[move_group-8] [INFO] [1787324786.049845170] [move_group.moveit.moveit.planners.ompl.model_based_planning_context]: Planner configuration 'ar_manipulator' will use planner 'geometric::RRTConnect'. Additional configuration parameters will be set when the planner is constructed.
[move_group-8] [INFO] [1787324786.049946394] [move_group]: Calling Planner 'OMPL'
[move_group-8] [INFO] [1787324786.063884033] [move_group]: Calling PlanningResponseAdapter 'AddTimeOptimalParameterization'
[move_group-8] [WARN] [1787324786.063950572] [move_group.moveit.moveit.core.time_optimal_trajectory_generation]: Invalid max_velocity_scaling_factor 0.000000 specified, defaulting to 1.000000 instead.
[move_group-8] [WARN] [1787324786.063973145] [move_group.moveit.moveit.core.time_optimal_trajectory_generation]: Invalid max_acceleration_scaling_factor 0.000000 specified, defaulting to 1.000000 instead.
[move_group-8] [INFO] [1787324786.064985252] [move_group]: Calling PlanningResponseAdapter 'ValidateSolution'
[move_group-8] [WARN] [1787324786.065198883] [move_group.moveit.moveit.ros.planning_pipeline]: The planner plugin did not fill out the 'planner_id' field of the MotionPlanResponse. Setting it to the planner ID name of the MotionPlanRequest assuming that the planner plugin does warn you if it does not use the requested planner.
[move_group-8] [INFO] [1787324786.065297114] [move_group.moveit.moveit.plugins.simple_controller_manager]: Returned 2 controllers in list
[move_group-8] [INFO] [1787324786.065321169] [move_group.moveit.moveit.plugins.simple_controller_manager]: Returned 2 controllers in list
[move_group-8] [INFO] [1787324786.065369870] [move_group.moveit.moveit.ros.trajectory_execution_manager]: Validating trajectory with allowed_start_tolerance 0.01
[move_group-8] [INFO] [1787324786.085728897] [move_group.moveit.moveit.ros.trajectory_execution_manager]: Starting trajectory execution ...
[move_group-8] [INFO] [1787324786.085900554] [move_group.moveit.moveit.plugins.simple_controller_manager]: Returned 2 controllers in list
[move_group-8] [INFO] [1787324786.085945751] [move_group.moveit.moveit.plugins.simple_controller_manager]: Returned 2 controllers in list
[move_group-8] [INFO] [1787324786.086159322] [moveit.simple_controller_manager.follow_joint_trajectory_controller_handle]: sending trajectory to joint_trajectory_controller
[gazebo-2] [INFO] [1787324786.087144250] [joint_trajectory_controller]: Received new action goal
[gazebo-2] [INFO] [1787324786.087190267] [joint_trajectory_controller]: Accepted new action goal
[move_group-8] [INFO] [1787324786.087524262] [moveit.simple_controller_manager.follow_joint_trajectory_controller_handle]: joint_trajectory_controller started execution
[move_group-8] [INFO] [1787324786.087540169] [moveit.simple_controller_manager.follow_joint_trajectory_controller_handle]: Goal request accepted!
[gazebo-2] [INFO] [1787324789.999848599] [joint_trajectory_controller]: Goal reached, success!
[move_group-8] [INFO] [1787324790.037724207] [moveit.simple_controller_manager.follow_joint_trajectory_controller_handle]: Controller 'joint_trajectory_controller' successfully finished
[move_group-8] [INFO] [1787324790.053751501] [move_group.moveit.moveit.ros.trajectory_execution_manager]: Completed trajectory execution with status SUCCEEDED ...
[move_group-8] [INFO] [1787324790.055871402] [move_group.moveit.moveit.ros.move_group.move_action]: Solution was found and executed.
[move_group-8] [INFO] [1787324790.757419882] [move_group.moveit.moveit.ros.move_group.move_action]: MoveGroupMoveAction: Received request
[move_group-8] [INFO] [1787324790.757637888] [move_group.moveit.moveit.ros.move_group.move_action]: executing..
[move_group-8] [WARN] [1787324790.781414401] [move_group.moveit.moveit.ros.planning_scene_monitor]: Unable to transform object from frame 'calibration_target' to planning frame'world' (Could not find a connection between 'world' and 'calibration_target' because they are not part of the same tree.Tf has two or more unconnected trees.)
[move_group-8] [WARN] [1787324790.781493709] [move_group.moveit.moveit.ros.planning_scene_monitor]: Unable to transform object from frame 'camera_color_optical_frame' to planning frame'world' (Could not find a connection between 'world' and 'camera_color_optical_frame' because they are not part of the same tree.Tf has two or more unconnected trees.)
[move_group-8] [INFO] [1787324790.781549978] [move_group.moveit.moveit.ros.move_group.move_action]: Combined planning and execution request received for MoveGroup action. Forwarding to planning and execution pipeline.
[move_group-8] [WARN] [1787324790.781576424] [move_group.moveit.moveit.ros.move_group.capability]: Execution of motions should always start at the robot's current state. Ignoring the state supplied as start state in the motion planning request
[move_group-8] [WARN] [1787324790.781599523] [move_group.moveit.moveit.ros.move_group.capability]: Execution of motions should always start at the robot's current state. Ignoring the state supplied as difference in the planning scene diff
[move_group-8] [INFO] [1787324790.781613603] [move_group.moveit.moveit.ros.plan_execution]: Planning attempt 1 of at most 1
[move_group-8] [INFO] [1787324790.781870146] [move_group]: Calling PlanningRequestAdapter 'CheckStartStateBounds'
[move_group-8] [INFO] [1787324790.781924972] [move_group]: Calling PlanningRequestAdapter 'CheckStartStateCollision'
[move_group-8] [INFO] [1787324790.781991713] [move_group]: Calling PlanningRequestAdapter 'ResolveConstraintFrames'
[move_group-8] [INFO] [1787324790.782026297] [move_group]: Calling PlanningRequestAdapter 'ValidateWorkspaceBounds'
[move_group-8] [INFO] [1787324790.782410610] [move_group.moveit.moveit.planners.ompl.model_based_planning_context]: Planner configuration 'ar_manipulator' will use planner 'geometric::RRTConnect'. Additional configuration parameters will be set when the planner is constructed.
[move_group-8] [INFO] [1787324790.782486852] [move_group]: Calling Planner 'OMPL'
[move_group-8] [INFO] [1787324790.795202077] [move_group]: Calling PlanningResponseAdapter 'AddTimeOptimalParameterization'
[move_group-8] [WARN] [1787324790.795265321] [move_group.moveit.moveit.core.time_optimal_trajectory_generation]: Invalid max_velocity_scaling_factor 0.000000 specified, defaulting to 1.000000 instead.
[move_group-8] [WARN] [1787324790.795291717] [move_group.moveit.moveit.core.time_optimal_trajectory_generation]: Invalid max_acceleration_scaling_factor 0.000000 specified, defaulting to 1.000000 instead.
[move_group-8] [INFO] [1787324790.795835779] [move_group]: Calling PlanningResponseAdapter 'ValidateSolution'
[move_group-8] [WARN] [1787324790.796016357] [move_group.moveit.moveit.ros.planning_pipeline]: The planner plugin did not fill out the 'planner_id' field of the MotionPlanResponse. Setting it to the planner ID name of the MotionPlanRequest assuming that the planner plugin does warn you if it does not use the requested planner.
[move_group-8] [INFO] [1787324790.796150140] [move_group.moveit.moveit.plugins.simple_controller_manager]: Returned 2 controllers in list
[move_group-8] [INFO] [1787324790.796178270] [move_group.moveit.moveit.plugins.simple_controller_manager]: Returned 2 controllers in list
[move_group-8] [INFO] [1787324790.796251715] [move_group.moveit.moveit.ros.trajectory_execution_manager]: Validating trajectory with allowed_start_tolerance 0.01
[move_group-8] [INFO] [1787324790.799506819] [move_group.moveit.moveit.ros.trajectory_execution_manager]: Starting trajectory execution ...
[move_group-8] [INFO] [1787324790.799577538] [move_group.moveit.moveit.plugins.simple_controller_manager]: Returned 2 controllers in list
[move_group-8] [INFO] [1787324790.799619537] [move_group.moveit.moveit.plugins.simple_controller_manager]: Returned 2 controllers in list
[move_group-8] [INFO] [1787324790.799740704] [moveit.simple_controller_manager.follow_joint_trajectory_controller_handle]: sending trajectory to joint_trajectory_controller
[gazebo-2] [INFO] [1787324790.799959818] [joint_trajectory_controller]: Received new action goal
[gazebo-2] [INFO] [1787324790.799992056] [joint_trajectory_controller]: Accepted new action goal
[move_group-8] [INFO] [1787324790.800182665] [moveit.simple_controller_manager.follow_joint_trajectory_controller_handle]: joint_trajectory_controller started execution
[move_group-8] [INFO] [1787324790.800194139] [moveit.simple_controller_manager.follow_joint_trajectory_controller_handle]: Goal request accepted!
[gazebo-2] [INFO] [1787324793.132149582] [joint_trajectory_controller]: Goal reached, success!
[move_group-8] [INFO] [1787324793.150794591] [moveit.simple_controller_manager.follow_joint_trajectory_controller_handle]: Controller 'joint_trajectory_controller' successfully finished
[move_group-8] [INFO] [1787324793.204050973] [move_group.moveit.moveit.ros.trajectory_execution_manager]: Completed trajectory execution with status SUCCEEDED ...
[move_group-8] [INFO] [1787324793.209624469] [move_group.moveit.moveit.ros.move_group.move_action]: Solution was found and executed.
[move_group-8] [INFO] [1787324793.928004074] [move_group.moveit.moveit.ros.move_group.move_action]: MoveGroupMoveAction: Received request
[move_group-8] [INFO] [1787324793.928186499] [move_group.moveit.moveit.ros.move_group.move_action]: executing..
[move_group-8] [WARN] [1787324793.928643480] [move_group.moveit.moveit.ros.planning_scene_monitor]: Unable to transform object from frame 'calibration_target' to planning frame'world' (Could not find a connection between 'world' and 'calibration_target' because they are not part of the same tree.Tf has two or more unconnected trees.)
[move_group-8] [WARN] [1787324793.928675774] [move_group.moveit.moveit.ros.planning_scene_monitor]: Unable to transform object from frame 'camera_color_optical_frame' to planning frame'world' (Could not find a connection between 'world' and 'camera_color_optical_frame' because they are not part of the same tree.Tf has two or more unconnected trees.)
[move_group-8] [INFO] [1787324793.928696558] [move_group.moveit.moveit.ros.move_group.move_action]: Combined planning and execution request received for MoveGroup action. Forwarding to planning and execution pipeline.
[move_group-8] [WARN] [1787324793.928710605] [move_group.moveit.moveit.ros.move_group.capability]: Execution of motions should always start at the robot's current state. Ignoring the state supplied as start state in the motion planning request
[move_group-8] [WARN] [1787324793.928723258] [move_group.moveit.moveit.ros.move_group.capability]: Execution of motions should always start at the robot's current state. Ignoring the state supplied as difference in the planning scene diff
[move_group-8] [INFO] [1787324793.928730808] [move_group.moveit.moveit.ros.plan_execution]: Planning attempt 1 of at most 1
[move_group-8] [INFO] [1787324793.928836764] [move_group]: Calling PlanningRequestAdapter 'CheckStartStateBounds'
[move_group-8] [INFO] [1787324793.928866852] [move_group]: Calling PlanningRequestAdapter 'CheckStartStateCollision'
[move_group-8] [INFO] [1787324793.928905422] [move_group]: Calling PlanningRequestAdapter 'ResolveConstraintFrames'
[move_group-8] [INFO] [1787324793.928915268] [move_group]: Calling PlanningRequestAdapter 'ValidateWorkspaceBounds'
[move_group-8] [INFO] [1787324793.929145839] [move_group.moveit.moveit.planners.ompl.model_based_planning_context]: Planner configuration 'ar_manipulator' will use planner 'geometric::RRTConnect'. Additional configuration parameters will be set when the planner is constructed.
[move_group-8] [INFO] [1787324793.929229978] [move_group]: Calling Planner 'OMPL'
[move_group-8] [INFO] [1787324793.942079969] [move_group]: Calling PlanningResponseAdapter 'AddTimeOptimalParameterization'
[move_group-8] [WARN] [1787324793.942138561] [move_group.moveit.moveit.core.time_optimal_trajectory_generation]: Invalid max_velocity_scaling_factor 0.000000 specified, defaulting to 1.000000 instead.
[move_group-8] [WARN] [1787324793.942163516] [move_group.moveit.moveit.core.time_optimal_trajectory_generation]: Invalid max_acceleration_scaling_factor 0.000000 specified, defaulting to 1.000000 instead.
[move_group-8] [INFO] [1787324793.942803433] [move_group]: Calling PlanningResponseAdapter 'ValidateSolution'
[move_group-8] [WARN] [1787324793.942917741] [move_group.moveit.moveit.ros.planning_pipeline]: The planner plugin did not fill out the 'planner_id' field of the MotionPlanResponse. Setting it to the planner ID name of the MotionPlanRequest assuming that the planner plugin does warn you if it does not use the requested planner.
[move_group-8] [INFO] [1787324793.942973507] [move_group.moveit.moveit.plugins.simple_controller_manager]: Returned 2 controllers in list
[move_group-8] [INFO] [1787324793.942987784] [move_group.moveit.moveit.plugins.simple_controller_manager]: Returned 2 controllers in list
[move_group-8] [INFO] [1787324793.943030104] [move_group.moveit.moveit.ros.trajectory_execution_manager]: Validating trajectory with allowed_start_tolerance 0.01
[move_group-8] [INFO] [1787324793.963900224] [move_group.moveit.moveit.ros.trajectory_execution_manager]: Starting trajectory execution ...
[move_group-8] [INFO] [1787324793.963983300] [move_group.moveit.moveit.plugins.simple_controller_manager]: Returned 2 controllers in list
[move_group-8] [INFO] [1787324793.964012145] [move_group.moveit.moveit.plugins.simple_controller_manager]: Returned 2 controllers in list
[move_group-8] [INFO] [1787324793.964122463] [moveit.simple_controller_manager.follow_joint_trajectory_controller_handle]: sending trajectory to joint_trajectory_controller
[gazebo-2] [INFO] [1787324793.964302116] [joint_trajectory_controller]: Received new action goal
[gazebo-2] [INFO] [1787324793.964343323] [joint_trajectory_controller]: Accepted new action goal
[move_group-8] [INFO] [1787324793.964677232] [moveit.simple_controller_manager.follow_joint_trajectory_controller_handle]: joint_trajectory_controller started execution
[move_group-8] [INFO] [1787324793.964689433] [moveit.simple_controller_manager.follow_joint_trajectory_controller_handle]: Goal request accepted!
[gazebo-2] [INFO] [1787324795.973108890] [joint_trajectory_controller]: Goal reached, success!
[move_group-8] [INFO] [1787324796.014839503] [moveit.simple_controller_manager.follow_joint_trajectory_controller_handle]: Controller 'joint_trajectory_controller' successfully finished
[move_group-8] [INFO] [1787324796.040301543] [move_group.moveit.moveit.ros.trajectory_execution_manager]: Completed trajectory execution with status SUCCEEDED ...
[move_group-8] [INFO] [1787324796.044085523] [move_group.moveit.moveit.ros.move_group.move_action]: Solution was found and executed.
[move_group-8] [INFO] [1787324796.816845329] [move_group.moveit.moveit.ros.move_group.move_action]: MoveGroupMoveAction: Received request
[move_group-8] [INFO] [1787324796.817045216] [move_group.moveit.moveit.ros.move_group.move_action]: executing..
[move_group-8] [WARN] [1787324796.827722596] [move_group.moveit.moveit.ros.planning_scene_monitor]: Unable to transform object from frame 'calibration_target' to planning frame'world' (Could not find a connection between 'world' and 'calibration_target' because they are not part of the same tree.Tf has two or more unconnected trees.)
[move_group-8] [WARN] [1787324796.827793304] [move_group.moveit.moveit.ros.planning_scene_monitor]: Unable to transform object from frame 'camera_color_optical_frame' to planning frame'world' (Could not find a connection between 'world' and 'camera_color_optical_frame' because they are not part of the same tree.Tf has two or more unconnected trees.)
[move_group-8] [INFO] [1787324796.827831015] [move_group.moveit.moveit.ros.move_group.move_action]: Combined planning and execution request received for MoveGroup action. Forwarding to planning and execution pipeline.
[move_group-8] [WARN] [1787324796.827850412] [move_group.moveit.moveit.ros.move_group.capability]: Execution of motions should always start at the robot's current state. Ignoring the state supplied as start state in the motion planning request
[move_group-8] [WARN] [1787324796.827867151] [move_group.moveit.moveit.ros.move_group.capability]: Execution of motions should always start at the robot's current state. Ignoring the state supplied as difference in the planning scene diff
[move_group-8] [INFO] [1787324796.827878845] [move_group.moveit.moveit.ros.plan_execution]: Planning attempt 1 of at most 1
[move_group-8] [INFO] [1787324796.828061342] [move_group]: Calling PlanningRequestAdapter 'CheckStartStateBounds'
[move_group-8] [INFO] [1787324796.828092904] [move_group]: Calling PlanningRequestAdapter 'CheckStartStateCollision'
[move_group-8] [INFO] [1787324796.828132150] [move_group]: Calling PlanningRequestAdapter 'ResolveConstraintFrames'
[move_group-8] [INFO] [1787324796.828142269] [move_group]: Calling PlanningRequestAdapter 'ValidateWorkspaceBounds'
[move_group-8] [INFO] [1787324796.828386206] [move_group.moveit.moveit.planners.ompl.model_based_planning_context]: Planner configuration 'ar_manipulator' will use planner 'geometric::RRTConnect'. Additional configuration parameters will be set when the planner is constructed.
[move_group-8] [INFO] [1787324796.828457927] [move_group]: Calling Planner 'OMPL'
[move_group-8] [INFO] [1787324796.850928385] [move_group]: Calling PlanningResponseAdapter 'AddTimeOptimalParameterization'
[move_group-8] [WARN] [1787324796.850987669] [move_group.moveit.moveit.core.time_optimal_trajectory_generation]: Invalid max_velocity_scaling_factor 0.000000 specified, defaulting to 1.000000 instead.
[move_group-8] [WARN] [1787324796.851006605] [move_group.moveit.moveit.core.time_optimal_trajectory_generation]: Invalid max_acceleration_scaling_factor 0.000000 specified, defaulting to 1.000000 instead.
[move_group-8] [INFO] [1787324796.851699682] [move_group]: Calling PlanningResponseAdapter 'ValidateSolution'
[move_group-8] [WARN] [1787324796.851910411] [move_group.moveit.moveit.ros.planning_pipeline]: The planner plugin did not fill out the 'planner_id' field of the MotionPlanResponse. Setting it to the planner ID name of the MotionPlanRequest assuming that the planner plugin does warn you if it does not use the requested planner.
[move_group-8] [INFO] [1787324796.852038969] [move_group.moveit.moveit.plugins.simple_controller_manager]: Returned 2 controllers in list
[move_group-8] [INFO] [1787324796.852062006] [move_group.moveit.moveit.plugins.simple_controller_manager]: Returned 2 controllers in list
[move_group-8] [INFO] [1787324796.852105514] [move_group.moveit.moveit.ros.trajectory_execution_manager]: Validating trajectory with allowed_start_tolerance 0.01
[move_group-8] [INFO] [1787324796.861091985] [move_group.moveit.moveit.ros.trajectory_execution_manager]: Starting trajectory execution ...
[move_group-8] [INFO] [1787324796.861162432] [move_group.moveit.moveit.plugins.simple_controller_manager]: Returned 2 controllers in list
[move_group-8] [INFO] [1787324796.861195870] [move_group.moveit.moveit.plugins.simple_controller_manager]: Returned 2 controllers in list
[move_group-8] [INFO] [1787324796.861317588] [moveit.simple_controller_manager.follow_joint_trajectory_controller_handle]: sending trajectory to joint_trajectory_controller
[gazebo-2] [INFO] [1787324796.861547945] [joint_trajectory_controller]: Received new action goal
[gazebo-2] [INFO] [1787324796.861580791] [joint_trajectory_controller]: Accepted new action goal
[move_group-8] [INFO] [1787324796.862793269] [moveit.simple_controller_manager.follow_joint_trajectory_controller_handle]: joint_trajectory_controller started execution
[move_group-8] [INFO] [1787324796.862811523] [moveit.simple_controller_manager.follow_joint_trajectory_controller_handle]: Goal request accepted!
[gazebo-2] [INFO] [1787324799.437247725] [joint_trajectory_controller]: Goal reached, success!
[move_group-8] [INFO] [1787324799.462057059] [moveit.simple_controller_manager.follow_joint_trajectory_controller_handle]: Controller 'joint_trajectory_controller' successfully finished
[move_group-8] [INFO] [1787324799.523327280] [move_group.moveit.moveit.ros.trajectory_execution_manager]: Completed trajectory execution with status SUCCEEDED ...
[move_group-8] [INFO] [1787324799.531226040] [move_group.moveit.moveit.ros.move_group.move_action]: Solution was found and executed.
[move_group-8] [INFO] [1787324800.261253223] [move_group.moveit.moveit.ros.move_group.move_action]: MoveGroupMoveAction: Received request
[move_group-8] [INFO] [1787324800.261657733] [move_group.moveit.moveit.ros.move_group.move_action]: executing..
[move_group-8] [WARN] [1787324800.276970443] [move_group.moveit.moveit.ros.planning_scene_monitor]: Unable to transform object from frame 'calibration_target' to planning frame'world' (Could not find a connection between 'world' and 'calibration_target' because they are not part of the same tree.Tf has two or more unconnected trees.)
[move_group-8] [WARN] [1787324800.277038121] [move_group.moveit.moveit.ros.planning_scene_monitor]: Unable to transform object from frame 'camera_color_optical_frame' to planning frame'world' (Could not find a connection between 'world' and 'camera_color_optical_frame' because they are not part of the same tree.Tf has two or more unconnected trees.)
[move_group-8] [INFO] [1787324800.277079915] [move_group.moveit.moveit.ros.move_group.move_action]: Combined planning and execution request received for MoveGroup action. Forwarding to planning and execution pipeline.
[move_group-8] [WARN] [1787324800.277099307] [move_group.moveit.moveit.ros.move_group.capability]: Execution of motions should always start at the robot's current state. Ignoring the state supplied as start state in the motion planning request
[move_group-8] [WARN] [1787324800.277114045] [move_group.moveit.moveit.ros.move_group.capability]: Execution of motions should always start at the robot's current state. Ignoring the state supplied as difference in the planning scene diff
[move_group-8] [INFO] [1787324800.277121529] [move_group.moveit.moveit.ros.plan_execution]: Planning attempt 1 of at most 1
[move_group-8] [INFO] [1787324800.277249821] [move_group]: Calling PlanningRequestAdapter 'CheckStartStateBounds'
[move_group-8] [INFO] [1787324800.277278062] [move_group]: Calling PlanningRequestAdapter 'CheckStartStateCollision'
[move_group-8] [INFO] [1787324800.277313967] [move_group]: Calling PlanningRequestAdapter 'ResolveConstraintFrames'
[move_group-8] [INFO] [1787324800.277324019] [move_group]: Calling PlanningRequestAdapter 'ValidateWorkspaceBounds'
[move_group-8] [INFO] [1787324800.277614753] [move_group.moveit.moveit.planners.ompl.model_based_planning_context]: Planner configuration 'ar_manipulator' will use planner 'geometric::RRTConnect'. Additional configuration parameters will be set when the planner is constructed.
[move_group-8] [INFO] [1787324800.277704993] [move_group]: Calling Planner 'OMPL'
[move_group-8] [INFO] [1787324800.300767673] [move_group]: Calling PlanningResponseAdapter 'AddTimeOptimalParameterization'
[move_group-8] [WARN] [1787324800.300835711] [move_group.moveit.moveit.core.time_optimal_trajectory_generation]: Invalid max_velocity_scaling_factor 0.000000 specified, defaulting to 1.000000 instead.
[move_group-8] [WARN] [1787324800.300857431] [move_group.moveit.moveit.core.time_optimal_trajectory_generation]: Invalid max_acceleration_scaling_factor 0.000000 specified, defaulting to 1.000000 instead.
[move_group-8] [INFO] [1787324800.301782914] [move_group]: Calling PlanningResponseAdapter 'ValidateSolution'
[move_group-8] [WARN] [1787324800.302048738] [move_group.moveit.moveit.ros.planning_pipeline]: The planner plugin did not fill out the 'planner_id' field of the MotionPlanResponse. Setting it to the planner ID name of the MotionPlanRequest assuming that the planner plugin does warn you if it does not use the requested planner.
[move_group-8] [INFO] [1787324800.302168182] [move_group.moveit.moveit.plugins.simple_controller_manager]: Returned 2 controllers in list
[move_group-8] [INFO] [1787324800.302225074] [move_group.moveit.moveit.plugins.simple_controller_manager]: Returned 2 controllers in list
[move_group-8] [INFO] [1787324800.302292471] [move_group.moveit.moveit.ros.trajectory_execution_manager]: Validating trajectory with allowed_start_tolerance 0.01
[move_group-8] [INFO] [1787324800.312059541] [move_group.moveit.moveit.ros.trajectory_execution_manager]: Starting trajectory execution ...
[move_group-8] [INFO] [1787324800.312137562] [move_group.moveit.moveit.plugins.simple_controller_manager]: Returned 2 controllers in list
[move_group-8] [INFO] [1787324800.312169515] [move_group.moveit.moveit.plugins.simple_controller_manager]: Returned 2 controllers in list
[move_group-8] [INFO] [1787324800.312270218] [moveit.simple_controller_manager.follow_joint_trajectory_controller_handle]: sending trajectory to joint_trajectory_controller
[gazebo-2] [INFO] [1787324800.312477283] [joint_trajectory_controller]: Received new action goal
[gazebo-2] [INFO] [1787324800.312507982] [joint_trajectory_controller]: Accepted new action goal
[move_group-8] [INFO] [1787324800.312729910] [moveit.simple_controller_manager.follow_joint_trajectory_controller_handle]: joint_trajectory_controller started execution
[move_group-8] [INFO] [1787324800.312743233] [moveit.simple_controller_manager.follow_joint_trajectory_controller_handle]: Goal request accepted!
[gazebo-2] [INFO] [1787324803.706018508] [joint_trajectory_controller]: Goal reached, success!
[move_group-8] [INFO] [1787324803.712946775] [moveit.simple_controller_manager.follow_joint_trajectory_controller_handle]: Controller 'joint_trajectory_controller' successfully finished
[move_group-8] [INFO] [1787324803.771036280] [move_group.moveit.moveit.ros.trajectory_execution_manager]: Completed trajectory execution with status SUCCEEDED ...
[move_group-8] [INFO] [1787324803.772198977] [move_group.moveit.moveit.ros.move_group.move_action]: Solution was found and executed.
[move_group-8] [INFO] [1787324804.467471325] [move_group.moveit.moveit.ros.move_group.move_action]: MoveGroupMoveAction: Received request
[move_group-8] [INFO] [1787324804.467709805] [move_group.moveit.moveit.ros.move_group.move_action]: executing..
[move_group-8] [WARN] [1787324804.482755090] [move_group.moveit.moveit.ros.planning_scene_monitor]: Unable to transform object from frame 'calibration_target' to planning frame'world' (Could not find a connection between 'world' and 'calibration_target' because they are not part of the same tree.Tf has two or more unconnected trees.)
[move_group-8] [WARN] [1787324804.482826557] [move_group.moveit.moveit.ros.planning_scene_monitor]: Unable to transform object from frame 'camera_color_optical_frame' to planning frame'world' (Could not find a connection between 'world' and 'camera_color_optical_frame' because they are not part of the same tree.Tf has two or more unconnected trees.)
[move_group-8] [INFO] [1787324804.482852754] [move_group.moveit.moveit.ros.move_group.move_action]: Combined planning and execution request received for MoveGroup action. Forwarding to planning and execution pipeline.
[move_group-8] [WARN] [1787324804.482867101] [move_group.moveit.moveit.ros.move_group.capability]: Execution of motions should always start at the robot's current state. Ignoring the state supplied as start state in the motion planning request
[move_group-8] [WARN] [1787324804.482878910] [move_group.moveit.moveit.ros.move_group.capability]: Execution of motions should always start at the robot's current state. Ignoring the state supplied as difference in the planning scene diff
[move_group-8] [INFO] [1787324804.482886315] [move_group.moveit.moveit.ros.plan_execution]: Planning attempt 1 of at most 1
[move_group-8] [INFO] [1787324804.483003574] [move_group]: Calling PlanningRequestAdapter 'CheckStartStateBounds'
[move_group-8] [INFO] [1787324804.483029590] [move_group]: Calling PlanningRequestAdapter 'CheckStartStateCollision'
[move_group-8] [INFO] [1787324804.483068208] [move_group]: Calling PlanningRequestAdapter 'ResolveConstraintFrames'
[move_group-8] [INFO] [1787324804.483077760] [move_group]: Calling PlanningRequestAdapter 'ValidateWorkspaceBounds'
[move_group-8] [INFO] [1787324804.483293023] [move_group.moveit.moveit.planners.ompl.model_based_planning_context]: Planner configuration 'ar_manipulator' will use planner 'geometric::RRTConnect'. Additional configuration parameters will be set when the planner is constructed.
[move_group-8] [INFO] [1787324804.483352290] [move_group]: Calling Planner 'OMPL'
[move_group-8] [INFO] [1787324804.495161346] [move_group]: Calling PlanningResponseAdapter 'AddTimeOptimalParameterization'
[move_group-8] [WARN] [1787324804.495199172] [move_group.moveit.moveit.core.time_optimal_trajectory_generation]: Invalid max_velocity_scaling_factor 0.000000 specified, defaulting to 1.000000 instead.
[move_group-8] [WARN] [1787324804.495210891] [move_group.moveit.moveit.core.time_optimal_trajectory_generation]: Invalid max_acceleration_scaling_factor 0.000000 specified, defaulting to 1.000000 instead.
[move_group-8] [INFO] [1787324804.495522062] [move_group]: Calling PlanningResponseAdapter 'ValidateSolution'
[move_group-8] [WARN] [1787324804.495623187] [move_group.moveit.moveit.ros.planning_pipeline]: The planner plugin did not fill out the 'planner_id' field of the MotionPlanResponse. Setting it to the planner ID name of the MotionPlanRequest assuming that the planner plugin does warn you if it does not use the requested planner.
[move_group-8] [INFO] [1787324804.495692006] [move_group.moveit.moveit.plugins.simple_controller_manager]: Returned 2 controllers in list
[move_group-8] [INFO] [1787324804.495709142] [move_group.moveit.moveit.plugins.simple_controller_manager]: Returned 2 controllers in list
[move_group-8] [INFO] [1787324804.495752797] [move_group.moveit.moveit.ros.trajectory_execution_manager]: Validating trajectory with allowed_start_tolerance 0.01
[move_group-8] [INFO] [1787324804.518707445] [move_group.moveit.moveit.ros.trajectory_execution_manager]: Starting trajectory execution ...
[move_group-8] [INFO] [1787324804.518808621] [move_group.moveit.moveit.plugins.simple_controller_manager]: Returned 2 controllers in list
[move_group-8] [INFO] [1787324804.518846978] [move_group.moveit.moveit.plugins.simple_controller_manager]: Returned 2 controllers in list
[move_group-8] [INFO] [1787324804.518963725] [moveit.simple_controller_manager.follow_joint_trajectory_controller_handle]: sending trajectory to joint_trajectory_controller
[gazebo-2] [INFO] [1787324804.519244471] [joint_trajectory_controller]: Received new action goal
[gazebo-2] [INFO] [1787324804.519279437] [joint_trajectory_controller]: Accepted new action goal
[move_group-8] [INFO] [1787324804.519505060] [moveit.simple_controller_manager.follow_joint_trajectory_controller_handle]: joint_trajectory_controller started execution
[move_group-8] [INFO] [1787324804.519519297] [moveit.simple_controller_manager.follow_joint_trajectory_controller_handle]: Goal request accepted!
[gazebo-2] [INFO] [1787324806.266386758] [joint_trajectory_controller]: Goal reached, success!
[move_group-8] [INFO] [1787324806.269721591] [moveit.simple_controller_manager.follow_joint_trajectory_controller_handle]: Controller 'joint_trajectory_controller' successfully finished
[move_group-8] [INFO] [1787324806.317801610] [move_group.moveit.moveit.ros.trajectory_execution_manager]: Completed trajectory execution with status SUCCEEDED ...
[move_group-8] [INFO] [1787324806.318838059] [move_group.moveit.moveit.ros.move_group.move_action]: Solution was found and executed.
[move_group-8] [INFO] [1787324807.078628932] [move_group.moveit.moveit.ros.move_group.move_action]: MoveGroupMoveAction: Received request
[move_group-8] [INFO] [1787324807.078837797] [move_group.moveit.moveit.ros.move_group.move_action]: executing..
[move_group-8] [WARN] [1787324807.103436480] [move_group.moveit.moveit.ros.planning_scene_monitor]: Unable to transform object from frame 'calibration_target' to planning frame'world' (Could not find a connection between 'world' and 'calibration_target' because they are not part of the same tree.Tf has two or more unconnected trees.)
[move_group-8] [WARN] [1787324807.103508298] [move_group.moveit.moveit.ros.planning_scene_monitor]: Unable to transform object from frame 'camera_color_optical_frame' to planning frame'world' (Could not find a connection between 'world' and 'camera_color_optical_frame' because they are not part of the same tree.Tf has two or more unconnected trees.)
[move_group-8] [INFO] [1787324807.103535592] [move_group.moveit.moveit.ros.move_group.move_action]: Combined planning and execution request received for MoveGroup action. Forwarding to planning and execution pipeline.
[move_group-8] [WARN] [1787324807.103550530] [move_group.moveit.moveit.ros.move_group.capability]: Execution of motions should always start at the robot's current state. Ignoring the state supplied as start state in the motion planning request
[move_group-8] [WARN] [1787324807.103568891] [move_group.moveit.moveit.ros.move_group.capability]: Execution of motions should always start at the robot's current state. Ignoring the state supplied as difference in the planning scene diff
[move_group-8] [INFO] [1787324807.103576792] [move_group.moveit.moveit.ros.plan_execution]: Planning attempt 1 of at most 1
[move_group-8] [INFO] [1787324807.103704211] [move_group]: Calling PlanningRequestAdapter 'CheckStartStateBounds'
[move_group-8] [INFO] [1787324807.103745331] [move_group]: Calling PlanningRequestAdapter 'CheckStartStateCollision'
[move_group-8] [INFO] [1787324807.103806113] [move_group]: Calling PlanningRequestAdapter 'ResolveConstraintFrames'
[move_group-8] [INFO] [1787324807.103829814] [move_group]: Calling PlanningRequestAdapter 'ValidateWorkspaceBounds'
[move_group-8] [INFO] [1787324807.104140382] [move_group.moveit.moveit.planners.ompl.model_based_planning_context]: Planner configuration 'ar_manipulator' will use planner 'geometric::RRTConnect'. Additional configuration parameters will be set when the planner is constructed.
[move_group-8] [INFO] [1787324807.104207020] [move_group]: Calling Planner 'OMPL'
[move_group-8] [INFO] [1787324807.119916209] [move_group]: Calling PlanningResponseAdapter 'AddTimeOptimalParameterization'
[move_group-8] [WARN] [1787324807.119963423] [move_group.moveit.moveit.core.time_optimal_trajectory_generation]: Invalid max_velocity_scaling_factor 0.000000 specified, defaulting to 1.000000 instead.
[move_group-8] [WARN] [1787324807.119980554] [move_group.moveit.moveit.core.time_optimal_trajectory_generation]: Invalid max_acceleration_scaling_factor 0.000000 specified, defaulting to 1.000000 instead.
[move_group-8] [INFO] [1787324807.120733854] [move_group]: Calling PlanningResponseAdapter 'ValidateSolution'
[move_group-8] [WARN] [1787324807.121007987] [move_group.moveit.moveit.ros.planning_pipeline]: The planner plugin did not fill out the 'planner_id' field of the MotionPlanResponse. Setting it to the planner ID name of the MotionPlanRequest assuming that the planner plugin does warn you if it does not use the requested planner.
[move_group-8] [INFO] [1787324807.121136319] [move_group.moveit.moveit.plugins.simple_controller_manager]: Returned 2 controllers in list
[move_group-8] [INFO] [1787324807.121183265] [move_group.moveit.moveit.plugins.simple_controller_manager]: Returned 2 controllers in list
[move_group-8] [INFO] [1787324807.121288740] [move_group.moveit.moveit.ros.trajectory_execution_manager]: Validating trajectory with allowed_start_tolerance 0.01
[move_group-8] [INFO] [1787324807.137220253] [move_group.moveit.moveit.ros.trajectory_execution_manager]: Starting trajectory execution ...
[move_group-8] [INFO] [1787324807.137335226] [move_group.moveit.moveit.plugins.simple_controller_manager]: Returned 2 controllers in list
[move_group-8] [INFO] [1787324807.137407680] [move_group.moveit.moveit.plugins.simple_controller_manager]: Returned 2 controllers in list
[move_group-8] [INFO] [1787324807.137573797] [moveit.simple_controller_manager.follow_joint_trajectory_controller_handle]: sending trajectory to joint_trajectory_controller
[gazebo-2] [INFO] [1787324807.137821589] [joint_trajectory_controller]: Received new action goal
[gazebo-2] [INFO] [1787324807.137854928] [joint_trajectory_controller]: Accepted new action goal
[move_group-8] [INFO] [1787324807.138067316] [moveit.simple_controller_manager.follow_joint_trajectory_controller_handle]: joint_trajectory_controller started execution
[move_group-8] [INFO] [1787324807.138082214] [moveit.simple_controller_manager.follow_joint_trajectory_controller_handle]: Goal request accepted!
[gazebo-2] [INFO] [1787324810.025436971] [joint_trajectory_controller]: Goal reached, success!
[move_group-8] [INFO] [1787324810.038299228] [moveit.simple_controller_manager.follow_joint_trajectory_controller_handle]: Controller 'joint_trajectory_controller' successfully finished
[move_group-8] [INFO] [1787324810.092789124] [move_group.moveit.moveit.ros.trajectory_execution_manager]: Completed trajectory execution with status SUCCEEDED ...
[move_group-8] [INFO] [1787324810.097374189] [move_group.moveit.moveit.ros.move_group.move_action]: Solution was found and executed.
[move_group-8] [INFO] [1787324810.848850979] [move_group.moveit.moveit.ros.move_group.move_action]: MoveGroupMoveAction: Received request
[move_group-8] [INFO] [1787324810.849086396] [move_group.moveit.moveit.ros.move_group.move_action]: executing..
[move_group-8] [WARN] [1787324810.877785919] [move_group.moveit.moveit.ros.planning_scene_monitor]: Unable to transform object from frame 'calibration_target' to planning frame'world' (Could not find a connection between 'world' and 'calibration_target' because they are not part of the same tree.Tf has two or more unconnected trees.)
[move_group-8] [WARN] [1787324810.877859317] [move_group.moveit.moveit.ros.planning_scene_monitor]: Unable to transform object from frame 'camera_color_optical_frame' to planning frame'world' (Could not find a connection between 'world' and 'camera_color_optical_frame' because they are not part of the same tree.Tf has two or more unconnected trees.)
[move_group-8] [INFO] [1787324810.877910093] [move_group.moveit.moveit.ros.move_group.move_action]: Combined planning and execution request received for MoveGroup action. Forwarding to planning and execution pipeline.
[move_group-8] [WARN] [1787324810.877941761] [move_group.moveit.moveit.ros.move_group.capability]: Execution of motions should always start at the robot's current state. Ignoring the state supplied as start state in the motion planning request
[move_group-8] [WARN] [1787324810.877968837] [move_group.moveit.moveit.ros.move_group.capability]: Execution of motions should always start at the robot's current state. Ignoring the state supplied as difference in the planning scene diff
[move_group-8] [INFO] [1787324810.877982734] [move_group.moveit.moveit.ros.plan_execution]: Planning attempt 1 of at most 1
[move_group-8] [INFO] [1787324810.878189336] [move_group]: Calling PlanningRequestAdapter 'CheckStartStateBounds'
[move_group-8] [INFO] [1787324810.878241237] [move_group]: Calling PlanningRequestAdapter 'CheckStartStateCollision'
[move_group-8] [INFO] [1787324810.878365889] [move_group]: Calling PlanningRequestAdapter 'ResolveConstraintFrames'
[move_group-8] [INFO] [1787324810.878397268] [move_group]: Calling PlanningRequestAdapter 'ValidateWorkspaceBounds'
[move_group-8] [INFO] [1787324810.878737244] [move_group.moveit.moveit.planners.ompl.model_based_planning_context]: Planner configuration 'ar_manipulator' will use planner 'geometric::RRTConnect'. Additional configuration parameters will be set when the planner is constructed.
[move_group-8] [INFO] [1787324810.878831463] [move_group]: Calling Planner 'OMPL'
[move_group-8] [INFO] [1787324810.898225103] [move_group]: Calling PlanningResponseAdapter 'AddTimeOptimalParameterization'
[move_group-8] [WARN] [1787324810.898279435] [move_group.moveit.moveit.core.time_optimal_trajectory_generation]: Invalid max_velocity_scaling_factor 0.000000 specified, defaulting to 1.000000 instead.
[move_group-8] [WARN] [1787324810.898292684] [move_group.moveit.moveit.core.time_optimal_trajectory_generation]: Invalid max_acceleration_scaling_factor 0.000000 specified, defaulting to 1.000000 instead.
[move_group-8] [INFO] [1787324810.904374902] [move_group]: Calling PlanningResponseAdapter 'ValidateSolution'
[move_group-8] [WARN] [1787324810.904951042] [move_group.moveit.moveit.ros.planning_pipeline]: The planner plugin did not fill out the 'planner_id' field of the MotionPlanResponse. Setting it to the planner ID name of the MotionPlanRequest assuming that the planner plugin does warn you if it does not use the requested planner.
[move_group-8] [INFO] [1787324810.905149899] [move_group.moveit.moveit.plugins.simple_controller_manager]: Returned 2 controllers in list
[move_group-8] [INFO] [1787324810.905172293] [move_group.moveit.moveit.plugins.simple_controller_manager]: Returned 2 controllers in list
[move_group-8] [INFO] [1787324810.905231835] [move_group.moveit.moveit.ros.trajectory_execution_manager]: Validating trajectory with allowed_start_tolerance 0.01
[move_group-8] [INFO] [1787324810.910541776] [move_group.moveit.moveit.ros.trajectory_execution_manager]: Starting trajectory execution ...
[move_group-8] [INFO] [1787324810.910607713] [move_group.moveit.moveit.plugins.simple_controller_manager]: Returned 2 controllers in list
[move_group-8] [INFO] [1787324810.910645149] [move_group.moveit.moveit.plugins.simple_controller_manager]: Returned 2 controllers in list
[move_group-8] [INFO] [1787324810.910763306] [moveit.simple_controller_manager.follow_joint_trajectory_controller_handle]: sending trajectory to joint_trajectory_controller
[gazebo-2] [INFO] [1787324810.911024727] [joint_trajectory_controller]: Received new action goal
[gazebo-2] [INFO] [1787324810.911055031] [joint_trajectory_controller]: Accepted new action goal
[move_group-8] [INFO] [1787324810.911304664] [moveit.simple_controller_manager.follow_joint_trajectory_controller_handle]: joint_trajectory_controller started execution
[move_group-8] [INFO] [1787324810.911315403] [moveit.simple_controller_manager.follow_joint_trajectory_controller_handle]: Goal request accepted!
[gazebo-2] [INFO] [1787324821.170713298] [joint_trajectory_controller]: Goal reached, success!
[move_group-8] [INFO] [1787324821.212143972] [moveit.simple_controller_manager.follow_joint_trajectory_controller_handle]: Controller 'joint_trajectory_controller' successfully finished
[move_group-8] [INFO] [1787324821.275011203] [move_group.moveit.moveit.ros.trajectory_execution_manager]: Completed trajectory execution with status SUCCEEDED ...
[move_group-8] [INFO] [1787324821.280791865] [move_group.moveit.moveit.ros.move_group.move_action]: Solution was found and executed.
[move_group-8] [INFO] [1787324821.979791620] [move_group.moveit.moveit.ros.move_group.move_action]: MoveGroupMoveAction: Received request
[move_group-8] [INFO] [1787324821.980029851] [move_group.moveit.moveit.ros.move_group.move_action]: executing..
[move_group-8] [WARN] [1787324821.984192224] [move_group.moveit.moveit.ros.planning_scene_monitor]: Unable to transform object from frame 'calibration_target' to planning frame'world' (Could not find a connection between 'world' and 'calibration_target' because they are not part of the same tree.Tf has two or more unconnected trees.)
[move_group-8] [WARN] [1787324821.984258119] [move_group.moveit.moveit.ros.planning_scene_monitor]: Unable to transform object from frame 'camera_color_optical_frame' to planning frame'world' (Could not find a connection between 'world' and 'camera_color_optical_frame' because they are not part of the same tree.Tf has two or more unconnected trees.)
[move_group-8] [INFO] [1787324821.984292945] [move_group.moveit.moveit.ros.move_group.move_action]: Combined planning and execution request received for MoveGroup action. Forwarding to planning and execution pipeline.
[move_group-8] [WARN] [1787324821.984315778] [move_group.moveit.moveit.ros.move_group.capability]: Execution of motions should always start at the robot's current state. Ignoring the state supplied as start state in the motion planning request
[move_group-8] [WARN] [1787324821.984341617] [move_group.moveit.moveit.ros.move_group.capability]: Execution of motions should always start at the robot's current state. Ignoring the state supplied as difference in the planning scene diff
[move_group-8] [INFO] [1787324821.984357908] [move_group.moveit.moveit.ros.plan_execution]: Planning attempt 1 of at most 1
[move_group-8] [INFO] [1787324821.984493916] [move_group]: Calling PlanningRequestAdapter 'CheckStartStateBounds'
[move_group-8] [INFO] [1787324821.984562556] [move_group]: Calling PlanningRequestAdapter 'CheckStartStateCollision'
[move_group-8] [INFO] [1787324821.984616588] [move_group]: Calling PlanningRequestAdapter 'ResolveConstraintFrames'
[move_group-8] [INFO] [1787324821.984632709] [move_group]: Calling PlanningRequestAdapter 'ValidateWorkspaceBounds'
[move_group-8] [INFO] [1787324821.984951142] [move_group.moveit.moveit.planners.ompl.model_based_planning_context]: Planner configuration 'ar_manipulator' will use planner 'geometric::RRTConnect'. Additional configuration parameters will be set when the planner is constructed.
[move_group-8] [INFO] [1787324821.985032936] [move_group]: Calling Planner 'OMPL'
[move_group-8] [INFO] [1787324822.007202187] [move_group]: Calling PlanningResponseAdapter 'AddTimeOptimalParameterization'
[move_group-8] [WARN] [1787324822.007247703] [move_group.moveit.moveit.core.time_optimal_trajectory_generation]: Invalid max_velocity_scaling_factor 0.000000 specified, defaulting to 1.000000 instead.
[move_group-8] [WARN] [1787324822.007260460] [move_group.moveit.moveit.core.time_optimal_trajectory_generation]: Invalid max_acceleration_scaling_factor 0.000000 specified, defaulting to 1.000000 instead.
[move_group-8] [INFO] [1787324822.007811551] [move_group]: Calling PlanningResponseAdapter 'ValidateSolution'
[move_group-8] [WARN] [1787324822.008019589] [move_group.moveit.moveit.ros.planning_pipeline]: The planner plugin did not fill out the 'planner_id' field of the MotionPlanResponse. Setting it to the planner ID name of the MotionPlanRequest assuming that the planner plugin does warn you if it does not use the requested planner.
[move_group-8] [INFO] [1787324822.008119249] [move_group.moveit.moveit.plugins.simple_controller_manager]: Returned 2 controllers in list
[move_group-8] [INFO] [1787324822.008144873] [move_group.moveit.moveit.plugins.simple_controller_manager]: Returned 2 controllers in list
[move_group-8] [INFO] [1787324822.008200640] [move_group.moveit.moveit.ros.trajectory_execution_manager]: Validating trajectory with allowed_start_tolerance 0.01
[move_group-8] [INFO] [1787324822.023917476] [move_group.moveit.moveit.ros.trajectory_execution_manager]: Starting trajectory execution ...
[move_group-8] [INFO] [1787324822.024010532] [move_group.moveit.moveit.plugins.simple_controller_manager]: Returned 2 controllers in list
[move_group-8] [INFO] [1787324822.024077523] [move_group.moveit.moveit.plugins.simple_controller_manager]: Returned 2 controllers in list
[move_group-8] [INFO] [1787324822.024199329] [moveit.simple_controller_manager.follow_joint_trajectory_controller_handle]: sending trajectory to joint_trajectory_controller
[gazebo-2] [INFO] [1787324822.024964080] [joint_trajectory_controller]: Received new action goal
[gazebo-2] [INFO] [1787324822.025018715] [joint_trajectory_controller]: Accepted new action goal
[move_group-8] [INFO] [1787324822.025218255] [moveit.simple_controller_manager.follow_joint_trajectory_controller_handle]: joint_trajectory_controller started execution
[move_group-8] [INFO] [1787324822.025232876] [moveit.simple_controller_manager.follow_joint_trajectory_controller_handle]: Goal request accepted!
[gazebo-2] [INFO] [1787324824.697961977] [joint_trajectory_controller]: Goal reached, success!
[move_group-8] [INFO] [1787324824.725557878] [moveit.simple_controller_manager.follow_joint_trajectory_controller_handle]: Controller 'joint_trajectory_controller' successfully finished
[move_group-8] [INFO] [1787324824.757332359] [move_group.moveit.moveit.ros.trajectory_execution_manager]: Completed trajectory execution with status SUCCEEDED ...
[move_group-8] [INFO] [1787324824.764066921] [move_group.moveit.moveit.ros.move_group.move_action]: Solution was found and executed.
[move_group-8] [INFO] [1787324825.487947387] [move_group.moveit.moveit.ros.move_group.move_action]: MoveGroupMoveAction: Received request
[move_group-8] [INFO] [1787324825.488179158] [move_group.moveit.moveit.ros.move_group.move_action]: executing..
[move_group-8] [WARN] [1787324825.515127251] [move_group.moveit.moveit.ros.planning_scene_monitor]: Unable to transform object from frame 'calibration_target' to planning frame'world' (Could not find a connection between 'world' and 'calibration_target' because they are not part of the same tree.Tf has two or more unconnected trees.)
[move_group-8] [WARN] [1787324825.515192661] [move_group.moveit.moveit.ros.planning_scene_monitor]: Unable to transform object from frame 'camera_color_optical_frame' to planning frame'world' (Could not find a connection between 'world' and 'camera_color_optical_frame' because they are not part of the same tree.Tf has two or more unconnected trees.)
[move_group-8] [INFO] [1787324825.515227060] [move_group.moveit.moveit.ros.move_group.move_action]: Combined planning and execution request received for MoveGroup action. Forwarding to planning and execution pipeline.
[move_group-8] [WARN] [1787324825.515246842] [move_group.moveit.moveit.ros.move_group.capability]: Execution of motions should always start at the robot's current state. Ignoring the state supplied as start state in the motion planning request
[move_group-8] [WARN] [1787324825.515262763] [move_group.moveit.moveit.ros.move_group.capability]: Execution of motions should always start at the robot's current state. Ignoring the state supplied as difference in the planning scene diff
[move_group-8] [INFO] [1787324825.515272288] [move_group.moveit.moveit.ros.plan_execution]: Planning attempt 1 of at most 1
[move_group-8] [INFO] [1787324825.515409343] [move_group]: Calling PlanningRequestAdapter 'CheckStartStateBounds'
[move_group-8] [INFO] [1787324825.515496369] [move_group]: Calling PlanningRequestAdapter 'CheckStartStateCollision'
[move_group-8] [INFO] [1787324825.515570171] [move_group]: Calling PlanningRequestAdapter 'ResolveConstraintFrames'
[move_group-8] [INFO] [1787324825.515588558] [move_group]: Calling PlanningRequestAdapter 'ValidateWorkspaceBounds'
[move_group-8] [INFO] [1787324825.515900227] [move_group.moveit.moveit.planners.ompl.model_based_planning_context]: Planner configuration 'ar_manipulator' will use planner 'geometric::RRTConnect'. Additional configuration parameters will be set when the planner is constructed.
[move_group-8] [INFO] [1787324825.515995133] [move_group]: Calling Planner 'OMPL'
[move_group-8] [INFO] [1787324825.538807744] [move_group]: Calling PlanningResponseAdapter 'AddTimeOptimalParameterization'
[move_group-8] [WARN] [1787324825.538861404] [move_group.moveit.moveit.core.time_optimal_trajectory_generation]: Invalid max_velocity_scaling_factor 0.000000 specified, defaulting to 1.000000 instead.
[move_group-8] [WARN] [1787324825.538875239] [move_group.moveit.moveit.core.time_optimal_trajectory_generation]: Invalid max_acceleration_scaling_factor 0.000000 specified, defaulting to 1.000000 instead.
[move_group-8] [INFO] [1787324825.540116421] [move_group]: Calling PlanningResponseAdapter 'ValidateSolution'
[move_group-8] [WARN] [1787324825.540359422] [move_group.moveit.moveit.ros.planning_pipeline]: The planner plugin did not fill out the 'planner_id' field of the MotionPlanResponse. Setting it to the planner ID name of the MotionPlanRequest assuming that the planner plugin does warn you if it does not use the requested planner.
[move_group-8] [INFO] [1787324825.540580525] [move_group.moveit.moveit.plugins.simple_controller_manager]: Returned 2 controllers in list
[move_group-8] [INFO] [1787324825.540607806] [move_group.moveit.moveit.plugins.simple_controller_manager]: Returned 2 controllers in list
[move_group-8] [INFO] [1787324825.540670298] [move_group.moveit.moveit.ros.trajectory_execution_manager]: Validating trajectory with allowed_start_tolerance 0.01
[move_group-8] [INFO] [1787324825.548655059] [move_group.moveit.moveit.ros.trajectory_execution_manager]: Starting trajectory execution ...
[move_group-8] [INFO] [1787324825.548723407] [move_group.moveit.moveit.plugins.simple_controller_manager]: Returned 2 controllers in list
[move_group-8] [INFO] [1787324825.548755430] [move_group.moveit.moveit.plugins.simple_controller_manager]: Returned 2 controllers in list
[move_group-8] [INFO] [1787324825.549029691] [moveit.simple_controller_manager.follow_joint_trajectory_controller_handle]: sending trajectory to joint_trajectory_controller
[gazebo-2] [INFO] [1787324825.549254906] [joint_trajectory_controller]: Received new action goal
[gazebo-2] [INFO] [1787324825.549286959] [joint_trajectory_controller]: Accepted new action goal
[move_group-8] [INFO] [1787324825.549477093] [moveit.simple_controller_manager.follow_joint_trajectory_controller_handle]: joint_trajectory_controller started execution
[move_group-8] [INFO] [1787324825.549491370] [moveit.simple_controller_manager.follow_joint_trajectory_controller_handle]: Goal request accepted!
[gazebo-2] [INFO] [1787324829.665930257] [joint_trajectory_controller]: Goal reached, success!
[move_group-8] [INFO] [1787324829.699950466] [moveit.simple_controller_manager.follow_joint_trajectory_controller_handle]: Controller 'joint_trajectory_controller' successfully finished
[move_group-8] [INFO] [1787324829.700076003] [move_group.moveit.moveit.ros.trajectory_execution_manager]: Completed trajectory execution with status SUCCEEDED ...
[move_group-8] [INFO] [1787324829.708829522] [move_group.moveit.moveit.ros.move_group.move_action]: Solution was found and executed.
[move_group-8] [INFO] [1787324830.399734544] [move_group.moveit.moveit.ros.move_group.move_action]: MoveGroupMoveAction: Received request
[move_group-8] [INFO] [1787324830.399991908] [move_group.moveit.moveit.ros.move_group.move_action]: executing..
[move_group-8] [WARN] [1787324830.400868451] [move_group.moveit.moveit.ros.planning_scene_monitor]: Unable to transform object from frame 'calibration_target' to planning frame'world' (Could not find a connection between 'world' and 'calibration_target' because they are not part of the same tree.Tf has two or more unconnected trees.)
[move_group-8] [WARN] [1787324830.400931195] [move_group.moveit.moveit.ros.planning_scene_monitor]: Unable to transform object from frame 'camera_color_optical_frame' to planning frame'world' (Could not find a connection between 'world' and 'camera_color_optical_frame' because they are not part of the same tree.Tf has two or more unconnected trees.)
[move_group-8] [INFO] [1787324830.400965300] [move_group.moveit.moveit.ros.move_group.move_action]: Combined planning and execution request received for MoveGroup action. Forwarding to planning and execution pipeline.
[move_group-8] [WARN] [1787324830.400988180] [move_group.moveit.moveit.ros.move_group.capability]: Execution of motions should always start at the robot's current state. Ignoring the state supplied as start state in the motion planning request
[move_group-8] [WARN] [1787324830.401036730] [move_group.moveit.moveit.ros.move_group.capability]: Execution of motions should always start at the robot's current state. Ignoring the state supplied as difference in the planning scene diff
[move_group-8] [INFO] [1787324830.401052709] [move_group.moveit.moveit.ros.plan_execution]: Planning attempt 1 of at most 1
[move_group-8] [INFO] [1787324830.401176070] [move_group]: Calling PlanningRequestAdapter 'CheckStartStateBounds'
[move_group-8] [INFO] [1787324830.401214478] [move_group]: Calling PlanningRequestAdapter 'CheckStartStateCollision'
[move_group-8] [INFO] [1787324830.401275125] [move_group]: Calling PlanningRequestAdapter 'ResolveConstraintFrames'
[move_group-8] [INFO] [1787324830.401293030] [move_group]: Calling PlanningRequestAdapter 'ValidateWorkspaceBounds'
[move_group-8] [INFO] [1787324830.401578701] [move_group.moveit.moveit.planners.ompl.model_based_planning_context]: Planner configuration 'ar_manipulator' will use planner 'geometric::RRTConnect'. Additional configuration parameters will be set when the planner is constructed.
[move_group-8] [INFO] [1787324830.401659902] [move_group]: Calling Planner 'OMPL'
[move_group-8] [INFO] [1787324830.415291780] [move_group]: Calling PlanningResponseAdapter 'AddTimeOptimalParameterization'
[move_group-8] [WARN] [1787324830.415359428] [move_group.moveit.moveit.core.time_optimal_trajectory_generation]: Invalid max_velocity_scaling_factor 0.000000 specified, defaulting to 1.000000 instead.
[move_group-8] [WARN] [1787324830.415377885] [move_group.moveit.moveit.core.time_optimal_trajectory_generation]: Invalid max_acceleration_scaling_factor 0.000000 specified, defaulting to 1.000000 instead.
[move_group-8] [INFO] [1787324830.416828579] [move_group]: Calling PlanningResponseAdapter 'ValidateSolution'
[move_group-8] [WARN] [1787324830.417024694] [move_group.moveit.moveit.ros.planning_pipeline]: The planner plugin did not fill out the 'planner_id' field of the MotionPlanResponse. Setting it to the planner ID name of the MotionPlanRequest assuming that the planner plugin does warn you if it does not use the requested planner.
[move_group-8] [INFO] [1787324830.417109796] [move_group.moveit.moveit.plugins.simple_controller_manager]: Returned 2 controllers in list
[move_group-8] [INFO] [1787324830.417128323] [move_group.moveit.moveit.plugins.simple_controller_manager]: Returned 2 controllers in list
[move_group-8] [INFO] [1787324830.417178538] [move_group.moveit.moveit.ros.trajectory_execution_manager]: Validating trajectory with allowed_start_tolerance 0.01
[move_group-8] [INFO] [1787324830.417769651] [move_group.moveit.moveit.ros.trajectory_execution_manager]: Starting trajectory execution ...
[move_group-8] [INFO] [1787324830.417817348] [move_group.moveit.moveit.plugins.simple_controller_manager]: Returned 2 controllers in list
[move_group-8] [INFO] [1787324830.417837771] [move_group.moveit.moveit.plugins.simple_controller_manager]: Returned 2 controllers in list
[move_group-8] [INFO] [1787324830.417925501] [moveit.simple_controller_manager.follow_joint_trajectory_controller_handle]: sending trajectory to joint_trajectory_controller
[gazebo-2] [INFO] [1787324830.418147220] [joint_trajectory_controller]: Received new action goal
[gazebo-2] [INFO] [1787324830.418176319] [joint_trajectory_controller]: Accepted new action goal
[move_group-8] [INFO] [1787324830.418397316] [moveit.simple_controller_manager.follow_joint_trajectory_controller_handle]: joint_trajectory_controller started execution
[move_group-8] [INFO] [1787324830.418410798] [moveit.simple_controller_manager.follow_joint_trajectory_controller_handle]: Goal request accepted!
[gazebo-2] [INFO] [1787324834.378123583] [joint_trajectory_controller]: Goal reached, success!
[move_group-8] [INFO] [1787324834.418644533] [moveit.simple_controller_manager.follow_joint_trajectory_controller_handle]: Controller 'joint_trajectory_controller' successfully finished
[move_group-8] [INFO] [1787324834.463433645] [move_group.moveit.moveit.ros.trajectory_execution_manager]: Completed trajectory execution with status SUCCEEDED ...
[move_group-8] [INFO] [1787324834.467929235] [move_group.moveit.moveit.ros.move_group.move_action]: Solution was found and executed.
[move_group-8] [INFO] [1787324835.208775238] [move_group.moveit.moveit.ros.move_group.move_action]: MoveGroupMoveAction: Received request
[move_group-8] [INFO] [1787324835.209086143] [move_group.moveit.moveit.ros.move_group.move_action]: executing..
[move_group-8] [WARN] [1787324835.214234997] [move_group.moveit.moveit.ros.planning_scene_monitor]: Unable to transform object from frame 'calibration_target' to planning frame'world' (Could not find a connection between 'world' and 'calibration_target' because they are not part of the same tree.Tf has two or more unconnected trees.)
[move_group-8] [WARN] [1787324835.214328434] [move_group.moveit.moveit.ros.planning_scene_monitor]: Unable to transform object from frame 'camera_color_optical_frame' to planning frame'world' (Could not find a connection between 'world' and 'camera_color_optical_frame' because they are not part of the same tree.Tf has two or more unconnected trees.)
[move_group-8] [INFO] [1787324835.214363348] [move_group.moveit.moveit.ros.move_group.move_action]: Combined planning and execution request received for MoveGroup action. Forwarding to planning and execution pipeline.
[move_group-8] [WARN] [1787324835.214384528] [move_group.moveit.moveit.ros.move_group.capability]: Execution of motions should always start at the robot's current state. Ignoring the state supplied as start state in the motion planning request
[move_group-8] [WARN] [1787324835.214404975] [move_group.moveit.moveit.ros.move_group.capability]: Execution of motions should always start at the robot's current state. Ignoring the state supplied as difference in the planning scene diff
[move_group-8] [INFO] [1787324835.214416171] [move_group.moveit.moveit.ros.plan_execution]: Planning attempt 1 of at most 1
[move_group-8] [INFO] [1787324835.214566204] [move_group]: Calling PlanningRequestAdapter 'CheckStartStateBounds'
[move_group-8] [INFO] [1787324835.214605934] [move_group]: Calling PlanningRequestAdapter 'CheckStartStateCollision'
[move_group-8] [INFO] [1787324835.214660042] [move_group]: Calling PlanningRequestAdapter 'ResolveConstraintFrames'
[move_group-8] [INFO] [1787324835.214680860] [move_group]: Calling PlanningRequestAdapter 'ValidateWorkspaceBounds'
[move_group-8] [INFO] [1787324835.214985570] [move_group.moveit.moveit.planners.ompl.model_based_planning_context]: Planner configuration 'ar_manipulator' will use planner 'geometric::RRTConnect'. Additional configuration parameters will be set when the planner is constructed.
[move_group-8] [INFO] [1787324835.215087444] [move_group]: Calling Planner 'OMPL'
[move_group-8] [INFO] [1787324835.227984750] [move_group]: Calling PlanningResponseAdapter 'AddTimeOptimalParameterization'
[move_group-8] [WARN] [1787324835.228018561] [move_group.moveit.moveit.core.time_optimal_trajectory_generation]: Invalid max_velocity_scaling_factor 0.000000 specified, defaulting to 1.000000 instead.
[move_group-8] [WARN] [1787324835.228037574] [move_group.moveit.moveit.core.time_optimal_trajectory_generation]: Invalid max_acceleration_scaling_factor 0.000000 specified, defaulting to 1.000000 instead.
[move_group-8] [INFO] [1787324835.229508993] [move_group]: Calling PlanningResponseAdapter 'ValidateSolution'
[move_group-8] [WARN] [1787324835.229920423] [move_group.moveit.moveit.ros.planning_pipeline]: The planner plugin did not fill out the 'planner_id' field of the MotionPlanResponse. Setting it to the planner ID name of the MotionPlanRequest assuming that the planner plugin does warn you if it does not use the requested planner.
[move_group-8] [INFO] [1787324835.230069573] [move_group.moveit.moveit.plugins.simple_controller_manager]: Returned 2 controllers in list
[move_group-8] [INFO] [1787324835.230098367] [move_group.moveit.moveit.plugins.simple_controller_manager]: Returned 2 controllers in list
[move_group-8] [INFO] [1787324835.230170684] [move_group.moveit.moveit.ros.trajectory_execution_manager]: Validating trajectory with allowed_start_tolerance 0.01
[move_group-8] [INFO] [1787324835.231385710] [move_group.moveit.moveit.ros.trajectory_execution_manager]: Starting trajectory execution ...
[move_group-8] [INFO] [1787324835.231437731] [move_group.moveit.moveit.plugins.simple_controller_manager]: Returned 2 controllers in list
[move_group-8] [INFO] [1787324835.231459583] [move_group.moveit.moveit.plugins.simple_controller_manager]: Returned 2 controllers in list
[move_group-8] [INFO] [1787324835.231547371] [moveit.simple_controller_manager.follow_joint_trajectory_controller_handle]: sending trajectory to joint_trajectory_controller
[gazebo-2] [INFO] [1787324835.231737446] [joint_trajectory_controller]: Received new action goal
[gazebo-2] [INFO] [1787324835.231764173] [joint_trajectory_controller]: Accepted new action goal
[move_group-8] [INFO] [1787324835.231984256] [moveit.simple_controller_manager.follow_joint_trajectory_controller_handle]: joint_trajectory_controller started execution
[move_group-8] [INFO] [1787324835.232000289] [moveit.simple_controller_manager.follow_joint_trajectory_controller_handle]: Goal request accepted!
[gazebo-2] [INFO] [1787324839.511031384] [joint_trajectory_controller]: Goal reached, success!
[move_group-8] [INFO] [1787324839.532265254] [moveit.simple_controller_manager.follow_joint_trajectory_controller_handle]: Controller 'joint_trajectory_controller' successfully finished
[move_group-8] [INFO] [1787324839.582330283] [move_group.moveit.moveit.ros.trajectory_execution_manager]: Completed trajectory execution with status SUCCEEDED ...
[move_group-8] [INFO] [1787324839.591368284] [move_group.moveit.moveit.ros.move_group.move_action]: Solution was found and executed.
[move_group-8] [INFO] [1787324840.306454740] [move_group.moveit.moveit.ros.move_group.move_action]: MoveGroupMoveAction: Received request
[move_group-8] [INFO] [1787324840.306693168] [move_group.moveit.moveit.ros.move_group.move_action]: executing..
[move_group-8] [WARN] [1787324840.319837350] [move_group.moveit.moveit.ros.planning_scene_monitor]: Unable to transform object from frame 'calibration_target' to planning frame'world' (Could not find a connection between 'world' and 'calibration_target' because they are not part of the same tree.Tf has two or more unconnected trees.)
[move_group-8] [WARN] [1787324840.319903665] [move_group.moveit.moveit.ros.planning_scene_monitor]: Unable to transform object from frame 'camera_color_optical_frame' to planning frame'world' (Could not find a connection between 'world' and 'camera_color_optical_frame' because they are not part of the same tree.Tf has two or more unconnected trees.)
[move_group-8] [INFO] [1787324840.319937951] [move_group.moveit.moveit.ros.move_group.move_action]: Combined planning and execution request received for MoveGroup action. Forwarding to planning and execution pipeline.
[move_group-8] [WARN] [1787324840.319958367] [move_group.moveit.moveit.ros.move_group.capability]: Execution of motions should always start at the robot's current state. Ignoring the state supplied as start state in the motion planning request
[move_group-8] [WARN] [1787324840.319977929] [move_group.moveit.moveit.ros.move_group.capability]: Execution of motions should always start at the robot's current state. Ignoring the state supplied as difference in the planning scene diff
[move_group-8] [INFO] [1787324840.319988758] [move_group.moveit.moveit.ros.plan_execution]: Planning attempt 1 of at most 1
[move_group-8] [INFO] [1787324840.320147200] [move_group]: Calling PlanningRequestAdapter 'CheckStartStateBounds'
[move_group-8] [INFO] [1787324840.320202687] [move_group]: Calling PlanningRequestAdapter 'CheckStartStateCollision'
[move_group-8] [INFO] [1787324840.320261968] [move_group]: Calling PlanningRequestAdapter 'ResolveConstraintFrames'
[move_group-8] [INFO] [1787324840.320279424] [move_group]: Calling PlanningRequestAdapter 'ValidateWorkspaceBounds'
[move_group-8] [INFO] [1787324840.320568938] [move_group.moveit.moveit.planners.ompl.model_based_planning_context]: Planner configuration 'ar_manipulator' will use planner 'geometric::RRTConnect'. Additional configuration parameters will be set when the planner is constructed.
[move_group-8] [INFO] [1787324840.320653971] [move_group]: Calling Planner 'OMPL'
[move_group-8] [INFO] [1787324840.333384382] [move_group]: Calling PlanningResponseAdapter 'AddTimeOptimalParameterization'
[move_group-8] [WARN] [1787324840.333431136] [move_group.moveit.moveit.core.time_optimal_trajectory_generation]: Invalid max_velocity_scaling_factor 0.000000 specified, defaulting to 1.000000 instead.
[move_group-8] [WARN] [1787324840.333444578] [move_group.moveit.moveit.core.time_optimal_trajectory_generation]: Invalid max_acceleration_scaling_factor 0.000000 specified, defaulting to 1.000000 instead.
[move_group-8] [INFO] [1787324840.334109771] [move_group]: Calling PlanningResponseAdapter 'ValidateSolution'
[move_group-8] [WARN] [1787324840.334266783] [move_group.moveit.moveit.ros.planning_pipeline]: The planner plugin did not fill out the 'planner_id' field of the MotionPlanResponse. Setting it to the planner ID name of the MotionPlanRequest assuming that the planner plugin does warn you if it does not use the requested planner.
[move_group-8] [INFO] [1787324840.334360876] [move_group.moveit.moveit.plugins.simple_controller_manager]: Returned 2 controllers in list
[move_group-8] [INFO] [1787324840.334390115] [move_group.moveit.moveit.plugins.simple_controller_manager]: Returned 2 controllers in list
[move_group-8] [INFO] [1787324840.334434136] [move_group.moveit.moveit.ros.trajectory_execution_manager]: Validating trajectory with allowed_start_tolerance 0.01
[move_group-8] [INFO] [1787324840.358395225] [move_group.moveit.moveit.ros.trajectory_execution_manager]: Starting trajectory execution ...
[move_group-8] [INFO] [1787324840.358485752] [move_group.moveit.moveit.plugins.simple_controller_manager]: Returned 2 controllers in list
[move_group-8] [INFO] [1787324840.358518021] [move_group.moveit.moveit.plugins.simple_controller_manager]: Returned 2 controllers in list
[move_group-8] [INFO] [1787324840.358652609] [moveit.simple_controller_manager.follow_joint_trajectory_controller_handle]: sending trajectory to joint_trajectory_controller
[gazebo-2] [INFO] [1787324840.358960502] [joint_trajectory_controller]: Received new action goal
[gazebo-2] [INFO] [1787324840.358995702] [joint_trajectory_controller]: Accepted new action goal
[move_group-8] [INFO] [1787324840.359182155] [moveit.simple_controller_manager.follow_joint_trajectory_controller_handle]: joint_trajectory_controller started execution
[move_group-8] [INFO] [1787324840.359197832] [moveit.simple_controller_manager.follow_joint_trajectory_controller_handle]: Goal request accepted!
[gazebo-2] [INFO] [1787324843.958821223] [joint_trajectory_controller]: Goal reached, success!
[move_group-8] [INFO] [1787324843.959368461] [moveit.simple_controller_manager.follow_joint_trajectory_controller_handle]: Controller 'joint_trajectory_controller' successfully finished
[move_group-8] [INFO] [1787324843.976192991] [move_group.moveit.moveit.ros.trajectory_execution_manager]: Completed trajectory execution with status SUCCEEDED ...
[move_group-8] [INFO] [1787324843.978533813] [move_group.moveit.moveit.ros.move_group.move_action]: Solution was found and executed.
[move_group-8] [INFO] [1787324844.751990371] [move_group.moveit.moveit.ros.move_group.move_action]: MoveGroupMoveAction: Received request
[move_group-8] [INFO] [1787324844.752207755] [move_group.moveit.moveit.ros.move_group.move_action]: executing..
[move_group-8] [WARN] [1787324844.763730417] [move_group.moveit.moveit.ros.planning_scene_monitor]: Unable to transform object from frame 'calibration_target' to planning frame'world' (Could not find a connection between 'world' and 'calibration_target' because they are not part of the same tree.Tf has two or more unconnected trees.)
[move_group-8] [WARN] [1787324844.763816377] [move_group.moveit.moveit.ros.planning_scene_monitor]: Unable to transform object from frame 'camera_color_optical_frame' to planning frame'world' (Could not find a connection between 'world' and 'camera_color_optical_frame' because they are not part of the same tree.Tf has two or more unconnected trees.)
[move_group-8] [INFO] [1787324844.763853949] [move_group.moveit.moveit.ros.move_group.move_action]: Combined planning and execution request received for MoveGroup action. Forwarding to planning and execution pipeline.
[move_group-8] [WARN] [1787324844.763875309] [move_group.moveit.moveit.ros.move_group.capability]: Execution of motions should always start at the robot's current state. Ignoring the state supplied as start state in the motion planning request
[move_group-8] [WARN] [1787324844.763918399] [move_group.moveit.moveit.ros.move_group.capability]: Execution of motions should always start at the robot's current state. Ignoring the state supplied as difference in the planning scene diff
[move_group-8] [INFO] [1787324844.763935140] [move_group.moveit.moveit.ros.plan_execution]: Planning attempt 1 of at most 1
[move_group-8] [INFO] [1787324844.764085658] [move_group]: Calling PlanningRequestAdapter 'CheckStartStateBounds'
[move_group-8] [INFO] [1787324844.764147873] [move_group]: Calling PlanningRequestAdapter 'CheckStartStateCollision'
[move_group-8] [INFO] [1787324844.764196699] [move_group]: Calling PlanningRequestAdapter 'ResolveConstraintFrames'
[move_group-8] [INFO] [1787324844.764211205] [move_group]: Calling PlanningRequestAdapter 'ValidateWorkspaceBounds'
[move_group-8] [INFO] [1787324844.764486762] [move_group.moveit.moveit.planners.ompl.model_based_planning_context]: Planner configuration 'ar_manipulator' will use planner 'geometric::RRTConnect'. Additional configuration parameters will be set when the planner is constructed.
[move_group-8] [INFO] [1787324844.764561228] [move_group]: Calling Planner 'OMPL'
[move_group-8] [INFO] [1787324844.777724630] [move_group]: Calling PlanningResponseAdapter 'AddTimeOptimalParameterization'
[move_group-8] [WARN] [1787324844.777782336] [move_group.moveit.moveit.core.time_optimal_trajectory_generation]: Invalid max_velocity_scaling_factor 0.000000 specified, defaulting to 1.000000 instead.
[move_group-8] [WARN] [1787324844.777804724] [move_group.moveit.moveit.core.time_optimal_trajectory_generation]: Invalid max_acceleration_scaling_factor 0.000000 specified, defaulting to 1.000000 instead.
[move_group-8] [INFO] [1787324844.778346648] [move_group]: Calling PlanningResponseAdapter 'ValidateSolution'
[move_group-8] [WARN] [1787324844.778523266] [move_group.moveit.moveit.ros.planning_pipeline]: The planner plugin did not fill out the 'planner_id' field of the MotionPlanResponse. Setting it to the planner ID name of the MotionPlanRequest assuming that the planner plugin does warn you if it does not use the requested planner.
[move_group-8] [INFO] [1787324844.778636701] [move_group.moveit.moveit.plugins.simple_controller_manager]: Returned 2 controllers in list
[move_group-8] [INFO] [1787324844.778660785] [move_group.moveit.moveit.plugins.simple_controller_manager]: Returned 2 controllers in list
[move_group-8] [INFO] [1787324844.778715398] [move_group.moveit.moveit.ros.trajectory_execution_manager]: Validating trajectory with allowed_start_tolerance 0.01
[move_group-8] [INFO] [1787324844.780657304] [move_group.moveit.moveit.ros.trajectory_execution_manager]: Starting trajectory execution ...
[move_group-8] [INFO] [1787324844.780721195] [move_group.moveit.moveit.plugins.simple_controller_manager]: Returned 2 controllers in list
[move_group-8] [INFO] [1787324844.780754308] [move_group.moveit.moveit.plugins.simple_controller_manager]: Returned 2 controllers in list
[move_group-8] [INFO] [1787324844.780889871] [moveit.simple_controller_manager.follow_joint_trajectory_controller_handle]: sending trajectory to joint_trajectory_controller
[gazebo-2] [INFO] [1787324844.781104759] [joint_trajectory_controller]: Received new action goal
[gazebo-2] [INFO] [1787324844.781138899] [joint_trajectory_controller]: Accepted new action goal
[move_group-8] [INFO] [1787324844.781319199] [moveit.simple_controller_manager.follow_joint_trajectory_controller_handle]: joint_trajectory_controller started execution
[move_group-8] [INFO] [1787324844.781333516] [moveit.simple_controller_manager.follow_joint_trajectory_controller_handle]: Goal request accepted!
[gazebo-2] [INFO] [1787324847.148315497] [joint_trajectory_controller]: Goal reached, success!
[move_group-8] [INFO] [1787324847.181620437] [moveit.simple_controller_manager.follow_joint_trajectory_controller_handle]: Controller 'joint_trajectory_controller' successfully finished
[move_group-8] [INFO] [1787324847.201799863] [move_group.moveit.moveit.ros.trajectory_execution_manager]: Completed trajectory execution with status SUCCEEDED ...
[move_group-8] [INFO] [1787324847.210783286] [move_group.moveit.moveit.ros.move_group.move_action]: Solution was found and executed.
[move_group-8] [INFO] [1787324847.919720346] [move_group.moveit.moveit.ros.move_group.move_action]: MoveGroupMoveAction: Received request
[move_group-8] [INFO] [1787324847.919908384] [move_group.moveit.moveit.ros.move_group.move_action]: executing..
[move_group-8] [WARN] [1787324847.920301074] [move_group.moveit.moveit.ros.planning_scene_monitor]: Unable to transform object from frame 'calibration_target' to planning frame'world' (Could not find a connection between 'world' and 'calibration_target' because they are not part of the same tree.Tf has two or more unconnected trees.)
[move_group-8] [WARN] [1787324847.920343718] [move_group.moveit.moveit.ros.planning_scene_monitor]: Unable to transform object from frame 'camera_color_optical_frame' to planning frame'world' (Could not find a connection between 'world' and 'camera_color_optical_frame' because they are not part of the same tree.Tf has two or more unconnected trees.)
[move_group-8] [INFO] [1787324847.920376735] [move_group.moveit.moveit.ros.move_group.move_action]: Combined planning and execution request received for MoveGroup action. Forwarding to planning and execution pipeline.
[move_group-8] [WARN] [1787324847.920398187] [move_group.moveit.moveit.ros.move_group.capability]: Execution of motions should always start at the robot's current state. Ignoring the state supplied as start state in the motion planning request
[move_group-8] [WARN] [1787324847.920421808] [move_group.moveit.moveit.ros.move_group.capability]: Execution of motions should always start at the robot's current state. Ignoring the state supplied as difference in the planning scene diff
[move_group-8] [INFO] [1787324847.920434473] [move_group.moveit.moveit.ros.plan_execution]: Planning attempt 1 of at most 1
[move_group-8] [INFO] [1787324847.920538084] [move_group]: Calling PlanningRequestAdapter 'CheckStartStateBounds'
[move_group-8] [INFO] [1787324847.920578318] [move_group]: Calling PlanningRequestAdapter 'CheckStartStateCollision'
[move_group-8] [INFO] [1787324847.920630558] [move_group]: Calling PlanningRequestAdapter 'ResolveConstraintFrames'
[move_group-8] [INFO] [1787324847.920650731] [move_group]: Calling PlanningRequestAdapter 'ValidateWorkspaceBounds'
[move_group-8] [INFO] [1787324847.920939900] [move_group.moveit.moveit.planners.ompl.model_based_planning_context]: Planner configuration 'ar_manipulator' will use planner 'geometric::RRTConnect'. Additional configuration parameters will be set when the planner is constructed.
[move_group-8] [INFO] [1787324847.921032315] [move_group]: Calling Planner 'OMPL'
[move_group-8] [INFO] [1787324847.943565483] [move_group]: Calling PlanningResponseAdapter 'AddTimeOptimalParameterization'
[move_group-8] [WARN] [1787324847.943612785] [move_group.moveit.moveit.core.time_optimal_trajectory_generation]: Invalid max_velocity_scaling_factor 0.000000 specified, defaulting to 1.000000 instead.
[move_group-8] [WARN] [1787324847.943626090] [move_group.moveit.moveit.core.time_optimal_trajectory_generation]: Invalid max_acceleration_scaling_factor 0.000000 specified, defaulting to 1.000000 instead.
[move_group-8] [INFO] [1787324847.944295464] [move_group]: Calling PlanningResponseAdapter 'ValidateSolution'
[move_group-8] [WARN] [1787324847.944432212] [move_group.moveit.moveit.ros.planning_pipeline]: The planner plugin did not fill out the 'planner_id' field of the MotionPlanResponse. Setting it to the planner ID name of the MotionPlanRequest assuming that the planner plugin does warn you if it does not use the requested planner.
[move_group-8] [INFO] [1787324847.944576007] [move_group.moveit.moveit.plugins.simple_controller_manager]: Returned 2 controllers in list
[move_group-8] [INFO] [1787324847.944606135] [move_group.moveit.moveit.plugins.simple_controller_manager]: Returned 2 controllers in list
[move_group-8] [INFO] [1787324847.944673759] [move_group.moveit.moveit.ros.trajectory_execution_manager]: Validating trajectory with allowed_start_tolerance 0.01
[move_group-8] [INFO] [1787324847.954675468] [move_group.moveit.moveit.ros.trajectory_execution_manager]: Starting trajectory execution ...
[move_group-8] [INFO] [1787324847.954768202] [move_group.moveit.moveit.plugins.simple_controller_manager]: Returned 2 controllers in list
[move_group-8] [INFO] [1787324847.954812855] [move_group.moveit.moveit.plugins.simple_controller_manager]: Returned 2 controllers in list
[move_group-8] [INFO] [1787324847.954929351] [moveit.simple_controller_manager.follow_joint_trajectory_controller_handle]: sending trajectory to joint_trajectory_controller
[gazebo-2] [INFO] [1787324847.955149916] [joint_trajectory_controller]: Received new action goal
[gazebo-2] [INFO] [1787324847.955186062] [joint_trajectory_controller]: Accepted new action goal
[move_group-8] [INFO] [1787324847.955357032] [moveit.simple_controller_manager.follow_joint_trajectory_controller_handle]: joint_trajectory_controller started execution
[move_group-8] [INFO] [1787324847.955371257] [moveit.simple_controller_manager.follow_joint_trajectory_controller_handle]: Goal request accepted!
[gazebo-2] [INFO] [1787324851.170359550] [joint_trajectory_controller]: Goal reached, success!
[move_group-8] [INFO] [1787324851.205708832] [moveit.simple_controller_manager.follow_joint_trajectory_controller_handle]: Controller 'joint_trajectory_controller' successfully finished
[move_group-8] [INFO] [1787324851.257261183] [move_group.moveit.moveit.ros.trajectory_execution_manager]: Completed trajectory execution with status SUCCEEDED ...
[move_group-8] [INFO] [1787324851.264857309] [move_group.moveit.moveit.ros.move_group.move_action]: Solution was found and executed.
[move_group-8] [INFO] [1787324851.952210933] [move_group.moveit.moveit.ros.move_group.move_action]: MoveGroupMoveAction: Received request
[move_group-8] [INFO] [1787324851.952596166] [move_group.moveit.moveit.ros.move_group.move_action]: executing..
[move_group-8] [WARN] [1787324851.959623470] [move_group.moveit.moveit.ros.planning_scene_monitor]: Unable to transform object from frame 'calibration_target' to planning frame'world' (Could not find a connection between 'world' and 'calibration_target' because they are not part of the same tree.Tf has two or more unconnected trees.)
[move_group-8] [WARN] [1787324851.959677369] [move_group.moveit.moveit.ros.planning_scene_monitor]: Unable to transform object from frame 'camera_color_optical_frame' to planning frame'world' (Could not find a connection between 'world' and 'camera_color_optical_frame' because they are not part of the same tree.Tf has two or more unconnected trees.)
[move_group-8] [INFO] [1787324851.959700158] [move_group.moveit.moveit.ros.move_group.move_action]: Combined planning and execution request received for MoveGroup action. Forwarding to planning and execution pipeline.
[move_group-8] [WARN] [1787324851.959713335] [move_group.moveit.moveit.ros.move_group.capability]: Execution of motions should always start at the robot's current state. Ignoring the state supplied as start state in the motion planning request
[move_group-8] [WARN] [1787324851.959726011] [move_group.moveit.moveit.ros.move_group.capability]: Execution of motions should always start at the robot's current state. Ignoring the state supplied as difference in the planning scene diff
[move_group-8] [INFO] [1787324851.959733861] [move_group.moveit.moveit.ros.plan_execution]: Planning attempt 1 of at most 1
[move_group-8] [INFO] [1787324851.959832758] [move_group]: Calling PlanningRequestAdapter 'CheckStartStateBounds'
[move_group-8] [INFO] [1787324851.959857840] [move_group]: Calling PlanningRequestAdapter 'CheckStartStateCollision'
[move_group-8] [INFO] [1787324851.959890652] [move_group]: Calling PlanningRequestAdapter 'ResolveConstraintFrames'
[move_group-8] [INFO] [1787324851.959900194] [move_group]: Calling PlanningRequestAdapter 'ValidateWorkspaceBounds'
[move_group-8] [INFO] [1787324851.960119735] [move_group.moveit.moveit.planners.ompl.model_based_planning_context]: Planner configuration 'ar_manipulator' will use planner 'geometric::RRTConnect'. Additional configuration parameters will be set when the planner is constructed.
[move_group-8] [INFO] [1787324851.960175857] [move_group]: Calling Planner 'OMPL'
[move_group-8] [INFO] [1787324851.982749867] [move_group]: Calling PlanningResponseAdapter 'AddTimeOptimalParameterization'
[move_group-8] [WARN] [1787324851.982822260] [move_group.moveit.moveit.core.time_optimal_trajectory_generation]: Invalid max_velocity_scaling_factor 0.000000 specified, defaulting to 1.000000 instead.
[move_group-8] [WARN] [1787324851.982845720] [move_group.moveit.moveit.core.time_optimal_trajectory_generation]: Invalid max_acceleration_scaling_factor 0.000000 specified, defaulting to 1.000000 instead.
[move_group-8] [INFO] [1787324851.983958194] [move_group]: Calling PlanningResponseAdapter 'ValidateSolution'
[move_group-8] [WARN] [1787324851.984231464] [move_group.moveit.moveit.ros.planning_pipeline]: The planner plugin did not fill out the 'planner_id' field of the MotionPlanResponse. Setting it to the planner ID name of the MotionPlanRequest assuming that the planner plugin does warn you if it does not use the requested planner.
[move_group-8] [INFO] [1787324851.984359468] [move_group.moveit.moveit.plugins.simple_controller_manager]: Returned 2 controllers in list
[move_group-8] [INFO] [1787324851.984389076] [move_group.moveit.moveit.plugins.simple_controller_manager]: Returned 2 controllers in list
[move_group-8] [INFO] [1787324851.984458715] [move_group.moveit.moveit.ros.trajectory_execution_manager]: Validating trajectory with allowed_start_tolerance 0.01
[move_group-8] [INFO] [1787324851.994236660] [move_group.moveit.moveit.ros.trajectory_execution_manager]: Starting trajectory execution ...
[move_group-8] [INFO] [1787324851.994325333] [move_group.moveit.moveit.plugins.simple_controller_manager]: Returned 2 controllers in list
[move_group-8] [INFO] [1787324851.994351627] [move_group.moveit.moveit.plugins.simple_controller_manager]: Returned 2 controllers in list
[move_group-8] [INFO] [1787324851.994450874] [moveit.simple_controller_manager.follow_joint_trajectory_controller_handle]: sending trajectory to joint_trajectory_controller
[gazebo-2] [INFO] [1787324851.994979435] [joint_trajectory_controller]: Received new action goal
[gazebo-2] [INFO] [1787324851.995015401] [joint_trajectory_controller]: Accepted new action goal
[move_group-8] [INFO] [1787324851.995763130] [moveit.simple_controller_manager.follow_joint_trajectory_controller_handle]: joint_trajectory_controller started execution
[move_group-8] [INFO] [1787324851.995781083] [moveit.simple_controller_manager.follow_joint_trajectory_controller_handle]: Goal request accepted!
[gazebo-2] [INFO] [1787324855.299023608] [joint_trajectory_controller]: Goal reached, success!
[move_group-8] [INFO] [1787324855.345504751] [moveit.simple_controller_manager.follow_joint_trajectory_controller_handle]: Controller 'joint_trajectory_controller' successfully finished
[move_group-8] [INFO] [1787324855.386202697] [move_group.moveit.moveit.ros.trajectory_execution_manager]: Completed trajectory execution with status SUCCEEDED ...
[move_group-8] [INFO] [1787324855.394410126] [move_group.moveit.moveit.ros.move_group.move_action]: Solution was found and executed.
[move_group-8] [INFO] [1787324856.121977703] [move_group.moveit.moveit.ros.move_group.move_action]: MoveGroupMoveAction: Received request
[move_group-8] [INFO] [1787324856.122249382] [move_group.moveit.moveit.ros.move_group.move_action]: executing..
[move_group-8] [WARN] [1787324856.131581706] [move_group.moveit.moveit.ros.planning_scene_monitor]: Unable to transform object from frame 'calibration_target' to planning frame'world' (Could not find a connection between 'world' and 'calibration_target' because they are not part of the same tree.Tf has two or more unconnected trees.)
[move_group-8] [WARN] [1787324856.131636318] [move_group.moveit.moveit.ros.planning_scene_monitor]: Unable to transform object from frame 'camera_color_optical_frame' to planning frame'world' (Could not find a connection between 'world' and 'camera_color_optical_frame' because they are not part of the same tree.Tf has two or more unconnected trees.)
[move_group-8] [INFO] [1787324856.131661759] [move_group.moveit.moveit.ros.move_group.move_action]: Combined planning and execution request received for MoveGroup action. Forwarding to planning and execution pipeline.
[move_group-8] [WARN] [1787324856.131682689] [move_group.moveit.moveit.ros.move_group.capability]: Execution of motions should always start at the robot's current state. Ignoring the state supplied as start state in the motion planning request
[move_group-8] [WARN] [1787324856.131705945] [move_group.moveit.moveit.ros.move_group.capability]: Execution of motions should always start at the robot's current state. Ignoring the state supplied as difference in the planning scene diff
[move_group-8] [INFO] [1787324856.131716901] [move_group.moveit.moveit.ros.plan_execution]: Planning attempt 1 of at most 1
[move_group-8] [INFO] [1787324856.131830204] [move_group]: Calling PlanningRequestAdapter 'CheckStartStateBounds'
[move_group-8] [INFO] [1787324856.131856898] [move_group]: Calling PlanningRequestAdapter 'CheckStartStateCollision'
[move_group-8] [INFO] [1787324856.131894659] [move_group]: Calling PlanningRequestAdapter 'ResolveConstraintFrames'
[move_group-8] [INFO] [1787324856.131904272] [move_group]: Calling PlanningRequestAdapter 'ValidateWorkspaceBounds'
[move_group-8] [INFO] [1787324856.132142344] [move_group.moveit.moveit.planners.ompl.model_based_planning_context]: Planner configuration 'ar_manipulator' will use planner 'geometric::RRTConnect'. Additional configuration parameters will be set when the planner is constructed.
[move_group-8] [INFO] [1787324856.132422749] [move_group]: Calling Planner 'OMPL'
[move_group-8] [INFO] [1787324856.155206976] [move_group]: Calling PlanningResponseAdapter 'AddTimeOptimalParameterization'
[move_group-8] [WARN] [1787324856.155287129] [move_group.moveit.moveit.core.time_optimal_trajectory_generation]: Invalid max_velocity_scaling_factor 0.000000 specified, defaulting to 1.000000 instead.
[move_group-8] [WARN] [1787324856.155310255] [move_group.moveit.moveit.core.time_optimal_trajectory_generation]: Invalid max_acceleration_scaling_factor 0.000000 specified, defaulting to 1.000000 instead.
[move_group-8] [INFO] [1787324856.156722490] [move_group]: Calling PlanningResponseAdapter 'ValidateSolution'
[move_group-8] [WARN] [1787324856.156943181] [move_group.moveit.moveit.ros.planning_pipeline]: The planner plugin did not fill out the 'planner_id' field of the MotionPlanResponse. Setting it to the planner ID name of the MotionPlanRequest assuming that the planner plugin does warn you if it does not use the requested planner.
[move_group-8] [INFO] [1787324856.157041457] [move_group.moveit.moveit.plugins.simple_controller_manager]: Returned 2 controllers in list
[move_group-8] [INFO] [1787324856.157086405] [move_group.moveit.moveit.plugins.simple_controller_manager]: Returned 2 controllers in list
[move_group-8] [INFO] [1787324856.157132436] [move_group.moveit.moveit.ros.trajectory_execution_manager]: Validating trajectory with allowed_start_tolerance 0.01
[move_group-8] [INFO] [1787324856.165548031] [move_group.moveit.moveit.ros.trajectory_execution_manager]: Starting trajectory execution ...
[move_group-8] [INFO] [1787324856.165621728] [move_group.moveit.moveit.plugins.simple_controller_manager]: Returned 2 controllers in list
[move_group-8] [INFO] [1787324856.165657484] [move_group.moveit.moveit.plugins.simple_controller_manager]: Returned 2 controllers in list
[move_group-8] [INFO] [1787324856.165770516] [moveit.simple_controller_manager.follow_joint_trajectory_controller_handle]: sending trajectory to joint_trajectory_controller
[gazebo-2] [INFO] [1787324856.166055902] [joint_trajectory_controller]: Received new action goal
[gazebo-2] [INFO] [1787324856.166088421] [joint_trajectory_controller]: Accepted new action goal
[move_group-8] [INFO] [1787324856.166406656] [moveit.simple_controller_manager.follow_joint_trajectory_controller_handle]: joint_trajectory_controller started execution
[move_group-8] [INFO] [1787324856.166438212] [moveit.simple_controller_manager.follow_joint_trajectory_controller_handle]: Goal request accepted!
[gazebo-2] [INFO] [1787324860.382328136] [joint_trajectory_controller]: Goal reached, success!
[move_group-8] [INFO] [1787324860.416551890] [moveit.simple_controller_manager.follow_joint_trajectory_controller_handle]: Controller 'joint_trajectory_controller' successfully finished
[move_group-8] [INFO] [1787324860.465978735] [move_group.moveit.moveit.ros.trajectory_execution_manager]: Completed trajectory execution with status SUCCEEDED ...
[move_group-8] [INFO] [1787324860.475721836] [move_group.moveit.moveit.ros.move_group.move_action]: Solution was found and executed.
[move_group-8] [INFO] [1787324861.223747077] [move_group.moveit.moveit.ros.move_group.move_action]: MoveGroupMoveAction: Received request
[move_group-8] [INFO] [1787324861.223955224] [move_group.moveit.moveit.ros.move_group.move_action]: executing..
[move_group-8] [WARN] [1787324861.225488506] [move_group.moveit.moveit.ros.planning_scene_monitor]: Unable to transform object from frame 'calibration_target' to planning frame'world' (Could not find a connection between 'world' and 'calibration_target' because they are not part of the same tree.Tf has two or more unconnected trees.)
[move_group-8] [WARN] [1787324861.225551303] [move_group.moveit.moveit.ros.planning_scene_monitor]: Unable to transform object from frame 'camera_color_optical_frame' to planning frame'world' (Could not find a connection between 'world' and 'camera_color_optical_frame' because they are not part of the same tree.Tf has two or more unconnected trees.)
[move_group-8] [INFO] [1787324861.225585977] [move_group.moveit.moveit.ros.move_group.move_action]: Combined planning and execution request received for MoveGroup action. Forwarding to planning and execution pipeline.
[move_group-8] [WARN] [1787324861.225605967] [move_group.moveit.moveit.ros.move_group.capability]: Execution of motions should always start at the robot's current state. Ignoring the state supplied as start state in the motion planning request
[move_group-8] [WARN] [1787324861.225624773] [move_group.moveit.moveit.ros.move_group.capability]: Execution of motions should always start at the robot's current state. Ignoring the state supplied as difference in the planning scene diff
[move_group-8] [INFO] [1787324861.225632536] [move_group.moveit.moveit.ros.plan_execution]: Planning attempt 1 of at most 1
[move_group-8] [INFO] [1787324861.225727048] [move_group]: Calling PlanningRequestAdapter 'CheckStartStateBounds'
[move_group-8] [INFO] [1787324861.225769385] [move_group]: Calling PlanningRequestAdapter 'CheckStartStateCollision'
[move_group-8] [INFO] [1787324861.225814580] [move_group]: Calling PlanningRequestAdapter 'ResolveConstraintFrames'
[move_group-8] [INFO] [1787324861.225825824] [move_group]: Calling PlanningRequestAdapter 'ValidateWorkspaceBounds'
[move_group-8] [INFO] [1787324861.226084517] [move_group.moveit.moveit.planners.ompl.model_based_planning_context]: Planner configuration 'ar_manipulator' will use planner 'geometric::RRTConnect'. Additional configuration parameters will be set when the planner is constructed.
[move_group-8] [INFO] [1787324861.226169149] [move_group]: Calling Planner 'OMPL'
[move_group-8] [INFO] [1787324861.238299787] [move_group]: Calling PlanningResponseAdapter 'AddTimeOptimalParameterization'
[move_group-8] [WARN] [1787324861.238337500] [move_group.moveit.moveit.core.time_optimal_trajectory_generation]: Invalid max_velocity_scaling_factor 0.000000 specified, defaulting to 1.000000 instead.
[move_group-8] [WARN] [1787324861.238348533] [move_group.moveit.moveit.core.time_optimal_trajectory_generation]: Invalid max_acceleration_scaling_factor 0.000000 specified, defaulting to 1.000000 instead.
[move_group-8] [INFO] [1787324861.238989458] [move_group]: Calling PlanningResponseAdapter 'ValidateSolution'
[move_group-8] [WARN] [1787324861.239118343] [move_group.moveit.moveit.ros.planning_pipeline]: The planner plugin did not fill out the 'planner_id' field of the MotionPlanResponse. Setting it to the planner ID name of the MotionPlanRequest assuming that the planner plugin does warn you if it does not use the requested planner.
[move_group-8] [INFO] [1787324861.239183237] [move_group.moveit.moveit.plugins.simple_controller_manager]: Returned 2 controllers in list
[move_group-8] [INFO] [1787324861.239199145] [move_group.moveit.moveit.plugins.simple_controller_manager]: Returned 2 controllers in list
[move_group-8] [INFO] [1787324861.239241632] [move_group.moveit.moveit.ros.trajectory_execution_manager]: Validating trajectory with allowed_start_tolerance 0.01
[move_group-8] [INFO] [1787324861.262590401] [move_group.moveit.moveit.ros.trajectory_execution_manager]: Starting trajectory execution ...
[move_group-8] [INFO] [1787324861.262687401] [move_group.moveit.moveit.plugins.simple_controller_manager]: Returned 2 controllers in list
[move_group-8] [INFO] [1787324861.262726919] [move_group.moveit.moveit.plugins.simple_controller_manager]: Returned 2 controllers in list
[move_group-8] [INFO] [1787324861.262840298] [moveit.simple_controller_manager.follow_joint_trajectory_controller_handle]: sending trajectory to joint_trajectory_controller
[gazebo-2] [INFO] [1787324861.263077135] [joint_trajectory_controller]: Received new action goal
[gazebo-2] [INFO] [1787324861.263111628] [joint_trajectory_controller]: Accepted new action goal
[move_group-8] [INFO] [1787324861.263292790] [moveit.simple_controller_manager.follow_joint_trajectory_controller_handle]: joint_trajectory_controller started execution
[move_group-8] [INFO] [1787324861.263306551] [moveit.simple_controller_manager.follow_joint_trajectory_controller_handle]: Goal request accepted!
[gazebo-2] [INFO] [1787324864.838125335] [joint_trajectory_controller]: Goal reached, success!
[move_group-8] [INFO] [1787324864.863675469] [moveit.simple_controller_manager.follow_joint_trajectory_controller_handle]: Controller 'joint_trajectory_controller' successfully finished
[move_group-8] [INFO] [1787324864.903694831] [move_group.moveit.moveit.ros.trajectory_execution_manager]: Completed trajectory execution with status SUCCEEDED ...
[move_group-8] [INFO] [1787324864.912754172] [move_group.moveit.moveit.ros.move_group.move_action]: Solution was found and executed.
[move_group-8] [INFO] [1787324865.662251389] [move_group.moveit.moveit.ros.move_group.move_action]: MoveGroupMoveAction: Received request
[move_group-8] [INFO] [1787324865.662436701] [move_group.moveit.moveit.ros.move_group.move_action]: executing..
[move_group-8] [WARN] [1787324865.693163856] [move_group.moveit.moveit.ros.planning_scene_monitor]: Unable to transform object from frame 'calibration_target' to planning frame'world' (Could not find a connection between 'world' and 'calibration_target' because they are not part of the same tree.Tf has two or more unconnected trees.)
[move_group-8] [WARN] [1787324865.693253827] [move_group.moveit.moveit.ros.planning_scene_monitor]: Unable to transform object from frame 'camera_color_optical_frame' to planning frame'world' (Could not find a connection between 'world' and 'camera_color_optical_frame' because they are not part of the same tree.Tf has two or more unconnected trees.)
[move_group-8] [INFO] [1787324865.693299605] [move_group.moveit.moveit.ros.move_group.move_action]: Combined planning and execution request received for MoveGroup action. Forwarding to planning and execution pipeline.
[move_group-8] [WARN] [1787324865.693326211] [move_group.moveit.moveit.ros.move_group.capability]: Execution of motions should always start at the robot's current state. Ignoring the state supplied as start state in the motion planning request
[move_group-8] [WARN] [1787324865.693353259] [move_group.moveit.moveit.ros.move_group.capability]: Execution of motions should always start at the robot's current state. Ignoring the state supplied as difference in the planning scene diff
[move_group-8] [INFO] [1787324865.693367646] [move_group.moveit.moveit.ros.plan_execution]: Planning attempt 1 of at most 1
[move_group-8] [INFO] [1787324865.693552153] [move_group]: Calling PlanningRequestAdapter 'CheckStartStateBounds'
[move_group-8] [INFO] [1787324865.693601222] [move_group]: Calling PlanningRequestAdapter 'CheckStartStateCollision'
[move_group-8] [INFO] [1787324865.693703172] [move_group]: Calling PlanningRequestAdapter 'ResolveConstraintFrames'
[move_group-8] [INFO] [1787324865.693727019] [move_group]: Calling PlanningRequestAdapter 'ValidateWorkspaceBounds'
[move_group-8] [INFO] [1787324865.694094168] [move_group.moveit.moveit.planners.ompl.model_based_planning_context]: Planner configuration 'ar_manipulator' will use planner 'geometric::RRTConnect'. Additional configuration parameters will be set when the planner is constructed.
[move_group-8] [INFO] [1787324865.694199169] [move_group]: Calling Planner 'OMPL'
[move_group-8] [INFO] [1787324865.706968576] [move_group]: Calling PlanningResponseAdapter 'AddTimeOptimalParameterization'
[move_group-8] [WARN] [1787324865.707022701] [move_group.moveit.moveit.core.time_optimal_trajectory_generation]: Invalid max_velocity_scaling_factor 0.000000 specified, defaulting to 1.000000 instead.
[move_group-8] [WARN] [1787324865.707047100] [move_group.moveit.moveit.core.time_optimal_trajectory_generation]: Invalid max_acceleration_scaling_factor 0.000000 specified, defaulting to 1.000000 instead.
[move_group-8] [INFO] [1787324865.708576202] [move_group]: Calling PlanningResponseAdapter 'ValidateSolution'
[move_group-8] [WARN] [1787324865.708807281] [move_group.moveit.moveit.ros.planning_pipeline]: The planner plugin did not fill out the 'planner_id' field of the MotionPlanResponse. Setting it to the planner ID name of the MotionPlanRequest assuming that the planner plugin does warn you if it does not use the requested planner.
[move_group-8] [INFO] [1787324865.708913334] [move_group.moveit.moveit.plugins.simple_controller_manager]: Returned 2 controllers in list
[move_group-8] [INFO] [1787324865.708941877] [move_group.moveit.moveit.plugins.simple_controller_manager]: Returned 2 controllers in list
[move_group-8] [INFO] [1787324865.709017100] [move_group.moveit.moveit.ros.trajectory_execution_manager]: Validating trajectory with allowed_start_tolerance 0.01
[move_group-8] [INFO] [1787324865.712318221] [move_group.moveit.moveit.ros.trajectory_execution_manager]: Starting trajectory execution ...
[move_group-8] [INFO] [1787324865.712380212] [move_group.moveit.moveit.plugins.simple_controller_manager]: Returned 2 controllers in list
[move_group-8] [INFO] [1787324865.712409808] [move_group.moveit.moveit.plugins.simple_controller_manager]: Returned 2 controllers in list
[move_group-8] [INFO] [1787324865.712508819] [moveit.simple_controller_manager.follow_joint_trajectory_controller_handle]: sending trajectory to joint_trajectory_controller
[gazebo-2] [INFO] [1787324865.713077420] [joint_trajectory_controller]: Received new action goal
[gazebo-2] [INFO] [1787324865.713126188] [joint_trajectory_controller]: Accepted new action goal
[move_group-8] [INFO] [1787324865.713297162] [moveit.simple_controller_manager.follow_joint_trajectory_controller_handle]: joint_trajectory_controller started execution
[move_group-8] [INFO] [1787324865.713311077] [moveit.simple_controller_manager.follow_joint_trajectory_controller_handle]: Goal request accepted!
[gazebo-2] [INFO] [1787324869.930953076] [joint_trajectory_controller]: Goal reached, success!
[move_group-8] [INFO] [1787324869.963733090] [moveit.simple_controller_manager.follow_joint_trajectory_controller_handle]: Controller 'joint_trajectory_controller' successfully finished
[move_group-8] [INFO] [1787324869.986658971] [move_group.moveit.moveit.ros.trajectory_execution_manager]: Completed trajectory execution with status SUCCEEDED ...
[move_group-8] [INFO] [1787324869.992506047] [move_group.moveit.moveit.ros.move_group.move_action]: Solution was found and executed.
[move_group-8] [INFO] [1787324870.697171309] [move_group.moveit.moveit.ros.move_group.move_action]: MoveGroupMoveAction: Received request
[move_group-8] [INFO] [1787324870.697508383] [move_group.moveit.moveit.ros.move_group.move_action]: executing..
[move_group-8] [WARN] [1787324870.705452264] [move_group.moveit.moveit.ros.planning_scene_monitor]: Unable to transform object from frame 'calibration_target' to planning frame'world' (Could not find a connection between 'world' and 'calibration_target' because they are not part of the same tree.Tf has two or more unconnected trees.)
[move_group-8] [WARN] [1787324870.705520407] [move_group.moveit.moveit.ros.planning_scene_monitor]: Unable to transform object from frame 'camera_color_optical_frame' to planning frame'world' (Could not find a connection between 'world' and 'camera_color_optical_frame' because they are not part of the same tree.Tf has two or more unconnected trees.)
[move_group-8] [INFO] [1787324870.705569742] [move_group.moveit.moveit.ros.move_group.move_action]: Combined planning and execution request received for MoveGroup action. Forwarding to planning and execution pipeline.
[move_group-8] [WARN] [1787324870.705584734] [move_group.moveit.moveit.ros.move_group.capability]: Execution of motions should always start at the robot's current state. Ignoring the state supplied as start state in the motion planning request
[move_group-8] [WARN] [1787324870.705598289] [move_group.moveit.moveit.ros.move_group.capability]: Execution of motions should always start at the robot's current state. Ignoring the state supplied as difference in the planning scene diff
[move_group-8] [INFO] [1787324870.705606662] [move_group.moveit.moveit.ros.plan_execution]: Planning attempt 1 of at most 1
[move_group-8] [INFO] [1787324870.705719938] [move_group]: Calling PlanningRequestAdapter 'CheckStartStateBounds'
[move_group-8] [INFO] [1787324870.705763863] [move_group]: Calling PlanningRequestAdapter 'CheckStartStateCollision'
[move_group-8] [INFO] [1787324870.705819768] [move_group]: Calling PlanningRequestAdapter 'ResolveConstraintFrames'
[move_group-8] [INFO] [1787324870.705838416] [move_group]: Calling PlanningRequestAdapter 'ValidateWorkspaceBounds'
[move_group-8] [INFO] [1787324870.706136281] [move_group.moveit.moveit.planners.ompl.model_based_planning_context]: Planner configuration 'ar_manipulator' will use planner 'geometric::RRTConnect'. Additional configuration parameters will be set when the planner is constructed.
[move_group-8] [INFO] [1787324870.706220604] [move_group]: Calling Planner 'OMPL'
[move_group-8] [INFO] [1787324870.728216152] [move_group]: Calling PlanningResponseAdapter 'AddTimeOptimalParameterization'
[move_group-8] [WARN] [1787324870.728270135] [move_group.moveit.moveit.core.time_optimal_trajectory_generation]: Invalid max_velocity_scaling_factor 0.000000 specified, defaulting to 1.000000 instead.
[move_group-8] [WARN] [1787324870.728284562] [move_group.moveit.moveit.core.time_optimal_trajectory_generation]: Invalid max_acceleration_scaling_factor 0.000000 specified, defaulting to 1.000000 instead.
[move_group-8] [INFO] [1787324870.728917509] [move_group]: Calling PlanningResponseAdapter 'ValidateSolution'
[move_group-8] [WARN] [1787324870.729052109] [move_group.moveit.moveit.ros.planning_pipeline]: The planner plugin did not fill out the 'planner_id' field of the MotionPlanResponse. Setting it to the planner ID name of the MotionPlanRequest assuming that the planner plugin does warn you if it does not use the requested planner.
[move_group-8] [INFO] [1787324870.729140812] [move_group.moveit.moveit.plugins.simple_controller_manager]: Returned 2 controllers in list
[move_group-8] [INFO] [1787324870.729172807] [move_group.moveit.moveit.plugins.simple_controller_manager]: Returned 2 controllers in list
[move_group-8] [INFO] [1787324870.729225283] [move_group.moveit.moveit.ros.trajectory_execution_manager]: Validating trajectory with allowed_start_tolerance 0.01
[move_group-8] [INFO] [1787324870.743120459] [move_group.moveit.moveit.ros.trajectory_execution_manager]: Starting trajectory execution ...
[move_group-8] [INFO] [1787324870.743213026] [move_group.moveit.moveit.plugins.simple_controller_manager]: Returned 2 controllers in list
[move_group-8] [INFO] [1787324870.743251254] [move_group.moveit.moveit.plugins.simple_controller_manager]: Returned 2 controllers in list
[move_group-8] [INFO] [1787324870.743367116] [moveit.simple_controller_manager.follow_joint_trajectory_controller_handle]: sending trajectory to joint_trajectory_controller
[gazebo-2] [INFO] [1787324870.743660954] [joint_trajectory_controller]: Received new action goal
[gazebo-2] [INFO] [1787324870.743695852] [joint_trajectory_controller]: Accepted new action goal
[move_group-8] [INFO] [1787324870.743843234] [moveit.simple_controller_manager.follow_joint_trajectory_controller_handle]: joint_trajectory_controller started execution
[move_group-8] [INFO] [1787324870.743856601] [moveit.simple_controller_manager.follow_joint_trajectory_controller_handle]: Goal request accepted!
[gazebo-2] [INFO] [1787324873.705143207] [joint_trajectory_controller]: Goal reached, success!
[move_group-8] [INFO] [1787324873.744170126] [moveit.simple_controller_manager.follow_joint_trajectory_controller_handle]: Controller 'joint_trajectory_controller' successfully finished
[move_group-8] [INFO] [1787324873.817296399] [move_group.moveit.moveit.ros.trajectory_execution_manager]: Completed trajectory execution with status SUCCEEDED ...
[move_group-8] [INFO] [1787324873.823277660] [move_group.moveit.moveit.ros.move_group.move_action]: Solution was found and executed.
[move_group-8] [INFO] [1787324874.498698391] [move_group.moveit.moveit.ros.move_group.move_action]: MoveGroupMoveAction: Received request
[move_group-8] [INFO] [1787324874.499001909] [move_group.moveit.moveit.ros.move_group.move_action]: executing..
[move_group-8] [WARN] [1787324874.529359667] [move_group.moveit.moveit.ros.planning_scene_monitor]: Unable to transform object from frame 'calibration_target' to planning frame'world' (Could not find a connection between 'world' and 'calibration_target' because they are not part of the same tree.Tf has two or more unconnected trees.)
[move_group-8] [WARN] [1787324874.529430312] [move_group.moveit.moveit.ros.planning_scene_monitor]: Unable to transform object from frame 'camera_color_optical_frame' to planning frame'world' (Could not find a connection between 'world' and 'camera_color_optical_frame' because they are not part of the same tree.Tf has two or more unconnected trees.)
[move_group-8] [INFO] [1787324874.529470795] [move_group.moveit.moveit.ros.move_group.move_action]: Combined planning and execution request received for MoveGroup action. Forwarding to planning and execution pipeline.
[move_group-8] [WARN] [1787324874.529500440] [move_group.moveit.moveit.ros.move_group.capability]: Execution of motions should always start at the robot's current state. Ignoring the state supplied as start state in the motion planning request
[move_group-8] [WARN] [1787324874.529539099] [move_group.moveit.moveit.ros.move_group.capability]: Execution of motions should always start at the robot's current state. Ignoring the state supplied as difference in the planning scene diff
[move_group-8] [INFO] [1787324874.529552885] [move_group.moveit.moveit.ros.plan_execution]: Planning attempt 1 of at most 1
[move_group-8] [INFO] [1787324874.529701527] [move_group]: Calling PlanningRequestAdapter 'CheckStartStateBounds'
[move_group-8] [INFO] [1787324874.529743205] [move_group]: Calling PlanningRequestAdapter 'CheckStartStateCollision'
[move_group-8] [INFO] [1787324874.529804357] [move_group]: Calling PlanningRequestAdapter 'ResolveConstraintFrames'
[move_group-8] [INFO] [1787324874.529829938] [move_group]: Calling PlanningRequestAdapter 'ValidateWorkspaceBounds'
[move_group-8] [INFO] [1787324874.530146188] [move_group.moveit.moveit.planners.ompl.model_based_planning_context]: Planner configuration 'ar_manipulator' will use planner 'geometric::RRTConnect'. Additional configuration parameters will be set when the planner is constructed.
[move_group-8] [INFO] [1787324874.530228507] [move_group]: Calling Planner 'OMPL'
[move_group-8] [INFO] [1787324874.543525575] [move_group]: Calling PlanningResponseAdapter 'AddTimeOptimalParameterization'
[move_group-8] [WARN] [1787324874.543573120] [move_group.moveit.moveit.core.time_optimal_trajectory_generation]: Invalid max_velocity_scaling_factor 0.000000 specified, defaulting to 1.000000 instead.
[move_group-8] [WARN] [1787324874.543586180] [move_group.moveit.moveit.core.time_optimal_trajectory_generation]: Invalid max_acceleration_scaling_factor 0.000000 specified, defaulting to 1.000000 instead.
[move_group-8] [INFO] [1787324874.544507237] [move_group]: Calling PlanningResponseAdapter 'ValidateSolution'
[move_group-8] [WARN] [1787324874.544652502] [move_group.moveit.moveit.ros.planning_pipeline]: The planner plugin did not fill out the 'planner_id' field of the MotionPlanResponse. Setting it to the planner ID name of the MotionPlanRequest assuming that the planner plugin does warn you if it does not use the requested planner.
[move_group-8] [INFO] [1787324874.544749176] [move_group.moveit.moveit.plugins.simple_controller_manager]: Returned 2 controllers in list
[move_group-8] [INFO] [1787324874.544774717] [move_group.moveit.moveit.plugins.simple_controller_manager]: Returned 2 controllers in list
[move_group-8] [INFO] [1787324874.544839455] [move_group.moveit.moveit.ros.trajectory_execution_manager]: Validating trajectory with allowed_start_tolerance 0.01
[move_group-8] [INFO] [1787324874.546155186] [move_group.moveit.moveit.ros.trajectory_execution_manager]: Starting trajectory execution ...
[move_group-8] [INFO] [1787324874.546213440] [move_group.moveit.moveit.plugins.simple_controller_manager]: Returned 2 controllers in list
[move_group-8] [INFO] [1787324874.546243433] [move_group.moveit.moveit.plugins.simple_controller_manager]: Returned 2 controllers in list
[move_group-8] [INFO] [1787324874.546350019] [moveit.simple_controller_manager.follow_joint_trajectory_controller_handle]: sending trajectory to joint_trajectory_controller
[gazebo-2] [INFO] [1787324874.546564375] [joint_trajectory_controller]: Received new action goal
[gazebo-2] [INFO] [1787324874.546603184] [joint_trajectory_controller]: Accepted new action goal
[move_group-8] [INFO] [1787324874.549634591] [moveit.simple_controller_manager.follow_joint_trajectory_controller_handle]: joint_trajectory_controller started execution
[move_group-8] [INFO] [1787324874.549673968] [moveit.simple_controller_manager.follow_joint_trajectory_controller_handle]: Goal request accepted!
[gazebo-2] [INFO] [1787324877.611956395] [joint_trajectory_controller]: Goal reached, success!
[move_group-8] [INFO] [1787324877.647077432] [moveit.simple_controller_manager.follow_joint_trajectory_controller_handle]: Controller 'joint_trajectory_controller' successfully finished
[move_group-8] [INFO] [1787324877.694118233] [move_group.moveit.moveit.ros.trajectory_execution_manager]: Completed trajectory execution with status SUCCEEDED ...
[move_group-8] [INFO] [1787324877.696309608] [move_group.moveit.moveit.ros.move_group.move_action]: Solution was found and executed.
[move_group-8] [INFO] [1787324878.470818750] [move_group.moveit.moveit.ros.move_group.move_action]: MoveGroupMoveAction: Received request
[move_group-8] [INFO] [1787324878.470998268] [move_group.moveit.moveit.ros.move_group.move_action]: executing..
[move_group-8] [WARN] [1787324878.487366222] [move_group.moveit.moveit.ros.planning_scene_monitor]: Unable to transform object from frame 'calibration_target' to planning frame'world' (Could not find a connection between 'world' and 'calibration_target' because they are not part of the same tree.Tf has two or more unconnected trees.)
[move_group-8] [WARN] [1787324878.487453683] [move_group.moveit.moveit.ros.planning_scene_monitor]: Unable to transform object from frame 'camera_color_optical_frame' to planning frame'world' (Could not find a connection between 'world' and 'camera_color_optical_frame' because they are not part of the same tree.Tf has two or more unconnected trees.)
[move_group-8] [INFO] [1787324878.487490204] [move_group.moveit.moveit.ros.move_group.move_action]: Combined planning and execution request received for MoveGroup action. Forwarding to planning and execution pipeline.
[move_group-8] [WARN] [1787324878.487512577] [move_group.moveit.moveit.ros.move_group.capability]: Execution of motions should always start at the robot's current state. Ignoring the state supplied as start state in the motion planning request
[move_group-8] [WARN] [1787324878.487536907] [move_group.moveit.moveit.ros.move_group.capability]: Execution of motions should always start at the robot's current state. Ignoring the state supplied as difference in the planning scene diff
[move_group-8] [INFO] [1787324878.487549058] [move_group.moveit.moveit.ros.plan_execution]: Planning attempt 1 of at most 1
[move_group-8] [INFO] [1787324878.487670372] [move_group]: Calling PlanningRequestAdapter 'CheckStartStateBounds'
[move_group-8] [INFO] [1787324878.487702816] [move_group]: Calling PlanningRequestAdapter 'CheckStartStateCollision'
[move_group-8] [INFO] [1787324878.487752877] [move_group]: Calling PlanningRequestAdapter 'ResolveConstraintFrames'
[move_group-8] [INFO] [1787324878.487763618] [move_group]: Calling PlanningRequestAdapter 'ValidateWorkspaceBounds'
[move_group-8] [INFO] [1787324878.487990019] [move_group.moveit.moveit.planners.ompl.model_based_planning_context]: Planner configuration 'ar_manipulator' will use planner 'geometric::RRTConnect'. Additional configuration parameters will be set when the planner is constructed.
[move_group-8] [INFO] [1787324878.488073693] [move_group]: Calling Planner 'OMPL'
[move_group-8] [INFO] [1787324878.501136039] [move_group]: Calling PlanningResponseAdapter 'AddTimeOptimalParameterization'
[move_group-8] [WARN] [1787324878.501223790] [move_group.moveit.moveit.core.time_optimal_trajectory_generation]: Invalid max_velocity_scaling_factor 0.000000 specified, defaulting to 1.000000 instead.
[move_group-8] [WARN] [1787324878.501255625] [move_group.moveit.moveit.core.time_optimal_trajectory_generation]: Invalid max_acceleration_scaling_factor 0.000000 specified, defaulting to 1.000000 instead.
[move_group-8] [INFO] [1787324878.502070002] [move_group]: Calling PlanningResponseAdapter 'ValidateSolution'
[move_group-8] [WARN] [1787324878.502277768] [move_group.moveit.moveit.ros.planning_pipeline]: The planner plugin did not fill out the 'planner_id' field of the MotionPlanResponse. Setting it to the planner ID name of the MotionPlanRequest assuming that the planner plugin does warn you if it does not use the requested planner.
[move_group-8] [INFO] [1787324878.502381096] [move_group.moveit.moveit.plugins.simple_controller_manager]: Returned 2 controllers in list
[move_group-8] [INFO] [1787324878.502408155] [move_group.moveit.moveit.plugins.simple_controller_manager]: Returned 2 controllers in list
[move_group-8] [INFO] [1787324878.502479438] [move_group.moveit.moveit.ros.trajectory_execution_manager]: Validating trajectory with allowed_start_tolerance 0.01
[move_group-8] [INFO] [1787324878.504404563] [move_group.moveit.moveit.ros.trajectory_execution_manager]: Starting trajectory execution ...
[move_group-8] [INFO] [1787324878.504483870] [move_group.moveit.moveit.plugins.simple_controller_manager]: Returned 2 controllers in list
[move_group-8] [INFO] [1787324878.504535239] [move_group.moveit.moveit.plugins.simple_controller_manager]: Returned 2 controllers in list
[move_group-8] [INFO] [1787324878.504640496] [moveit.simple_controller_manager.follow_joint_trajectory_controller_handle]: sending trajectory to joint_trajectory_controller
[gazebo-2] [INFO] [1787324878.504858624] [joint_trajectory_controller]: Received new action goal
[gazebo-2] [INFO] [1787324878.504892498] [joint_trajectory_controller]: Accepted new action goal
[move_group-8] [INFO] [1787324878.505326190] [moveit.simple_controller_manager.follow_joint_trajectory_controller_handle]: joint_trajectory_controller started execution
[move_group-8] [INFO] [1787324878.505359414] [moveit.simple_controller_manager.follow_joint_trajectory_controller_handle]: Goal request accepted!
[gazebo-2] [INFO] [1787324881.317485838] [joint_trajectory_controller]: Goal reached, success!
[move_group-8] [INFO] [1787324881.355334517] [moveit.simple_controller_manager.follow_joint_trajectory_controller_handle]: Controller 'joint_trajectory_controller' successfully finished
[move_group-8] [INFO] [1787324881.404174034] [move_group.moveit.moveit.ros.trajectory_execution_manager]: Completed trajectory execution with status SUCCEEDED ...
[move_group-8] [INFO] [1787324881.404556433] [move_group.moveit.moveit.ros.move_group.move_action]: Solution was found and executed.
[move_group-8] [INFO] [1787324882.163378434] [move_group.moveit.moveit.ros.move_group.move_action]: MoveGroupMoveAction: Received request
[move_group-8] [INFO] [1787324882.163620700] [move_group.moveit.moveit.ros.move_group.move_action]: executing..
[move_group-8] [WARN] [1787324882.166768042] [move_group.moveit.moveit.ros.planning_scene_monitor]: Unable to transform object from frame 'calibration_target' to planning frame'world' (Could not find a connection between 'world' and 'calibration_target' because they are not part of the same tree.Tf has two or more unconnected trees.)
[move_group-8] [WARN] [1787324882.166815670] [move_group.moveit.moveit.ros.planning_scene_monitor]: Unable to transform object from frame 'camera_color_optical_frame' to planning frame'world' (Could not find a connection between 'world' and 'camera_color_optical_frame' because they are not part of the same tree.Tf has two or more unconnected trees.)
[move_group-8] [INFO] [1787324882.166837262] [move_group.moveit.moveit.ros.move_group.move_action]: Combined planning and execution request received for MoveGroup action. Forwarding to planning and execution pipeline.
[move_group-8] [WARN] [1787324882.166850075] [move_group.moveit.moveit.ros.move_group.capability]: Execution of motions should always start at the robot's current state. Ignoring the state supplied as start state in the motion planning request
[move_group-8] [WARN] [1787324882.166862188] [move_group.moveit.moveit.ros.move_group.capability]: Execution of motions should always start at the robot's current state. Ignoring the state supplied as difference in the planning scene diff
[move_group-8] [INFO] [1787324882.166869405] [move_group.moveit.moveit.ros.plan_execution]: Planning attempt 1 of at most 1
[move_group-8] [INFO] [1787324882.166967705] [move_group]: Calling PlanningRequestAdapter 'CheckStartStateBounds'
[move_group-8] [INFO] [1787324882.166994282] [move_group]: Calling PlanningRequestAdapter 'CheckStartStateCollision'
[move_group-8] [INFO] [1787324882.167031620] [move_group]: Calling PlanningRequestAdapter 'ResolveConstraintFrames'
[move_group-8] [INFO] [1787324882.167040609] [move_group]: Calling PlanningRequestAdapter 'ValidateWorkspaceBounds'
[move_group-8] [INFO] [1787324882.167238089] [move_group.moveit.moveit.planners.ompl.model_based_planning_context]: Planner configuration 'ar_manipulator' will use planner 'geometric::RRTConnect'. Additional configuration parameters will be set when the planner is constructed.
[move_group-8] [INFO] [1787324882.167293606] [move_group]: Calling Planner 'OMPL'
[move_group-8] [INFO] [1787324882.191345239] [move_group]: Calling PlanningResponseAdapter 'AddTimeOptimalParameterization'
[move_group-8] [WARN] [1787324882.191461158] [move_group.moveit.moveit.core.time_optimal_trajectory_generation]: Invalid max_velocity_scaling_factor 0.000000 specified, defaulting to 1.000000 instead.
[move_group-8] [WARN] [1787324882.191491719] [move_group.moveit.moveit.core.time_optimal_trajectory_generation]: Invalid max_acceleration_scaling_factor 0.000000 specified, defaulting to 1.000000 instead.
[move_group-8] [INFO] [1787324882.192139507] [move_group]: Calling PlanningResponseAdapter 'ValidateSolution'
[move_group-8] [WARN] [1787324882.192391112] [move_group.moveit.moveit.ros.planning_pipeline]: The planner plugin did not fill out the 'planner_id' field of the MotionPlanResponse. Setting it to the planner ID name of the MotionPlanRequest assuming that the planner plugin does warn you if it does not use the requested planner.
[move_group-8] [INFO] [1787324882.192489983] [move_group.moveit.moveit.plugins.simple_controller_manager]: Returned 2 controllers in list
[move_group-8] [INFO] [1787324882.192519633] [move_group.moveit.moveit.plugins.simple_controller_manager]: Returned 2 controllers in list
[move_group-8] [INFO] [1787324882.192579504] [move_group.moveit.moveit.ros.trajectory_execution_manager]: Validating trajectory with allowed_start_tolerance 0.01
[move_group-8] [INFO] [1787324882.201645432] [move_group.moveit.moveit.ros.trajectory_execution_manager]: Starting trajectory execution ...
[move_group-8] [INFO] [1787324882.201732971] [move_group.moveit.moveit.plugins.simple_controller_manager]: Returned 2 controllers in list
[move_group-8] [INFO] [1787324882.201766585] [move_group.moveit.moveit.plugins.simple_controller_manager]: Returned 2 controllers in list
[move_group-8] [INFO] [1787324882.201874965] [moveit.simple_controller_manager.follow_joint_trajectory_controller_handle]: sending trajectory to joint_trajectory_controller
[gazebo-2] [INFO] [1787324882.202126310] [joint_trajectory_controller]: Received new action goal
[gazebo-2] [INFO] [1787324882.202163678] [joint_trajectory_controller]: Accepted new action goal
[move_group-8] [INFO] [1787324882.202731506] [moveit.simple_controller_manager.follow_joint_trajectory_controller_handle]: joint_trajectory_controller started execution
[move_group-8] [INFO] [1787324882.202864439] [moveit.simple_controller_manager.follow_joint_trajectory_controller_handle]: Goal request accepted!
[gazebo-2] [INFO] [1787324885.319750857] [joint_trajectory_controller]: Goal reached, success!
[move_group-8] [INFO] [1787324885.352601605] [moveit.simple_controller_manager.follow_joint_trajectory_controller_handle]: Controller 'joint_trajectory_controller' successfully finished
[move_group-8] [INFO] [1787324885.410445426] [move_group.moveit.moveit.ros.trajectory_execution_manager]: Completed trajectory execution with status SUCCEEDED ...
[move_group-8] [INFO] [1787324885.411821299] [move_group.moveit.moveit.ros.move_group.move_action]: Solution was found and executed.
[move_group-8] [INFO] [1787324886.119566421] [move_group.moveit.moveit.ros.move_group.move_action]: MoveGroupMoveAction: Received request
[move_group-8] [INFO] [1787324886.119814557] [move_group.moveit.moveit.ros.move_group.move_action]: executing..
[move_group-8] [WARN] [1787324886.152884900] [move_group.moveit.moveit.ros.planning_scene_monitor]: Unable to transform object from frame 'calibration_target' to planning frame'world' (Could not find a connection between 'world' and 'calibration_target' because they are not part of the same tree.Tf has two or more unconnected trees.)
[move_group-8] [WARN] [1787324886.152966922] [move_group.moveit.moveit.ros.planning_scene_monitor]: Unable to transform object from frame 'camera_color_optical_frame' to planning frame'world' (Could not find a connection between 'world' and 'camera_color_optical_frame' because they are not part of the same tree.Tf has two or more unconnected trees.)
[move_group-8] [INFO] [1787324886.153002026] [move_group.moveit.moveit.ros.move_group.move_action]: Combined planning and execution request received for MoveGroup action. Forwarding to planning and execution pipeline.
[move_group-8] [WARN] [1787324886.153023851] [move_group.moveit.moveit.ros.move_group.capability]: Execution of motions should always start at the robot's current state. Ignoring the state supplied as start state in the motion planning request
[move_group-8] [WARN] [1787324886.153044174] [move_group.moveit.moveit.ros.move_group.capability]: Execution of motions should always start at the robot's current state. Ignoring the state supplied as difference in the planning scene diff
[move_group-8] [INFO] [1787324886.153056871] [move_group.moveit.moveit.ros.plan_execution]: Planning attempt 1 of at most 1
[move_group-8] [INFO] [1787324886.153217327] [move_group]: Calling PlanningRequestAdapter 'CheckStartStateBounds'
[move_group-8] [INFO] [1787324886.153261089] [move_group]: Calling PlanningRequestAdapter 'CheckStartStateCollision'
[move_group-8] [INFO] [1787324886.153321335] [move_group]: Calling PlanningRequestAdapter 'ResolveConstraintFrames'
[move_group-8] [INFO] [1787324886.153340145] [move_group]: Calling PlanningRequestAdapter 'ValidateWorkspaceBounds'
[move_group-8] [INFO] [1787324886.153702986] [move_group.moveit.moveit.planners.ompl.model_based_planning_context]: Planner configuration 'ar_manipulator' will use planner 'geometric::RRTConnect'. Additional configuration parameters will be set when the planner is constructed.
[move_group-8] [INFO] [1787324886.153791311] [move_group]: Calling Planner 'OMPL'
[move_group-8] [INFO] [1787324886.167368833] [move_group]: Calling PlanningResponseAdapter 'AddTimeOptimalParameterization'
[move_group-8] [WARN] [1787324886.167434180] [move_group.moveit.moveit.core.time_optimal_trajectory_generation]: Invalid max_velocity_scaling_factor 0.000000 specified, defaulting to 1.000000 instead.
[move_group-8] [WARN] [1787324886.167455385] [move_group.moveit.moveit.core.time_optimal_trajectory_generation]: Invalid max_acceleration_scaling_factor 0.000000 specified, defaulting to 1.000000 instead.
[move_group-8] [INFO] [1787324886.168904143] [move_group]: Calling PlanningResponseAdapter 'ValidateSolution'
[move_group-8] [WARN] [1787324886.169128163] [move_group.moveit.moveit.ros.planning_pipeline]: The planner plugin did not fill out the 'planner_id' field of the MotionPlanResponse. Setting it to the planner ID name of the MotionPlanRequest assuming that the planner plugin does warn you if it does not use the requested planner.
[move_group-8] [INFO] [1787324886.169220757] [move_group.moveit.moveit.plugins.simple_controller_manager]: Returned 2 controllers in list
[move_group-8] [INFO] [1787324886.169240068] [move_group.moveit.moveit.plugins.simple_controller_manager]: Returned 2 controllers in list
[move_group-8] [INFO] [1787324886.169302829] [move_group.moveit.moveit.ros.trajectory_execution_manager]: Validating trajectory with allowed_start_tolerance 0.01
[move_group-8] [INFO] [1787324886.170364602] [move_group.moveit.moveit.ros.trajectory_execution_manager]: Starting trajectory execution ...
[move_group-8] [INFO] [1787324886.170409506] [move_group.moveit.moveit.plugins.simple_controller_manager]: Returned 2 controllers in list
[move_group-8] [INFO] [1787324886.170440110] [move_group.moveit.moveit.plugins.simple_controller_manager]: Returned 2 controllers in list
[move_group-8] [INFO] [1787324886.170549389] [moveit.simple_controller_manager.follow_joint_trajectory_controller_handle]: sending trajectory to joint_trajectory_controller
[gazebo-2] [INFO] [1787324886.170823614] [joint_trajectory_controller]: Received new action goal
[gazebo-2] [INFO] [1787324886.170875734] [joint_trajectory_controller]: Accepted new action goal
[move_group-8] [INFO] [1787324886.171058798] [moveit.simple_controller_manager.follow_joint_trajectory_controller_handle]: joint_trajectory_controller started execution
[move_group-8] [INFO] [1787324886.171073349] [moveit.simple_controller_manager.follow_joint_trajectory_controller_handle]: Goal request accepted!
[gazebo-2] [INFO] [1787324890.856114895] [joint_trajectory_controller]: Goal reached, success!
[move_group-8] [INFO] [1787324890.871410422] [moveit.simple_controller_manager.follow_joint_trajectory_controller_handle]: Controller 'joint_trajectory_controller' successfully finished
[move_group-8] [INFO] [1787324890.926799117] [move_group.moveit.moveit.ros.trajectory_execution_manager]: Completed trajectory execution with status SUCCEEDED ...
[move_group-8] [INFO] [1787324890.930536639] [move_group.moveit.moveit.ros.move_group.move_action]: Solution was found and executed.
[WARNING] [launch]: user interrupted with ctrl-c (SIGINT)
[move_group-8] [INFO] [1787324893.410936847] [rclcpp]: signal_handler(SIGINT/SIGTERM)
[parameter_bridge-4] [INFO] [1787324893.410954520] [rclcpp]: signal_handler(SIGINT/SIGTERM)
[robot_state_publisher-1] [INFO] [1787324893.410962624] [rclcpp]: signal_handler(SIGINT/SIGTERM)
[move_group-8] Stack trace (most recent call last):
[move_group-8] #6    Object "", at 0xffffffffffffffff, in 
[INFO] [robot_state_publisher-1]: process has finished cleanly [pid 455187]
[INFO] [parameter_bridge-4]: process has finished cleanly [pid 455190]
[INFO] [ground_truth-9]: process has finished cleanly [pid 455195]
[ERROR] [move_group-8]: process[move_group-8] failed to terminate '5' seconds after receiving 'SIGINT', escalating to 'SIGTERM'
[ERROR] [gazebo-2]: process[gazebo-2] failed to terminate '5' seconds after receiving 'SIGINT', escalating to 'SIGTERM'
[INFO] [move_group-8]: sending signal 'SIGTERM' to process[move_group-8]
[INFO] [gazebo-2]: sending signal 'SIGTERM' to process[gazebo-2]
[ERROR] [gazebo-2]: process has died [pid 455188, exit code -15, cmd 'ruby /opt/ros/jazzy/opt/gz_tools_vendor/bin/gz sim -s --headless-rendering -r -v 4 --physics-engine gz-physics-bullet-featherstone-plugin /home/jonas/Documents/Bachelorarbeit/robocal/install/annin_ar4_gazebo/share/annin_ar4_gazebo/worlds/calibration.world --force-version 8'].
[INFO] [launch]: process[gazebo-2] was required: shutting down launched system
[ERROR] [move_group-8]: process has died [pid 455194, exit code -15, cmd '/opt/ros/jazzy/lib/moveit_ros_move_group/move_group --ros-args -p use_sim_time:=True --params-file /tmp/launch_params_i0scswtz --params-file /tmp/launch_params_ntywdyi4 --params-file /tmp/launch_params_zg27iv9x --params-file /tmp/launch_params_l7a6ioou --params-file /tmp/launch_params_wq5gz2up --params-file /tmp/launch_params_xdqk0llb --params-file /tmp/launch_params_kubfolpx --params-file /tmp/launch_params_6i8dfhqg --params-file /tmp/launch_params_y93gx5o9 --params-file /tmp/launch_params_lm1y2rco'].
