[INFO] [launch]: All log files can be found below /home/jonas/benchmarks/runs/sim_wp4-s005-0c01561994/ros_home/log/2026-08-23-12-21-34-814225-Feanor-709321
[INFO] [launch]: Default logging verbosity is set to INFO
[INFO] [robot_state_publisher-1]: process started with pid [709438]
[INFO] [gazebo-2]: process started with pid [709439]
[INFO] [create-3]: process started with pid [709440]
[INFO] [parameter_bridge-4]: process started with pid [709441]
[INFO] [spawner-5]: process started with pid [709442]
[INFO] [spawner-6]: process started with pid [709443]
[INFO] [spawner-7]: process started with pid [709444]
[INFO] [move_group-8]: process started with pid [709445]
[INFO] [ground_truth-9]: process started with pid [709446]
[create-3] [INFO] [1787480507.339918467] [ros_gz_sim]: Requesting list of world names.
[parameter_bridge-4] [INFO] [1787480507.362693762] [gz_bridge]: Creating GZ->ROS Bridge: [/clock (gz.msgs.Clock) -> /clock (rosgraph_msgs/msg/Clock)] (Lazy 0)
[parameter_bridge-4] [INFO] [1787480507.363452631] [gz_bridge]: Creating GZ->ROS Bridge: [/sim_camera/color/image_raw (gz.msgs.Image) -> /sim_camera/color/image_raw (sensor_msgs/msg/Image)] (Lazy 0)
[parameter_bridge-4] [INFO] [1787480507.369399449] [gz_bridge]: Creating GZ->ROS Bridge: [/sim_camera/color/camera_info (gz.msgs.CameraInfo) -> /sim_camera/color/camera_info (sensor_msgs/msg/CameraInfo)] (Lazy 0)
[robot_state_publisher-1] [INFO] [1787480507.441974493] [robot_state_publisher]: Robot initialized
[move_group-8] [INFO] [1787480507.521212332] [move_group.moveit.moveit.ros.rdf_loader]: Loaded robot model in 0 seconds
[move_group-8] [INFO] [1787480507.521372496] [move_group.moveit.moveit.core.robot_model]: Loading robot model 'mk5'...
[move_group-8] [INFO] [1787480507.521392310] [move_group.moveit.moveit.core.robot_model]: No root/virtual joint specified in SRDF. Assuming fixed joint
[move_group-8] [WARN] [1787480507.521420961] [move_group.moveit.moveit.core.robot_model]: Link base_link_aluminum has visual geometry but no collision geometry. Collision geometry will be left empty. Fix your URDF file by explicitly specifying collision geometry.
[move_group-8] [WARN] [1787480507.521436478] [move_group.moveit.moveit.core.robot_model]: Link base_link_enclosure has visual geometry but no collision geometry. Collision geometry will be left empty. Fix your URDF file by explicitly specifying collision geometry.
[move_group-8] [WARN] [1787480507.521448532] [move_group.moveit.moveit.core.robot_model]: Link base_link_motor has visual geometry but no collision geometry. Collision geometry will be left empty. Fix your URDF file by explicitly specifying collision geometry.
[move_group-8] Error:   Error retrieving file [file:///home/jonas/Documents/Bachelorarbeit/robocal/install/annin_ar4_description/share/annin_ar4_description/meshes/ar4_mk5/Link_6_Col.STL]: Couldn't open file /home/jonas/Documents/Bachelorarbeit/robocal/install/annin_ar4_description/share/annin_ar4_description/meshes/ar4_mk5/Link_6_Col.STL
[move_group-8]          at line 289 in ./src/mesh_operations.cpp
[move_group-8] [WARN] [1787480507.571760831] [move_group.moveit.moveit.core.robot_model]: Link link_6_aluminum has visual geometry but no collision geometry. Collision geometry will be left empty. Fix your URDF file by explicitly specifying collision geometry.
[move_group-8] Error:   Error retrieving file [file:///home/jonas/Documents/Bachelorarbeit/robocal/install/annin_ar4_description/share/annin_ar4_description/meshes/ar4_mk5/Link_5_Col.STL]: Couldn't open file /home/jonas/Documents/Bachelorarbeit/robocal/install/annin_ar4_description/share/annin_ar4_description/meshes/ar4_mk5/Link_5_Col.STL
[move_group-8]          at line 289 in ./src/mesh_operations.cpp
[move_group-8] [WARN] [1787480507.596687315] [move_group.moveit.moveit.core.robot_model]: Link link_5_aluminum has visual geometry but no collision geometry. Collision geometry will be left empty. Fix your URDF file by explicitly specifying collision geometry.
[move_group-8] [WARN] [1787480507.596738976] [move_group.moveit.moveit.core.robot_model]: Link link_5_motor has visual geometry but no collision geometry. Collision geometry will be left empty. Fix your URDF file by explicitly specifying collision geometry.
[move_group-8] [WARN] [1787480507.636048056] [move_group.moveit.moveit.core.robot_model]: Link link_4_cover has visual geometry but no collision geometry. Collision geometry will be left empty. Fix your URDF file by explicitly specifying collision geometry.
[move_group-8] [WARN] [1787480507.636109536] [move_group.moveit.moveit.core.robot_model]: Link link_4_logo has visual geometry but no collision geometry. Collision geometry will be left empty. Fix your URDF file by explicitly specifying collision geometry.
[move_group-8] [WARN] [1787480507.636120041] [move_group.moveit.moveit.core.robot_model]: Link link_4_motor has visual geometry but no collision geometry. Collision geometry will be left empty. Fix your URDF file by explicitly specifying collision geometry.
[move_group-8] [WARN] [1787480507.666624615] [move_group.moveit.moveit.core.robot_model]: Link link_3_motor has visual geometry but no collision geometry. Collision geometry will be left empty. Fix your URDF file by explicitly specifying collision geometry.
[move_group-8] [WARN] [1787480507.702301138] [move_group.moveit.moveit.core.robot_model]: Link link_2_cover has visual geometry but no collision geometry. Collision geometry will be left empty. Fix your URDF file by explicitly specifying collision geometry.
[move_group-8] [WARN] [1787480507.702379341] [move_group.moveit.moveit.core.robot_model]: Link link_2_logo has visual geometry but no collision geometry. Collision geometry will be left empty. Fix your URDF file by explicitly specifying collision geometry.
[move_group-8] [WARN] [1787480507.702396153] [move_group.moveit.moveit.core.robot_model]: Link link_2_motor has visual geometry but no collision geometry. Collision geometry will be left empty. Fix your URDF file by explicitly specifying collision geometry.
[move_group-8] [WARN] [1787480507.729990507] [move_group.moveit.moveit.core.robot_model]: Link link_1_motor has visual geometry but no collision geometry. Collision geometry will be left empty. Fix your URDF file by explicitly specifying collision geometry.
[gazebo-2] [1;32m[Msg] [0m[1;32mGazebo Sim Server v[0m[1;32m8.11.0[0m[1;32m[0m
[gazebo-2] [1;32m[Msg] [0m[1;32mLoading SDF world file[[0m[1;32m/home/jonas/Documents/Bachelorarbeit/robocal/install/annin_ar4_gazebo/share/annin_ar4_gazebo/worlds/calibration.world[0m[1;32m].[0m
[gazebo-2] [1;32m[Msg] [0m[1;32mServing entity system service on [[0m[1;32m/[0m[1;32mentity/system/add[0m[1;32m][0m[1;32m[0m
[gazebo-2] [1;36m[Dbg] [Physics.cc:906] [0m[1;36mLoaded [[0m[1;36mgz::physics::bullet_featherstone::Plugin[0m[1;36m] from library [[0m[1;36m/opt/ros/jazzy/opt/gz_physics_vendor/lib/gz-physics-7/engine-plugins/libgz-physics-bullet-featherstone-plugin.so[0m[1;36m][0m[1;36m[0m
[gazebo-2] [1;36m[Dbg] [SystemManager.cc:80] [0m[1;36mLoaded system [[0m[1;36mgz::sim::systems::Physics[0m[1;36m] for entity [[0m[1;36m1[0m[1;36m][0m[1;36m[0m
[gazebo-2] [1;32m[Msg] [0m[1;32mCreate[0m[1;32m service on [[0m[1;32m/world/default/create_multiple[0m[1;32m] (async)[0m[1;32m[0m
[gazebo-2] [1;32m[Msg] [0m[1;32mCreate[0m[1;32m service on [[0m[1;32m/world/default/create_multiple/blocking[0m[1;32m] (blocking)[0m[1;32m[0m
[gazebo-2] [1;32m[Msg] [0m[1;32mRemove[0m[1;32m service on [[0m[1;32m/world/default/remove[0m[1;32m] (async)[0m[1;32m[0m
[gazebo-2] [1;32m[Msg] [0m[1;32mRemove[0m[1;32m service on [[0m[1;32m/world/default/remove/blocking[0m[1;32m] (blocking)[0m[1;32m[0m
[gazebo-2] [1;32m[Msg] [0m[1;32mPose[0m[1;32m service on [[0m[1;32m/world/default/set_pose[0m[1;32m] (async)[0m[1;32m[0m
[gazebo-2] [1;32m[Msg] [0m[1;32mPose[0m[1;32m service on [[0m[1;32m/world/default/set_pose/blocking[0m[1;32m] (blocking)[0m[1;32m[0m
[gazebo-2] [1;32m[Msg] [0m[1;32mPose[0m[1;32m service on [[0m[1;32m/world/default/set_pose_vector[0m[1;32m] (async)[0m[1;32m[0m
[gazebo-2] [1;32m[Msg] [0m[1;32mPose[0m[1;32m service on [[0m[1;32m/world/default/set_pose_vector/blocking[0m[1;32m] (blocking)[0m[1;32m[0m
[gazebo-2] [1;32m[Msg] [0m[1;32mLight configuration[0m[1;32m service on [[0m[1;32m/world/default/light_config[0m[1;32m] (async)[0m[1;32m[0m
[gazebo-2] [1;32m[Msg] [0m[1;32mLight configuration[0m[1;32m service on [[0m[1;32m/world/default/light_config/blocking[0m[1;32m] (blocking)[0m[1;32m[0m
[gazebo-2] [1;32m[Msg] [0m[1;32mPhysics[0m[1;32m service on [[0m[1;32m/world/default/set_physics[0m[1;32m] (async)[0m[1;32m[0m
[gazebo-2] [1;32m[Msg] [0m[1;32mPhysics[0m[1;32m service on [[0m[1;32m/world/default/set_physics/blocking[0m[1;32m] (blocking)[0m[1;32m[0m
[gazebo-2] [1;32m[Msg] [0m[1;32mSphericalCoordinates[0m[1;32m service on [[0m[1;32m/world/default/set_spherical_coordinates[0m[1;32m] (async)[0m[1;32m[0m
[gazebo-2] [1;32m[Msg] [0m[1;32mSphericalCoordinates[0m[1;32m service on [[0m[1;32m/world/default/set_spherical_coordinates/blocking[0m[1;32m] (blocking)[0m[1;32m[0m
[gazebo-2] [1;32m[Msg] [0m[1;32mEnable collision[0m[1;32m service on [[0m[1;32m/world/default/enable_collision[0m[1;32m] (async)[0m[1;32m[0m
[gazebo-2] [1;32m[Msg] [0m[1;32mEnable collision[0m[1;32m service on [[0m[1;32m/world/default/enable_collision/blocking[0m[1;32m] (blocking)[0m[1;32m[0m
[gazebo-2] [1;32m[Msg] [0m[1;32mDisable collision[0m[1;32m service on [[0m[1;32m/world/default/disable_collision[0m[1;32m] (async)[0m[1;32m[0m
[gazebo-2] [1;32m[Msg] [0m[1;32mDisable collision[0m[1;32m service on [[0m[1;32m/world/default/disable_collision/blocking[0m[1;32m] (blocking)[0m[1;32m[0m
[gazebo-2] [1;32m[Msg] [0m[1;32mMaterial[0m[1;32m service on [[0m[1;32m/world/default/visual_config[0m[1;32m] (async)[0m[1;32m[0m
[gazebo-2] [1;32m[Msg] [0m[1;32mMaterial[0m[1;32m service on [[0m[1;32m/world/default/visual_config/blocking[0m[1;32m] (blocking)[0m[1;32m[0m
[gazebo-2] [1;32m[Msg] [0m[1;32mMaterial[0m[1;32m service on [[0m[1;32m/world/default/wheel_slip[0m[1;32m] (async)[0m[1;32m[0m
[gazebo-2] [1;32m[Msg] [0m[1;32mMaterial[0m[1;32m service on [[0m[1;32m/world/default/wheel_slip/blocking[0m[1;32m] (blocking)[0m[1;32m[0m
[gazebo-2] [1;36m[Dbg] [SystemManager.cc:80] [0m[1;36mLoaded system [[0m[1;36mgz::sim::systems::UserCommands[0m[1;36m] for entity [[0m[1;36m1[0m[1;36m][0m[1;36m[0m
[create-3] [INFO] [1787480507.870029371] [ros_gz_sim]: Entity creation successful.
[move_group-8] [INFO] [1787480507.908567128] [move_group.moveit.moveit.kinematics.kdl_kinematics_plugin]: Joint weights for group 'ar_manipulator': 1 1 1 1 1 1
[INFO] [create-3]: process has finished cleanly [pid 709440]
[move_group-8] [INFO] [1787480508.152606824] [move_group.moveit.moveit.ros.planning_scene_monitor]: Publishing maintained planning scene on 'monitored_planning_scene'
[move_group-8] [INFO] [1787480508.152774119] [move_group.moveit.moveit.ros.moveit_cpp]: Listening to 'joint_states' for joint states
[move_group-8] [INFO] [1787480508.153526073] [move_group.moveit.moveit.ros.current_state_monitor]: Listening to joint states on topic 'joint_states'
[move_group-8] [INFO] [1787480508.154073322] [move_group.moveit.moveit.ros.planning_scene_monitor]: Listening to '/attached_collision_object' for attached collision objects
[move_group-8] [INFO] [1787480508.154098315] [move_group.moveit.moveit.ros.planning_scene_monitor]: Stopping existing planning scene publisher.
[move_group-8] [INFO] [1787480508.154253966] [move_group.moveit.moveit.ros.planning_scene_monitor]: Stopped publishing maintained planning scene.
[move_group-8] [INFO] [1787480508.154802628] [move_group.moveit.moveit.ros.planning_scene_monitor]: Publishing maintained planning scene on 'monitored_planning_scene'
[move_group-8] [INFO] [1787480508.154879174] [move_group.moveit.moveit.ros.planning_scene_monitor]: Starting planning scene monitor
[move_group-8] [INFO] [1787480508.155492165] [move_group.moveit.moveit.ros.planning_scene_monitor]: Listening to '/planning_scene'
[move_group-8] [INFO] [1787480508.155520335] [move_group.moveit.moveit.ros.planning_scene_monitor]: Starting world geometry update monitor for collision objects, attached objects, octomap updates.
[move_group-8] [INFO] [1787480508.156173061] [move_group.moveit.moveit.ros.planning_scene_monitor]: Listening to 'collision_object'
[move_group-8] [INFO] [1787480508.156708157] [move_group.moveit.moveit.ros.planning_scene_monitor]: Listening to 'planning_scene_world' for planning scene world geometry
[move_group-8] [WARN] [1787480508.189264654] [move_group.moveit.moveit.ros.occupancy_map_monitor]: Resolution not specified for Octomap. Assuming resolution = 0.1 instead
[move_group-8] [ERROR] [1787480508.189318513] [move_group.moveit.moveit.ros.occupancy_map_monitor]: No 3D sensor plugin(s) defined for octomap updates
[spawner-6] [INFO] [1787480508.292283242] [spawner_joint_trajectory_controller]: waiting for service /controller_manager/list_controllers to become available...
[move_group-8] [INFO] [1787480508.392278199] [move_group.moveit.moveit.ros.planning_pipeline]: Successfully loaded planner 'OMPL'
[move_group-8] [INFO] [1787480508.524769301] [move_group]: Try loading adapter 'default_planning_request_adapters/CheckStartStateBounds'
[move_group-8] [INFO] [1787480508.543044011] [move_group]: Loaded adapter 'default_planning_request_adapters/CheckStartStateBounds'
[move_group-8] [INFO] [1787480508.543081304] [move_group]: Try loading adapter 'default_planning_request_adapters/CheckStartStateCollision'
[move_group-8] [INFO] [1787480508.543102255] [move_group]: Loaded adapter 'default_planning_request_adapters/CheckStartStateCollision'
[move_group-8] [INFO] [1787480508.543106364] [move_group]: Try loading adapter 'default_planning_request_adapters/ResolveConstraintFrames'
[move_group-8] [INFO] [1787480508.543117066] [move_group]: Loaded adapter 'default_planning_request_adapters/ResolveConstraintFrames'
[move_group-8] [INFO] [1787480508.543120508] [move_group]: Try loading adapter 'default_planning_request_adapters/ValidateWorkspaceBounds'
[move_group-8] [INFO] [1787480508.543133593] [move_group]: Loaded adapter 'default_planning_request_adapters/ValidateWorkspaceBounds'
[move_group-8] [INFO] [1787480508.679827001] [move_group]: Try loading adapter 'default_planning_response_adapters/AddTimeOptimalParameterization'
[move_group-8] [INFO] [1787480508.700660432] [move_group]: Loaded adapter 'default_planning_response_adapters/AddTimeOptimalParameterization'
[move_group-8] [INFO] [1787480508.700685620] [move_group]: Try loading adapter 'default_planning_response_adapters/ValidateSolution'
[move_group-8] [INFO] [1787480508.704037780] [move_group]: Loaded adapter 'default_planning_response_adapters/ValidateSolution'
[move_group-8] [INFO] [1787480508.870026231] [move_group.moveit.moveit.planners.pilz.joint_limits_aggregator]: Reading limits from namespace robot_description_planning
[move_group-8] [INFO] [1787480508.927964006] [move_group.moveit.moveit.planners.pilz.command_planner]: Available plugins: pilz_industrial_motion_planner/PlanningContextLoaderCIRC pilz_industrial_motion_planner/PlanningContextLoaderLIN pilz_industrial_motion_planner/PlanningContextLoaderPTP 
[move_group-8] [INFO] [1787480508.928026232] [move_group.moveit.moveit.planners.pilz.command_planner]: About to load: pilz_industrial_motion_planner/PlanningContextLoaderCIRC
[move_group-8] [INFO] [1787480508.948720205] [move_group.moveit.moveit.planners.pilz.command_planner]: Registered Algorithm [CIRC]
[move_group-8] [INFO] [1787480508.948771092] [move_group.moveit.moveit.planners.pilz.command_planner]: About to load: pilz_industrial_motion_planner/PlanningContextLoaderLIN
[move_group-8] [INFO] [1787480508.964488719] [move_group.moveit.moveit.planners.pilz.command_planner]: Registered Algorithm [LIN]
[move_group-8] [INFO] [1787480508.964522568] [move_group.moveit.moveit.planners.pilz.command_planner]: About to load: pilz_industrial_motion_planner/PlanningContextLoaderPTP
[move_group-8] [INFO] [1787480508.980644279] [move_group.moveit.moveit.planners.pilz.command_planner]: Registered Algorithm [PTP]
[move_group-8] [INFO] [1787480508.980682268] [move_group.moveit.moveit.ros.planning_pipeline]: Successfully loaded planner 'Pilz Industrial Motion Planner'
[move_group-8] [INFO] [1787480509.115823698] [move_group]: Try loading adapter 'default_planning_request_adapters/CheckStartStateBounds'
[move_group-8] [INFO] [1787480509.132162747] [move_group]: Loaded adapter 'default_planning_request_adapters/CheckStartStateBounds'
[move_group-8] [INFO] [1787480509.132203786] [move_group]: Try loading adapter 'default_planning_request_adapters/CheckStartStateCollision'
[move_group-8] [INFO] [1787480509.132224551] [move_group]: Loaded adapter 'default_planning_request_adapters/CheckStartStateCollision'
[move_group-8] [INFO] [1787480509.132232652] [move_group]: Try loading adapter 'default_planning_request_adapters/ResolveConstraintFrames'
[move_group-8] [INFO] [1787480509.132249543] [move_group]: Loaded adapter 'default_planning_request_adapters/ResolveConstraintFrames'
[move_group-8] [INFO] [1787480509.132258057] [move_group]: Try loading adapter 'default_planning_request_adapters/ValidateWorkspaceBounds'
[move_group-8] [INFO] [1787480509.132273309] [move_group]: Loaded adapter 'default_planning_request_adapters/ValidateWorkspaceBounds'
[move_group-8] [INFO] [1787480509.293766160] [move_group]: Try loading adapter 'default_planning_response_adapters/AddTimeOptimalParameterization'
[move_group-8] [INFO] [1787480509.313525740] [move_group]: Loaded adapter 'default_planning_response_adapters/AddTimeOptimalParameterization'
[move_group-8] [INFO] [1787480509.313578959] [move_group]: Try loading adapter 'default_planning_response_adapters/ValidateSolution'
[move_group-8] [INFO] [1787480509.314152793] [move_group]: Loaded adapter 'default_planning_response_adapters/ValidateSolution'
[move_group-8] [INFO] [1787480509.548072931] [move_group.moveit.moveit.plugins.simple_controller_manager]: Added FollowJointTrajectory controller for joint_trajectory_controller
[move_group-8] [INFO] [1787480509.548130142] [move_group.moveit.moveit.plugins.simple_controller_manager]: gripper_controller will command a max effort of: 0
[move_group-8] [INFO] [1787480509.551173923] [move_group.moveit.moveit.plugins.simple_controller_manager]: Added GripperCommand controller for gripper_controller
[move_group-8] [INFO] [1787480509.551345420] [move_group.moveit.moveit.plugins.simple_controller_manager]: Returned 2 controllers in list
[move_group-8] [INFO] [1787480509.551368861] [move_group.moveit.moveit.plugins.simple_controller_manager]: Returned 2 controllers in list
[move_group-8] [INFO] [1787480509.551812278] [move_group.moveit.moveit.ros.trajectory_execution_manager]: Trajectory execution is not managing controllers
[move_group-8] [INFO] [1787480509.551846560] [move_group]: MoveGroup debug mode is ON
[gazebo-2] [1;36m[Dbg] [SystemManager.cc:80] [0m[1;36mLoaded system [[0m[1;36mgz::sim::systems::SceneBroadcaster[0m[1;36m] for entity [[0m[1;36m1[0m[1;36m][0m[1;36m[0m
[gazebo-2] [1;36m[Dbg] [Sensors.cc:697] [0m[1;36mConfiguring Sensors system[0m[1;36m[0m
[gazebo-2] [1;36m[Dbg] [Sensors.cc:557] [0m[1;36mSensorsPrivate::Run[0m[1;36m[0m
[gazebo-2] [1;36m[Dbg] [SystemManager.cc:80] [0m[1;36mLoaded system [[0m[1;36mgz::sim::systems::Sensors[0m[1;36m] for entity [[0m[1;36m1[0m[1;36m][0m[1;36m[0m
[gazebo-2] [1;36m[Dbg] [Sensors.cc:532] [0m[1;36mSensorsPrivate::RenderThread started[0m[1;36m[0m
[gazebo-2] [1;36m[Dbg] [Sensors.cc:337] [0m[1;36mWaiting for init[0m[1;36m[0m
[gazebo-2] [1;32m[Msg] [0m[1;32mLoaded level [[0m[1;32mdefault[0m[1;32m][0m[1;32m[0m
[gazebo-2] [1;32m[Msg] [0m[1;32mServing world controls on [[0m[1;32m/world/default[0m[1;32m/control], [[0m[1;32m/world/default[0m[1;32m/control/state] and [[0m[1;32m/world/default[0m[1;32m/playback/control][0m[1;32m[0m
[gazebo-2] [1;32m[Msg] [0m[1;32mServing GUI information on [[0m[1;32m/world/default[0m[1;32m/[0m[1;32mgui/info[0m[1;32m][0m[1;32m[0m
[gazebo-2] [1;32m[Msg] [0m[1;32mWorld [[0m[1;32mdefault[0m[1;32m] initialized with [[0m[1;32m1ms[0m[1;32m] physics profile.[0m[1;32m[0m
[gazebo-2] [1;32m[Msg] [0m[1;32mServing world SDF generation service on [[0m[1;32m/world/default[0m[1;32m/[0m[1;32mgenerate_world_sdf[0m[1;32m][0m[1;32m[0m
[gazebo-2] [1;32m[Msg] [0m[1;32mServing world names on [[0m[1;32m/gazebo/worlds[0m[1;32m][0m[1;32m[0m
[gazebo-2] [1;32m[Msg] [0m[1;32mResource path add service on [[0m[1;32m/gazebo/resource_paths/add[0m[1;32m].[0m[1;32m[0m
[gazebo-2] [1;32m[Msg] [0m[1;32mResource path get service on [[0m[1;32m/gazebo/resource_paths/get[0m[1;32m].[0m[1;32m[0m
[gazebo-2] [1;32m[Msg] [0m[1;32mResource path resolve service on [[0m[1;32m/gazebo/resource_paths/resolve[0m[1;32m].[0m[1;32m[0m
[gazebo-2] [1;32m[Msg] [0m[1;32mResource paths published on [[0m[1;32m/gazebo/resource_paths[0m[1;32m].[0m[1;32m[0m
[gazebo-2] [1;32m[Msg] [0m[1;32mServer control service on [[0m[1;32m/server_control[0m[1;32m].[0m[1;32m[0m
[gazebo-2] [1;32m[Msg] [0m[1;32mFound no publishers on /stats, adding root stats topic[0m[1;32m[0m
[gazebo-2] [1;32m[Msg] [0m[1;32mFound no publishers on /clock, adding root clock topic[0m[1;32m[0m
[gazebo-2] [1;36m[Dbg] [SimulationRunner.cc:551] [0m[1;36mCreating PostUpdate worker threads: [0m[1;36m3[0m[1;36m[0m
[gazebo-2] [1;36m[Dbg] [SimulationRunner.cc:562] [0m[1;36mCreating postupdate worker thread ([0m[1;36m0[0m[1;36m)[0m[1;36m[0m
[gazebo-2] [1;36m[Dbg] [SimulationRunner.cc:562] [0m[1;36mCreating postupdate worker thread ([0m[1;36m1[0m[1;36m)[0m[1;36m[0m
[gazebo-2] [1;33mWarning [Utils.cc:132][0m [/sdf/model[@name="mk5"]/link[@name="link_6"]/sensor[@name="sim_color"]/gz_frame_id:/home/jonas/benchmarks/runs/sim_wp4-s005-0c01561994/perturbed_robot.urdf:L0]: XML Element[gz_frame_id], child of element[sensor], not defined in SDF. Copying[gz_frame_id] as children of [sensor].
[move_group-8] [INFO] [1787480509.672173952] [move_group.moveit.moveit.planners.pilz.move_group_sequence_action]: initialize move group sequence action
[move_group-8] [INFO] [1787480509.675668528] [move_group.moveit.moveit.planners.pilz.joint_limits_aggregator]: Reading limits from namespace robot_description_planning
[move_group-8] [INFO] [1787480509.675821933] [move_group.moveit.moveit.planners.pilz.joint_limits_aggregator]: Reading limits from namespace robot_description_planning
[move_group-8] [INFO] [1787480509.676632866] [move_group.moveit.moveit.ros.move_group.executable]: 
[move_group-8] 
[move_group-8] ********************************************************
[move_group-8] * MoveGroup using: 
[move_group-8] *     - apply_planning_scene_service
[move_group-8] *     - clear_octomap_service
[move_group-8] *     - get_group_urdf
[move_group-8] *     - load_geometry_from_file
[move_group-8] *     - CartesianPathService
[move_group-8] *     - execute_trajectory_action
[move_group-8] *     - get_planning_scene_service
[move_group-8] *     - kinematics_service
[move_group-8] *     - move_action
[move_group-8] *     - motion_plan_service
[move_group-8] *     - query_planners_service
[move_group-8] *     - state_validation_service
[move_group-8] *     - save_geometry_to_file
[move_group-8] *     - SequenceAction
[move_group-8] *     - SequenceService
[move_group-8] ********************************************************
[move_group-8] 
[move_group-8] [INFO] [1787480509.676682150] [move_group.moveit.moveit.ros.move_group.context]: MoveGroup context using pipeline ompl
[move_group-8] [INFO] [1787480509.676690509] [move_group.moveit.moveit.ros.move_group.context]: MoveGroup context initialization complete
[move_group-8] [96mLoading 'move_group/ApplyPlanningSceneService'...[0m
[move_group-8] [96mLoading 'move_group/ClearOctomapService'...[0m
[move_group-8] [96mLoading 'move_group/GetUrdfService'...[0m
[move_group-8] [96mLoading 'move_group/LoadGeometryFromFileService'...[0m
[move_group-8] [96mLoading 'move_group/MoveGroupCartesianPathService'...[0m
[move_group-8] [96mLoading 'move_group/MoveGroupExecuteTrajectoryAction'...[0m
[move_group-8] [96mLoading 'move_group/MoveGroupGetPlanningSceneService'...[0m
[move_group-8] [96mLoading 'move_group/MoveGroupKinematicsService'...[0m
[move_group-8] [96mLoading 'move_group/MoveGroupMoveAction'...[0m
[move_group-8] [96mLoading 'move_group/MoveGroupPlanService'...[0m
[move_group-8] [96mLoading 'move_group/MoveGroupQueryPlannersService'...[0m
[move_group-8] [96mLoading 'move_group/MoveGroupStateValidationService'...[0m
[move_group-8] [96mLoading 'move_group/SaveGeometryToFileService'...[0m
[move_group-8] [96mLoading 'pilz_industrial_motion_planner/MoveGroupSequenceAction'...[0m
[move_group-8] [96mLoading 'pilz_industrial_motion_planner/MoveGroupSequenceService'...[0m
[move_group-8] 
[move_group-8] [92mYou can start planning now![0m
[move_group-8] 
[gazebo-2] [INFO] [1787480509.817354948] [gz_ros_control]: [gz_ros2_control] Fixed joint ['base_joint'] (Entity='63') is skipped.
[gazebo-2] [INFO] [1787480510.091341133] [gz_ros_control]: Loading controller_manager
[ground_truth-9] [INFO] [1787480510.115306851] [ground_truth]: Ground truth ready: calibration_type=eye_in_hand, perturbation_file=/home/jonas/benchmarks/runs/sim_wp4-s005-0c01561994/perturbation.yaml, output_file=/home/jonas/benchmarks/runs/sim_wp4-s005-0c01561994/ros_home/annin_ar4_calibration/ground_truth.yaml
[gazebo-2] [INFO] [1787480510.316477376] [controller_manager]: Using ROS clock for triggering controller manager cycles.
[gazebo-2] [INFO] [1787480510.326231329] [controller_manager]: Subscribing to '/robot_description' topic for robot description.
[gazebo-2] [WARN] [1787480510.333017705] [gz_ros_control]: Waiting RM to load and initialize hardware...
[gazebo-2] [INFO] [1787480510.336957392] [controller_manager]: Received robot description from topic.
[gazebo-2] [INFO] [1787480510.337022158] [controller_manager]: Enforcing command limits is disabled. Command limits from URDF will be ignored.
[gazebo-2] text not specified in the tf_prefix tag
[gazebo-2] text not specified in the tf_prefix tag
[gazebo-2] [INFO] [1787480510.462230043] [gz_ros_control]: The position_proportional_gain has been set to: 0.1
[gazebo-2] [INFO] [1787480510.462299107] [gz_ros_control]: Loading joint: joint_1
[gazebo-2] [INFO] [1787480510.462306937] [gz_ros_control]: 	State:
[gazebo-2] [INFO] [1787480510.462312265] [gz_ros_control]: 		 position
[gazebo-2] [INFO] [1787480510.462318927] [gz_ros_control]: 			 found initial value: 0.000000
[gazebo-2] [INFO] [1787480510.462328160] [gz_ros_control]: 		 velocity
[gazebo-2] [INFO] [1787480510.462335146] [gz_ros_control]: 			 found initial value: 0.000000
[gazebo-2] [INFO] [1787480510.462340513] [gz_ros_control]: 	Command:
[gazebo-2] [INFO] [1787480510.462343996] [gz_ros_control]: 		 position
[gazebo-2] [INFO] [1787480510.462351963] [gz_ros_control]: 		 velocity
[gazebo-2] [INFO] [1787480510.462359920] [gz_ros_control]: Loading joint: joint_2
[gazebo-2] [INFO] [1787480510.462363590] [gz_ros_control]: 	State:
[gazebo-2] [INFO] [1787480510.462370683] [gz_ros_control]: 		 position
[gazebo-2] [INFO] [1787480510.462374265] [gz_ros_control]: 			 found initial value: 0.000000
[gazebo-2] [INFO] [1787480510.462378258] [gz_ros_control]: 		 velocity
[gazebo-2] [INFO] [1787480510.462381407] [gz_ros_control]: 			 found initial value: 0.000000
[gazebo-2] [INFO] [1787480510.462385146] [gz_ros_control]: 	Command:
[gazebo-2] [INFO] [1787480510.462388178] [gz_ros_control]: 		 position
[gazebo-2] [INFO] [1787480510.462393250] [gz_ros_control]: 		 velocity
[gazebo-2] [INFO] [1787480510.462399795] [gz_ros_control]: Loading joint: joint_3
[gazebo-2] [INFO] [1787480510.462403346] [gz_ros_control]: 	State:
[gazebo-2] [INFO] [1787480510.462421547] [gz_ros_control]: 		 position
[gazebo-2] [INFO] [1787480510.462426090] [gz_ros_control]: 			 found initial value: 0.000000
[gazebo-2] [INFO] [1787480510.462429965] [gz_ros_control]: 		 velocity
[gazebo-2] [INFO] [1787480510.462433164] [gz_ros_control]: 			 found initial value: 0.000000
[gazebo-2] [INFO] [1787480510.462436598] [gz_ros_control]: 	Command:
[gazebo-2] [INFO] [1787480510.462439748] [gz_ros_control]: 		 position
[gazebo-2] [INFO] [1787480510.462445311] [gz_ros_control]: 		 velocity
[gazebo-2] [INFO] [1787480510.462451796] [gz_ros_control]: Loading joint: joint_4
[gazebo-2] [INFO] [1787480510.462455427] [gz_ros_control]: 	State:
[gazebo-2] [INFO] [1787480510.462458576] [gz_ros_control]: 		 position
[gazebo-2] [INFO] [1787480510.462462236] [gz_ros_control]: 			 found initial value: 0.000000
[gazebo-2] [INFO] [1787480510.462465719] [gz_ros_control]: 		 velocity
[gazebo-2] [INFO] [1787480510.462468761] [gz_ros_control]: 			 found initial value: 0.000000
[gazebo-2] [INFO] [1787480510.462472155] [gz_ros_control]: 	Command:
[gazebo-2] [INFO] [1787480510.462475158] [gz_ros_control]: 		 position
[gazebo-2] [INFO] [1787480510.462479377] [gz_ros_control]: 		 velocity
[gazebo-2] [INFO] [1787480510.462485764] [gz_ros_control]: Loading joint: joint_5
[gazebo-2] [INFO] [1787480510.462489100] [gz_ros_control]: 	State:
[gazebo-2] [INFO] [1787480510.462492142] [gz_ros_control]: 		 position
[gazebo-2] [INFO] [1787480510.462495694] [gz_ros_control]: 			 found initial value: 0.000000
[gazebo-2] [INFO] [1787480510.462499236] [gz_ros_control]: 		 velocity
[gazebo-2] [INFO] [1787480510.462515435] [gz_ros_control]: 			 found initial value: 0.000000
[gazebo-2] [INFO] [1787480510.462519722] [gz_ros_control]: 	Command:
[gazebo-2] [INFO] [1787480510.462523392] [gz_ros_control]: 		 position
[gazebo-2] [INFO] [1787480510.462529583] [gz_ros_control]: 		 velocity
[gazebo-2] [INFO] [1787480510.462540808] [gz_ros_control]: Loading joint: joint_6
[gazebo-2] [INFO] [1787480510.462544497] [gz_ros_control]: 	State:
[gazebo-2] [INFO] [1787480510.462547784] [gz_ros_control]: 		 position
[gazebo-2] [INFO] [1787480510.462550904] [gz_ros_control]: 			 found initial value: 0.000000
[gazebo-2] [INFO] [1787480510.462554446] [gz_ros_control]: 		 velocity
[gazebo-2] [INFO] [1787480510.462575305] [gz_ros_control]: 			 found initial value: 0.000000
[gazebo-2] [INFO] [1787480510.462579740] [gz_ros_control]: 	Command:
[gazebo-2] [INFO] [1787480510.462582968] [gz_ros_control]: 		 position
[gazebo-2] [INFO] [1787480510.462587825] [gz_ros_control]: 		 velocity
[gazebo-2] [INFO] [1787480510.462687001] [controller_manager]: Initialize hardware 'mk5' 
[gazebo-2] [WARN] [1787480510.462702631] [controller_manager.hardware_component.system.mk5]: Executor is not available during hardware component initialization for 'mk5'. Skipping node creation!
[gazebo-2] [INFO] [1787480510.462760118] [controller_manager]: Successful initialization of hardware 'mk5'
[gazebo-2] [INFO] [1787480510.462867477] [gz_ros_control]: The position_proportional_gain has been set to: 0.1
[gazebo-2] [INFO] [1787480510.462880830] [gz_ros_control]: Loading joint: gripper_jaw1_joint
[gazebo-2] [INFO] [1787480510.462885187] [gz_ros_control]: 	State:
[gazebo-2] [INFO] [1787480510.462888709] [gz_ros_control]: 		 position
[gazebo-2] [INFO] [1787480510.462892330] [gz_ros_control]: 			 found initial value: 0.000000
[gazebo-2] [INFO] [1787480510.462896274] [gz_ros_control]: 		 velocity
[gazebo-2] [INFO] [1787480510.462899934] [gz_ros_control]: 			 found initial value: 0.000000
[gazebo-2] [INFO] [1787480510.462903436] [gz_ros_control]: 	Command:
[gazebo-2] [INFO] [1787480510.462906556] [gz_ros_control]: 		 position
[gazebo-2] [INFO] [1787480510.462915770] [gz_ros_control]: Loading joint: gripper_jaw2_joint
[gazebo-2] [INFO] [1787480510.462920293] [gz_ros_control]: Joint 'gripper_jaw2_joint'is mimicking joint 'gripper_jaw1_joint' with multiplier: 1 and offset: 0
[gazebo-2] [INFO] [1787480510.462924600] [gz_ros_control]: 	State:
[gazebo-2] [INFO] [1787480510.462928113] [gz_ros_control]: 		 position
[gazebo-2] [INFO] [1787480510.462931508] [gz_ros_control]: 			 found initial value: 0.000000
[gazebo-2] [INFO] [1787480510.462935609] [gz_ros_control]: 		 velocity
[gazebo-2] [INFO] [1787480510.462938601] [gz_ros_control]: 			 found initial value: 0.000000
[gazebo-2] [INFO] [1787480510.462942035] [gz_ros_control]: 	Command:
[gazebo-2] [INFO] [1787480510.462959490] [controller_manager]: Initialize hardware 'ARGripperGazeboSystem' 
[gazebo-2] [WARN] [1787480510.462965789] [controller_manager.hardware_component.system.ARGripperGazeboSystem]: Executor is not available during hardware component initialization for 'ARGripperGazeboSystem'. Skipping node creation!
[gazebo-2] [INFO] [1787480510.462978123] [controller_manager]: Successful initialization of hardware 'ARGripperGazeboSystem'
[gazebo-2] [INFO] [1787480510.463018390] [controller_manager]: Activating component 'ARGripperGazeboSystem'.
[gazebo-2] [INFO] [1787480510.463033009] [resource_manager]: 'configure' hardware 'ARGripperGazeboSystem' 
[gazebo-2] [INFO] [1787480510.463037699] [gz_ros_control]: System Successfully configured!
[gazebo-2] [INFO] [1787480510.463041683] [resource_manager]: Successful 'configure' of hardware 'ARGripperGazeboSystem'
[gazebo-2] [INFO] [1787480510.463047805] [resource_manager]: 'activate' hardware 'ARGripperGazeboSystem' 
[gazebo-2] [INFO] [1787480510.463059520] [resource_manager]: Successful 'activate' of hardware 'ARGripperGazeboSystem'
[gazebo-2] [INFO] [1787480510.463115554] [controller_manager]: Activating component 'mk5'.
[gazebo-2] [INFO] [1787480510.463120166] [resource_manager]: 'configure' hardware 'mk5' 
[gazebo-2] [INFO] [1787480510.463122540] [gz_ros_control]: System Successfully configured!
[gazebo-2] [INFO] [1787480510.463125974] [resource_manager]: Successful 'configure' of hardware 'mk5'
[gazebo-2] [INFO] [1787480510.463129840] [resource_manager]: 'activate' hardware 'mk5' 
[gazebo-2] [INFO] [1787480510.463132568] [resource_manager]: Successful 'activate' of hardware 'mk5'
[gazebo-2] [WARN] [1787480510.463147246] [controller_manager]: Component 'ARGripperGazeboSystem' does not have read or write statistics initialized, skipping registration.
[gazebo-2] [WARN] [1787480510.463152093] [controller_manager]: Component 'mk5' does not have read or write statistics initialized, skipping registration.
[gazebo-2] [INFO] [1787480510.463157980] [controller_manager]: Resource Manager has been successfully initialized. Starting Controller Manager services...
[gazebo-2] [INFO] [1787480510.545096033] [controller_manager]: Loading controller : 'joint_trajectory_controller' of type 'joint_trajectory_controller/JointTrajectoryController'
[gazebo-2] [INFO] [1787480510.545151557] [controller_manager]: Loading controller 'joint_trajectory_controller'
[gazebo-2] [INFO] [1787480510.584668383] [controller_manager]: Controller 'joint_trajectory_controller' node arguments: --ros-args --params-file /tmp/tmpv8xmsk9_.yaml -p use_sim_time:=true --param use_sim_time:=true 
[spawner-6] [INFO] [1787480510.725396019] [spawner_joint_trajectory_controller]: Loaded joint_trajectory_controller
[gazebo-2] [INFO] [1787480510.726724168] [controller_manager]: Configuring controller: 'joint_trajectory_controller'
[gazebo-2] [INFO] [1787480510.726984216] [joint_trajectory_controller]: No specific joint names are used for command interfaces. Using 'joints' parameter.
[gazebo-2] [INFO] [1787480510.727029398] [joint_trajectory_controller]: Command interfaces are [position velocity] and state interfaces are [position velocity].
[gazebo-2] [INFO] [1787480510.727053123] [joint_trajectory_controller]: Using 'splines' interpolation method.
[gazebo-2] [INFO] [1787480510.748653173] [joint_trajectory_controller]: Action status changes will be monitored at 20.00 Hz.
[gazebo-2] [INFO] [1787480510.758036972] [joint_trajectory_controller]: No scaling interface set. This controller will not read speed scaling from the hardware.
[gazebo-2] [INFO] [1787480510.759659756] [controller_manager]: Activating controllers: [ joint_trajectory_controller ]
[gazebo-2] [1;31m[Err] [SystemPaths.cc:426] [0m[1;31mUnable to find file with URI [[0m[1;31mmodel://annin_ar4_description/meshes/ar4_mk5/Link_6_Col.STL[0m[1;31m][0m[1;31m[0m
[gazebo-2] [1;31m[Err] [SystemPaths.cc:526] [0m[1;31mCould not resolve file [[0m[1;31mmodel://annin_ar4_description/meshes/ar4_mk5/Link_6_Col.STL[0m[1;31m][0m[1;31m[0m
[gazebo-2] [1;31m[Err] [MeshManager.cc:211] [0m[1;31mUnable to find file[[0m[1;31mmodel://annin_ar4_description/meshes/ar4_mk5/Link_6_Col.STL[0m[1;31m][0m
[gazebo-2] [1;33m[Wrn] [SDFFeatures.cc:1094] [0m[1;33mFailed to load mesh from [[0m[1;33mmodel://annin_ar4_description/meshes/ar4_mk5/Link_6_Col.STL[0m[1;33m].[0m[1;33m[0m
[gazebo-2] [1;31m[Err] [SystemPaths.cc:426] [0m[1;31mUnable to find file with URI [[0m[1;31mmodel://annin_ar4_description/meshes/ar4_mk5/Link_5_Col.STL[0m[1;31m][0m[1;31m[0m
[gazebo-2] [1;31m[Err] [SystemPaths.cc:526] [0m[1;31mCould not resolve file [[0m[1;31mmodel://annin_ar4_description/meshes/ar4_mk5/Link_5_Col.STL[0m[1;31m][0m[1;31m[0m
[gazebo-2] [1;31m[Err] [MeshManager.cc:211] [0m[1;31mUnable to find file[[0m[1;31mmodel://annin_ar4_description/meshes/ar4_mk5/Link_5_Col.STL[0m[1;31m][0m
[gazebo-2] [1;33m[Wrn] [SDFFeatures.cc:1094] [0m[1;33mFailed to load mesh from [[0m[1;33mmodel://annin_ar4_description/meshes/ar4_mk5/Link_5_Col.STL[0m[1;33m].[0m[1;33m[0m
[gazebo-2] [1;31m[Err] [SystemPaths.cc:426] [0m[1;31mUnable to find file with URI [[0m[1;31mmodel://annin_ar4_description/meshes/ar4_mk5/Link_5_Col.STL[0m[1;31m][0m[1;31m[0m
[gazebo-2] [1;31m[Err] [SystemPaths.cc:526] [0m[1;31mCould not resolve file [[0m[1;31mmodel://annin_ar4_description/meshes/ar4_mk5/Link_5_Col.STL[0m[1;31m][0m[1;31m[0m
[gazebo-2] [1;31m[Err] [MeshManager.cc:211] [0m[1;31mUnable to find file[[0m[1;31mmodel://annin_ar4_description/meshes/ar4_mk5/Link_5_Col.STL[0m[1;31m][0m
[gazebo-2] [1;33m[Wrn] [Util.cc:859] [0m[1;33mFailed to load mesh from [[0m[1;33mmodel://annin_ar4_description/meshes/ar4_mk5/Link_5_Col.STL[0m[1;33m].[0m[1;33m[0m
[gazebo-2] [1;31m[Err] [SystemPaths.cc:426] [0m[1;31mUnable to find file with URI [[0m[1;31mmodel://annin_ar4_description/meshes/ar4_mk5/Link_6_Col.STL[0m[1;31m][0m[1;31m[0m
[gazebo-2] [1;31m[Err] [SystemPaths.cc:526] [0m[1;31mCould not resolve file [[0m[1;31mmodel://annin_ar4_description/meshes/ar4_mk5/Link_6_Col.STL[0m[1;31m][0m[1;31m[0m
[gazebo-2] [1;31m[Err] [MeshManager.cc:211] [0m[1;31mUnable to find file[[0m[1;31mmodel://annin_ar4_description/meshes/ar4_mk5/Link_6_Col.STL[0m[1;31m][0m
[gazebo-2] [1;33m[Wrn] [Util.cc:859] [0m[1;33mFailed to load mesh from [[0m[1;33mmodel://annin_ar4_description/meshes/ar4_mk5/Link_6_Col.STL[0m[1;33m].[0m[1;33m[0m
[gazebo-2] [WARN] [1787480512.630279631] [gz_ros_control]:  Desired controller update period (0.0166667 s) is slower than the gazebo simulation period (0.001 s).
[gazebo-2] [1;36m[Dbg] [SystemManager.cc:80] [0m[1;36mLoaded system [[0m[1;36mgz_ros2_control::GazeboSimROS2ControlPlugin[0m[1;36m] for entity [[0m[1;36m19[0m[1;36m][0m[1;36m[0m
[gazebo-2] [1;36m[Dbg] [UserCommands.cc:1094] [0m[1;36mCreated entity [[0m[1;36m19[0m[1;36m] named [[0m[1;36mmk5[0m[1;36m][0m[1;36m[0m
[gazebo-2] [1;36m[Dbg] [Physics.cc:1086] [0m[1;36mAttempting to set physics options, but the [0m[1;36mphyiscs engine doesn't support feature [0m[1;36m[CollisionPairMaxContacts]. [0m[1;36mOptions will be ignored.[0m[1;36m[0m
[gazebo-2] [1;36m[Dbg] [Sensors.cc:953] [0m[1;36mInitialization needed[0m[1;36m[0m
[gazebo-2] [1;36m[Dbg] [Sensors.cc:349] [0m[1;36mInitializing render context[0m[1;36m[0m
[gazebo-2] [1;32m[Msg] [0m[1;32mLoading plugin [[0m[1;32mgz-rendering-ogre2[0m[1;32m][0m[1;32m[0m
[gazebo-2] [1;32m[Msg] [0m[1;32mServing scene information on [[0m[1;32m/world/default[0m[1;32m/[0m[1;32mscene/info[0m[1;32m][0m[1;32m[0m
[gazebo-2] [1;32m[Msg] [0m[1;32mServing graph information on [[0m[1;32m/world/default[0m[1;32m/[0m[1;32mscene/graph[0m[1;32m][0m[1;32m[0m
[gazebo-2] [1;32m[Msg] [0m[1;32mServing full state on [[0m[1;32m/world/default[0m[1;32m/[0m[1;32mstate[0m[1;32m][0m[1;32m[0m
[gazebo-2] [1;32m[Msg] [0m[1;32mServing full state (async) on [[0m[1;32m/world/default[0m[1;32m/[0m[1;32mstate_async[0m[1;32m][0m[1;32m[0m
[gazebo-2] [1;32m[Msg] [0m[1;32mPublishing scene information on [[0m[1;32m/world/default/scene/info[0m[1;32m][0m[1;32m[0m
[gazebo-2] [1;32m[Msg] [0m[1;32mPublishing entity deletions on [[0m[1;32m/world/default/scene/deletion[0m[1;32m][0m[1;32m[0m
[gazebo-2] [1;32m[Msg] [0m[1;32mPublishing state changes on [[0m[1;32m/world/default/state[0m[1;32m][0m[1;32m[0m
[gazebo-2] [1;32m[Msg] [0m[1;32mPublishing pose messages on [[0m[1;32m/world/default[0m[1;32m/[0m[1;32mpose/info[0m[1;32m][0m[1;32m[0m
[gazebo-2] [1;32m[Msg] [0m[1;32mPublishing dynamic pose messages on [[0m[1;32m/world/default[0m[1;32m/[0m[1;32mdynamic_pose/info[0m[1;32m][0m[1;32m[0m
[gazebo-2] [1;36m[Dbg] [SimulationRunner.cc:578] [0m[1;36mExiting postupdate worker thread ([0m[1;36m0[0m[1;36m)[0m[1;36m[0m
[gazebo-2] [1;36m[Dbg] [SimulationRunner.cc:578] [0m[1;36mExiting postupdate worker thread ([0m[1;36m1[0m[1;36m)[0m[1;36m[0m
[gazebo-2] [1;36m[Dbg] [SimulationRunner.cc:551] [0m[1;36mCreating PostUpdate worker threads: [0m[1;36m4[0m[1;36m[0m
[gazebo-2] [1;36m[Dbg] [SimulationRunner.cc:562] [0m[1;36mCreating postupdate worker thread ([0m[1;36m0[0m[1;36m)[0m[1;36m[0m
[gazebo-2] [1;36m[Dbg] [SimulationRunner.cc:562] [0m[1;36mCreating postupdate worker thread ([0m[1;36m1[0m[1;36m)[0m[1;36m[0m
[gazebo-2] [1;36m[Dbg] [SimulationRunner.cc:562] [0m[1;36mCreating postupdate worker thread ([0m[1;36m2[0m[1;36m)[0m[1;36m[0m
[gazebo-2]  dllPath = /usr/lib/wsl/drivers/iigd_dch_d.inf_amd64_090b7c5495907f9a, dllName = libigdgmm_w.so.12 
[gazebo-2]  IsWddmLinux = 1, dllWslName = /usr/lib/wsl/drivers/iigd_dch_d.inf_amd64_090b7c5495907f9a/libigdgmm_w.so.12  flags = 2
[gazebo-2]  dllPath = /usr/lib/wsl/drivers/iigd_dch_d.inf_amd64_090b7c5495907f9a, dllName = libigdgmm_w.so.12 
[gazebo-2]  IsWddmLinux = 1, dllWslName = /usr/lib/wsl/drivers/iigd_dch_d.inf_amd64_090b7c5495907f9a/libigdgmm_w.so.12  flags = 2
[gazebo-2]  dllPath = /usr/lib/wsl/drivers/iigd_dch_d.inf_amd64_090b7c5495907f9a, dllName = libigdgmm_w.so.12 
[gazebo-2]  IsWddmLinux = 1, dllWslName = /usr/lib/wsl/drivers/iigd_dch_d.inf_amd64_090b7c5495907f9a/libigdgmm_w.so.12  flags = 2
[gazebo-2]  dllPath = /usr/lib/wsl/drivers/iigd_dch_d.inf_amd64_090b7c5495907f9a, dllName = libigdgmm_w.so.12 
[gazebo-2]  IsWddmLinux = 1, dllWslName = /usr/lib/wsl/drivers/iigd_dch_d.inf_amd64_090b7c5495907f9a/libigdgmm_w.so.12  flags = 2
[gazebo-2]  dllPath = /usr/lib/wsl/drivers/iigd_dch_d.inf_amd64_090b7c5495907f9a, dllName = libigdgmm_w.so.12 
[gazebo-2]  IsWddmLinux = 1, dllWslName = /usr/lib/wsl/drivers/iigd_dch_d.inf_amd64_090b7c5495907f9a/libigdgmm_w.so.12  flags = 2
[gazebo-2]  dllPath = /usr/lib/wsl/drivers/iigd_dch_d.inf_amd64_090b7c5495907f9a, dllName = libigdgmm_w.so.12 
[gazebo-2]  IsWddmLinux = 1, dllWslName = /usr/lib/wsl/drivers/iigd_dch_d.inf_amd64_090b7c5495907f9a/libigdgmm_w.so.12  flags = 2
[gazebo-2] [1;36m[Dbg] [RenderUtil.cc:2646] [0m[1;36mCreate scene [[0m[1;36mscene[0m[1;36m][0m[1;36m[0m
[gazebo-2] [1;36m[Dbg] [Sensors.cc:953] [0m[1;36mInitialization needed[0m[1;36m[0m
[gazebo-2] [1;36m[Dbg] [Sensors.cc:391] [0m[1;36mRendering Thread initialized[0m[1;36m[0m
[gazebo-2] [1;33m[Wrn] [Ogre2Camera.cc:423] [0m[1;33mOgre2Camera::SetVisibilityMask: Mask bits [0m[1;33mc0000000[0m[1;33m are set but will be ignored as they conflict with the [0m[1;33mreserved bits used internally by the ogre2 backend.[0m[1;33m[0m
[gazebo-2] [INFO] [1787480516.425948026] [controller_manager]: Successfully switched controllers!
[spawner-6] [INFO] [1787480516.443734840] [spawner_joint_trajectory_controller]: Configured and activated joint_trajectory_controller
[INFO] [spawner-6]: process has finished cleanly [pid 709443]
[gazebo-2] [INFO] [1787480517.428185516] [controller_manager]: Loading controller : 'joint_state_broadcaster' of type 'joint_state_broadcaster/JointStateBroadcaster'
[gazebo-2] [INFO] [1787480517.428240736] [controller_manager]: Loading controller 'joint_state_broadcaster'
[gazebo-2] [INFO] [1787480517.548175089] [controller_manager]: Controller 'joint_state_broadcaster' node arguments: --ros-args --params-file /tmp/tmpv8xmsk9_.yaml -p use_sim_time:=true --param use_sim_time:=true 
[spawner-5] [INFO] [1787480517.589579952] [spawner_joint_state_broadcaster]: Loaded joint_state_broadcaster
[gazebo-2] [INFO] [1787480517.591022706] [controller_manager]: Configuring controller: 'joint_state_broadcaster'
[gazebo-2] [INFO] [1787480517.591130742] [joint_state_broadcaster]: 'joints' or 'interfaces' parameter is empty. All available state interfaces will be published
[gazebo-2] [INFO] [1787480517.659634776] [controller_manager]: Activating controllers: [ joint_state_broadcaster ]
[gazebo-2] [INFO] [1787480517.674892854] [controller_manager]: Successfully switched controllers!
[spawner-5] [INFO] [1787480517.693259009] [spawner_joint_state_broadcaster]: Configured and activated joint_state_broadcaster
[INFO] [spawner-5]: process has finished cleanly [pid 709442]
[spawner-7] [INFO] [1787480517.980380115] [spawner_gripper_controller]: waiting for service /controller_manager/list_controllers to become available...
[gazebo-2] [INFO] [1787480518.042143695] [controller_manager]: Loading controller : 'gripper_controller' of type 'position_controllers/GripperActionController'
[gazebo-2] [INFO] [1787480518.042201486] [controller_manager]: Loading controller 'gripper_controller'
[gazebo-2] [INFO] [1787480518.065209353] [controller_manager]: Controller 'gripper_controller' node arguments: --ros-args --params-file /tmp/tmpv8xmsk9_.yaml -p use_sim_time:=true --param use_sim_time:=true 
[gazebo-2] [WARN] [1787480518.080802710] [gripper_controller]: [Deprecated]: the `position_controllers/GripperActionController` and `effort_controllers::GripperActionController` controllers are replaced by 'parallel_gripper_controllers/GripperActionController' controller
[spawner-7] [INFO] [1787480518.085060962] [spawner_gripper_controller]: Loaded gripper_controller
[gazebo-2] [INFO] [1787480518.086666818] [controller_manager]: Configuring controller: 'gripper_controller'
[gazebo-2] [INFO] [1787480518.086765039] [gripper_controller]: Action status changes will be monitored at 20.000000 Hz.
[gazebo-2] [INFO] [1787480518.103038517] [controller_manager]: Activating controllers: [ gripper_controller ]
[gazebo-2] [INFO] [1787480518.124084430] [controller_manager]: Successfully switched controllers!
[spawner-7] [INFO] [1787480518.141613583] [spawner_gripper_controller]: Configured and activated gripper_controller
[INFO] [spawner-7]: process has finished cleanly [pid 709444]
[ground_truth-9] [INFO] [1787480520.130569065] [ground_truth]: Wrote ground truth to /home/jonas/benchmarks/runs/sim_wp4-s005-0c01561994/ros_home/annin_ar4_calibration/ground_truth.yaml
[gazebo-2] [1;36m[Dbg] [CameraSensor.cc:405] [0m[1;36mCamera images for [[0m[1;36mmk5::link_6::sim_color[0m[1;36m] advertised on [[0m[1;36msim_camera/color/image_raw[0m[1;36m][0m[1;36m[0m
[gazebo-2] [1;36m[Dbg] [CameraSensor.cc:695] [0m[1;36mCamera info for [[0m[1;36mmk5::link_6::sim_color[0m[1;36m] advertised on [[0m[1;36msim_camera/color/camera_info[0m[1;36m][0m[1;36m[0m
[gazebo-2] [1;36m[Dbg] [CameraSensor.cc:504] [0m[1;36mEnabling camera sensor: '[0m[1;36mmk5::link_6::sim_color[0m[1;36m' data [0m[1;36mgeneration.[0m[1;36m[0m
[move_group-8] [INFO] [1787480523.455134507] [move_group.moveit.moveit.ros.move_group.move_action]: MoveGroupMoveAction: Received request
[move_group-8] [INFO] [1787480523.455605225] [move_group.moveit.moveit.ros.move_group.move_action]: executing..
[move_group-8] [WARN] [1787480523.468224095] [move_group.moveit.moveit.ros.planning_scene_monitor]: Unable to transform object from frame 'calibration_target' to planning frame'world' (Could not find a connection between 'world' and 'calibration_target' because they are not part of the same tree.Tf has two or more unconnected trees.)
[move_group-8] [WARN] [1787480523.468299777] [move_group.moveit.moveit.ros.planning_scene_monitor]: Unable to transform object from frame 'camera_color_optical_frame' to planning frame'world' (Could not find a connection between 'world' and 'camera_color_optical_frame' because they are not part of the same tree.Tf has two or more unconnected trees.)
[move_group-8] [INFO] [1787480523.468399894] [move_group.moveit.moveit.ros.move_group.move_action]: Combined planning and execution request received for MoveGroup action. Forwarding to planning and execution pipeline.
[move_group-8] [WARN] [1787480523.468433639] [move_group.moveit.moveit.ros.move_group.capability]: Execution of motions should always start at the robot's current state. Ignoring the state supplied as start state in the motion planning request
[move_group-8] [WARN] [1787480523.468455630] [move_group.moveit.moveit.ros.move_group.capability]: Execution of motions should always start at the robot's current state. Ignoring the state supplied as difference in the planning scene diff
[move_group-8] [INFO] [1787480523.468472862] [move_group.moveit.moveit.ros.plan_execution]: Planning attempt 1 of at most 1
[move_group-8] [INFO] [1787480523.468760433] [move_group]: Calling PlanningRequestAdapter 'CheckStartStateBounds'
[move_group-8] [INFO] [1787480523.468846262] [move_group]: Calling PlanningRequestAdapter 'CheckStartStateCollision'
[move_group-8] [INFO] [1787480523.469011205] [move_group]: Calling PlanningRequestAdapter 'ResolveConstraintFrames'
[move_group-8] [INFO] [1787480523.469052015] [move_group]: Calling PlanningRequestAdapter 'ValidateWorkspaceBounds'
[move_group-8] [INFO] [1787480523.469773061] [move_group.moveit.moveit.planners.ompl.model_based_planning_context]: Planner configuration 'ar_manipulator' will use planner 'geometric::RRTConnect'. Additional configuration parameters will be set when the planner is constructed.
[move_group-8] [INFO] [1787480523.470077934] [move_group]: Calling Planner 'OMPL'
[move_group-8] [INFO] [1787480523.484319790] [move_group]: Calling PlanningResponseAdapter 'AddTimeOptimalParameterization'
[move_group-8] [WARN] [1787480523.484400909] [move_group.moveit.moveit.core.time_optimal_trajectory_generation]: Invalid max_velocity_scaling_factor 0.000000 specified, defaulting to 1.000000 instead.
[move_group-8] [WARN] [1787480523.484416105] [move_group.moveit.moveit.core.time_optimal_trajectory_generation]: Invalid max_acceleration_scaling_factor 0.000000 specified, defaulting to 1.000000 instead.
[move_group-8] [INFO] [1787480523.486155089] [move_group]: Calling PlanningResponseAdapter 'ValidateSolution'
[move_group-8] [WARN] [1787480523.486439426] [move_group.moveit.moveit.ros.planning_pipeline]: The planner plugin did not fill out the 'planner_id' field of the MotionPlanResponse. Setting it to the planner ID name of the MotionPlanRequest assuming that the planner plugin does warn you if it does not use the requested planner.
[move_group-8] [INFO] [1787480523.486589423] [move_group.moveit.moveit.plugins.simple_controller_manager]: Returned 2 controllers in list
[move_group-8] [INFO] [1787480523.486613250] [move_group.moveit.moveit.plugins.simple_controller_manager]: Returned 2 controllers in list
[move_group-8] [INFO] [1787480523.486679802] [move_group.moveit.moveit.ros.trajectory_execution_manager]: Validating trajectory with allowed_start_tolerance 0.01
[move_group-8] [INFO] [1787480523.505799529] [move_group.moveit.moveit.ros.trajectory_execution_manager]: Starting trajectory execution ...
[move_group-8] [INFO] [1787480523.505947320] [move_group.moveit.moveit.plugins.simple_controller_manager]: Returned 2 controllers in list
[move_group-8] [INFO] [1787480523.505985485] [move_group.moveit.moveit.plugins.simple_controller_manager]: Returned 2 controllers in list
[move_group-8] [INFO] [1787480523.506278294] [moveit.simple_controller_manager.follow_joint_trajectory_controller_handle]: sending trajectory to joint_trajectory_controller
[gazebo-2] [INFO] [1787480523.507025882] [joint_trajectory_controller]: Received new action goal
[gazebo-2] [INFO] [1787480523.507101265] [joint_trajectory_controller]: Accepted new action goal
[move_group-8] [INFO] [1787480523.507666573] [moveit.simple_controller_manager.follow_joint_trajectory_controller_handle]: joint_trajectory_controller started execution
[move_group-8] [INFO] [1787480523.507705816] [moveit.simple_controller_manager.follow_joint_trajectory_controller_handle]: Goal request accepted!
[gazebo-2] [INFO] [1787480526.805120274] [joint_trajectory_controller]: Goal reached, success!
[move_group-8] [INFO] [1787480526.807759252] [moveit.simple_controller_manager.follow_joint_trajectory_controller_handle]: Controller 'joint_trajectory_controller' successfully finished
[move_group-8] [INFO] [1787480526.856361175] [move_group.moveit.moveit.ros.trajectory_execution_manager]: Completed trajectory execution with status SUCCEEDED ...
[move_group-8] [INFO] [1787480526.865979573] [move_group.moveit.moveit.ros.move_group.move_action]: Solution was found and executed.
[move_group-8] [INFO] [1787480527.591073763] [move_group.moveit.moveit.ros.move_group.move_action]: MoveGroupMoveAction: Received request
[move_group-8] [INFO] [1787480527.591281980] [move_group.moveit.moveit.ros.move_group.move_action]: executing..
[move_group-8] [WARN] [1787480527.604528900] [move_group.moveit.moveit.ros.planning_scene_monitor]: Unable to transform object from frame 'calibration_target' to planning frame'world' (Could not find a connection between 'world' and 'calibration_target' because they are not part of the same tree.Tf has two or more unconnected trees.)
[move_group-8] [WARN] [1787480527.604622297] [move_group.moveit.moveit.ros.planning_scene_monitor]: Unable to transform object from frame 'camera_color_optical_frame' to planning frame'world' (Could not find a connection between 'world' and 'camera_color_optical_frame' because they are not part of the same tree.Tf has two or more unconnected trees.)
[move_group-8] [INFO] [1787480527.604657670] [move_group.moveit.moveit.ros.move_group.move_action]: Combined planning and execution request received for MoveGroup action. Forwarding to planning and execution pipeline.
[move_group-8] [WARN] [1787480527.604679332] [move_group.moveit.moveit.ros.move_group.capability]: Execution of motions should always start at the robot's current state. Ignoring the state supplied as start state in the motion planning request
[move_group-8] [WARN] [1787480527.604699828] [move_group.moveit.moveit.ros.move_group.capability]: Execution of motions should always start at the robot's current state. Ignoring the state supplied as difference in the planning scene diff
[move_group-8] [INFO] [1787480527.604710566] [move_group.moveit.moveit.ros.plan_execution]: Planning attempt 1 of at most 1
[move_group-8] [INFO] [1787480527.604837747] [move_group]: Calling PlanningRequestAdapter 'CheckStartStateBounds'
[move_group-8] [INFO] [1787480527.604889163] [move_group]: Calling PlanningRequestAdapter 'CheckStartStateCollision'
[move_group-8] [INFO] [1787480527.604940421] [move_group]: Calling PlanningRequestAdapter 'ResolveConstraintFrames'
[move_group-8] [INFO] [1787480527.604959927] [move_group]: Calling PlanningRequestAdapter 'ValidateWorkspaceBounds'
[move_group-8] [INFO] [1787480527.605255751] [move_group.moveit.moveit.planners.ompl.model_based_planning_context]: Planner configuration 'ar_manipulator' will use planner 'geometric::RRTConnect'. Additional configuration parameters will be set when the planner is constructed.
[move_group-8] [INFO] [1787480527.605336292] [move_group]: Calling Planner 'OMPL'
[move_group-8] [INFO] [1787480527.617924601] [move_group]: Calling PlanningResponseAdapter 'AddTimeOptimalParameterization'
[move_group-8] [WARN] [1787480527.617969947] [move_group.moveit.moveit.core.time_optimal_trajectory_generation]: Invalid max_velocity_scaling_factor 0.000000 specified, defaulting to 1.000000 instead.
[move_group-8] [WARN] [1787480527.617989707] [move_group.moveit.moveit.core.time_optimal_trajectory_generation]: Invalid max_acceleration_scaling_factor 0.000000 specified, defaulting to 1.000000 instead.
[move_group-8] [INFO] [1787480527.618957253] [move_group]: Calling PlanningResponseAdapter 'ValidateSolution'
[move_group-8] [WARN] [1787480527.619224344] [move_group.moveit.moveit.ros.planning_pipeline]: The planner plugin did not fill out the 'planner_id' field of the MotionPlanResponse. Setting it to the planner ID name of the MotionPlanRequest assuming that the planner plugin does warn you if it does not use the requested planner.
[move_group-8] [INFO] [1787480527.619338022] [move_group.moveit.moveit.plugins.simple_controller_manager]: Returned 2 controllers in list
[move_group-8] [INFO] [1787480527.619393870] [move_group.moveit.moveit.plugins.simple_controller_manager]: Returned 2 controllers in list
[move_group-8] [INFO] [1787480527.619468625] [move_group.moveit.moveit.ros.trajectory_execution_manager]: Validating trajectory with allowed_start_tolerance 0.01
[move_group-8] [INFO] [1787480527.621367724] [move_group.moveit.moveit.ros.trajectory_execution_manager]: Starting trajectory execution ...
[move_group-8] [INFO] [1787480527.621418414] [move_group.moveit.moveit.plugins.simple_controller_manager]: Returned 2 controllers in list
[move_group-8] [INFO] [1787480527.621444029] [move_group.moveit.moveit.plugins.simple_controller_manager]: Returned 2 controllers in list
[move_group-8] [INFO] [1787480527.621529257] [moveit.simple_controller_manager.follow_joint_trajectory_controller_handle]: sending trajectory to joint_trajectory_controller
[gazebo-2] [INFO] [1787480527.621772861] [joint_trajectory_controller]: Received new action goal
[gazebo-2] [INFO] [1787480527.621801908] [joint_trajectory_controller]: Accepted new action goal
[move_group-8] [INFO] [1787480527.621996808] [moveit.simple_controller_manager.follow_joint_trajectory_controller_handle]: joint_trajectory_controller started execution
[move_group-8] [INFO] [1787480527.622010067] [moveit.simple_controller_manager.follow_joint_trajectory_controller_handle]: Goal request accepted!
[gazebo-2] [INFO] [1787480530.518667069] [joint_trajectory_controller]: Goal reached, success!
[move_group-8] [INFO] [1787480530.522374677] [moveit.simple_controller_manager.follow_joint_trajectory_controller_handle]: Controller 'joint_trajectory_controller' successfully finished
[move_group-8] [INFO] [1787480530.569420509] [move_group.moveit.moveit.ros.trajectory_execution_manager]: Completed trajectory execution with status SUCCEEDED ...
[move_group-8] [INFO] [1787480530.571551410] [move_group.moveit.moveit.ros.move_group.move_action]: Solution was found and executed.
[move_group-8] [INFO] [1787480531.276801228] [move_group.moveit.moveit.ros.move_group.move_action]: MoveGroupMoveAction: Received request
[move_group-8] [INFO] [1787480531.277054209] [move_group.moveit.moveit.ros.move_group.move_action]: executing..
[move_group-8] [WARN] [1787480531.292308194] [move_group.moveit.moveit.ros.planning_scene_monitor]: Unable to transform object from frame 'calibration_target' to planning frame'world' (Could not find a connection between 'world' and 'calibration_target' because they are not part of the same tree.Tf has two or more unconnected trees.)
[move_group-8] [WARN] [1787480531.292394119] [move_group.moveit.moveit.ros.planning_scene_monitor]: Unable to transform object from frame 'camera_color_optical_frame' to planning frame'world' (Could not find a connection between 'world' and 'camera_color_optical_frame' because they are not part of the same tree.Tf has two or more unconnected trees.)
[move_group-8] [INFO] [1787480531.292429815] [move_group.moveit.moveit.ros.move_group.move_action]: Combined planning and execution request received for MoveGroup action. Forwarding to planning and execution pipeline.
[move_group-8] [WARN] [1787480531.292451399] [move_group.moveit.moveit.ros.move_group.capability]: Execution of motions should always start at the robot's current state. Ignoring the state supplied as start state in the motion planning request
[move_group-8] [WARN] [1787480531.292471855] [move_group.moveit.moveit.ros.move_group.capability]: Execution of motions should always start at the robot's current state. Ignoring the state supplied as difference in the planning scene diff
[move_group-8] [INFO] [1787480531.292483878] [move_group.moveit.moveit.ros.plan_execution]: Planning attempt 1 of at most 1
[move_group-8] [INFO] [1787480531.292616610] [move_group]: Calling PlanningRequestAdapter 'CheckStartStateBounds'
[move_group-8] [INFO] [1787480531.292654551] [move_group]: Calling PlanningRequestAdapter 'CheckStartStateCollision'
[move_group-8] [INFO] [1787480531.292699377] [move_group]: Calling PlanningRequestAdapter 'ResolveConstraintFrames'
[move_group-8] [INFO] [1787480531.292710488] [move_group]: Calling PlanningRequestAdapter 'ValidateWorkspaceBounds'
[move_group-8] [INFO] [1787480531.292975509] [move_group.moveit.moveit.planners.ompl.model_based_planning_context]: Planner configuration 'ar_manipulator' will use planner 'geometric::RRTConnect'. Additional configuration parameters will be set when the planner is constructed.
[move_group-8] [INFO] [1787480531.293063572] [move_group]: Calling Planner 'OMPL'
[move_group-8] [INFO] [1787480531.315584097] [move_group]: Calling PlanningResponseAdapter 'AddTimeOptimalParameterization'
[move_group-8] [WARN] [1787480531.315638534] [move_group.moveit.moveit.core.time_optimal_trajectory_generation]: Invalid max_velocity_scaling_factor 0.000000 specified, defaulting to 1.000000 instead.
[move_group-8] [WARN] [1787480531.315651606] [move_group.moveit.moveit.core.time_optimal_trajectory_generation]: Invalid max_acceleration_scaling_factor 0.000000 specified, defaulting to 1.000000 instead.
[move_group-8] [INFO] [1787480531.317751803] [move_group]: Calling PlanningResponseAdapter 'ValidateSolution'
[move_group-8] [WARN] [1787480531.318150998] [move_group.moveit.moveit.ros.planning_pipeline]: The planner plugin did not fill out the 'planner_id' field of the MotionPlanResponse. Setting it to the planner ID name of the MotionPlanRequest assuming that the planner plugin does warn you if it does not use the requested planner.
[move_group-8] [INFO] [1787480531.318293036] [move_group.moveit.moveit.plugins.simple_controller_manager]: Returned 2 controllers in list
[move_group-8] [INFO] [1787480531.318318974] [move_group.moveit.moveit.plugins.simple_controller_manager]: Returned 2 controllers in list
[move_group-8] [INFO] [1787480531.318400241] [move_group.moveit.moveit.ros.trajectory_execution_manager]: Validating trajectory with allowed_start_tolerance 0.01
[move_group-8] [INFO] [1787480531.333224871] [move_group.moveit.moveit.ros.trajectory_execution_manager]: Starting trajectory execution ...
[move_group-8] [INFO] [1787480531.333310570] [move_group.moveit.moveit.plugins.simple_controller_manager]: Returned 2 controllers in list
[move_group-8] [INFO] [1787480531.333355827] [move_group.moveit.moveit.plugins.simple_controller_manager]: Returned 2 controllers in list
[move_group-8] [INFO] [1787480531.333515782] [moveit.simple_controller_manager.follow_joint_trajectory_controller_handle]: sending trajectory to joint_trajectory_controller
[gazebo-2] [INFO] [1787480531.333946083] [joint_trajectory_controller]: Received new action goal
[gazebo-2] [INFO] [1787480531.333986113] [joint_trajectory_controller]: Accepted new action goal
[move_group-8] [INFO] [1787480531.334526444] [moveit.simple_controller_manager.follow_joint_trajectory_controller_handle]: joint_trajectory_controller started execution
[move_group-8] [INFO] [1787480531.334541899] [moveit.simple_controller_manager.follow_joint_trajectory_controller_handle]: Goal request accepted!
[gazebo-2] [INFO] [1787480535.677884315] [joint_trajectory_controller]: Goal reached, success!
[move_group-8] [INFO] [1787480535.684514308] [moveit.simple_controller_manager.follow_joint_trajectory_controller_handle]: Controller 'joint_trajectory_controller' successfully finished
[move_group-8] [INFO] [1787480535.732045431] [move_group.moveit.moveit.ros.trajectory_execution_manager]: Completed trajectory execution with status SUCCEEDED ...
[move_group-8] [INFO] [1787480535.733623813] [move_group.moveit.moveit.ros.move_group.move_action]: Solution was found and executed.
[move_group-8] [INFO] [1787480536.443033167] [move_group.moveit.moveit.ros.move_group.move_action]: MoveGroupMoveAction: Received request
[move_group-8] [INFO] [1787480536.443296912] [move_group.moveit.moveit.ros.move_group.move_action]: executing..
[move_group-8] [WARN] [1787480536.448148071] [move_group.moveit.moveit.ros.planning_scene_monitor]: Unable to transform object from frame 'calibration_target' to planning frame'world' (Could not find a connection between 'world' and 'calibration_target' because they are not part of the same tree.Tf has two or more unconnected trees.)
[move_group-8] [WARN] [1787480536.448217397] [move_group.moveit.moveit.ros.planning_scene_monitor]: Unable to transform object from frame 'camera_color_optical_frame' to planning frame'world' (Could not find a connection between 'world' and 'camera_color_optical_frame' because they are not part of the same tree.Tf has two or more unconnected trees.)
[move_group-8] [INFO] [1787480536.448242591] [move_group.moveit.moveit.ros.move_group.move_action]: Combined planning and execution request received for MoveGroup action. Forwarding to planning and execution pipeline.
[move_group-8] [WARN] [1787480536.448258337] [move_group.moveit.moveit.ros.move_group.capability]: Execution of motions should always start at the robot's current state. Ignoring the state supplied as start state in the motion planning request
[move_group-8] [WARN] [1787480536.448271507] [move_group.moveit.moveit.ros.move_group.capability]: Execution of motions should always start at the robot's current state. Ignoring the state supplied as difference in the planning scene diff
[move_group-8] [INFO] [1787480536.448278324] [move_group.moveit.moveit.ros.plan_execution]: Planning attempt 1 of at most 1
[move_group-8] [INFO] [1787480536.448382833] [move_group]: Calling PlanningRequestAdapter 'CheckStartStateBounds'
[move_group-8] [INFO] [1787480536.448411749] [move_group]: Calling PlanningRequestAdapter 'CheckStartStateCollision'
[move_group-8] [INFO] [1787480536.448454545] [move_group]: Calling PlanningRequestAdapter 'ResolveConstraintFrames'
[move_group-8] [INFO] [1787480536.448464439] [move_group]: Calling PlanningRequestAdapter 'ValidateWorkspaceBounds'
[move_group-8] [INFO] [1787480536.448769929] [move_group.moveit.moveit.planners.ompl.model_based_planning_context]: Planner configuration 'ar_manipulator' will use planner 'geometric::RRTConnect'. Additional configuration parameters will be set when the planner is constructed.
[move_group-8] [INFO] [1787480536.448991218] [move_group]: Calling Planner 'OMPL'
[move_group-8] [INFO] [1787480536.461879103] [move_group]: Calling PlanningResponseAdapter 'AddTimeOptimalParameterization'
[move_group-8] [WARN] [1787480536.461940523] [move_group.moveit.moveit.core.time_optimal_trajectory_generation]: Invalid max_velocity_scaling_factor 0.000000 specified, defaulting to 1.000000 instead.
[move_group-8] [WARN] [1787480536.461967157] [move_group.moveit.moveit.core.time_optimal_trajectory_generation]: Invalid max_acceleration_scaling_factor 0.000000 specified, defaulting to 1.000000 instead.
[move_group-8] [INFO] [1787480536.462640200] [move_group]: Calling PlanningResponseAdapter 'ValidateSolution'
[move_group-8] [WARN] [1787480536.462912248] [move_group.moveit.moveit.ros.planning_pipeline]: The planner plugin did not fill out the 'planner_id' field of the MotionPlanResponse. Setting it to the planner ID name of the MotionPlanRequest assuming that the planner plugin does warn you if it does not use the requested planner.
[move_group-8] [INFO] [1787480536.463034577] [move_group.moveit.moveit.plugins.simple_controller_manager]: Returned 2 controllers in list
[move_group-8] [INFO] [1787480536.463070366] [move_group.moveit.moveit.plugins.simple_controller_manager]: Returned 2 controllers in list
[move_group-8] [INFO] [1787480536.463137297] [move_group.moveit.moveit.ros.trajectory_execution_manager]: Validating trajectory with allowed_start_tolerance 0.01
[move_group-8] [INFO] [1787480536.473840006] [move_group.moveit.moveit.ros.trajectory_execution_manager]: Starting trajectory execution ...
[move_group-8] [INFO] [1787480536.473931023] [move_group.moveit.moveit.plugins.simple_controller_manager]: Returned 2 controllers in list
[move_group-8] [INFO] [1787480536.473966727] [move_group.moveit.moveit.plugins.simple_controller_manager]: Returned 2 controllers in list
[move_group-8] [INFO] [1787480536.474133708] [moveit.simple_controller_manager.follow_joint_trajectory_controller_handle]: sending trajectory to joint_trajectory_controller
[gazebo-2] [INFO] [1787480536.474429961] [joint_trajectory_controller]: Received new action goal
[gazebo-2] [INFO] [1787480536.474496153] [joint_trajectory_controller]: Accepted new action goal
[move_group-8] [INFO] [1787480536.475072626] [moveit.simple_controller_manager.follow_joint_trajectory_controller_handle]: joint_trajectory_controller started execution
[move_group-8] [INFO] [1787480536.475101854] [moveit.simple_controller_manager.follow_joint_trajectory_controller_handle]: Goal request accepted!
[gazebo-2] [INFO] [1787480538.609929808] [joint_trajectory_controller]: Goal reached, success!
[move_group-8] [INFO] [1787480538.625113503] [moveit.simple_controller_manager.follow_joint_trajectory_controller_handle]: Controller 'joint_trajectory_controller' successfully finished
[move_group-8] [INFO] [1787480538.661178153] [move_group.moveit.moveit.ros.trajectory_execution_manager]: Completed trajectory execution with status SUCCEEDED ...
[move_group-8] [INFO] [1787480538.663965628] [move_group.moveit.moveit.ros.move_group.move_action]: Solution was found and executed.
[move_group-8] [INFO] [1787480539.328356627] [move_group.moveit.moveit.ros.move_group.move_action]: MoveGroupMoveAction: Received request
[move_group-8] [INFO] [1787480539.328562851] [move_group.moveit.moveit.ros.move_group.move_action]: executing..
[move_group-8] [WARN] [1787480539.330821733] [move_group.moveit.moveit.ros.planning_scene_monitor]: Unable to transform object from frame 'calibration_target' to planning frame'world' (Could not find a connection between 'world' and 'calibration_target' because they are not part of the same tree.Tf has two or more unconnected trees.)
[move_group-8] [WARN] [1787480539.330870599] [move_group.moveit.moveit.ros.planning_scene_monitor]: Unable to transform object from frame 'camera_color_optical_frame' to planning frame'world' (Could not find a connection between 'world' and 'camera_color_optical_frame' because they are not part of the same tree.Tf has two or more unconnected trees.)
[move_group-8] [INFO] [1787480539.330893227] [move_group.moveit.moveit.ros.move_group.move_action]: Combined planning and execution request received for MoveGroup action. Forwarding to planning and execution pipeline.
[move_group-8] [WARN] [1787480539.330906292] [move_group.moveit.moveit.ros.move_group.capability]: Execution of motions should always start at the robot's current state. Ignoring the state supplied as start state in the motion planning request
[move_group-8] [WARN] [1787480539.330918955] [move_group.moveit.moveit.ros.move_group.capability]: Execution of motions should always start at the robot's current state. Ignoring the state supplied as difference in the planning scene diff
[move_group-8] [INFO] [1787480539.330925802] [move_group.moveit.moveit.ros.plan_execution]: Planning attempt 1 of at most 1
[move_group-8] [INFO] [1787480539.330999572] [move_group]: Calling PlanningRequestAdapter 'CheckStartStateBounds'
[move_group-8] [INFO] [1787480539.331022161] [move_group]: Calling PlanningRequestAdapter 'CheckStartStateCollision'
[move_group-8] [INFO] [1787480539.331083347] [move_group]: Calling PlanningRequestAdapter 'ResolveConstraintFrames'
[move_group-8] [INFO] [1787480539.331096422] [move_group]: Calling PlanningRequestAdapter 'ValidateWorkspaceBounds'
[move_group-8] [INFO] [1787480539.331329149] [move_group.moveit.moveit.planners.ompl.model_based_planning_context]: Planner configuration 'ar_manipulator' will use planner 'geometric::RRTConnect'. Additional configuration parameters will be set when the planner is constructed.
[move_group-8] [INFO] [1787480539.331385755] [move_group]: Calling Planner 'OMPL'
[move_group-8] [INFO] [1787480539.345391293] [move_group]: Calling PlanningResponseAdapter 'AddTimeOptimalParameterization'
[move_group-8] [WARN] [1787480539.345438610] [move_group.moveit.moveit.core.time_optimal_trajectory_generation]: Invalid max_velocity_scaling_factor 0.000000 specified, defaulting to 1.000000 instead.
[move_group-8] [WARN] [1787480539.345451037] [move_group.moveit.moveit.core.time_optimal_trajectory_generation]: Invalid max_acceleration_scaling_factor 0.000000 specified, defaulting to 1.000000 instead.
[move_group-8] [INFO] [1787480539.346382163] [move_group]: Calling PlanningResponseAdapter 'ValidateSolution'
[move_group-8] [WARN] [1787480539.346791661] [move_group.moveit.moveit.ros.planning_pipeline]: The planner plugin did not fill out the 'planner_id' field of the MotionPlanResponse. Setting it to the planner ID name of the MotionPlanRequest assuming that the planner plugin does warn you if it does not use the requested planner.
[move_group-8] [INFO] [1787480539.346905843] [move_group.moveit.moveit.plugins.simple_controller_manager]: Returned 2 controllers in list
[move_group-8] [INFO] [1787480539.346928530] [move_group.moveit.moveit.plugins.simple_controller_manager]: Returned 2 controllers in list
[move_group-8] [INFO] [1787480539.346983703] [move_group.moveit.moveit.ros.trajectory_execution_manager]: Validating trajectory with allowed_start_tolerance 0.01
[move_group-8] [INFO] [1787480539.347868885] [move_group.moveit.moveit.ros.trajectory_execution_manager]: Starting trajectory execution ...
[move_group-8] [INFO] [1787480539.347943469] [move_group.moveit.moveit.plugins.simple_controller_manager]: Returned 2 controllers in list
[move_group-8] [INFO] [1787480539.348008992] [move_group.moveit.moveit.plugins.simple_controller_manager]: Returned 2 controllers in list
[move_group-8] [INFO] [1787480539.348103429] [moveit.simple_controller_manager.follow_joint_trajectory_controller_handle]: sending trajectory to joint_trajectory_controller
[gazebo-2] [INFO] [1787480539.348352017] [joint_trajectory_controller]: Received new action goal
[gazebo-2] [INFO] [1787480539.348384856] [joint_trajectory_controller]: Accepted new action goal
[move_group-8] [INFO] [1787480539.348790931] [moveit.simple_controller_manager.follow_joint_trajectory_controller_handle]: joint_trajectory_controller started execution
[move_group-8] [INFO] [1787480539.348823378] [moveit.simple_controller_manager.follow_joint_trajectory_controller_handle]: Goal request accepted!
[gazebo-2] [INFO] [1787480542.141412776] [joint_trajectory_controller]: Goal reached, success!
[move_group-8] [INFO] [1787480542.149065023] [moveit.simple_controller_manager.follow_joint_trajectory_controller_handle]: Controller 'joint_trajectory_controller' successfully finished
[move_group-8] [INFO] [1787480542.175930367] [move_group.moveit.moveit.ros.trajectory_execution_manager]: Completed trajectory execution with status SUCCEEDED ...
[move_group-8] [INFO] [1787480542.178076269] [move_group.moveit.moveit.ros.move_group.move_action]: Solution was found and executed.
[move_group-8] [INFO] [1787480542.805596944] [move_group.moveit.moveit.ros.move_group.move_action]: MoveGroupMoveAction: Received request
[move_group-8] [INFO] [1787480542.805761515] [move_group.moveit.moveit.ros.move_group.move_action]: executing..
[move_group-8] [WARN] [1787480542.811571053] [move_group.moveit.moveit.ros.planning_scene_monitor]: Unable to transform object from frame 'calibration_target' to planning frame'world' (Could not find a connection between 'world' and 'calibration_target' because they are not part of the same tree.Tf has two or more unconnected trees.)
[move_group-8] [WARN] [1787480542.811633656] [move_group.moveit.moveit.ros.planning_scene_monitor]: Unable to transform object from frame 'camera_color_optical_frame' to planning frame'world' (Could not find a connection between 'world' and 'camera_color_optical_frame' because they are not part of the same tree.Tf has two or more unconnected trees.)
[move_group-8] [INFO] [1787480542.811663834] [move_group.moveit.moveit.ros.move_group.move_action]: Combined planning and execution request received for MoveGroup action. Forwarding to planning and execution pipeline.
[move_group-8] [WARN] [1787480542.811684525] [move_group.moveit.moveit.ros.move_group.capability]: Execution of motions should always start at the robot's current state. Ignoring the state supplied as start state in the motion planning request
[move_group-8] [WARN] [1787480542.811704294] [move_group.moveit.moveit.ros.move_group.capability]: Execution of motions should always start at the robot's current state. Ignoring the state supplied as difference in the planning scene diff
[move_group-8] [INFO] [1787480542.811715949] [move_group.moveit.moveit.ros.plan_execution]: Planning attempt 1 of at most 1
[move_group-8] [INFO] [1787480542.811837848] [move_group]: Calling PlanningRequestAdapter 'CheckStartStateBounds'
[move_group-8] [INFO] [1787480542.811875060] [move_group]: Calling PlanningRequestAdapter 'CheckStartStateCollision'
[move_group-8] [INFO] [1787480542.811931884] [move_group]: Calling PlanningRequestAdapter 'ResolveConstraintFrames'
[move_group-8] [INFO] [1787480542.811950633] [move_group]: Calling PlanningRequestAdapter 'ValidateWorkspaceBounds'
[move_group-8] [INFO] [1787480542.812220174] [move_group.moveit.moveit.planners.ompl.model_based_planning_context]: Planner configuration 'ar_manipulator' will use planner 'geometric::RRTConnect'. Additional configuration parameters will be set when the planner is constructed.
[move_group-8] [INFO] [1787480542.812304184] [move_group]: Calling Planner 'OMPL'
[move_group-8] [INFO] [1787480542.825003205] [move_group]: Calling PlanningResponseAdapter 'AddTimeOptimalParameterization'
[move_group-8] [WARN] [1787480542.825048168] [move_group.moveit.moveit.core.time_optimal_trajectory_generation]: Invalid max_velocity_scaling_factor 0.000000 specified, defaulting to 1.000000 instead.
[move_group-8] [WARN] [1787480542.825061049] [move_group.moveit.moveit.core.time_optimal_trajectory_generation]: Invalid max_acceleration_scaling_factor 0.000000 specified, defaulting to 1.000000 instead.
[move_group-8] [INFO] [1787480542.825656839] [move_group]: Calling PlanningResponseAdapter 'ValidateSolution'
[move_group-8] [WARN] [1787480542.825824250] [move_group.moveit.moveit.ros.planning_pipeline]: The planner plugin did not fill out the 'planner_id' field of the MotionPlanResponse. Setting it to the planner ID name of the MotionPlanRequest assuming that the planner plugin does warn you if it does not use the requested planner.
[move_group-8] [INFO] [1787480542.825900058] [move_group.moveit.moveit.plugins.simple_controller_manager]: Returned 2 controllers in list
[move_group-8] [INFO] [1787480542.825918326] [move_group.moveit.moveit.plugins.simple_controller_manager]: Returned 2 controllers in list
[move_group-8] [INFO] [1787480542.825963093] [move_group.moveit.moveit.ros.trajectory_execution_manager]: Validating trajectory with allowed_start_tolerance 0.01
[move_group-8] [INFO] [1787480542.830818445] [move_group.moveit.moveit.ros.trajectory_execution_manager]: Starting trajectory execution ...
[move_group-8] [INFO] [1787480542.830872630] [move_group.moveit.moveit.plugins.simple_controller_manager]: Returned 2 controllers in list
[move_group-8] [INFO] [1787480542.830894381] [move_group.moveit.moveit.plugins.simple_controller_manager]: Returned 2 controllers in list
[move_group-8] [INFO] [1787480542.830980637] [moveit.simple_controller_manager.follow_joint_trajectory_controller_handle]: sending trajectory to joint_trajectory_controller
[gazebo-2] [INFO] [1787480542.831223730] [joint_trajectory_controller]: Received new action goal
[gazebo-2] [INFO] [1787480542.831256057] [joint_trajectory_controller]: Accepted new action goal
[move_group-8] [INFO] [1787480542.831465478] [moveit.simple_controller_manager.follow_joint_trajectory_controller_handle]: joint_trajectory_controller started execution
[move_group-8] [INFO] [1787480542.831480018] [moveit.simple_controller_manager.follow_joint_trajectory_controller_handle]: Goal request accepted!
[gazebo-2] [INFO] [1787480544.839379635] [joint_trajectory_controller]: Goal reached, success!
[move_group-8] [INFO] [1787480544.881624999] [moveit.simple_controller_manager.follow_joint_trajectory_controller_handle]: Controller 'joint_trajectory_controller' successfully finished
[move_group-8] [INFO] [1787480544.925487311] [move_group.moveit.moveit.ros.trajectory_execution_manager]: Completed trajectory execution with status SUCCEEDED ...
[move_group-8] [INFO] [1787480544.930948021] [move_group.moveit.moveit.ros.move_group.move_action]: Solution was found and executed.
[move_group-8] [INFO] [1787480545.609473546] [move_group.moveit.moveit.ros.move_group.move_action]: MoveGroupMoveAction: Received request
[move_group-8] [INFO] [1787480545.609662174] [move_group.moveit.moveit.ros.move_group.move_action]: executing..
[move_group-8] [WARN] [1787480545.623916020] [move_group.moveit.moveit.ros.planning_scene_monitor]: Unable to transform object from frame 'calibration_target' to planning frame'world' (Could not find a connection between 'world' and 'calibration_target' because they are not part of the same tree.Tf has two or more unconnected trees.)
[move_group-8] [WARN] [1787480545.623989689] [move_group.moveit.moveit.ros.planning_scene_monitor]: Unable to transform object from frame 'camera_color_optical_frame' to planning frame'world' (Could not find a connection between 'world' and 'camera_color_optical_frame' because they are not part of the same tree.Tf has two or more unconnected trees.)
[move_group-8] [INFO] [1787480545.624019465] [move_group.moveit.moveit.ros.move_group.move_action]: Combined planning and execution request received for MoveGroup action. Forwarding to planning and execution pipeline.
[move_group-8] [WARN] [1787480545.624040636] [move_group.moveit.moveit.ros.move_group.capability]: Execution of motions should always start at the robot's current state. Ignoring the state supplied as start state in the motion planning request
[move_group-8] [WARN] [1787480545.624060111] [move_group.moveit.moveit.ros.move_group.capability]: Execution of motions should always start at the robot's current state. Ignoring the state supplied as difference in the planning scene diff
[move_group-8] [INFO] [1787480545.624072590] [move_group.moveit.moveit.ros.plan_execution]: Planning attempt 1 of at most 1
[move_group-8] [INFO] [1787480545.624200101] [move_group]: Calling PlanningRequestAdapter 'CheckStartStateBounds'
[move_group-8] [INFO] [1787480545.624240835] [move_group]: Calling PlanningRequestAdapter 'CheckStartStateCollision'
[move_group-8] [INFO] [1787480545.624296266] [move_group]: Calling PlanningRequestAdapter 'ResolveConstraintFrames'
[move_group-8] [INFO] [1787480545.624312513] [move_group]: Calling PlanningRequestAdapter 'ValidateWorkspaceBounds'
[move_group-8] [INFO] [1787480545.624601245] [move_group.moveit.moveit.planners.ompl.model_based_planning_context]: Planner configuration 'ar_manipulator' will use planner 'geometric::RRTConnect'. Additional configuration parameters will be set when the planner is constructed.
[move_group-8] [INFO] [1787480545.624705141] [move_group]: Calling Planner 'OMPL'
[move_group-8] [INFO] [1787480545.638935240] [move_group]: Calling PlanningResponseAdapter 'AddTimeOptimalParameterization'
[move_group-8] [WARN] [1787480545.638998431] [move_group.moveit.moveit.core.time_optimal_trajectory_generation]: Invalid max_velocity_scaling_factor 0.000000 specified, defaulting to 1.000000 instead.
[move_group-8] [WARN] [1787480545.639011725] [move_group.moveit.moveit.core.time_optimal_trajectory_generation]: Invalid max_acceleration_scaling_factor 0.000000 specified, defaulting to 1.000000 instead.
[move_group-8] [INFO] [1787480545.640306857] [move_group]: Calling PlanningResponseAdapter 'ValidateSolution'
[move_group-8] [WARN] [1787480545.640579116] [move_group.moveit.moveit.ros.planning_pipeline]: The planner plugin did not fill out the 'planner_id' field of the MotionPlanResponse. Setting it to the planner ID name of the MotionPlanRequest assuming that the planner plugin does warn you if it does not use the requested planner.
[move_group-8] [INFO] [1787480545.640768239] [move_group.moveit.moveit.plugins.simple_controller_manager]: Returned 2 controllers in list
[move_group-8] [INFO] [1787480545.640808041] [move_group.moveit.moveit.plugins.simple_controller_manager]: Returned 2 controllers in list
[move_group-8] [INFO] [1787480545.640909495] [move_group.moveit.moveit.ros.trajectory_execution_manager]: Validating trajectory with allowed_start_tolerance 0.01
[move_group-8] [INFO] [1787480545.641261427] [move_group.moveit.moveit.ros.trajectory_execution_manager]: Starting trajectory execution ...
[move_group-8] [INFO] [1787480545.641308499] [move_group.moveit.moveit.plugins.simple_controller_manager]: Returned 2 controllers in list
[move_group-8] [INFO] [1787480545.641342592] [move_group.moveit.moveit.plugins.simple_controller_manager]: Returned 2 controllers in list
[move_group-8] [INFO] [1787480545.641468915] [moveit.simple_controller_manager.follow_joint_trajectory_controller_handle]: sending trajectory to joint_trajectory_controller
[gazebo-2] [INFO] [1787480545.642090567] [joint_trajectory_controller]: Received new action goal
[gazebo-2] [INFO] [1787480545.642139179] [joint_trajectory_controller]: Accepted new action goal
[move_group-8] [INFO] [1787480545.642333393] [moveit.simple_controller_manager.follow_joint_trajectory_controller_handle]: joint_trajectory_controller started execution
[move_group-8] [INFO] [1787480545.642346648] [moveit.simple_controller_manager.follow_joint_trajectory_controller_handle]: Goal request accepted!
[gazebo-2] [INFO] [1787480549.338140912] [joint_trajectory_controller]: Goal reached, success!
[move_group-8] [INFO] [1787480549.342748486] [moveit.simple_controller_manager.follow_joint_trajectory_controller_handle]: Controller 'joint_trajectory_controller' successfully finished
[move_group-8] [INFO] [1787480549.389406599] [move_group.moveit.moveit.ros.trajectory_execution_manager]: Completed trajectory execution with status SUCCEEDED ...
[move_group-8] [INFO] [1787480549.391430045] [move_group.moveit.moveit.ros.move_group.move_action]: Solution was found and executed.
[move_group-8] [INFO] [1787480550.757725980] [move_group.moveit.moveit.ros.move_group.move_action]: MoveGroupMoveAction: Received request
[move_group-8] [INFO] [1787480550.757923987] [move_group.moveit.moveit.ros.move_group.move_action]: executing..
[move_group-8] [WARN] [1787480550.763232421] [move_group.moveit.moveit.ros.planning_scene_monitor]: Unable to transform object from frame 'calibration_target' to planning frame'world' (Could not find a connection between 'world' and 'calibration_target' because they are not part of the same tree.Tf has two or more unconnected trees.)
[move_group-8] [WARN] [1787480550.763325601] [move_group.moveit.moveit.ros.planning_scene_monitor]: Unable to transform object from frame 'camera_color_optical_frame' to planning frame'world' (Could not find a connection between 'world' and 'camera_color_optical_frame' because they are not part of the same tree.Tf has two or more unconnected trees.)
[move_group-8] [INFO] [1787480550.763365348] [move_group.moveit.moveit.ros.move_group.move_action]: Combined planning and execution request received for MoveGroup action. Forwarding to planning and execution pipeline.
[move_group-8] [WARN] [1787480550.763390079] [move_group.moveit.moveit.ros.move_group.capability]: Execution of motions should always start at the robot's current state. Ignoring the state supplied as start state in the motion planning request
[move_group-8] [WARN] [1787480550.763409465] [move_group.moveit.moveit.ros.move_group.capability]: Execution of motions should always start at the robot's current state. Ignoring the state supplied as difference in the planning scene diff
[move_group-8] [INFO] [1787480550.763421507] [move_group.moveit.moveit.ros.plan_execution]: Planning attempt 1 of at most 1
[move_group-8] [INFO] [1787480550.763586031] [move_group]: Calling PlanningRequestAdapter 'CheckStartStateBounds'
[move_group-8] [INFO] [1787480550.763626486] [move_group]: Calling PlanningRequestAdapter 'CheckStartStateCollision'
[move_group-8] [INFO] [1787480550.763684226] [move_group]: Calling PlanningRequestAdapter 'ResolveConstraintFrames'
[move_group-8] [INFO] [1787480550.763701801] [move_group]: Calling PlanningRequestAdapter 'ValidateWorkspaceBounds'
[move_group-8] [INFO] [1787480550.764111311] [move_group.moveit.moveit.planners.ompl.model_based_planning_context]: Planner configuration 'ar_manipulator' will use planner 'geometric::RRTConnect'. Additional configuration parameters will be set when the planner is constructed.
[move_group-8] [INFO] [1787480550.764212333] [move_group]: Calling Planner 'OMPL'
[move_group-8] [INFO] [1787480550.787810380] [move_group]: Calling PlanningResponseAdapter 'AddTimeOptimalParameterization'
[move_group-8] [WARN] [1787480550.787867255] [move_group.moveit.moveit.core.time_optimal_trajectory_generation]: Invalid max_velocity_scaling_factor 0.000000 specified, defaulting to 1.000000 instead.
[move_group-8] [WARN] [1787480550.787880481] [move_group.moveit.moveit.core.time_optimal_trajectory_generation]: Invalid max_acceleration_scaling_factor 0.000000 specified, defaulting to 1.000000 instead.
[move_group-8] [INFO] [1787480550.788978372] [move_group]: Calling PlanningResponseAdapter 'ValidateSolution'
[move_group-8] [WARN] [1787480550.789269872] [move_group.moveit.moveit.ros.planning_pipeline]: The planner plugin did not fill out the 'planner_id' field of the MotionPlanResponse. Setting it to the planner ID name of the MotionPlanRequest assuming that the planner plugin does warn you if it does not use the requested planner.
[move_group-8] [INFO] [1787480550.789381851] [move_group.moveit.moveit.plugins.simple_controller_manager]: Returned 2 controllers in list
[move_group-8] [INFO] [1787480550.789412542] [move_group.moveit.moveit.plugins.simple_controller_manager]: Returned 2 controllers in list
[move_group-8] [INFO] [1787480550.789836492] [move_group.moveit.moveit.ros.trajectory_execution_manager]: Validating trajectory with allowed_start_tolerance 0.01
[move_group-8] [INFO] [1787480550.798651771] [move_group.moveit.moveit.ros.trajectory_execution_manager]: Starting trajectory execution ...
[move_group-8] [INFO] [1787480550.798733168] [move_group.moveit.moveit.plugins.simple_controller_manager]: Returned 2 controllers in list
[move_group-8] [INFO] [1787480550.798771701] [move_group.moveit.moveit.plugins.simple_controller_manager]: Returned 2 controllers in list
[move_group-8] [INFO] [1787480550.798900041] [moveit.simple_controller_manager.follow_joint_trajectory_controller_handle]: sending trajectory to joint_trajectory_controller
[gazebo-2] [INFO] [1787480550.799170682] [joint_trajectory_controller]: Received new action goal
[gazebo-2] [INFO] [1787480550.799204031] [joint_trajectory_controller]: Accepted new action goal
[move_group-8] [INFO] [1787480550.799504955] [moveit.simple_controller_manager.follow_joint_trajectory_controller_handle]: joint_trajectory_controller started execution
[move_group-8] [INFO] [1787480550.799519415] [moveit.simple_controller_manager.follow_joint_trajectory_controller_handle]: Goal request accepted!
[gazebo-2] [INFO] [1787480553.869075437] [joint_trajectory_controller]: Goal reached, success!
[move_group-8] [INFO] [1787480553.899893856] [moveit.simple_controller_manager.follow_joint_trajectory_controller_handle]: Controller 'joint_trajectory_controller' successfully finished
[move_group-8] [INFO] [1787480553.903533615] [move_group.moveit.moveit.ros.trajectory_execution_manager]: Completed trajectory execution with status SUCCEEDED ...
[move_group-8] [INFO] [1787480553.908788652] [move_group.moveit.moveit.ros.move_group.move_action]: Solution was found and executed.
[move_group-8] [INFO] [1787480554.547935405] [move_group.moveit.moveit.ros.move_group.move_action]: MoveGroupMoveAction: Received request
[move_group-8] [INFO] [1787480554.548217805] [move_group.moveit.moveit.ros.move_group.move_action]: executing..
[move_group-8] [WARN] [1787480554.559427610] [move_group.moveit.moveit.ros.planning_scene_monitor]: Unable to transform object from frame 'calibration_target' to planning frame'world' (Could not find a connection between 'world' and 'calibration_target' because they are not part of the same tree.Tf has two or more unconnected trees.)
[move_group-8] [WARN] [1787480554.559489441] [move_group.moveit.moveit.ros.planning_scene_monitor]: Unable to transform object from frame 'camera_color_optical_frame' to planning frame'world' (Could not find a connection between 'world' and 'camera_color_optical_frame' because they are not part of the same tree.Tf has two or more unconnected trees.)
[move_group-8] [INFO] [1787480554.559523277] [move_group.moveit.moveit.ros.move_group.move_action]: Combined planning and execution request received for MoveGroup action. Forwarding to planning and execution pipeline.
[move_group-8] [WARN] [1787480554.559555561] [move_group.moveit.moveit.ros.move_group.capability]: Execution of motions should always start at the robot's current state. Ignoring the state supplied as start state in the motion planning request
[move_group-8] [WARN] [1787480554.559575425] [move_group.moveit.moveit.ros.move_group.capability]: Execution of motions should always start at the robot's current state. Ignoring the state supplied as difference in the planning scene diff
[move_group-8] [INFO] [1787480554.559588223] [move_group.moveit.moveit.ros.plan_execution]: Planning attempt 1 of at most 1
[move_group-8] [INFO] [1787480554.559711557] [move_group]: Calling PlanningRequestAdapter 'CheckStartStateBounds'
[move_group-8] [INFO] [1787480554.559763824] [move_group]: Calling PlanningRequestAdapter 'CheckStartStateCollision'
[move_group-8] [INFO] [1787480554.559806269] [move_group]: Calling PlanningRequestAdapter 'ResolveConstraintFrames'
[move_group-8] [INFO] [1787480554.559816828] [move_group]: Calling PlanningRequestAdapter 'ValidateWorkspaceBounds'
[move_group-8] [INFO] [1787480554.560028862] [move_group.moveit.moveit.planners.ompl.model_based_planning_context]: Planner configuration 'ar_manipulator' will use planner 'geometric::RRTConnect'. Additional configuration parameters will be set when the planner is constructed.
[move_group-8] [INFO] [1787480554.560179842] [move_group]: Calling Planner 'OMPL'
[move_group-8] [INFO] [1787480554.574676596] [move_group]: Calling PlanningResponseAdapter 'AddTimeOptimalParameterization'
[move_group-8] [WARN] [1787480554.574737562] [move_group.moveit.moveit.core.time_optimal_trajectory_generation]: Invalid max_velocity_scaling_factor 0.000000 specified, defaulting to 1.000000 instead.
[move_group-8] [WARN] [1787480554.574760331] [move_group.moveit.moveit.core.time_optimal_trajectory_generation]: Invalid max_acceleration_scaling_factor 0.000000 specified, defaulting to 1.000000 instead.
[move_group-8] [INFO] [1787480554.575109642] [move_group]: Calling PlanningResponseAdapter 'ValidateSolution'
[move_group-8] [WARN] [1787480554.575250621] [move_group.moveit.moveit.ros.planning_pipeline]: The planner plugin did not fill out the 'planner_id' field of the MotionPlanResponse. Setting it to the planner ID name of the MotionPlanRequest assuming that the planner plugin does warn you if it does not use the requested planner.
[move_group-8] [INFO] [1787480554.575354439] [move_group.moveit.moveit.plugins.simple_controller_manager]: Returned 2 controllers in list
[move_group-8] [INFO] [1787480554.575384394] [move_group.moveit.moveit.plugins.simple_controller_manager]: Returned 2 controllers in list
[move_group-8] [INFO] [1787480554.575450454] [move_group.moveit.moveit.ros.trajectory_execution_manager]: Validating trajectory with allowed_start_tolerance 0.01
[move_group-8] [INFO] [1787480554.576493819] [move_group.moveit.moveit.ros.trajectory_execution_manager]: Starting trajectory execution ...
[move_group-8] [INFO] [1787480554.576556934] [move_group.moveit.moveit.plugins.simple_controller_manager]: Returned 2 controllers in list
[move_group-8] [INFO] [1787480554.576590790] [move_group.moveit.moveit.plugins.simple_controller_manager]: Returned 2 controllers in list
[move_group-8] [INFO] [1787480554.576700888] [moveit.simple_controller_manager.follow_joint_trajectory_controller_handle]: sending trajectory to joint_trajectory_controller
[gazebo-2] [INFO] [1787480554.576937075] [joint_trajectory_controller]: Received new action goal
[gazebo-2] [INFO] [1787480554.576969130] [joint_trajectory_controller]: Accepted new action goal
[move_group-8] [INFO] [1787480554.577156306] [moveit.simple_controller_manager.follow_joint_trajectory_controller_handle]: joint_trajectory_controller started execution
[move_group-8] [INFO] [1787480554.577169701] [moveit.simple_controller_manager.follow_joint_trajectory_controller_handle]: Goal request accepted!
[gazebo-2] [INFO] [1787480555.869677980] [joint_trajectory_controller]: Goal reached, success!
[move_group-8] [INFO] [1787480555.877472720] [moveit.simple_controller_manager.follow_joint_trajectory_controller_handle]: Controller 'joint_trajectory_controller' successfully finished
[move_group-8] [INFO] [1787480555.903938354] [move_group.moveit.moveit.ros.trajectory_execution_manager]: Completed trajectory execution with status SUCCEEDED ...
[move_group-8] [INFO] [1787480555.906712742] [move_group.moveit.moveit.ros.move_group.move_action]: Solution was found and executed.
[move_group-8] [INFO] [1787480556.560416414] [move_group.moveit.moveit.ros.move_group.move_action]: MoveGroupMoveAction: Received request
[move_group-8] [INFO] [1787480556.560616288] [move_group.moveit.moveit.ros.move_group.move_action]: executing..
[move_group-8] [WARN] [1787480556.560936221] [move_group.moveit.moveit.ros.planning_scene_monitor]: Unable to transform object from frame 'calibration_target' to planning frame'world' (Could not find a connection between 'world' and 'calibration_target' because they are not part of the same tree.Tf has two or more unconnected trees.)
[move_group-8] [WARN] [1787480556.560970067] [move_group.moveit.moveit.ros.planning_scene_monitor]: Unable to transform object from frame 'camera_color_optical_frame' to planning frame'world' (Could not find a connection between 'world' and 'camera_color_optical_frame' because they are not part of the same tree.Tf has two or more unconnected trees.)
[move_group-8] [INFO] [1787480556.560993653] [move_group.moveit.moveit.ros.move_group.move_action]: Combined planning and execution request received for MoveGroup action. Forwarding to planning and execution pipeline.
[move_group-8] [WARN] [1787480556.561009457] [move_group.moveit.moveit.ros.move_group.capability]: Execution of motions should always start at the robot's current state. Ignoring the state supplied as start state in the motion planning request
[move_group-8] [WARN] [1787480556.561024564] [move_group.moveit.moveit.ros.move_group.capability]: Execution of motions should always start at the robot's current state. Ignoring the state supplied as difference in the planning scene diff
[move_group-8] [INFO] [1787480556.561034973] [move_group.moveit.moveit.ros.plan_execution]: Planning attempt 1 of at most 1
[move_group-8] [INFO] [1787480556.561136443] [move_group]: Calling PlanningRequestAdapter 'CheckStartStateBounds'
[move_group-8] [INFO] [1787480556.561168249] [move_group]: Calling PlanningRequestAdapter 'CheckStartStateCollision'
[move_group-8] [INFO] [1787480556.561218436] [move_group]: Calling PlanningRequestAdapter 'ResolveConstraintFrames'
[move_group-8] [INFO] [1787480556.561232309] [move_group]: Calling PlanningRequestAdapter 'ValidateWorkspaceBounds'
[move_group-8] [INFO] [1787480556.561435307] [move_group.moveit.moveit.planners.ompl.model_based_planning_context]: Planner configuration 'ar_manipulator' will use planner 'geometric::RRTConnect'. Additional configuration parameters will be set when the planner is constructed.
[move_group-8] [INFO] [1787480556.561532895] [move_group]: Calling Planner 'OMPL'
[move_group-8] [INFO] [1787480556.574143391] [move_group]: Calling PlanningResponseAdapter 'AddTimeOptimalParameterization'
[move_group-8] [WARN] [1787480556.574186702] [move_group.moveit.moveit.core.time_optimal_trajectory_generation]: Invalid max_velocity_scaling_factor 0.000000 specified, defaulting to 1.000000 instead.
[move_group-8] [WARN] [1787480556.574198047] [move_group.moveit.moveit.core.time_optimal_trajectory_generation]: Invalid max_acceleration_scaling_factor 0.000000 specified, defaulting to 1.000000 instead.
[move_group-8] [INFO] [1787480556.574999691] [move_group]: Calling PlanningResponseAdapter 'ValidateSolution'
[move_group-8] [WARN] [1787480556.575176645] [move_group.moveit.moveit.ros.planning_pipeline]: The planner plugin did not fill out the 'planner_id' field of the MotionPlanResponse. Setting it to the planner ID name of the MotionPlanRequest assuming that the planner plugin does warn you if it does not use the requested planner.
[move_group-8] [INFO] [1787480556.575251274] [move_group.moveit.moveit.plugins.simple_controller_manager]: Returned 2 controllers in list
[move_group-8] [INFO] [1787480556.575269605] [move_group.moveit.moveit.plugins.simple_controller_manager]: Returned 2 controllers in list
[move_group-8] [INFO] [1787480556.575329725] [move_group.moveit.moveit.ros.trajectory_execution_manager]: Validating trajectory with allowed_start_tolerance 0.01
[move_group-8] [INFO] [1787480556.578207668] [move_group.moveit.moveit.ros.trajectory_execution_manager]: Starting trajectory execution ...
[move_group-8] [INFO] [1787480556.578298578] [move_group.moveit.moveit.plugins.simple_controller_manager]: Returned 2 controllers in list
[move_group-8] [INFO] [1787480556.578444055] [move_group.moveit.moveit.plugins.simple_controller_manager]: Returned 2 controllers in list
[move_group-8] [INFO] [1787480556.578586914] [moveit.simple_controller_manager.follow_joint_trajectory_controller_handle]: sending trajectory to joint_trajectory_controller
[gazebo-2] [INFO] [1787480556.580605303] [joint_trajectory_controller]: Received new action goal
[gazebo-2] [INFO] [1787480556.580652953] [joint_trajectory_controller]: Accepted new action goal
[move_group-8] [INFO] [1787480556.581240810] [moveit.simple_controller_manager.follow_joint_trajectory_controller_handle]: joint_trajectory_controller started execution
[move_group-8] [INFO] [1787480556.581273890] [moveit.simple_controller_manager.follow_joint_trajectory_controller_handle]: Goal request accepted!
[gazebo-2] [INFO] [1787480559.387548787] [joint_trajectory_controller]: Goal reached, success!
[move_group-8] [INFO] [1787480559.431093655] [moveit.simple_controller_manager.follow_joint_trajectory_controller_handle]: Controller 'joint_trajectory_controller' successfully finished
[move_group-8] [INFO] [1787480559.472144293] [move_group.moveit.moveit.ros.trajectory_execution_manager]: Completed trajectory execution with status SUCCEEDED ...
[move_group-8] [INFO] [1787480559.478335047] [move_group.moveit.moveit.ros.move_group.move_action]: Solution was found and executed.
[move_group-8] [INFO] [1787480560.177058308] [move_group.moveit.moveit.ros.move_group.move_action]: MoveGroupMoveAction: Received request
[move_group-8] [INFO] [1787480560.177253115] [move_group.moveit.moveit.ros.move_group.move_action]: executing..
[move_group-8] [WARN] [1787480560.186169401] [move_group.moveit.moveit.ros.planning_scene_monitor]: Unable to transform object from frame 'calibration_target' to planning frame'world' (Could not find a connection between 'world' and 'calibration_target' because they are not part of the same tree.Tf has two or more unconnected trees.)
[move_group-8] [WARN] [1787480560.186239339] [move_group.moveit.moveit.ros.planning_scene_monitor]: Unable to transform object from frame 'camera_color_optical_frame' to planning frame'world' (Could not find a connection between 'world' and 'camera_color_optical_frame' because they are not part of the same tree.Tf has two or more unconnected trees.)
[move_group-8] [INFO] [1787480560.186309794] [move_group.moveit.moveit.ros.move_group.move_action]: Combined planning and execution request received for MoveGroup action. Forwarding to planning and execution pipeline.
[move_group-8] [WARN] [1787480560.186342054] [move_group.moveit.moveit.ros.move_group.capability]: Execution of motions should always start at the robot's current state. Ignoring the state supplied as start state in the motion planning request
[move_group-8] [WARN] [1787480560.186365211] [move_group.moveit.moveit.ros.move_group.capability]: Execution of motions should always start at the robot's current state. Ignoring the state supplied as difference in the planning scene diff
[move_group-8] [INFO] [1787480560.186376613] [move_group.moveit.moveit.ros.plan_execution]: Planning attempt 1 of at most 1
[move_group-8] [INFO] [1787480560.186511168] [move_group]: Calling PlanningRequestAdapter 'CheckStartStateBounds'
[move_group-8] [INFO] [1787480560.186546811] [move_group]: Calling PlanningRequestAdapter 'CheckStartStateCollision'
[move_group-8] [INFO] [1787480560.186594933] [move_group]: Calling PlanningRequestAdapter 'ResolveConstraintFrames'
[move_group-8] [INFO] [1787480560.186615253] [move_group]: Calling PlanningRequestAdapter 'ValidateWorkspaceBounds'
[move_group-8] [INFO] [1787480560.186891942] [move_group.moveit.moveit.planners.ompl.model_based_planning_context]: Planner configuration 'ar_manipulator' will use planner 'geometric::RRTConnect'. Additional configuration parameters will be set when the planner is constructed.
[move_group-8] [INFO] [1787480560.186971873] [move_group]: Calling Planner 'OMPL'
[move_group-8] [INFO] [1787480560.220310121] [move_group]: Calling PlanningResponseAdapter 'AddTimeOptimalParameterization'
[move_group-8] [WARN] [1787480560.220374299] [move_group.moveit.moveit.core.time_optimal_trajectory_generation]: Invalid max_velocity_scaling_factor 0.000000 specified, defaulting to 1.000000 instead.
[move_group-8] [WARN] [1787480560.220394277] [move_group.moveit.moveit.core.time_optimal_trajectory_generation]: Invalid max_acceleration_scaling_factor 0.000000 specified, defaulting to 1.000000 instead.
[move_group-8] [INFO] [1787480560.222354668] [move_group]: Calling PlanningResponseAdapter 'ValidateSolution'
[move_group-8] [WARN] [1787480560.222583871] [move_group.moveit.moveit.ros.planning_pipeline]: The planner plugin did not fill out the 'planner_id' field of the MotionPlanResponse. Setting it to the planner ID name of the MotionPlanRequest assuming that the planner plugin does warn you if it does not use the requested planner.
[move_group-8] [INFO] [1787480560.222679341] [move_group.moveit.moveit.plugins.simple_controller_manager]: Returned 2 controllers in list
[move_group-8] [INFO] [1787480560.222700678] [move_group.moveit.moveit.plugins.simple_controller_manager]: Returned 2 controllers in list
[move_group-8] [INFO] [1787480560.222743979] [move_group.moveit.moveit.ros.trajectory_execution_manager]: Validating trajectory with allowed_start_tolerance 0.01
[move_group-8] [INFO] [1787480560.238585113] [move_group.moveit.moveit.ros.trajectory_execution_manager]: Starting trajectory execution ...
[move_group-8] [INFO] [1787480560.238831332] [move_group.moveit.moveit.plugins.simple_controller_manager]: Returned 2 controllers in list
[move_group-8] [INFO] [1787480560.238861656] [move_group.moveit.moveit.plugins.simple_controller_manager]: Returned 2 controllers in list
[move_group-8] [INFO] [1787480560.238993786] [moveit.simple_controller_manager.follow_joint_trajectory_controller_handle]: sending trajectory to joint_trajectory_controller
[gazebo-2] [INFO] [1787480560.239321716] [joint_trajectory_controller]: Received new action goal
[gazebo-2] [INFO] [1787480560.239358748] [joint_trajectory_controller]: Accepted new action goal
[move_group-8] [INFO] [1787480560.239577767] [moveit.simple_controller_manager.follow_joint_trajectory_controller_handle]: joint_trajectory_controller started execution
[move_group-8] [INFO] [1787480560.239592113] [moveit.simple_controller_manager.follow_joint_trajectory_controller_handle]: Goal request accepted!
[gazebo-2] [INFO] [1787480564.253814626] [joint_trajectory_controller]: Goal reached, success!
[move_group-8] [INFO] [1787480564.289810611] [moveit.simple_controller_manager.follow_joint_trajectory_controller_handle]: Controller 'joint_trajectory_controller' successfully finished
[move_group-8] [INFO] [1787480564.339226858] [move_group.moveit.moveit.ros.trajectory_execution_manager]: Completed trajectory execution with status SUCCEEDED ...
[move_group-8] [INFO] [1787480564.348728079] [move_group.moveit.moveit.ros.move_group.move_action]: Solution was found and executed.
[move_group-8] [INFO] [1787480564.991460555] [move_group.moveit.moveit.ros.move_group.move_action]: MoveGroupMoveAction: Received request
[move_group-8] [INFO] [1787480564.991689768] [move_group.moveit.moveit.ros.move_group.move_action]: executing..
[move_group-8] [WARN] [1787480565.004547807] [move_group.moveit.moveit.ros.planning_scene_monitor]: Unable to transform object from frame 'calibration_target' to planning frame'world' (Could not find a connection between 'world' and 'calibration_target' because they are not part of the same tree.Tf has two or more unconnected trees.)
[move_group-8] [WARN] [1787480565.004657124] [move_group.moveit.moveit.ros.planning_scene_monitor]: Unable to transform object from frame 'camera_color_optical_frame' to planning frame'world' (Could not find a connection between 'world' and 'camera_color_optical_frame' because they are not part of the same tree.Tf has two or more unconnected trees.)
[move_group-8] [INFO] [1787480565.004695994] [move_group.moveit.moveit.ros.move_group.move_action]: Combined planning and execution request received for MoveGroup action. Forwarding to planning and execution pipeline.
[move_group-8] [WARN] [1787480565.004718162] [move_group.moveit.moveit.ros.move_group.capability]: Execution of motions should always start at the robot's current state. Ignoring the state supplied as start state in the motion planning request
[move_group-8] [WARN] [1787480565.004735529] [move_group.moveit.moveit.ros.move_group.capability]: Execution of motions should always start at the robot's current state. Ignoring the state supplied as difference in the planning scene diff
[move_group-8] [INFO] [1787480565.004746922] [move_group.moveit.moveit.ros.plan_execution]: Planning attempt 1 of at most 1
[move_group-8] [INFO] [1787480565.004916739] [move_group]: Calling PlanningRequestAdapter 'CheckStartStateBounds'
[move_group-8] [INFO] [1787480565.004963853] [move_group]: Calling PlanningRequestAdapter 'CheckStartStateCollision'
[move_group-8] [INFO] [1787480565.005045222] [move_group]: Calling PlanningRequestAdapter 'ResolveConstraintFrames'
[move_group-8] [INFO] [1787480565.005064945] [move_group]: Calling PlanningRequestAdapter 'ValidateWorkspaceBounds'
[move_group-8] [INFO] [1787480565.005403397] [move_group.moveit.moveit.planners.ompl.model_based_planning_context]: Planner configuration 'ar_manipulator' will use planner 'geometric::RRTConnect'. Additional configuration parameters will be set when the planner is constructed.
[move_group-8] [INFO] [1787480565.006435581] [move_group]: Calling Planner 'OMPL'
[move_group-8] [INFO] [1787480565.010194679] [move_group]: Calling PlanningResponseAdapter 'AddTimeOptimalParameterization'
[move_group-8] [WARN] [1787480565.010242555] [move_group.moveit.moveit.core.time_optimal_trajectory_generation]: Invalid max_velocity_scaling_factor 0.000000 specified, defaulting to 1.000000 instead.
[move_group-8] [WARN] [1787480565.010255013] [move_group.moveit.moveit.core.time_optimal_trajectory_generation]: Invalid max_acceleration_scaling_factor 0.000000 specified, defaulting to 1.000000 instead.
[move_group-8] [INFO] [1787480565.011255714] [move_group]: Calling PlanningResponseAdapter 'ValidateSolution'
[move_group-8] [WARN] [1787480565.011626773] [move_group.moveit.moveit.ros.planning_pipeline]: The planner plugin did not fill out the 'planner_id' field of the MotionPlanResponse. Setting it to the planner ID name of the MotionPlanRequest assuming that the planner plugin does warn you if it does not use the requested planner.
[move_group-8] [INFO] [1787480565.011774031] [move_group.moveit.moveit.plugins.simple_controller_manager]: Returned 2 controllers in list
[move_group-8] [INFO] [1787480565.011794811] [move_group.moveit.moveit.plugins.simple_controller_manager]: Returned 2 controllers in list
[move_group-8] [INFO] [1787480565.011865501] [move_group.moveit.moveit.ros.trajectory_execution_manager]: Validating trajectory with allowed_start_tolerance 0.01
[move_group-8] [INFO] [1787480565.021612627] [move_group.moveit.moveit.ros.trajectory_execution_manager]: Starting trajectory execution ...
[move_group-8] [INFO] [1787480565.021688774] [move_group.moveit.moveit.plugins.simple_controller_manager]: Returned 2 controllers in list
[move_group-8] [INFO] [1787480565.021722609] [move_group.moveit.moveit.plugins.simple_controller_manager]: Returned 2 controllers in list
[move_group-8] [INFO] [1787480565.021828522] [moveit.simple_controller_manager.follow_joint_trajectory_controller_handle]: sending trajectory to joint_trajectory_controller
[gazebo-2] [INFO] [1787480565.022452914] [joint_trajectory_controller]: Received new action goal
[gazebo-2] [INFO] [1787480565.022492478] [joint_trajectory_controller]: Accepted new action goal
[move_group-8] [INFO] [1787480565.022722445] [moveit.simple_controller_manager.follow_joint_trajectory_controller_handle]: joint_trajectory_controller started execution
[move_group-8] [INFO] [1787480565.022736771] [moveit.simple_controller_manager.follow_joint_trajectory_controller_handle]: Goal request accepted!
[gazebo-2] [INFO] [1787480567.494192994] [joint_trajectory_controller]: Goal reached, success!
[move_group-8] [INFO] [1787480567.522921948] [moveit.simple_controller_manager.follow_joint_trajectory_controller_handle]: Controller 'joint_trajectory_controller' successfully finished
[move_group-8] [INFO] [1787480567.562390930] [move_group.moveit.moveit.ros.trajectory_execution_manager]: Completed trajectory execution with status SUCCEEDED ...
[move_group-8] [INFO] [1787480567.571734765] [move_group.moveit.moveit.ros.move_group.move_action]: Solution was found and executed.
[move_group-8] [INFO] [1787480569.169038150] [move_group.moveit.moveit.ros.move_group.move_action]: MoveGroupMoveAction: Received request
[move_group-8] [INFO] [1787480569.169229305] [move_group.moveit.moveit.ros.move_group.move_action]: executing..
[move_group-8] [WARN] [1787480569.183601139] [move_group.moveit.moveit.ros.planning_scene_monitor]: Unable to transform object from frame 'calibration_target' to planning frame'world' (Could not find a connection between 'world' and 'calibration_target' because they are not part of the same tree.Tf has two or more unconnected trees.)
[move_group-8] [WARN] [1787480569.183676232] [move_group.moveit.moveit.ros.planning_scene_monitor]: Unable to transform object from frame 'camera_color_optical_frame' to planning frame'world' (Could not find a connection between 'world' and 'camera_color_optical_frame' because they are not part of the same tree.Tf has two or more unconnected trees.)
[move_group-8] [INFO] [1787480569.183716801] [move_group.moveit.moveit.ros.move_group.move_action]: Combined planning and execution request received for MoveGroup action. Forwarding to planning and execution pipeline.
[move_group-8] [WARN] [1787480569.183740141] [move_group.moveit.moveit.ros.move_group.capability]: Execution of motions should always start at the robot's current state. Ignoring the state supplied as start state in the motion planning request
[move_group-8] [WARN] [1787480569.183761689] [move_group.moveit.moveit.ros.move_group.capability]: Execution of motions should always start at the robot's current state. Ignoring the state supplied as difference in the planning scene diff
[move_group-8] [INFO] [1787480569.183773712] [move_group.moveit.moveit.ros.plan_execution]: Planning attempt 1 of at most 1
[move_group-8] [INFO] [1787480569.183898889] [move_group]: Calling PlanningRequestAdapter 'CheckStartStateBounds'
[move_group-8] [INFO] [1787480569.183933546] [move_group]: Calling PlanningRequestAdapter 'CheckStartStateCollision'
[move_group-8] [INFO] [1787480569.183991191] [move_group]: Calling PlanningRequestAdapter 'ResolveConstraintFrames'
[move_group-8] [INFO] [1787480569.184007781] [move_group]: Calling PlanningRequestAdapter 'ValidateWorkspaceBounds'
[move_group-8] [INFO] [1787480569.184282391] [move_group.moveit.moveit.planners.ompl.model_based_planning_context]: Planner configuration 'ar_manipulator' will use planner 'geometric::RRTConnect'. Additional configuration parameters will be set when the planner is constructed.
[move_group-8] [INFO] [1787480569.184365922] [move_group]: Calling Planner 'OMPL'
[move_group-8] [INFO] [1787480569.197210755] [move_group]: Calling PlanningResponseAdapter 'AddTimeOptimalParameterization'
[move_group-8] [WARN] [1787480569.197316825] [move_group.moveit.moveit.core.time_optimal_trajectory_generation]: Invalid max_velocity_scaling_factor 0.000000 specified, defaulting to 1.000000 instead.
[move_group-8] [WARN] [1787480569.197345342] [move_group.moveit.moveit.core.time_optimal_trajectory_generation]: Invalid max_acceleration_scaling_factor 0.000000 specified, defaulting to 1.000000 instead.
[move_group-8] [INFO] [1787480569.197894209] [move_group]: Calling PlanningResponseAdapter 'ValidateSolution'
[move_group-8] [WARN] [1787480569.198074781] [move_group.moveit.moveit.ros.planning_pipeline]: The planner plugin did not fill out the 'planner_id' field of the MotionPlanResponse. Setting it to the planner ID name of the MotionPlanRequest assuming that the planner plugin does warn you if it does not use the requested planner.
[move_group-8] [INFO] [1787480569.198186772] [move_group.moveit.moveit.plugins.simple_controller_manager]: Returned 2 controllers in list
[move_group-8] [INFO] [1787480569.198210713] [move_group.moveit.moveit.plugins.simple_controller_manager]: Returned 2 controllers in list
[move_group-8] [INFO] [1787480569.198284910] [move_group.moveit.moveit.ros.trajectory_execution_manager]: Validating trajectory with allowed_start_tolerance 0.01
[move_group-8] [INFO] [1787480569.200839371] [move_group.moveit.moveit.ros.trajectory_execution_manager]: Starting trajectory execution ...
[move_group-8] [INFO] [1787480569.200962679] [move_group.moveit.moveit.plugins.simple_controller_manager]: Returned 2 controllers in list
[move_group-8] [INFO] [1787480569.201017435] [move_group.moveit.moveit.plugins.simple_controller_manager]: Returned 2 controllers in list
[move_group-8] [INFO] [1787480569.201168145] [moveit.simple_controller_manager.follow_joint_trajectory_controller_handle]: sending trajectory to joint_trajectory_controller
[gazebo-2] [INFO] [1787480569.201832460] [joint_trajectory_controller]: Received new action goal
[gazebo-2] [INFO] [1787480569.201863761] [joint_trajectory_controller]: Accepted new action goal
[move_group-8] [INFO] [1787480569.202064236] [moveit.simple_controller_manager.follow_joint_trajectory_controller_handle]: joint_trajectory_controller started execution
[move_group-8] [INFO] [1787480569.202078195] [moveit.simple_controller_manager.follow_joint_trajectory_controller_handle]: Goal request accepted!
[gazebo-2] [INFO] [1787480570.417582249] [joint_trajectory_controller]: Goal reached, success!
[move_group-8] [INFO] [1787480570.452364525] [moveit.simple_controller_manager.follow_joint_trajectory_controller_handle]: Controller 'joint_trajectory_controller' successfully finished
[move_group-8] [INFO] [1787480570.502687290] [move_group.moveit.moveit.ros.trajectory_execution_manager]: Completed trajectory execution with status SUCCEEDED ...
[move_group-8] [INFO] [1787480570.510984704] [move_group.moveit.moveit.ros.move_group.move_action]: Solution was found and executed.
[move_group-8] [INFO] [1787480571.219269812] [move_group.moveit.moveit.ros.move_group.move_action]: MoveGroupMoveAction: Received request
[move_group-8] [INFO] [1787480571.219523999] [move_group.moveit.moveit.ros.move_group.move_action]: executing..
[move_group-8] [WARN] [1787480571.227571327] [move_group.moveit.moveit.ros.planning_scene_monitor]: Unable to transform object from frame 'calibration_target' to planning frame'world' (Could not find a connection between 'world' and 'calibration_target' because they are not part of the same tree.Tf has two or more unconnected trees.)
[move_group-8] [WARN] [1787480571.227692318] [move_group.moveit.moveit.ros.planning_scene_monitor]: Unable to transform object from frame 'camera_color_optical_frame' to planning frame'world' (Could not find a connection between 'world' and 'camera_color_optical_frame' because they are not part of the same tree.Tf has two or more unconnected trees.)
[move_group-8] [INFO] [1787480571.227746703] [move_group.moveit.moveit.ros.move_group.move_action]: Combined planning and execution request received for MoveGroup action. Forwarding to planning and execution pipeline.
[move_group-8] [WARN] [1787480571.227775563] [move_group.moveit.moveit.ros.move_group.capability]: Execution of motions should always start at the robot's current state. Ignoring the state supplied as start state in the motion planning request
[move_group-8] [WARN] [1787480571.227804348] [move_group.moveit.moveit.ros.move_group.capability]: Execution of motions should always start at the robot's current state. Ignoring the state supplied as difference in the planning scene diff
[move_group-8] [INFO] [1787480571.227820175] [move_group.moveit.moveit.ros.plan_execution]: Planning attempt 1 of at most 1
[move_group-8] [INFO] [1787480571.228012379] [move_group]: Calling PlanningRequestAdapter 'CheckStartStateBounds'
[move_group-8] [INFO] [1787480571.228061557] [move_group]: Calling PlanningRequestAdapter 'CheckStartStateCollision'
[move_group-8] [INFO] [1787480571.228128117] [move_group]: Calling PlanningRequestAdapter 'ResolveConstraintFrames'
[move_group-8] [INFO] [1787480571.228153078] [move_group]: Calling PlanningRequestAdapter 'ValidateWorkspaceBounds'
[move_group-8] [INFO] [1787480571.228506136] [move_group.moveit.moveit.planners.ompl.model_based_planning_context]: Planner configuration 'ar_manipulator' will use planner 'geometric::RRTConnect'. Additional configuration parameters will be set when the planner is constructed.
[move_group-8] [INFO] [1787480571.228593471] [move_group]: Calling Planner 'OMPL'
[move_group-8] [INFO] [1787480571.243698401] [move_group]: Calling PlanningResponseAdapter 'AddTimeOptimalParameterization'
[move_group-8] [WARN] [1787480571.243761318] [move_group.moveit.moveit.core.time_optimal_trajectory_generation]: Invalid max_velocity_scaling_factor 0.000000 specified, defaulting to 1.000000 instead.
[move_group-8] [WARN] [1787480571.243786766] [move_group.moveit.moveit.core.time_optimal_trajectory_generation]: Invalid max_acceleration_scaling_factor 0.000000 specified, defaulting to 1.000000 instead.
[move_group-8] [INFO] [1787480571.244606524] [move_group]: Calling PlanningResponseAdapter 'ValidateSolution'
[move_group-8] [WARN] [1787480571.244830753] [move_group.moveit.moveit.ros.planning_pipeline]: The planner plugin did not fill out the 'planner_id' field of the MotionPlanResponse. Setting it to the planner ID name of the MotionPlanRequest assuming that the planner plugin does warn you if it does not use the requested planner.
[move_group-8] [INFO] [1787480571.244911329] [move_group.moveit.moveit.plugins.simple_controller_manager]: Returned 2 controllers in list
[move_group-8] [INFO] [1787480571.244967429] [move_group.moveit.moveit.plugins.simple_controller_manager]: Returned 2 controllers in list
[move_group-8] [INFO] [1787480571.245040501] [move_group.moveit.moveit.ros.trajectory_execution_manager]: Validating trajectory with allowed_start_tolerance 0.01
[move_group-8] [INFO] [1787480571.261233574] [move_group.moveit.moveit.ros.trajectory_execution_manager]: Starting trajectory execution ...
[move_group-8] [INFO] [1787480571.261317562] [move_group.moveit.moveit.plugins.simple_controller_manager]: Returned 2 controllers in list
[move_group-8] [INFO] [1787480571.261363747] [move_group.moveit.moveit.plugins.simple_controller_manager]: Returned 2 controllers in list
[move_group-8] [INFO] [1787480571.261523086] [moveit.simple_controller_manager.follow_joint_trajectory_controller_handle]: sending trajectory to joint_trajectory_controller
[gazebo-2] [INFO] [1787480571.261939062] [joint_trajectory_controller]: Received new action goal
[gazebo-2] [INFO] [1787480571.261970821] [joint_trajectory_controller]: Accepted new action goal
[move_group-8] [INFO] [1787480571.262150549] [moveit.simple_controller_manager.follow_joint_trajectory_controller_handle]: joint_trajectory_controller started execution
[move_group-8] [INFO] [1787480571.262164555] [moveit.simple_controller_manager.follow_joint_trajectory_controller_handle]: Goal request accepted!
[gazebo-2] [INFO] [1787480573.288113337] [joint_trajectory_controller]: Goal reached, success!
[move_group-8] [INFO] [1787480573.312355219] [moveit.simple_controller_manager.follow_joint_trajectory_controller_handle]: Controller 'joint_trajectory_controller' successfully finished
[move_group-8] [INFO] [1787480573.322823229] [move_group.moveit.moveit.ros.trajectory_execution_manager]: Completed trajectory execution with status SUCCEEDED ...
[move_group-8] [INFO] [1787480573.331381064] [move_group.moveit.moveit.ros.move_group.move_action]: Solution was found and executed.
[move_group-8] [INFO] [1787480575.041765857] [move_group.moveit.moveit.ros.move_group.move_action]: MoveGroupMoveAction: Received request
[move_group-8] [INFO] [1787480575.041958283] [move_group.moveit.moveit.ros.move_group.move_action]: executing..
[move_group-8] [WARN] [1787480575.047852489] [move_group.moveit.moveit.ros.planning_scene_monitor]: Unable to transform object from frame 'calibration_target' to planning frame'world' (Could not find a connection between 'world' and 'calibration_target' because they are not part of the same tree.Tf has two or more unconnected trees.)
[move_group-8] [WARN] [1787480575.047908391] [move_group.moveit.moveit.ros.planning_scene_monitor]: Unable to transform object from frame 'camera_color_optical_frame' to planning frame'world' (Could not find a connection between 'world' and 'camera_color_optical_frame' because they are not part of the same tree.Tf has two or more unconnected trees.)
[move_group-8] [INFO] [1787480575.047930656] [move_group.moveit.moveit.ros.move_group.move_action]: Combined planning and execution request received for MoveGroup action. Forwarding to planning and execution pipeline.
[move_group-8] [WARN] [1787480575.047975304] [move_group.moveit.moveit.ros.move_group.capability]: Execution of motions should always start at the robot's current state. Ignoring the state supplied as start state in the motion planning request
[move_group-8] [WARN] [1787480575.047996028] [move_group.moveit.moveit.ros.move_group.capability]: Execution of motions should always start at the robot's current state. Ignoring the state supplied as difference in the planning scene diff
[move_group-8] [INFO] [1787480575.048008117] [move_group.moveit.moveit.ros.plan_execution]: Planning attempt 1 of at most 1
[move_group-8] [INFO] [1787480575.048138498] [move_group]: Calling PlanningRequestAdapter 'CheckStartStateBounds'
[move_group-8] [INFO] [1787480575.048195009] [move_group]: Calling PlanningRequestAdapter 'CheckStartStateCollision'
[move_group-8] [INFO] [1787480575.048253885] [move_group]: Calling PlanningRequestAdapter 'ResolveConstraintFrames'
[move_group-8] [INFO] [1787480575.048281821] [move_group]: Calling PlanningRequestAdapter 'ValidateWorkspaceBounds'
[move_group-8] [INFO] [1787480575.048567968] [move_group.moveit.moveit.planners.ompl.model_based_planning_context]: Planner configuration 'ar_manipulator' will use planner 'geometric::RRTConnect'. Additional configuration parameters will be set when the planner is constructed.
[move_group-8] [INFO] [1787480575.048645880] [move_group]: Calling Planner 'OMPL'
[move_group-8] [INFO] [1787480575.071847234] [move_group]: Calling PlanningResponseAdapter 'AddTimeOptimalParameterization'
[move_group-8] [WARN] [1787480575.071901743] [move_group.moveit.moveit.core.time_optimal_trajectory_generation]: Invalid max_velocity_scaling_factor 0.000000 specified, defaulting to 1.000000 instead.
[move_group-8] [WARN] [1787480575.071915932] [move_group.moveit.moveit.core.time_optimal_trajectory_generation]: Invalid max_acceleration_scaling_factor 0.000000 specified, defaulting to 1.000000 instead.
[move_group-8] [INFO] [1787480575.073701363] [move_group]: Calling PlanningResponseAdapter 'ValidateSolution'
[move_group-8] [WARN] [1787480575.073891385] [move_group.moveit.moveit.ros.planning_pipeline]: The planner plugin did not fill out the 'planner_id' field of the MotionPlanResponse. Setting it to the planner ID name of the MotionPlanRequest assuming that the planner plugin does warn you if it does not use the requested planner.
[move_group-8] [INFO] [1787480575.074001306] [move_group.moveit.moveit.plugins.simple_controller_manager]: Returned 2 controllers in list
[move_group-8] [INFO] [1787480575.074021334] [move_group.moveit.moveit.plugins.simple_controller_manager]: Returned 2 controllers in list
[move_group-8] [INFO] [1787480575.074074332] [move_group.moveit.moveit.ros.trajectory_execution_manager]: Validating trajectory with allowed_start_tolerance 0.01
[move_group-8] [INFO] [1787480575.080428908] [move_group.moveit.moveit.ros.trajectory_execution_manager]: Starting trajectory execution ...
[move_group-8] [INFO] [1787480575.080497076] [move_group.moveit.moveit.plugins.simple_controller_manager]: Returned 2 controllers in list
[move_group-8] [INFO] [1787480575.080528026] [move_group.moveit.moveit.plugins.simple_controller_manager]: Returned 2 controllers in list
[move_group-8] [INFO] [1787480575.080643128] [moveit.simple_controller_manager.follow_joint_trajectory_controller_handle]: sending trajectory to joint_trajectory_controller
[gazebo-2] [INFO] [1787480575.080848565] [joint_trajectory_controller]: Received new action goal
[gazebo-2] [INFO] [1787480575.080873568] [joint_trajectory_controller]: Accepted new action goal
[move_group-8] [INFO] [1787480575.081042512] [moveit.simple_controller_manager.follow_joint_trajectory_controller_handle]: joint_trajectory_controller started execution
[move_group-8] [INFO] [1787480575.081056024] [moveit.simple_controller_manager.follow_joint_trajectory_controller_handle]: Goal request accepted!
[gazebo-2] [INFO] [1787480579.026601863] [joint_trajectory_controller]: Goal reached, success!
[move_group-8] [INFO] [1787480579.031336121] [moveit.simple_controller_manager.follow_joint_trajectory_controller_handle]: Controller 'joint_trajectory_controller' successfully finished
[move_group-8] [INFO] [1787480579.077602261] [move_group.moveit.moveit.ros.trajectory_execution_manager]: Completed trajectory execution with status SUCCEEDED ...
[move_group-8] [INFO] [1787480579.080558253] [move_group.moveit.moveit.ros.move_group.move_action]: Solution was found and executed.
[move_group-8] [INFO] [1787480579.758662748] [move_group.moveit.moveit.ros.move_group.move_action]: MoveGroupMoveAction: Received request
[move_group-8] [INFO] [1787480579.758955744] [move_group.moveit.moveit.ros.move_group.move_action]: executing..
[move_group-8] [WARN] [1787480579.765785592] [move_group.moveit.moveit.ros.planning_scene_monitor]: Unable to transform object from frame 'calibration_target' to planning frame'world' (Could not find a connection between 'world' and 'calibration_target' because they are not part of the same tree.Tf has two or more unconnected trees.)
[move_group-8] [WARN] [1787480579.765870677] [move_group.moveit.moveit.ros.planning_scene_monitor]: Unable to transform object from frame 'camera_color_optical_frame' to planning frame'world' (Could not find a connection between 'world' and 'camera_color_optical_frame' because they are not part of the same tree.Tf has two or more unconnected trees.)
[move_group-8] [INFO] [1787480579.765906906] [move_group.moveit.moveit.ros.move_group.move_action]: Combined planning and execution request received for MoveGroup action. Forwarding to planning and execution pipeline.
[move_group-8] [WARN] [1787480579.765928866] [move_group.moveit.moveit.ros.move_group.capability]: Execution of motions should always start at the robot's current state. Ignoring the state supplied as start state in the motion planning request
[move_group-8] [WARN] [1787480579.765947795] [move_group.moveit.moveit.ros.move_group.capability]: Execution of motions should always start at the robot's current state. Ignoring the state supplied as difference in the planning scene diff
[move_group-8] [INFO] [1787480579.765959050] [move_group.moveit.moveit.ros.plan_execution]: Planning attempt 1 of at most 1
[move_group-8] [INFO] [1787480579.766129976] [move_group]: Calling PlanningRequestAdapter 'CheckStartStateBounds'
[move_group-8] [INFO] [1787480579.766192669] [move_group]: Calling PlanningRequestAdapter 'CheckStartStateCollision'
[move_group-8] [INFO] [1787480579.766253861] [move_group]: Calling PlanningRequestAdapter 'ResolveConstraintFrames'
[move_group-8] [INFO] [1787480579.766270994] [move_group]: Calling PlanningRequestAdapter 'ValidateWorkspaceBounds'
[move_group-8] [INFO] [1787480579.766580720] [move_group.moveit.moveit.planners.ompl.model_based_planning_context]: Planner configuration 'ar_manipulator' will use planner 'geometric::RRTConnect'. Additional configuration parameters will be set when the planner is constructed.
[move_group-8] [INFO] [1787480579.766682458] [move_group]: Calling Planner 'OMPL'
[move_group-8] [INFO] [1787480579.779423872] [move_group]: Calling PlanningResponseAdapter 'AddTimeOptimalParameterization'
[move_group-8] [WARN] [1787480579.779477262] [move_group.moveit.moveit.core.time_optimal_trajectory_generation]: Invalid max_velocity_scaling_factor 0.000000 specified, defaulting to 1.000000 instead.
[move_group-8] [WARN] [1787480579.779490755] [move_group.moveit.moveit.core.time_optimal_trajectory_generation]: Invalid max_acceleration_scaling_factor 0.000000 specified, defaulting to 1.000000 instead.
[move_group-8] [INFO] [1787480579.780162499] [move_group]: Calling PlanningResponseAdapter 'ValidateSolution'
[move_group-8] [WARN] [1787480579.780398749] [move_group.moveit.moveit.ros.planning_pipeline]: The planner plugin did not fill out the 'planner_id' field of the MotionPlanResponse. Setting it to the planner ID name of the MotionPlanRequest assuming that the planner plugin does warn you if it does not use the requested planner.
[move_group-8] [INFO] [1787480579.780494814] [move_group.moveit.moveit.plugins.simple_controller_manager]: Returned 2 controllers in list
[move_group-8] [INFO] [1787480579.780511722] [move_group.moveit.moveit.plugins.simple_controller_manager]: Returned 2 controllers in list
[move_group-8] [INFO] [1787480579.780557821] [move_group.moveit.moveit.ros.trajectory_execution_manager]: Validating trajectory with allowed_start_tolerance 0.01
[move_group-8] [INFO] [1787480579.785557416] [move_group.moveit.moveit.ros.trajectory_execution_manager]: Starting trajectory execution ...
[move_group-8] [INFO] [1787480579.785629254] [move_group.moveit.moveit.plugins.simple_controller_manager]: Returned 2 controllers in list
[move_group-8] [INFO] [1787480579.785663608] [move_group.moveit.moveit.plugins.simple_controller_manager]: Returned 2 controllers in list
[move_group-8] [INFO] [1787480579.785844171] [moveit.simple_controller_manager.follow_joint_trajectory_controller_handle]: sending trajectory to joint_trajectory_controller
[gazebo-2] [INFO] [1787480579.786053857] [joint_trajectory_controller]: Received new action goal
[gazebo-2] [INFO] [1787480579.786085130] [joint_trajectory_controller]: Accepted new action goal
[move_group-8] [INFO] [1787480579.786282306] [moveit.simple_controller_manager.follow_joint_trajectory_controller_handle]: joint_trajectory_controller started execution
[move_group-8] [INFO] [1787480579.786296829] [moveit.simple_controller_manager.follow_joint_trajectory_controller_handle]: Goal request accepted!
[gazebo-2] [INFO] [1787480582.509031629] [joint_trajectory_controller]: Goal reached, success!
[move_group-8] [INFO] [1787480583.239593573] [moveit.simple_controller_manager.follow_joint_trajectory_controller_handle]: Controller 'joint_trajectory_controller' successfully finished
[move_group-8] [INFO] [1787480583.280192377] [move_group.moveit.moveit.ros.trajectory_execution_manager]: Completed trajectory execution with status SUCCEEDED ...
[move_group-8] [INFO] [1787480583.288688400] [move_group.moveit.moveit.ros.move_group.move_action]: Solution was found and executed.
[move_group-8] [INFO] [1787480584.978603661] [move_group.moveit.moveit.ros.move_group.move_action]: MoveGroupMoveAction: Received request
[move_group-8] [INFO] [1787480584.978781274] [move_group.moveit.moveit.ros.move_group.move_action]: executing..
[move_group-8] [WARN] [1787480584.985349345] [move_group.moveit.moveit.ros.planning_scene_monitor]: Unable to transform object from frame 'calibration_target' to planning frame'world' (Could not find a connection between 'world' and 'calibration_target' because they are not part of the same tree.Tf has two or more unconnected trees.)
[move_group-8] [WARN] [1787480584.985405939] [move_group.moveit.moveit.ros.planning_scene_monitor]: Unable to transform object from frame 'camera_color_optical_frame' to planning frame'world' (Could not find a connection between 'world' and 'camera_color_optical_frame' because they are not part of the same tree.Tf has two or more unconnected trees.)
[move_group-8] [INFO] [1787480584.985454669] [move_group.moveit.moveit.ros.move_group.move_action]: Combined planning and execution request received for MoveGroup action. Forwarding to planning and execution pipeline.
[move_group-8] [WARN] [1787480584.985481210] [move_group.moveit.moveit.ros.move_group.capability]: Execution of motions should always start at the robot's current state. Ignoring the state supplied as start state in the motion planning request
[move_group-8] [WARN] [1787480584.985501999] [move_group.moveit.moveit.ros.move_group.capability]: Execution of motions should always start at the robot's current state. Ignoring the state supplied as difference in the planning scene diff
[move_group-8] [INFO] [1787480584.985513854] [move_group.moveit.moveit.ros.plan_execution]: Planning attempt 1 of at most 1
[move_group-8] [INFO] [1787480584.985641717] [move_group]: Calling PlanningRequestAdapter 'CheckStartStateBounds'
[move_group-8] [INFO] [1787480584.985681884] [move_group]: Calling PlanningRequestAdapter 'CheckStartStateCollision'
[move_group-8] [INFO] [1787480584.985734926] [move_group]: Calling PlanningRequestAdapter 'ResolveConstraintFrames'
[move_group-8] [INFO] [1787480584.985748782] [move_group]: Calling PlanningRequestAdapter 'ValidateWorkspaceBounds'
[move_group-8] [INFO] [1787480584.986032986] [move_group.moveit.moveit.planners.ompl.model_based_planning_context]: Planner configuration 'ar_manipulator' will use planner 'geometric::RRTConnect'. Additional configuration parameters will be set when the planner is constructed.
[move_group-8] [INFO] [1787480584.986125024] [move_group]: Calling Planner 'OMPL'
[move_group-8] [INFO] [1787480584.998579879] [move_group]: Calling PlanningResponseAdapter 'AddTimeOptimalParameterization'
[move_group-8] [WARN] [1787480584.998628419] [move_group.moveit.moveit.core.time_optimal_trajectory_generation]: Invalid max_velocity_scaling_factor 0.000000 specified, defaulting to 1.000000 instead.
[move_group-8] [WARN] [1787480584.998641505] [move_group.moveit.moveit.core.time_optimal_trajectory_generation]: Invalid max_acceleration_scaling_factor 0.000000 specified, defaulting to 1.000000 instead.
[move_group-8] [INFO] [1787480584.999716334] [move_group]: Calling PlanningResponseAdapter 'ValidateSolution'
[move_group-8] [WARN] [1787480584.999917599] [move_group.moveit.moveit.ros.planning_pipeline]: The planner plugin did not fill out the 'planner_id' field of the MotionPlanResponse. Setting it to the planner ID name of the MotionPlanRequest assuming that the planner plugin does warn you if it does not use the requested planner.
[move_group-8] [INFO] [1787480585.000019821] [move_group.moveit.moveit.plugins.simple_controller_manager]: Returned 2 controllers in list
[move_group-8] [INFO] [1787480585.000049124] [move_group.moveit.moveit.plugins.simple_controller_manager]: Returned 2 controllers in list
[move_group-8] [INFO] [1787480585.000175476] [move_group.moveit.moveit.ros.trajectory_execution_manager]: Validating trajectory with allowed_start_tolerance 0.01
[move_group-8] [INFO] [1787480585.002448291] [move_group.moveit.moveit.ros.trajectory_execution_manager]: Starting trajectory execution ...
[move_group-8] [INFO] [1787480585.002491059] [move_group.moveit.moveit.plugins.simple_controller_manager]: Returned 2 controllers in list
[move_group-8] [INFO] [1787480585.002521121] [move_group.moveit.moveit.plugins.simple_controller_manager]: Returned 2 controllers in list
[move_group-8] [INFO] [1787480585.002626255] [moveit.simple_controller_manager.follow_joint_trajectory_controller_handle]: sending trajectory to joint_trajectory_controller
[gazebo-2] [INFO] [1787480585.002867666] [joint_trajectory_controller]: Received new action goal
[gazebo-2] [INFO] [1787480585.002934984] [joint_trajectory_controller]: Accepted new action goal
[move_group-8] [INFO] [1787480585.003097748] [moveit.simple_controller_manager.follow_joint_trajectory_controller_handle]: joint_trajectory_controller started execution
[move_group-8] [INFO] [1787480585.003120547] [moveit.simple_controller_manager.follow_joint_trajectory_controller_handle]: Goal request accepted!
[gazebo-2] [INFO] [1787480588.335769340] [joint_trajectory_controller]: Goal reached, success!
[move_group-8] [INFO] [1787480588.353449339] [moveit.simple_controller_manager.follow_joint_trajectory_controller_handle]: Controller 'joint_trajectory_controller' successfully finished
[move_group-8] [INFO] [1787480588.407168228] [move_group.moveit.moveit.ros.trajectory_execution_manager]: Completed trajectory execution with status SUCCEEDED ...
[move_group-8] [INFO] [1787480588.412635179] [move_group.moveit.moveit.ros.move_group.move_action]: Solution was found and executed.
[move_group-8] [INFO] [1787480589.117703466] [move_group.moveit.moveit.ros.move_group.move_action]: MoveGroupMoveAction: Received request
[move_group-8] [INFO] [1787480589.117971893] [move_group.moveit.moveit.ros.move_group.move_action]: executing..
[move_group-8] [WARN] [1787480589.128215658] [move_group.moveit.moveit.ros.planning_scene_monitor]: Unable to transform object from frame 'calibration_target' to planning frame'world' (Could not find a connection between 'world' and 'calibration_target' because they are not part of the same tree.Tf has two or more unconnected trees.)
[move_group-8] [WARN] [1787480589.128319221] [move_group.moveit.moveit.ros.planning_scene_monitor]: Unable to transform object from frame 'camera_color_optical_frame' to planning frame'world' (Could not find a connection between 'world' and 'camera_color_optical_frame' because they are not part of the same tree.Tf has two or more unconnected trees.)
[move_group-8] [INFO] [1787480589.128354526] [move_group.moveit.moveit.ros.move_group.move_action]: Combined planning and execution request received for MoveGroup action. Forwarding to planning and execution pipeline.
[move_group-8] [WARN] [1787480589.128374675] [move_group.moveit.moveit.ros.move_group.capability]: Execution of motions should always start at the robot's current state. Ignoring the state supplied as start state in the motion planning request
[move_group-8] [WARN] [1787480589.128392942] [move_group.moveit.moveit.ros.move_group.capability]: Execution of motions should always start at the robot's current state. Ignoring the state supplied as difference in the planning scene diff
[move_group-8] [INFO] [1787480589.128404077] [move_group.moveit.moveit.ros.plan_execution]: Planning attempt 1 of at most 1
[move_group-8] [INFO] [1787480589.128560732] [move_group]: Calling PlanningRequestAdapter 'CheckStartStateBounds'
[move_group-8] [INFO] [1787480589.128593086] [move_group]: Calling PlanningRequestAdapter 'CheckStartStateCollision'
[move_group-8] [INFO] [1787480589.128651150] [move_group]: Calling PlanningRequestAdapter 'ResolveConstraintFrames'
[move_group-8] [INFO] [1787480589.128667067] [move_group]: Calling PlanningRequestAdapter 'ValidateWorkspaceBounds'
[move_group-8] [INFO] [1787480589.128952916] [move_group.moveit.moveit.planners.ompl.model_based_planning_context]: Planner configuration 'ar_manipulator' will use planner 'geometric::RRTConnect'. Additional configuration parameters will be set when the planner is constructed.
[move_group-8] [INFO] [1787480589.129025466] [move_group]: Calling Planner 'OMPL'
[move_group-8] [INFO] [1787480589.142558527] [move_group]: Calling PlanningResponseAdapter 'AddTimeOptimalParameterization'
[move_group-8] [WARN] [1787480589.142616682] [move_group.moveit.moveit.core.time_optimal_trajectory_generation]: Invalid max_velocity_scaling_factor 0.000000 specified, defaulting to 1.000000 instead.
[move_group-8] [WARN] [1787480589.142630177] [move_group.moveit.moveit.core.time_optimal_trajectory_generation]: Invalid max_acceleration_scaling_factor 0.000000 specified, defaulting to 1.000000 instead.
[move_group-8] [INFO] [1787480589.143357471] [move_group]: Calling PlanningResponseAdapter 'ValidateSolution'
[move_group-8] [WARN] [1787480589.143549551] [move_group.moveit.moveit.ros.planning_pipeline]: The planner plugin did not fill out the 'planner_id' field of the MotionPlanResponse. Setting it to the planner ID name of the MotionPlanRequest assuming that the planner plugin does warn you if it does not use the requested planner.
[move_group-8] [INFO] [1787480589.143642800] [move_group.moveit.moveit.plugins.simple_controller_manager]: Returned 2 controllers in list
[move_group-8] [INFO] [1787480589.143702045] [move_group.moveit.moveit.plugins.simple_controller_manager]: Returned 2 controllers in list
[move_group-8] [INFO] [1787480589.143776956] [move_group.moveit.moveit.ros.trajectory_execution_manager]: Validating trajectory with allowed_start_tolerance 0.01
[move_group-8] [INFO] [1787480589.145136810] [move_group.moveit.moveit.ros.trajectory_execution_manager]: Starting trajectory execution ...
[move_group-8] [INFO] [1787480589.145199116] [move_group.moveit.moveit.plugins.simple_controller_manager]: Returned 2 controllers in list
[move_group-8] [INFO] [1787480589.145232230] [move_group.moveit.moveit.plugins.simple_controller_manager]: Returned 2 controllers in list
[move_group-8] [INFO] [1787480589.145330691] [moveit.simple_controller_manager.follow_joint_trajectory_controller_handle]: sending trajectory to joint_trajectory_controller
[gazebo-2] [INFO] [1787480589.145545290] [joint_trajectory_controller]: Received new action goal
[gazebo-2] [INFO] [1787480589.145577844] [joint_trajectory_controller]: Accepted new action goal
[move_group-8] [INFO] [1787480589.145892986] [moveit.simple_controller_manager.follow_joint_trajectory_controller_handle]: joint_trajectory_controller started execution
[move_group-8] [INFO] [1787480589.145909383] [moveit.simple_controller_manager.follow_joint_trajectory_controller_handle]: Goal request accepted!
[gazebo-2] [INFO] [1787480591.408258080] [joint_trajectory_controller]: Goal reached, success!
[move_group-8] [INFO] [1787480591.446049820] [moveit.simple_controller_manager.follow_joint_trajectory_controller_handle]: Controller 'joint_trajectory_controller' successfully finished
[move_group-8] [INFO] [1787480591.459889868] [move_group.moveit.moveit.ros.trajectory_execution_manager]: Completed trajectory execution with status SUCCEEDED ...
[move_group-8] [INFO] [1787480591.465284522] [move_group.moveit.moveit.ros.move_group.move_action]: Solution was found and executed.
[move_group-8] [INFO] [1787480592.156844768] [move_group.moveit.moveit.ros.move_group.move_action]: MoveGroupMoveAction: Received request
[move_group-8] [INFO] [1787480592.157035837] [move_group.moveit.moveit.ros.move_group.move_action]: executing..
[move_group-8] [WARN] [1787480592.173609429] [move_group.moveit.moveit.ros.planning_scene_monitor]: Unable to transform object from frame 'calibration_target' to planning frame'world' (Could not find a connection between 'world' and 'calibration_target' because they are not part of the same tree.Tf has two or more unconnected trees.)
[move_group-8] [WARN] [1787480592.173687337] [move_group.moveit.moveit.ros.planning_scene_monitor]: Unable to transform object from frame 'camera_color_optical_frame' to planning frame'world' (Could not find a connection between 'world' and 'camera_color_optical_frame' because they are not part of the same tree.Tf has two or more unconnected trees.)
[move_group-8] [INFO] [1787480592.173724256] [move_group.moveit.moveit.ros.move_group.move_action]: Combined planning and execution request received for MoveGroup action. Forwarding to planning and execution pipeline.
[move_group-8] [WARN] [1787480592.173738562] [move_group.moveit.moveit.ros.move_group.capability]: Execution of motions should always start at the robot's current state. Ignoring the state supplied as start state in the motion planning request
[move_group-8] [WARN] [1787480592.173752001] [move_group.moveit.moveit.ros.move_group.capability]: Execution of motions should always start at the robot's current state. Ignoring the state supplied as difference in the planning scene diff
[move_group-8] [INFO] [1787480592.173758818] [move_group.moveit.moveit.ros.plan_execution]: Planning attempt 1 of at most 1
[move_group-8] [INFO] [1787480592.173864091] [move_group]: Calling PlanningRequestAdapter 'CheckStartStateBounds'
[move_group-8] [INFO] [1787480592.173890940] [move_group]: Calling PlanningRequestAdapter 'CheckStartStateCollision'
[move_group-8] [INFO] [1787480592.173929953] [move_group]: Calling PlanningRequestAdapter 'ResolveConstraintFrames'
[move_group-8] [INFO] [1787480592.173938834] [move_group]: Calling PlanningRequestAdapter 'ValidateWorkspaceBounds'
[move_group-8] [INFO] [1787480592.174163005] [move_group.moveit.moveit.planners.ompl.model_based_planning_context]: Planner configuration 'ar_manipulator' will use planner 'geometric::RRTConnect'. Additional configuration parameters will be set when the planner is constructed.
[move_group-8] [INFO] [1787480592.174243718] [move_group]: Calling Planner 'OMPL'
[move_group-8] [INFO] [1787480592.198628531] [move_group]: Calling PlanningResponseAdapter 'AddTimeOptimalParameterization'
[move_group-8] [WARN] [1787480592.198707715] [move_group.moveit.moveit.core.time_optimal_trajectory_generation]: Invalid max_velocity_scaling_factor 0.000000 specified, defaulting to 1.000000 instead.
[move_group-8] [WARN] [1787480592.198729636] [move_group.moveit.moveit.core.time_optimal_trajectory_generation]: Invalid max_acceleration_scaling_factor 0.000000 specified, defaulting to 1.000000 instead.
[move_group-8] [INFO] [1787480592.199478373] [move_group]: Calling PlanningResponseAdapter 'ValidateSolution'
[move_group-8] [WARN] [1787480592.199731701] [move_group.moveit.moveit.ros.planning_pipeline]: The planner plugin did not fill out the 'planner_id' field of the MotionPlanResponse. Setting it to the planner ID name of the MotionPlanRequest assuming that the planner plugin does warn you if it does not use the requested planner.
[move_group-8] [INFO] [1787480592.199852108] [move_group.moveit.moveit.plugins.simple_controller_manager]: Returned 2 controllers in list
[move_group-8] [INFO] [1787480592.199877146] [move_group.moveit.moveit.plugins.simple_controller_manager]: Returned 2 controllers in list
[move_group-8] [INFO] [1787480592.199938635] [move_group.moveit.moveit.ros.trajectory_execution_manager]: Validating trajectory with allowed_start_tolerance 0.01
[move_group-8] [INFO] [1787480592.207492793] [move_group.moveit.moveit.ros.trajectory_execution_manager]: Starting trajectory execution ...
[move_group-8] [INFO] [1787480592.207558810] [move_group.moveit.moveit.plugins.simple_controller_manager]: Returned 2 controllers in list
[move_group-8] [INFO] [1787480592.207587208] [move_group.moveit.moveit.plugins.simple_controller_manager]: Returned 2 controllers in list
[move_group-8] [INFO] [1787480592.207679247] [moveit.simple_controller_manager.follow_joint_trajectory_controller_handle]: sending trajectory to joint_trajectory_controller
[gazebo-2] [INFO] [1787480592.207895145] [joint_trajectory_controller]: Received new action goal
[gazebo-2] [INFO] [1787480592.207922481] [joint_trajectory_controller]: Accepted new action goal
[move_group-8] [INFO] [1787480592.208088180] [moveit.simple_controller_manager.follow_joint_trajectory_controller_handle]: joint_trajectory_controller started execution
[move_group-8] [INFO] [1787480592.208101289] [moveit.simple_controller_manager.follow_joint_trajectory_controller_handle]: Goal request accepted!
[gazebo-2] [INFO] [1787480594.088864242] [joint_trajectory_controller]: Goal reached, success!
[move_group-8] [INFO] [1787480594.108335930] [moveit.simple_controller_manager.follow_joint_trajectory_controller_handle]: Controller 'joint_trajectory_controller' successfully finished
[move_group-8] [INFO] [1787480594.158086662] [move_group.moveit.moveit.ros.trajectory_execution_manager]: Completed trajectory execution with status SUCCEEDED ...
[move_group-8] [INFO] [1787480594.167631585] [move_group.moveit.moveit.ros.move_group.move_action]: Solution was found and executed.
[move_group-8] [INFO] [1787480594.801911857] [move_group.moveit.moveit.ros.move_group.move_action]: MoveGroupMoveAction: Received request
[move_group-8] [INFO] [1787480594.802164294] [move_group.moveit.moveit.ros.move_group.move_action]: executing..
[move_group-8] [WARN] [1787480594.806066452] [move_group.moveit.moveit.ros.planning_scene_monitor]: Unable to transform object from frame 'calibration_target' to planning frame'world' (Could not find a connection between 'world' and 'calibration_target' because they are not part of the same tree.Tf has two or more unconnected trees.)
[move_group-8] [WARN] [1787480594.806130103] [move_group.moveit.moveit.ros.planning_scene_monitor]: Unable to transform object from frame 'camera_color_optical_frame' to planning frame'world' (Could not find a connection between 'world' and 'camera_color_optical_frame' because they are not part of the same tree.Tf has two or more unconnected trees.)
[move_group-8] [INFO] [1787480594.806160117] [move_group.moveit.moveit.ros.move_group.move_action]: Combined planning and execution request received for MoveGroup action. Forwarding to planning and execution pipeline.
[move_group-8] [WARN] [1787480594.806178620] [move_group.moveit.moveit.ros.move_group.capability]: Execution of motions should always start at the robot's current state. Ignoring the state supplied as start state in the motion planning request
[move_group-8] [WARN] [1787480594.806200357] [move_group.moveit.moveit.ros.move_group.capability]: Execution of motions should always start at the robot's current state. Ignoring the state supplied as difference in the planning scene diff
[move_group-8] [INFO] [1787480594.806210397] [move_group.moveit.moveit.ros.plan_execution]: Planning attempt 1 of at most 1
[move_group-8] [INFO] [1787480594.806333453] [move_group]: Calling PlanningRequestAdapter 'CheckStartStateBounds'
[move_group-8] [INFO] [1787480594.806377559] [move_group]: Calling PlanningRequestAdapter 'CheckStartStateCollision'
[move_group-8] [INFO] [1787480594.806434257] [move_group]: Calling PlanningRequestAdapter 'ResolveConstraintFrames'
[move_group-8] [INFO] [1787480594.806453276] [move_group]: Calling PlanningRequestAdapter 'ValidateWorkspaceBounds'
[move_group-8] [INFO] [1787480594.806778961] [move_group.moveit.moveit.planners.ompl.model_based_planning_context]: Planner configuration 'ar_manipulator' will use planner 'geometric::RRTConnect'. Additional configuration parameters will be set when the planner is constructed.
[move_group-8] [INFO] [1787480594.806893116] [move_group]: Calling Planner 'OMPL'
[move_group-8] [INFO] [1787480594.823736189] [move_group]: Calling PlanningResponseAdapter 'AddTimeOptimalParameterization'
[move_group-8] [WARN] [1787480594.823798096] [move_group.moveit.moveit.core.time_optimal_trajectory_generation]: Invalid max_velocity_scaling_factor 0.000000 specified, defaulting to 1.000000 instead.
[move_group-8] [WARN] [1787480594.823823952] [move_group.moveit.moveit.core.time_optimal_trajectory_generation]: Invalid max_acceleration_scaling_factor 0.000000 specified, defaulting to 1.000000 instead.
[move_group-8] [INFO] [1787480594.825347738] [move_group]: Calling PlanningResponseAdapter 'ValidateSolution'
[move_group-8] [WARN] [1787480594.825582154] [move_group.moveit.moveit.ros.planning_pipeline]: The planner plugin did not fill out the 'planner_id' field of the MotionPlanResponse. Setting it to the planner ID name of the MotionPlanRequest assuming that the planner plugin does warn you if it does not use the requested planner.
[move_group-8] [INFO] [1787480594.825695754] [move_group.moveit.moveit.plugins.simple_controller_manager]: Returned 2 controllers in list
[move_group-8] [INFO] [1787480594.825717150] [move_group.moveit.moveit.plugins.simple_controller_manager]: Returned 2 controllers in list
[move_group-8] [INFO] [1787480594.825779359] [move_group.moveit.moveit.ros.trajectory_execution_manager]: Validating trajectory with allowed_start_tolerance 0.01
[move_group-8] [INFO] [1787480594.840122208] [move_group.moveit.moveit.ros.trajectory_execution_manager]: Starting trajectory execution ...
[move_group-8] [INFO] [1787480594.840209328] [move_group.moveit.moveit.plugins.simple_controller_manager]: Returned 2 controllers in list
[move_group-8] [INFO] [1787480594.840247455] [move_group.moveit.moveit.plugins.simple_controller_manager]: Returned 2 controllers in list
[move_group-8] [INFO] [1787480594.840365271] [moveit.simple_controller_manager.follow_joint_trajectory_controller_handle]: sending trajectory to joint_trajectory_controller
[gazebo-2] [INFO] [1787480594.840794131] [joint_trajectory_controller]: Received new action goal
[gazebo-2] [INFO] [1787480594.840826726] [joint_trajectory_controller]: Accepted new action goal
[move_group-8] [INFO] [1787480594.840988215] [moveit.simple_controller_manager.follow_joint_trajectory_controller_handle]: joint_trajectory_controller started execution
[move_group-8] [INFO] [1787480594.841001051] [moveit.simple_controller_manager.follow_joint_trajectory_controller_handle]: Goal request accepted!
[gazebo-2] [INFO] [1787480598.854994508] [joint_trajectory_controller]: Goal reached, success!
[move_group-8] [INFO] [1787480598.891279022] [moveit.simple_controller_manager.follow_joint_trajectory_controller_handle]: Controller 'joint_trajectory_controller' successfully finished
[move_group-8] [INFO] [1787480598.940072976] [move_group.moveit.moveit.ros.trajectory_execution_manager]: Completed trajectory execution with status SUCCEEDED ...
[move_group-8] [INFO] [1787480598.940248006] [move_group.moveit.moveit.ros.move_group.move_action]: Solution was found and executed.
[move_group-8] [INFO] [1787480600.573746689] [move_group.moveit.moveit.ros.move_group.move_action]: MoveGroupMoveAction: Received request
[move_group-8] [INFO] [1787480600.573907857] [move_group.moveit.moveit.ros.move_group.move_action]: executing..
[move_group-8] [WARN] [1787480600.581532706] [move_group.moveit.moveit.ros.planning_scene_monitor]: Unable to transform object from frame 'calibration_target' to planning frame'world' (Could not find a connection between 'world' and 'calibration_target' because they are not part of the same tree.Tf has two or more unconnected trees.)
[move_group-8] [WARN] [1787480600.581597281] [move_group.moveit.moveit.ros.planning_scene_monitor]: Unable to transform object from frame 'camera_color_optical_frame' to planning frame'world' (Could not find a connection between 'world' and 'camera_color_optical_frame' because they are not part of the same tree.Tf has two or more unconnected trees.)
[move_group-8] [INFO] [1787480600.581628900] [move_group.moveit.moveit.ros.move_group.move_action]: Combined planning and execution request received for MoveGroup action. Forwarding to planning and execution pipeline.
[move_group-8] [WARN] [1787480600.581649149] [move_group.moveit.moveit.ros.move_group.capability]: Execution of motions should always start at the robot's current state. Ignoring the state supplied as start state in the motion planning request
[move_group-8] [WARN] [1787480600.581666992] [move_group.moveit.moveit.ros.move_group.capability]: Execution of motions should always start at the robot's current state. Ignoring the state supplied as difference in the planning scene diff
[move_group-8] [INFO] [1787480600.581680329] [move_group.moveit.moveit.ros.plan_execution]: Planning attempt 1 of at most 1
[move_group-8] [INFO] [1787480600.581784849] [move_group]: Calling PlanningRequestAdapter 'CheckStartStateBounds'
[move_group-8] [INFO] [1787480600.581820239] [move_group]: Calling PlanningRequestAdapter 'CheckStartStateCollision'
[move_group-8] [INFO] [1787480600.581867888] [move_group]: Calling PlanningRequestAdapter 'ResolveConstraintFrames'
[move_group-8] [INFO] [1787480600.581882991] [move_group]: Calling PlanningRequestAdapter 'ValidateWorkspaceBounds'
[move_group-8] [INFO] [1787480600.582144509] [move_group.moveit.moveit.planners.ompl.model_based_planning_context]: Planner configuration 'ar_manipulator' will use planner 'geometric::RRTConnect'. Additional configuration parameters will be set when the planner is constructed.
[move_group-8] [INFO] [1787480600.582223453] [move_group]: Calling Planner 'OMPL'
[move_group-8] [INFO] [1787480600.594956099] [move_group]: Calling PlanningResponseAdapter 'AddTimeOptimalParameterization'
[move_group-8] [WARN] [1787480600.595001981] [move_group.moveit.moveit.core.time_optimal_trajectory_generation]: Invalid max_velocity_scaling_factor 0.000000 specified, defaulting to 1.000000 instead.
[move_group-8] [WARN] [1787480600.595013438] [move_group.moveit.moveit.core.time_optimal_trajectory_generation]: Invalid max_acceleration_scaling_factor 0.000000 specified, defaulting to 1.000000 instead.
[move_group-8] [INFO] [1787480600.595546155] [move_group]: Calling PlanningResponseAdapter 'ValidateSolution'
[move_group-8] [WARN] [1787480600.595662694] [move_group.moveit.moveit.ros.planning_pipeline]: The planner plugin did not fill out the 'planner_id' field of the MotionPlanResponse. Setting it to the planner ID name of the MotionPlanRequest assuming that the planner plugin does warn you if it does not use the requested planner.
[move_group-8] [INFO] [1787480600.595749304] [move_group.moveit.moveit.plugins.simple_controller_manager]: Returned 2 controllers in list
[move_group-8] [INFO] [1787480600.595768044] [move_group.moveit.moveit.plugins.simple_controller_manager]: Returned 2 controllers in list
[move_group-8] [INFO] [1787480600.595811263] [move_group.moveit.moveit.ros.trajectory_execution_manager]: Validating trajectory with allowed_start_tolerance 0.01
[move_group-8] [INFO] [1787480600.598514636] [move_group.moveit.moveit.ros.trajectory_execution_manager]: Starting trajectory execution ...
[move_group-8] [INFO] [1787480600.598562552] [move_group.moveit.moveit.plugins.simple_controller_manager]: Returned 2 controllers in list
[move_group-8] [INFO] [1787480600.598582992] [move_group.moveit.moveit.plugins.simple_controller_manager]: Returned 2 controllers in list
[move_group-8] [INFO] [1787480600.598666432] [moveit.simple_controller_manager.follow_joint_trajectory_controller_handle]: sending trajectory to joint_trajectory_controller
[gazebo-2] [INFO] [1787480600.598855795] [joint_trajectory_controller]: Received new action goal
[gazebo-2] [INFO] [1787480600.598889734] [joint_trajectory_controller]: Accepted new action goal
[move_group-8] [INFO] [1787480600.599055726] [moveit.simple_controller_manager.follow_joint_trajectory_controller_handle]: joint_trajectory_controller started execution
[move_group-8] [INFO] [1787480600.599068634] [moveit.simple_controller_manager.follow_joint_trajectory_controller_handle]: Goal request accepted!
[gazebo-2] [INFO] [1787480602.518049240] [joint_trajectory_controller]: Goal reached, success!
[move_group-8] [INFO] [1787480602.549269717] [moveit.simple_controller_manager.follow_joint_trajectory_controller_handle]: Controller 'joint_trajectory_controller' successfully finished
[move_group-8] [INFO] [1787480602.552276448] [move_group.moveit.moveit.ros.trajectory_execution_manager]: Completed trajectory execution with status SUCCEEDED ...
[move_group-8] [INFO] [1787480602.558695694] [move_group.moveit.moveit.ros.move_group.move_action]: Solution was found and executed.
[move_group-8] [INFO] [1787480604.225576461] [move_group.moveit.moveit.ros.move_group.move_action]: MoveGroupMoveAction: Received request
[move_group-8] [INFO] [1787480604.225765646] [move_group.moveit.moveit.ros.move_group.move_action]: executing..
[move_group-8] [WARN] [1787480604.235674980] [move_group.moveit.moveit.ros.planning_scene_monitor]: Unable to transform object from frame 'calibration_target' to planning frame'world' (Could not find a connection between 'world' and 'calibration_target' because they are not part of the same tree.Tf has two or more unconnected trees.)
[move_group-8] [WARN] [1787480604.235748758] [move_group.moveit.moveit.ros.planning_scene_monitor]: Unable to transform object from frame 'camera_color_optical_frame' to planning frame'world' (Could not find a connection between 'world' and 'camera_color_optical_frame' because they are not part of the same tree.Tf has two or more unconnected trees.)
[move_group-8] [INFO] [1787480604.235780673] [move_group.moveit.moveit.ros.move_group.move_action]: Combined planning and execution request received for MoveGroup action. Forwarding to planning and execution pipeline.
[move_group-8] [WARN] [1787480604.235801209] [move_group.moveit.moveit.ros.move_group.capability]: Execution of motions should always start at the robot's current state. Ignoring the state supplied as start state in the motion planning request
[move_group-8] [WARN] [1787480604.235820809] [move_group.moveit.moveit.ros.move_group.capability]: Execution of motions should always start at the robot's current state. Ignoring the state supplied as difference in the planning scene diff
[move_group-8] [INFO] [1787480604.235857220] [move_group.moveit.moveit.ros.plan_execution]: Planning attempt 1 of at most 1
[move_group-8] [INFO] [1787480604.235983364] [move_group]: Calling PlanningRequestAdapter 'CheckStartStateBounds'
[move_group-8] [INFO] [1787480604.236024778] [move_group]: Calling PlanningRequestAdapter 'CheckStartStateCollision'
[move_group-8] [INFO] [1787480604.236079148] [move_group]: Calling PlanningRequestAdapter 'ResolveConstraintFrames'
[move_group-8] [INFO] [1787480604.236098738] [move_group]: Calling PlanningRequestAdapter 'ValidateWorkspaceBounds'
[move_group-8] [INFO] [1787480604.236402759] [move_group.moveit.moveit.planners.ompl.model_based_planning_context]: Planner configuration 'ar_manipulator' will use planner 'geometric::RRTConnect'. Additional configuration parameters will be set when the planner is constructed.
[move_group-8] [INFO] [1787480604.236514219] [move_group]: Calling Planner 'OMPL'
[move_group-8] [INFO] [1787480604.259995582] [move_group]: Calling PlanningResponseAdapter 'AddTimeOptimalParameterization'
[move_group-8] [WARN] [1787480604.260040243] [move_group.moveit.moveit.core.time_optimal_trajectory_generation]: Invalid max_velocity_scaling_factor 0.000000 specified, defaulting to 1.000000 instead.
[move_group-8] [WARN] [1787480604.260062210] [move_group.moveit.moveit.core.time_optimal_trajectory_generation]: Invalid max_acceleration_scaling_factor 0.000000 specified, defaulting to 1.000000 instead.
[move_group-8] [INFO] [1787480604.261915761] [move_group]: Calling PlanningResponseAdapter 'ValidateSolution'
[move_group-8] [WARN] [1787480604.262231496] [move_group.moveit.moveit.ros.planning_pipeline]: The planner plugin did not fill out the 'planner_id' field of the MotionPlanResponse. Setting it to the planner ID name of the MotionPlanRequest assuming that the planner plugin does warn you if it does not use the requested planner.
[move_group-8] [INFO] [1787480604.262356293] [move_group.moveit.moveit.plugins.simple_controller_manager]: Returned 2 controllers in list
[move_group-8] [INFO] [1787480604.262418482] [move_group.moveit.moveit.plugins.simple_controller_manager]: Returned 2 controllers in list
[move_group-8] [INFO] [1787480604.262481835] [move_group.moveit.moveit.ros.trajectory_execution_manager]: Validating trajectory with allowed_start_tolerance 0.01
[move_group-8] [INFO] [1787480604.269513511] [move_group.moveit.moveit.ros.trajectory_execution_manager]: Starting trajectory execution ...
[move_group-8] [INFO] [1787480604.269584721] [move_group.moveit.moveit.plugins.simple_controller_manager]: Returned 2 controllers in list
[move_group-8] [INFO] [1787480604.269616340] [move_group.moveit.moveit.plugins.simple_controller_manager]: Returned 2 controllers in list
[move_group-8] [INFO] [1787480604.269725442] [moveit.simple_controller_manager.follow_joint_trajectory_controller_handle]: sending trajectory to joint_trajectory_controller
[gazebo-2] [INFO] [1787480604.270038977] [joint_trajectory_controller]: Received new action goal
[gazebo-2] [INFO] [1787480604.270070663] [joint_trajectory_controller]: Accepted new action goal
[move_group-8] [INFO] [1787480604.270381725] [moveit.simple_controller_manager.follow_joint_trajectory_controller_handle]: joint_trajectory_controller started execution
[move_group-8] [INFO] [1787480604.270408590] [moveit.simple_controller_manager.follow_joint_trajectory_controller_handle]: Goal request accepted!
[gazebo-2] [INFO] [1787480608.087489342] [joint_trajectory_controller]: Goal reached, success!
[move_group-8] [INFO] [1787480608.120570215] [moveit.simple_controller_manager.follow_joint_trajectory_controller_handle]: Controller 'joint_trajectory_controller' successfully finished
[move_group-8] [INFO] [1787480608.140149578] [move_group.moveit.moveit.ros.trajectory_execution_manager]: Completed trajectory execution with status SUCCEEDED ...
[move_group-8] [INFO] [1787480608.149643797] [move_group.moveit.moveit.ros.move_group.move_action]: Solution was found and executed.
[move_group-8] [INFO] [1787480608.824775511] [move_group.moveit.moveit.ros.move_group.move_action]: MoveGroupMoveAction: Received request
[move_group-8] [INFO] [1787480608.825024975] [move_group.moveit.moveit.ros.move_group.move_action]: executing..
[move_group-8] [WARN] [1787480608.840206946] [move_group.moveit.moveit.ros.planning_scene_monitor]: Unable to transform object from frame 'calibration_target' to planning frame'world' (Could not find a connection between 'world' and 'calibration_target' because they are not part of the same tree.Tf has two or more unconnected trees.)
[move_group-8] [WARN] [1787480608.840271448] [move_group.moveit.moveit.ros.planning_scene_monitor]: Unable to transform object from frame 'camera_color_optical_frame' to planning frame'world' (Could not find a connection between 'world' and 'camera_color_optical_frame' because they are not part of the same tree.Tf has two or more unconnected trees.)
[move_group-8] [INFO] [1787480608.840297857] [move_group.moveit.moveit.ros.move_group.move_action]: Combined planning and execution request received for MoveGroup action. Forwarding to planning and execution pipeline.
[move_group-8] [WARN] [1787480608.840312239] [move_group.moveit.moveit.ros.move_group.capability]: Execution of motions should always start at the robot's current state. Ignoring the state supplied as start state in the motion planning request
[move_group-8] [WARN] [1787480608.840326846] [move_group.moveit.moveit.ros.move_group.capability]: Execution of motions should always start at the robot's current state. Ignoring the state supplied as difference in the planning scene diff
[move_group-8] [INFO] [1787480608.840335420] [move_group.moveit.moveit.ros.plan_execution]: Planning attempt 1 of at most 1
[move_group-8] [INFO] [1787480608.840482760] [move_group]: Calling PlanningRequestAdapter 'CheckStartStateBounds'
[move_group-8] [INFO] [1787480608.840511582] [move_group]: Calling PlanningRequestAdapter 'CheckStartStateCollision'
[move_group-8] [INFO] [1787480608.840577360] [move_group]: Calling PlanningRequestAdapter 'ResolveConstraintFrames'
[move_group-8] [INFO] [1787480608.840590103] [move_group]: Calling PlanningRequestAdapter 'ValidateWorkspaceBounds'
[move_group-8] [INFO] [1787480608.840931528] [move_group.moveit.moveit.planners.ompl.model_based_planning_context]: Planner configuration 'ar_manipulator' will use planner 'geometric::RRTConnect'. Additional configuration parameters will be set when the planner is constructed.
[move_group-8] [INFO] [1787480608.840997295] [move_group]: Calling Planner 'OMPL'
[move_group-8] [INFO] [1787480608.864175311] [move_group]: Calling PlanningResponseAdapter 'AddTimeOptimalParameterization'
[move_group-8] [WARN] [1787480608.864225137] [move_group.moveit.moveit.core.time_optimal_trajectory_generation]: Invalid max_velocity_scaling_factor 0.000000 specified, defaulting to 1.000000 instead.
[move_group-8] [WARN] [1787480608.864237547] [move_group.moveit.moveit.core.time_optimal_trajectory_generation]: Invalid max_acceleration_scaling_factor 0.000000 specified, defaulting to 1.000000 instead.
[move_group-8] [INFO] [1787480608.864804763] [move_group]: Calling PlanningResponseAdapter 'ValidateSolution'
[move_group-8] [WARN] [1787480608.865053677] [move_group.moveit.moveit.ros.planning_pipeline]: The planner plugin did not fill out the 'planner_id' field of the MotionPlanResponse. Setting it to the planner ID name of the MotionPlanRequest assuming that the planner plugin does warn you if it does not use the requested planner.
[move_group-8] [INFO] [1787480608.865158695] [move_group.moveit.moveit.plugins.simple_controller_manager]: Returned 2 controllers in list
[move_group-8] [INFO] [1787480608.865185919] [move_group.moveit.moveit.plugins.simple_controller_manager]: Returned 2 controllers in list
[move_group-8] [INFO] [1787480608.865245634] [move_group.moveit.moveit.ros.trajectory_execution_manager]: Validating trajectory with allowed_start_tolerance 0.01
[move_group-8] [INFO] [1787480608.875005258] [move_group.moveit.moveit.ros.trajectory_execution_manager]: Starting trajectory execution ...
[move_group-8] [INFO] [1787480608.875089067] [move_group.moveit.moveit.plugins.simple_controller_manager]: Returned 2 controllers in list
[move_group-8] [INFO] [1787480608.875127935] [move_group.moveit.moveit.plugins.simple_controller_manager]: Returned 2 controllers in list
[move_group-8] [INFO] [1787480608.875259303] [moveit.simple_controller_manager.follow_joint_trajectory_controller_handle]: sending trajectory to joint_trajectory_controller
[gazebo-2] [INFO] [1787480608.875481298] [joint_trajectory_controller]: Received new action goal
[gazebo-2] [INFO] [1787480608.875536706] [joint_trajectory_controller]: Accepted new action goal
[move_group-8] [INFO] [1787480608.875747783] [moveit.simple_controller_manager.follow_joint_trajectory_controller_handle]: joint_trajectory_controller started execution
[move_group-8] [INFO] [1787480608.875760712] [moveit.simple_controller_manager.follow_joint_trajectory_controller_handle]: Goal request accepted!
[gazebo-2] [INFO] [1787480610.976922838] [joint_trajectory_controller]: Goal reached, success!
[move_group-8] [INFO] [1787480611.026220330] [moveit.simple_controller_manager.follow_joint_trajectory_controller_handle]: Controller 'joint_trajectory_controller' successfully finished
[move_group-8] [INFO] [1787480611.061686515] [move_group.moveit.moveit.ros.trajectory_execution_manager]: Completed trajectory execution with status SUCCEEDED ...
[move_group-8] [INFO] [1787480611.065099708] [move_group.moveit.moveit.ros.move_group.move_action]: Solution was found and executed.
[move_group-8] [INFO] [1787480611.738613476] [move_group.moveit.moveit.ros.move_group.move_action]: MoveGroupMoveAction: Received request
[move_group-8] [INFO] [1787480611.738919392] [move_group.moveit.moveit.ros.move_group.move_action]: executing..
[move_group-8] [WARN] [1787480611.745165133] [move_group.moveit.moveit.ros.planning_scene_monitor]: Unable to transform object from frame 'calibration_target' to planning frame'world' (Could not find a connection between 'world' and 'calibration_target' because they are not part of the same tree.Tf has two or more unconnected trees.)
[move_group-8] [WARN] [1787480611.745215656] [move_group.moveit.moveit.ros.planning_scene_monitor]: Unable to transform object from frame 'camera_color_optical_frame' to planning frame'world' (Could not find a connection between 'world' and 'camera_color_optical_frame' because they are not part of the same tree.Tf has two or more unconnected trees.)
[move_group-8] [INFO] [1787480611.745237993] [move_group.moveit.moveit.ros.move_group.move_action]: Combined planning and execution request received for MoveGroup action. Forwarding to planning and execution pipeline.
[move_group-8] [WARN] [1787480611.745250953] [move_group.moveit.moveit.ros.move_group.capability]: Execution of motions should always start at the robot's current state. Ignoring the state supplied as start state in the motion planning request
[move_group-8] [WARN] [1787480611.745262872] [move_group.moveit.moveit.ros.move_group.capability]: Execution of motions should always start at the robot's current state. Ignoring the state supplied as difference in the planning scene diff
[move_group-8] [INFO] [1787480611.745270063] [move_group.moveit.moveit.ros.plan_execution]: Planning attempt 1 of at most 1
[move_group-8] [INFO] [1787480611.745356285] [move_group]: Calling PlanningRequestAdapter 'CheckStartStateBounds'
[move_group-8] [INFO] [1787480611.745402020] [move_group]: Calling PlanningRequestAdapter 'CheckStartStateCollision'
[move_group-8] [INFO] [1787480611.745443802] [move_group]: Calling PlanningRequestAdapter 'ResolveConstraintFrames'
[move_group-8] [INFO] [1787480611.745452994] [move_group]: Calling PlanningRequestAdapter 'ValidateWorkspaceBounds'
[move_group-8] [INFO] [1787480611.745649345] [move_group.moveit.moveit.planners.ompl.model_based_planning_context]: Planner configuration 'ar_manipulator' will use planner 'geometric::RRTConnect'. Additional configuration parameters will be set when the planner is constructed.
[move_group-8] [INFO] [1787480611.745708756] [move_group]: Calling Planner 'OMPL'
[move_group-8] [INFO] [1787480611.769596461] [move_group]: Calling PlanningResponseAdapter 'AddTimeOptimalParameterization'
[move_group-8] [WARN] [1787480611.769660051] [move_group.moveit.moveit.core.time_optimal_trajectory_generation]: Invalid max_velocity_scaling_factor 0.000000 specified, defaulting to 1.000000 instead.
[move_group-8] [WARN] [1787480611.769679063] [move_group.moveit.moveit.core.time_optimal_trajectory_generation]: Invalid max_acceleration_scaling_factor 0.000000 specified, defaulting to 1.000000 instead.
[move_group-8] [INFO] [1787480611.770945139] [move_group]: Calling PlanningResponseAdapter 'ValidateSolution'
[move_group-8] [WARN] [1787480611.771728160] [move_group.moveit.moveit.ros.planning_pipeline]: The planner plugin did not fill out the 'planner_id' field of the MotionPlanResponse. Setting it to the planner ID name of the MotionPlanRequest assuming that the planner plugin does warn you if it does not use the requested planner.
[move_group-8] [INFO] [1787480611.772122549] [move_group.moveit.moveit.plugins.simple_controller_manager]: Returned 2 controllers in list
[move_group-8] [INFO] [1787480611.772155482] [move_group.moveit.moveit.plugins.simple_controller_manager]: Returned 2 controllers in list
[move_group-8] [INFO] [1787480611.772235975] [move_group.moveit.moveit.ros.trajectory_execution_manager]: Validating trajectory with allowed_start_tolerance 0.01
[move_group-8] [INFO] [1787480611.779190833] [move_group.moveit.moveit.ros.trajectory_execution_manager]: Starting trajectory execution ...
[move_group-8] [INFO] [1787480611.779247742] [move_group.moveit.moveit.plugins.simple_controller_manager]: Returned 2 controllers in list
[move_group-8] [INFO] [1787480611.779270168] [move_group.moveit.moveit.plugins.simple_controller_manager]: Returned 2 controllers in list
[move_group-8] [INFO] [1787480611.779356292] [moveit.simple_controller_manager.follow_joint_trajectory_controller_handle]: sending trajectory to joint_trajectory_controller
[gazebo-2] [INFO] [1787480611.779613241] [joint_trajectory_controller]: Received new action goal
[gazebo-2] [INFO] [1787480611.779647037] [joint_trajectory_controller]: Accepted new action goal
[move_group-8] [INFO] [1787480611.779874222] [moveit.simple_controller_manager.follow_joint_trajectory_controller_handle]: joint_trajectory_controller started execution
[move_group-8] [INFO] [1787480611.779888280] [moveit.simple_controller_manager.follow_joint_trajectory_controller_handle]: Goal request accepted!
[gazebo-2] [INFO] [1787480614.855576865] [joint_trajectory_controller]: Goal reached, success!
[move_group-8] [INFO] [1787480614.880059751] [moveit.simple_controller_manager.follow_joint_trajectory_controller_handle]: Controller 'joint_trajectory_controller' successfully finished
[move_group-8] [INFO] [1787480614.925087934] [move_group.moveit.moveit.ros.trajectory_execution_manager]: Completed trajectory execution with status SUCCEEDED ...
[move_group-8] [INFO] [1787480614.929343616] [move_group.moveit.moveit.ros.move_group.move_action]: Solution was found and executed.
[move_group-8] [INFO] [1787480616.326014765] [move_group.moveit.moveit.ros.move_group.move_action]: MoveGroupMoveAction: Received request
[move_group-8] [INFO] [1787480616.326249805] [move_group.moveit.moveit.ros.move_group.move_action]: executing..
[move_group-8] [WARN] [1787480616.337584702] [move_group.moveit.moveit.ros.planning_scene_monitor]: Unable to transform object from frame 'calibration_target' to planning frame'world' (Could not find a connection between 'world' and 'calibration_target' because they are not part of the same tree.Tf has two or more unconnected trees.)
[move_group-8] [WARN] [1787480616.337638408] [move_group.moveit.moveit.ros.planning_scene_monitor]: Unable to transform object from frame 'camera_color_optical_frame' to planning frame'world' (Could not find a connection between 'world' and 'camera_color_optical_frame' because they are not part of the same tree.Tf has two or more unconnected trees.)
[move_group-8] [INFO] [1787480616.337662035] [move_group.moveit.moveit.ros.move_group.move_action]: Combined planning and execution request received for MoveGroup action. Forwarding to planning and execution pipeline.
[move_group-8] [WARN] [1787480616.337675687] [move_group.moveit.moveit.ros.move_group.capability]: Execution of motions should always start at the robot's current state. Ignoring the state supplied as start state in the motion planning request
[move_group-8] [WARN] [1787480616.337688077] [move_group.moveit.moveit.ros.move_group.capability]: Execution of motions should always start at the robot's current state. Ignoring the state supplied as difference in the planning scene diff
[move_group-8] [INFO] [1787480616.337695158] [move_group.moveit.moveit.ros.plan_execution]: Planning attempt 1 of at most 1
[move_group-8] [INFO] [1787480616.337812125] [move_group]: Calling PlanningRequestAdapter 'CheckStartStateBounds'
[move_group-8] [INFO] [1787480616.337839359] [move_group]: Calling PlanningRequestAdapter 'CheckStartStateCollision'
[move_group-8] [INFO] [1787480616.337881666] [move_group]: Calling PlanningRequestAdapter 'ResolveConstraintFrames'
[move_group-8] [INFO] [1787480616.337894166] [move_group]: Calling PlanningRequestAdapter 'ValidateWorkspaceBounds'
[move_group-8] [INFO] [1787480616.338229352] [move_group.moveit.moveit.planners.ompl.model_based_planning_context]: Planner configuration 'ar_manipulator' will use planner 'geometric::RRTConnect'. Additional configuration parameters will be set when the planner is constructed.
[move_group-8] [INFO] [1787480616.338317283] [move_group]: Calling Planner 'OMPL'
[move_group-8] [INFO] [1787480616.361832487] [move_group]: Calling PlanningResponseAdapter 'AddTimeOptimalParameterization'
[move_group-8] [WARN] [1787480616.361886904] [move_group.moveit.moveit.core.time_optimal_trajectory_generation]: Invalid max_velocity_scaling_factor 0.000000 specified, defaulting to 1.000000 instead.
[move_group-8] [WARN] [1787480616.361906575] [move_group.moveit.moveit.core.time_optimal_trajectory_generation]: Invalid max_acceleration_scaling_factor 0.000000 specified, defaulting to 1.000000 instead.
[move_group-8] [INFO] [1787480616.362420357] [move_group]: Calling PlanningResponseAdapter 'ValidateSolution'
[move_group-8] [WARN] [1787480616.362581134] [move_group.moveit.moveit.ros.planning_pipeline]: The planner plugin did not fill out the 'planner_id' field of the MotionPlanResponse. Setting it to the planner ID name of the MotionPlanRequest assuming that the planner plugin does warn you if it does not use the requested planner.
[move_group-8] [INFO] [1787480616.362658498] [move_group.moveit.moveit.plugins.simple_controller_manager]: Returned 2 controllers in list
[move_group-8] [INFO] [1787480616.362676466] [move_group.moveit.moveit.plugins.simple_controller_manager]: Returned 2 controllers in list
[move_group-8] [INFO] [1787480616.362716881] [move_group.moveit.moveit.ros.trajectory_execution_manager]: Validating trajectory with allowed_start_tolerance 0.01
[move_group-8] [INFO] [1787480616.371218913] [move_group.moveit.moveit.ros.trajectory_execution_manager]: Starting trajectory execution ...
[move_group-8] [INFO] [1787480616.371288654] [move_group.moveit.moveit.plugins.simple_controller_manager]: Returned 2 controllers in list
[move_group-8] [INFO] [1787480616.371321316] [move_group.moveit.moveit.plugins.simple_controller_manager]: Returned 2 controllers in list
[move_group-8] [INFO] [1787480616.371455661] [moveit.simple_controller_manager.follow_joint_trajectory_controller_handle]: sending trajectory to joint_trajectory_controller
[gazebo-2] [INFO] [1787480616.371656322] [joint_trajectory_controller]: Received new action goal
[gazebo-2] [INFO] [1787480616.371681442] [joint_trajectory_controller]: Accepted new action goal
[move_group-8] [INFO] [1787480616.371843642] [moveit.simple_controller_manager.follow_joint_trajectory_controller_handle]: joint_trajectory_controller started execution
[move_group-8] [INFO] [1787480616.371856612] [moveit.simple_controller_manager.follow_joint_trajectory_controller_handle]: Goal request accepted!
[gazebo-2] [INFO] [1787480618.374745938] [joint_trajectory_controller]: Goal reached, success!
[move_group-8] [INFO] [1787480618.422244175] [moveit.simple_controller_manager.follow_joint_trajectory_controller_handle]: Controller 'joint_trajectory_controller' successfully finished
[move_group-8] [INFO] [1787480618.460354658] [move_group.moveit.moveit.ros.trajectory_execution_manager]: Completed trajectory execution with status SUCCEEDED ...
[move_group-8] [INFO] [1787480618.461369896] [move_group.moveit.moveit.ros.move_group.move_action]: Solution was found and executed.
[move_group-8] [INFO] [1787480619.131099734] [move_group.moveit.moveit.ros.move_group.move_action]: MoveGroupMoveAction: Received request
[move_group-8] [INFO] [1787480619.131385606] [move_group.moveit.moveit.ros.move_group.move_action]: executing..
[move_group-8] [WARN] [1787480619.136455031] [move_group.moveit.moveit.ros.planning_scene_monitor]: Unable to transform object from frame 'calibration_target' to planning frame'world' (Could not find a connection between 'world' and 'calibration_target' because they are not part of the same tree.Tf has two or more unconnected trees.)
[move_group-8] [WARN] [1787480619.136560540] [move_group.moveit.moveit.ros.planning_scene_monitor]: Unable to transform object from frame 'camera_color_optical_frame' to planning frame'world' (Could not find a connection between 'world' and 'camera_color_optical_frame' because they are not part of the same tree.Tf has two or more unconnected trees.)
[move_group-8] [INFO] [1787480619.136598901] [move_group.moveit.moveit.ros.move_group.move_action]: Combined planning and execution request received for MoveGroup action. Forwarding to planning and execution pipeline.
[move_group-8] [WARN] [1787480619.136620225] [move_group.moveit.moveit.ros.move_group.capability]: Execution of motions should always start at the robot's current state. Ignoring the state supplied as start state in the motion planning request
[move_group-8] [WARN] [1787480619.136672739] [move_group.moveit.moveit.ros.move_group.capability]: Execution of motions should always start at the robot's current state. Ignoring the state supplied as difference in the planning scene diff
[move_group-8] [INFO] [1787480619.136690087] [move_group.moveit.moveit.ros.plan_execution]: Planning attempt 1 of at most 1
[move_group-8] [INFO] [1787480619.136807565] [move_group]: Calling PlanningRequestAdapter 'CheckStartStateBounds'
[move_group-8] [INFO] [1787480619.136840487] [move_group]: Calling PlanningRequestAdapter 'CheckStartStateCollision'
[move_group-8] [INFO] [1787480619.136884898] [move_group]: Calling PlanningRequestAdapter 'ResolveConstraintFrames'
[move_group-8] [INFO] [1787480619.136897548] [move_group]: Calling PlanningRequestAdapter 'ValidateWorkspaceBounds'
[move_group-8] [INFO] [1787480619.137146556] [move_group.moveit.moveit.planners.ompl.model_based_planning_context]: Planner configuration 'ar_manipulator' will use planner 'geometric::RRTConnect'. Additional configuration parameters will be set when the planner is constructed.
[move_group-8] [INFO] [1787480619.137222578] [move_group]: Calling Planner 'OMPL'
[move_group-8] [INFO] [1787480619.152564625] [move_group]: Calling PlanningResponseAdapter 'AddTimeOptimalParameterization'
[move_group-8] [WARN] [1787480619.152633636] [move_group.moveit.moveit.core.time_optimal_trajectory_generation]: Invalid max_velocity_scaling_factor 0.000000 specified, defaulting to 1.000000 instead.
[move_group-8] [WARN] [1787480619.152661791] [move_group.moveit.moveit.core.time_optimal_trajectory_generation]: Invalid max_acceleration_scaling_factor 0.000000 specified, defaulting to 1.000000 instead.
[move_group-8] [INFO] [1787480619.154151362] [move_group]: Calling PlanningResponseAdapter 'ValidateSolution'
[move_group-8] [WARN] [1787480619.154545061] [move_group.moveit.moveit.ros.planning_pipeline]: The planner plugin did not fill out the 'planner_id' field of the MotionPlanResponse. Setting it to the planner ID name of the MotionPlanRequest assuming that the planner plugin does warn you if it does not use the requested planner.
[move_group-8] [INFO] [1787480619.154667857] [move_group.moveit.moveit.plugins.simple_controller_manager]: Returned 2 controllers in list
[move_group-8] [INFO] [1787480619.154691495] [move_group.moveit.moveit.plugins.simple_controller_manager]: Returned 2 controllers in list
[move_group-8] [INFO] [1787480619.154755848] [move_group.moveit.moveit.ros.trajectory_execution_manager]: Validating trajectory with allowed_start_tolerance 0.01
[move_group-8] [INFO] [1787480619.178387023] [move_group.moveit.moveit.ros.trajectory_execution_manager]: Starting trajectory execution ...
[move_group-8] [INFO] [1787480619.178519605] [move_group.moveit.moveit.plugins.simple_controller_manager]: Returned 2 controllers in list
[move_group-8] [INFO] [1787480619.178567081] [move_group.moveit.moveit.plugins.simple_controller_manager]: Returned 2 controllers in list
[move_group-8] [INFO] [1787480619.178723972] [moveit.simple_controller_manager.follow_joint_trajectory_controller_handle]: sending trajectory to joint_trajectory_controller
[gazebo-2] [INFO] [1787480619.179048951] [joint_trajectory_controller]: Received new action goal
[gazebo-2] [INFO] [1787480619.179092280] [joint_trajectory_controller]: Accepted new action goal
[move_group-8] [INFO] [1787480619.179482805] [moveit.simple_controller_manager.follow_joint_trajectory_controller_handle]: joint_trajectory_controller started execution
[move_group-8] [INFO] [1787480619.179498039] [moveit.simple_controller_manager.follow_joint_trajectory_controller_handle]: Goal request accepted!
[gazebo-2] [INFO] [1787480622.630776680] [joint_trajectory_controller]: Goal reached, success!
[move_group-8] [INFO] [1787480622.679585390] [moveit.simple_controller_manager.follow_joint_trajectory_controller_handle]: Controller 'joint_trajectory_controller' successfully finished
[move_group-8] [INFO] [1787480622.716103756] [move_group.moveit.moveit.ros.trajectory_execution_manager]: Completed trajectory execution with status SUCCEEDED ...
[move_group-8] [INFO] [1787480622.718603341] [move_group.moveit.moveit.ros.move_group.move_action]: Solution was found and executed.
[move_group-8] [INFO] [1787480623.377976052] [move_group.moveit.moveit.ros.move_group.move_action]: MoveGroupMoveAction: Received request
[move_group-8] [INFO] [1787480623.378638659] [move_group.moveit.moveit.ros.move_group.move_action]: executing..
[move_group-8] [WARN] [1787480623.378826326] [move_group.moveit.moveit.ros.planning_scene_monitor]: Unable to transform object from frame 'calibration_target' to planning frame'world' (Could not find a connection between 'world' and 'calibration_target' because they are not part of the same tree.Tf has two or more unconnected trees.)
[move_group-8] [WARN] [1787480623.378858224] [move_group.moveit.moveit.ros.planning_scene_monitor]: Unable to transform object from frame 'camera_color_optical_frame' to planning frame'world' (Could not find a connection between 'world' and 'camera_color_optical_frame' because they are not part of the same tree.Tf has two or more unconnected trees.)
[move_group-8] [INFO] [1787480623.378880067] [move_group.moveit.moveit.ros.move_group.move_action]: Combined planning and execution request received for MoveGroup action. Forwarding to planning and execution pipeline.
[move_group-8] [WARN] [1787480623.378892926] [move_group.moveit.moveit.ros.move_group.capability]: Execution of motions should always start at the robot's current state. Ignoring the state supplied as start state in the motion planning request
[move_group-8] [WARN] [1787480623.378905148] [move_group.moveit.moveit.ros.move_group.capability]: Execution of motions should always start at the robot's current state. Ignoring the state supplied as difference in the planning scene diff
[move_group-8] [INFO] [1787480623.378912132] [move_group.moveit.moveit.ros.plan_execution]: Planning attempt 1 of at most 1
[move_group-8] [INFO] [1787480623.379007647] [move_group]: Calling PlanningRequestAdapter 'CheckStartStateBounds'
[move_group-8] [INFO] [1787480623.379033503] [move_group]: Calling PlanningRequestAdapter 'CheckStartStateCollision'
[move_group-8] [INFO] [1787480623.379072757] [move_group]: Calling PlanningRequestAdapter 'ResolveConstraintFrames'
[move_group-8] [INFO] [1787480623.379091373] [move_group]: Calling PlanningRequestAdapter 'ValidateWorkspaceBounds'
[move_group-8] [INFO] [1787480623.379328103] [move_group.moveit.moveit.planners.ompl.model_based_planning_context]: Planner configuration 'ar_manipulator' will use planner 'geometric::RRTConnect'. Additional configuration parameters will be set when the planner is constructed.
[move_group-8] [INFO] [1787480623.379426492] [move_group]: Calling Planner 'OMPL'
[move_group-8] [INFO] [1787480623.392404026] [move_group]: Calling PlanningResponseAdapter 'AddTimeOptimalParameterization'
[move_group-8] [WARN] [1787480623.392450675] [move_group.moveit.moveit.core.time_optimal_trajectory_generation]: Invalid max_velocity_scaling_factor 0.000000 specified, defaulting to 1.000000 instead.
[move_group-8] [WARN] [1787480623.392487724] [move_group.moveit.moveit.core.time_optimal_trajectory_generation]: Invalid max_acceleration_scaling_factor 0.000000 specified, defaulting to 1.000000 instead.
[move_group-8] [INFO] [1787480623.393318303] [move_group]: Calling PlanningResponseAdapter 'ValidateSolution'
[move_group-8] [WARN] [1787480623.393506696] [move_group.moveit.moveit.ros.planning_pipeline]: The planner plugin did not fill out the 'planner_id' field of the MotionPlanResponse. Setting it to the planner ID name of the MotionPlanRequest assuming that the planner plugin does warn you if it does not use the requested planner.
[move_group-8] [INFO] [1787480623.393581672] [move_group.moveit.moveit.plugins.simple_controller_manager]: Returned 2 controllers in list
[move_group-8] [INFO] [1787480623.393600024] [move_group.moveit.moveit.plugins.simple_controller_manager]: Returned 2 controllers in list
[move_group-8] [INFO] [1787480623.393642936] [move_group.moveit.moveit.ros.trajectory_execution_manager]: Validating trajectory with allowed_start_tolerance 0.01
[move_group-8] [INFO] [1787480623.405403354] [move_group.moveit.moveit.ros.trajectory_execution_manager]: Starting trajectory execution ...
[move_group-8] [INFO] [1787480623.405502636] [move_group.moveit.moveit.plugins.simple_controller_manager]: Returned 2 controllers in list
[move_group-8] [INFO] [1787480623.405539772] [move_group.moveit.moveit.plugins.simple_controller_manager]: Returned 2 controllers in list
[move_group-8] [INFO] [1787480623.405659309] [moveit.simple_controller_manager.follow_joint_trajectory_controller_handle]: sending trajectory to joint_trajectory_controller
[gazebo-2] [INFO] [1787480623.405925935] [joint_trajectory_controller]: Received new action goal
[gazebo-2] [INFO] [1787480623.405958225] [joint_trajectory_controller]: Accepted new action goal
[move_group-8] [INFO] [1787480623.406257783] [moveit.simple_controller_manager.follow_joint_trajectory_controller_handle]: joint_trajectory_controller started execution
[move_group-8] [INFO] [1787480623.406270249] [moveit.simple_controller_manager.follow_joint_trajectory_controller_handle]: Goal request accepted!
[gazebo-2] [INFO] [1787480626.444484361] [joint_trajectory_controller]: Goal reached, success!
[move_group-8] [INFO] [1787480626.456468273] [moveit.simple_controller_manager.follow_joint_trajectory_controller_handle]: Controller 'joint_trajectory_controller' successfully finished
[move_group-8] [INFO] [1787480626.495753643] [move_group.moveit.moveit.ros.trajectory_execution_manager]: Completed trajectory execution with status SUCCEEDED ...
[move_group-8] [INFO] [1787480626.505633236] [move_group.moveit.moveit.ros.move_group.move_action]: Solution was found and executed.
[move_group-8] [INFO] [1787480627.144695225] [move_group.moveit.moveit.ros.move_group.move_action]: MoveGroupMoveAction: Received request
[move_group-8] [INFO] [1787480627.144923386] [move_group.moveit.moveit.ros.move_group.move_action]: executing..
[move_group-8] [WARN] [1787480627.147924533] [move_group.moveit.moveit.ros.planning_scene_monitor]: Unable to transform object from frame 'calibration_target' to planning frame'world' (Could not find a connection between 'world' and 'calibration_target' because they are not part of the same tree.Tf has two or more unconnected trees.)
[move_group-8] [WARN] [1787480627.147986526] [move_group.moveit.moveit.ros.planning_scene_monitor]: Unable to transform object from frame 'camera_color_optical_frame' to planning frame'world' (Could not find a connection between 'world' and 'camera_color_optical_frame' because they are not part of the same tree.Tf has two or more unconnected trees.)
[move_group-8] [INFO] [1787480627.148017371] [move_group.moveit.moveit.ros.move_group.move_action]: Combined planning and execution request received for MoveGroup action. Forwarding to planning and execution pipeline.
[move_group-8] [WARN] [1787480627.148038123] [move_group.moveit.moveit.ros.move_group.capability]: Execution of motions should always start at the robot's current state. Ignoring the state supplied as start state in the motion planning request
[move_group-8] [WARN] [1787480627.148057416] [move_group.moveit.moveit.ros.move_group.capability]: Execution of motions should always start at the robot's current state. Ignoring the state supplied as difference in the planning scene diff
[move_group-8] [INFO] [1787480627.148068346] [move_group.moveit.moveit.ros.plan_execution]: Planning attempt 1 of at most 1
[move_group-8] [INFO] [1787480627.148184776] [move_group]: Calling PlanningRequestAdapter 'CheckStartStateBounds'
[move_group-8] [INFO] [1787480627.148219064] [move_group]: Calling PlanningRequestAdapter 'CheckStartStateCollision'
[move_group-8] [INFO] [1787480627.148260236] [move_group]: Calling PlanningRequestAdapter 'ResolveConstraintFrames'
[move_group-8] [INFO] [1787480627.148270418] [move_group]: Calling PlanningRequestAdapter 'ValidateWorkspaceBounds'
[move_group-8] [INFO] [1787480627.148484430] [move_group.moveit.moveit.planners.ompl.model_based_planning_context]: Planner configuration 'ar_manipulator' will use planner 'geometric::RRTConnect'. Additional configuration parameters will be set when the planner is constructed.
[move_group-8] [INFO] [1787480627.148542076] [move_group]: Calling Planner 'OMPL'
[move_group-8] [INFO] [1787480627.171451436] [move_group]: Calling PlanningResponseAdapter 'AddTimeOptimalParameterization'
[move_group-8] [WARN] [1787480627.171505912] [move_group.moveit.moveit.core.time_optimal_trajectory_generation]: Invalid max_velocity_scaling_factor 0.000000 specified, defaulting to 1.000000 instead.
[move_group-8] [WARN] [1787480627.171522434] [move_group.moveit.moveit.core.time_optimal_trajectory_generation]: Invalid max_acceleration_scaling_factor 0.000000 specified, defaulting to 1.000000 instead.
[move_group-8] [INFO] [1787480627.172355740] [move_group]: Calling PlanningResponseAdapter 'ValidateSolution'
[move_group-8] [WARN] [1787480627.172555769] [move_group.moveit.moveit.ros.planning_pipeline]: The planner plugin did not fill out the 'planner_id' field of the MotionPlanResponse. Setting it to the planner ID name of the MotionPlanRequest assuming that the planner plugin does warn you if it does not use the requested planner.
[move_group-8] [INFO] [1787480627.172693125] [move_group.moveit.moveit.plugins.simple_controller_manager]: Returned 2 controllers in list
[move_group-8] [INFO] [1787480627.172722813] [move_group.moveit.moveit.plugins.simple_controller_manager]: Returned 2 controllers in list
[move_group-8] [INFO] [1787480627.172792673] [move_group.moveit.moveit.ros.trajectory_execution_manager]: Validating trajectory with allowed_start_tolerance 0.01
[move_group-8] [INFO] [1787480627.182584690] [move_group.moveit.moveit.ros.trajectory_execution_manager]: Starting trajectory execution ...
[move_group-8] [INFO] [1787480627.182704834] [move_group.moveit.moveit.plugins.simple_controller_manager]: Returned 2 controllers in list
[move_group-8] [INFO] [1787480627.182756655] [move_group.moveit.moveit.plugins.simple_controller_manager]: Returned 2 controllers in list
[move_group-8] [INFO] [1787480627.182896744] [moveit.simple_controller_manager.follow_joint_trajectory_controller_handle]: sending trajectory to joint_trajectory_controller
[gazebo-2] [INFO] [1787480627.183553810] [joint_trajectory_controller]: Received new action goal
[gazebo-2] [INFO] [1787480627.183585297] [joint_trajectory_controller]: Accepted new action goal
[move_group-8] [INFO] [1787480627.183891189] [moveit.simple_controller_manager.follow_joint_trajectory_controller_handle]: joint_trajectory_controller started execution
[move_group-8] [INFO] [1787480627.183923260] [moveit.simple_controller_manager.follow_joint_trajectory_controller_handle]: Goal request accepted!
[gazebo-2] [INFO] [1787480630.117481220] [joint_trajectory_controller]: Goal reached, success!
[move_group-8] [INFO] [1787480630.134366887] [moveit.simple_controller_manager.follow_joint_trajectory_controller_handle]: Controller 'joint_trajectory_controller' successfully finished
[move_group-8] [INFO] [1787480630.135057844] [move_group.moveit.moveit.ros.trajectory_execution_manager]: Completed trajectory execution with status SUCCEEDED ...
[move_group-8] [INFO] [1787480630.142735745] [move_group.moveit.moveit.ros.move_group.move_action]: Solution was found and executed.
[move_group-8] [INFO] [1787480630.827489512] [move_group.moveit.moveit.ros.move_group.move_action]: MoveGroupMoveAction: Received request
[move_group-8] [INFO] [1787480630.827691612] [move_group.moveit.moveit.ros.move_group.move_action]: executing..
[move_group-8] [WARN] [1787480630.835081762] [move_group.moveit.moveit.ros.planning_scene_monitor]: Unable to transform object from frame 'calibration_target' to planning frame'world' (Could not find a connection between 'world' and 'calibration_target' because they are not part of the same tree.Tf has two or more unconnected trees.)
[move_group-8] [WARN] [1787480630.835128585] [move_group.moveit.moveit.ros.planning_scene_monitor]: Unable to transform object from frame 'camera_color_optical_frame' to planning frame'world' (Could not find a connection between 'world' and 'camera_color_optical_frame' because they are not part of the same tree.Tf has two or more unconnected trees.)
[move_group-8] [INFO] [1787480630.835150250] [move_group.moveit.moveit.ros.move_group.move_action]: Combined planning and execution request received for MoveGroup action. Forwarding to planning and execution pipeline.
[move_group-8] [WARN] [1787480630.835162872] [move_group.moveit.moveit.ros.move_group.capability]: Execution of motions should always start at the robot's current state. Ignoring the state supplied as start state in the motion planning request
[move_group-8] [WARN] [1787480630.835174999] [move_group.moveit.moveit.ros.move_group.capability]: Execution of motions should always start at the robot's current state. Ignoring the state supplied as difference in the planning scene diff
[move_group-8] [INFO] [1787480630.835182088] [move_group.moveit.moveit.ros.plan_execution]: Planning attempt 1 of at most 1
[move_group-8] [INFO] [1787480630.835276569] [move_group]: Calling PlanningRequestAdapter 'CheckStartStateBounds'
[move_group-8] [INFO] [1787480630.835306151] [move_group]: Calling PlanningRequestAdapter 'CheckStartStateCollision'
[move_group-8] [INFO] [1787480630.835364652] [move_group]: Calling PlanningRequestAdapter 'ResolveConstraintFrames'
[move_group-8] [INFO] [1787480630.835380571] [move_group]: Calling PlanningRequestAdapter 'ValidateWorkspaceBounds'
[move_group-8] [INFO] [1787480630.835641435] [move_group.moveit.moveit.planners.ompl.model_based_planning_context]: Planner configuration 'ar_manipulator' will use planner 'geometric::RRTConnect'. Additional configuration parameters will be set when the planner is constructed.
[move_group-8] [INFO] [1787480630.835722536] [move_group]: Calling Planner 'OMPL'
[move_group-8] [INFO] [1787480630.859711412] [move_group]: Calling PlanningResponseAdapter 'AddTimeOptimalParameterization'
[move_group-8] [WARN] [1787480630.859772267] [move_group.moveit.moveit.core.time_optimal_trajectory_generation]: Invalid max_velocity_scaling_factor 0.000000 specified, defaulting to 1.000000 instead.
[move_group-8] [WARN] [1787480630.859793407] [move_group.moveit.moveit.core.time_optimal_trajectory_generation]: Invalid max_acceleration_scaling_factor 0.000000 specified, defaulting to 1.000000 instead.
[move_group-8] [INFO] [1787480630.861811873] [move_group]: Calling PlanningResponseAdapter 'ValidateSolution'
[move_group-8] [WARN] [1787480630.862165391] [move_group.moveit.moveit.ros.planning_pipeline]: The planner plugin did not fill out the 'planner_id' field of the MotionPlanResponse. Setting it to the planner ID name of the MotionPlanRequest assuming that the planner plugin does warn you if it does not use the requested planner.
[move_group-8] [INFO] [1787480630.862302212] [move_group.moveit.moveit.plugins.simple_controller_manager]: Returned 2 controllers in list
[move_group-8] [INFO] [1787480630.862329946] [move_group.moveit.moveit.plugins.simple_controller_manager]: Returned 2 controllers in list
[move_group-8] [INFO] [1787480630.862393514] [move_group.moveit.moveit.ros.trajectory_execution_manager]: Validating trajectory with allowed_start_tolerance 0.01
[move_group-8] [INFO] [1787480630.868663336] [move_group.moveit.moveit.ros.trajectory_execution_manager]: Starting trajectory execution ...
[move_group-8] [INFO] [1787480630.868712988] [move_group.moveit.moveit.plugins.simple_controller_manager]: Returned 2 controllers in list
[move_group-8] [INFO] [1787480630.868734557] [move_group.moveit.moveit.plugins.simple_controller_manager]: Returned 2 controllers in list
[move_group-8] [INFO] [1787480630.868836487] [moveit.simple_controller_manager.follow_joint_trajectory_controller_handle]: sending trajectory to joint_trajectory_controller
[gazebo-2] [INFO] [1787480630.869012846] [joint_trajectory_controller]: Received new action goal
[gazebo-2] [INFO] [1787480630.869037838] [joint_trajectory_controller]: Accepted new action goal
[move_group-8] [INFO] [1787480630.869201323] [moveit.simple_controller_manager.follow_joint_trajectory_controller_handle]: joint_trajectory_controller started execution
[move_group-8] [INFO] [1787480630.869211222] [moveit.simple_controller_manager.follow_joint_trajectory_controller_handle]: Goal request accepted!
[gazebo-2] [INFO] [1787480634.548031110] [joint_trajectory_controller]: Goal reached, success!
[move_group-8] [INFO] [1787480634.569622865] [moveit.simple_controller_manager.follow_joint_trajectory_controller_handle]: Controller 'joint_trajectory_controller' successfully finished
[move_group-8] [INFO] [1787480634.616025848] [move_group.moveit.moveit.ros.trajectory_execution_manager]: Completed trajectory execution with status SUCCEEDED ...
[move_group-8] [INFO] [1787480634.618812192] [move_group.moveit.moveit.ros.move_group.move_action]: Solution was found and executed.
[move_group-8] [INFO] [1787480635.309815898] [move_group.moveit.moveit.ros.move_group.move_action]: MoveGroupMoveAction: Received request
[move_group-8] [INFO] [1787480635.310042985] [move_group.moveit.moveit.ros.move_group.move_action]: executing..
[move_group-8] [WARN] [1787480635.318192212] [move_group.moveit.moveit.ros.planning_scene_monitor]: Unable to transform object from frame 'calibration_target' to planning frame'world' (Could not find a connection between 'world' and 'calibration_target' because they are not part of the same tree.Tf has two or more unconnected trees.)
[move_group-8] [WARN] [1787480635.318250105] [move_group.moveit.moveit.ros.planning_scene_monitor]: Unable to transform object from frame 'camera_color_optical_frame' to planning frame'world' (Could not find a connection between 'world' and 'camera_color_optical_frame' because they are not part of the same tree.Tf has two or more unconnected trees.)
[move_group-8] [INFO] [1787480635.318277031] [move_group.moveit.moveit.ros.move_group.move_action]: Combined planning and execution request received for MoveGroup action. Forwarding to planning and execution pipeline.
[move_group-8] [WARN] [1787480635.318291456] [move_group.moveit.moveit.ros.move_group.capability]: Execution of motions should always start at the robot's current state. Ignoring the state supplied as start state in the motion planning request
[move_group-8] [WARN] [1787480635.318303822] [move_group.moveit.moveit.ros.move_group.capability]: Execution of motions should always start at the robot's current state. Ignoring the state supplied as difference in the planning scene diff
[move_group-8] [INFO] [1787480635.318313219] [move_group.moveit.moveit.ros.plan_execution]: Planning attempt 1 of at most 1
[move_group-8] [INFO] [1787480635.318456744] [move_group]: Calling PlanningRequestAdapter 'CheckStartStateBounds'
[move_group-8] [INFO] [1787480635.318502817] [move_group]: Calling PlanningRequestAdapter 'CheckStartStateCollision'
[move_group-8] [INFO] [1787480635.318566132] [move_group]: Calling PlanningRequestAdapter 'ResolveConstraintFrames'
[move_group-8] [INFO] [1787480635.318585222] [move_group]: Calling PlanningRequestAdapter 'ValidateWorkspaceBounds'
[move_group-8] [INFO] [1787480635.318887781] [move_group.moveit.moveit.planners.ompl.model_based_planning_context]: Planner configuration 'ar_manipulator' will use planner 'geometric::RRTConnect'. Additional configuration parameters will be set when the planner is constructed.
[move_group-8] [INFO] [1787480635.318972820] [move_group]: Calling Planner 'OMPL'
[move_group-8] [INFO] [1787480635.344176617] [move_group]: Calling PlanningResponseAdapter 'AddTimeOptimalParameterization'
[move_group-8] [WARN] [1787480635.344247116] [move_group.moveit.moveit.core.time_optimal_trajectory_generation]: Invalid max_velocity_scaling_factor 0.000000 specified, defaulting to 1.000000 instead.
[move_group-8] [WARN] [1787480635.344268744] [move_group.moveit.moveit.core.time_optimal_trajectory_generation]: Invalid max_acceleration_scaling_factor 0.000000 specified, defaulting to 1.000000 instead.
[move_group-8] [INFO] [1787480635.351144821] [move_group]: Calling PlanningResponseAdapter 'ValidateSolution'
[move_group-8] [WARN] [1787480635.351795732] [move_group.moveit.moveit.ros.planning_pipeline]: The planner plugin did not fill out the 'planner_id' field of the MotionPlanResponse. Setting it to the planner ID name of the MotionPlanRequest assuming that the planner plugin does warn you if it does not use the requested planner.
[move_group-8] [INFO] [1787480635.351928166] [move_group.moveit.moveit.plugins.simple_controller_manager]: Returned 2 controllers in list
[move_group-8] [INFO] [1787480635.351948760] [move_group.moveit.moveit.plugins.simple_controller_manager]: Returned 2 controllers in list
[move_group-8] [INFO] [1787480635.352019814] [move_group.moveit.moveit.ros.trajectory_execution_manager]: Validating trajectory with allowed_start_tolerance 0.01
[move_group-8] [INFO] [1787480635.356579258] [move_group.moveit.moveit.ros.trajectory_execution_manager]: Starting trajectory execution ...
[move_group-8] [INFO] [1787480635.356663291] [move_group.moveit.moveit.plugins.simple_controller_manager]: Returned 2 controllers in list
[move_group-8] [INFO] [1787480635.356694766] [move_group.moveit.moveit.plugins.simple_controller_manager]: Returned 2 controllers in list
[move_group-8] [INFO] [1787480635.356781414] [moveit.simple_controller_manager.follow_joint_trajectory_controller_handle]: sending trajectory to joint_trajectory_controller
[gazebo-2] [INFO] [1787480635.357098050] [joint_trajectory_controller]: Received new action goal
[gazebo-2] [INFO] [1787480635.357133395] [joint_trajectory_controller]: Accepted new action goal
[move_group-8] [INFO] [1787480635.357327792] [moveit.simple_controller_manager.follow_joint_trajectory_controller_handle]: joint_trajectory_controller started execution
[move_group-8] [INFO] [1787480635.357341480] [moveit.simple_controller_manager.follow_joint_trajectory_controller_handle]: Goal request accepted!
[gazebo-2] [INFO] [1787480642.024363063] [joint_trajectory_controller]: Goal reached, success!
[move_group-8] [INFO] [1787480642.057981696] [moveit.simple_controller_manager.follow_joint_trajectory_controller_handle]: Controller 'joint_trajectory_controller' successfully finished
[move_group-8] [INFO] [1787480642.092566128] [move_group.moveit.moveit.ros.trajectory_execution_manager]: Completed trajectory execution with status SUCCEEDED ...
[move_group-8] [INFO] [1787480642.096758101] [move_group.moveit.moveit.ros.move_group.move_action]: Solution was found and executed.
[move_group-8] [INFO] [1787480642.775295360] [move_group.moveit.moveit.ros.move_group.move_action]: MoveGroupMoveAction: Received request
[move_group-8] [INFO] [1787480642.775515072] [move_group.moveit.moveit.ros.move_group.move_action]: executing..
[move_group-8] [WARN] [1787480642.776610530] [move_group.moveit.moveit.ros.planning_scene_monitor]: Unable to transform object from frame 'calibration_target' to planning frame'world' (Could not find a connection between 'world' and 'calibration_target' because they are not part of the same tree.Tf has two or more unconnected trees.)
[move_group-8] [WARN] [1787480642.776654709] [move_group.moveit.moveit.ros.planning_scene_monitor]: Unable to transform object from frame 'camera_color_optical_frame' to planning frame'world' (Could not find a connection between 'world' and 'camera_color_optical_frame' because they are not part of the same tree.Tf has two or more unconnected trees.)
[move_group-8] [INFO] [1787480642.776686899] [move_group.moveit.moveit.ros.move_group.move_action]: Combined planning and execution request received for MoveGroup action. Forwarding to planning and execution pipeline.
[move_group-8] [WARN] [1787480642.776708817] [move_group.moveit.moveit.ros.move_group.capability]: Execution of motions should always start at the robot's current state. Ignoring the state supplied as start state in the motion planning request
[move_group-8] [WARN] [1787480642.776730803] [move_group.moveit.moveit.ros.move_group.capability]: Execution of motions should always start at the robot's current state. Ignoring the state supplied as difference in the planning scene diff
[move_group-8] [INFO] [1787480642.776743528] [move_group.moveit.moveit.ros.plan_execution]: Planning attempt 1 of at most 1
[move_group-8] [INFO] [1787480642.776860603] [move_group]: Calling PlanningRequestAdapter 'CheckStartStateBounds'
[move_group-8] [INFO] [1787480642.776894765] [move_group]: Calling PlanningRequestAdapter 'CheckStartStateCollision'
[move_group-8] [INFO] [1787480642.776940445] [move_group]: Calling PlanningRequestAdapter 'ResolveConstraintFrames'
[move_group-8] [INFO] [1787480642.776955053] [move_group]: Calling PlanningRequestAdapter 'ValidateWorkspaceBounds'
[move_group-8] [INFO] [1787480642.777205028] [move_group.moveit.moveit.planners.ompl.model_based_planning_context]: Planner configuration 'ar_manipulator' will use planner 'geometric::RRTConnect'. Additional configuration parameters will be set when the planner is constructed.
[move_group-8] [INFO] [1787480642.777280239] [move_group]: Calling Planner 'OMPL'
[move_group-8] [INFO] [1787480642.800774126] [move_group]: Calling PlanningResponseAdapter 'AddTimeOptimalParameterization'
[move_group-8] [WARN] [1787480642.800833335] [move_group.moveit.moveit.core.time_optimal_trajectory_generation]: Invalid max_velocity_scaling_factor 0.000000 specified, defaulting to 1.000000 instead.
[move_group-8] [WARN] [1787480642.800847257] [move_group.moveit.moveit.core.time_optimal_trajectory_generation]: Invalid max_acceleration_scaling_factor 0.000000 specified, defaulting to 1.000000 instead.
[move_group-8] [INFO] [1787480642.803063279] [move_group]: Calling PlanningResponseAdapter 'ValidateSolution'
[move_group-8] [WARN] [1787480642.803405575] [move_group.moveit.moveit.ros.planning_pipeline]: The planner plugin did not fill out the 'planner_id' field of the MotionPlanResponse. Setting it to the planner ID name of the MotionPlanRequest assuming that the planner plugin does warn you if it does not use the requested planner.
[move_group-8] [INFO] [1787480642.803555742] [move_group.moveit.moveit.plugins.simple_controller_manager]: Returned 2 controllers in list
[move_group-8] [INFO] [1787480642.803589139] [move_group.moveit.moveit.plugins.simple_controller_manager]: Returned 2 controllers in list
[move_group-8] [INFO] [1787480642.803667765] [move_group.moveit.moveit.ros.trajectory_execution_manager]: Validating trajectory with allowed_start_tolerance 0.01
[move_group-8] [INFO] [1787480642.811394114] [move_group.moveit.moveit.ros.trajectory_execution_manager]: Starting trajectory execution ...
[move_group-8] [INFO] [1787480642.811490399] [move_group.moveit.moveit.plugins.simple_controller_manager]: Returned 2 controllers in list
[move_group-8] [INFO] [1787480642.811527554] [move_group.moveit.moveit.plugins.simple_controller_manager]: Returned 2 controllers in list
[move_group-8] [INFO] [1787480642.812177082] [moveit.simple_controller_manager.follow_joint_trajectory_controller_handle]: sending trajectory to joint_trajectory_controller
[gazebo-2] [INFO] [1787480642.812417932] [joint_trajectory_controller]: Received new action goal
[gazebo-2] [INFO] [1787480642.812474630] [joint_trajectory_controller]: Accepted new action goal
[move_group-8] [INFO] [1787480642.812703991] [moveit.simple_controller_manager.follow_joint_trajectory_controller_handle]: joint_trajectory_controller started execution
[move_group-8] [INFO] [1787480642.812717550] [moveit.simple_controller_manager.follow_joint_trajectory_controller_handle]: Goal request accepted!
[gazebo-2] [INFO] [1787480646.971018511] [joint_trajectory_controller]: Goal reached, success!
[move_group-8] [INFO] [1787480647.012972881] [moveit.simple_controller_manager.follow_joint_trajectory_controller_handle]: Controller 'joint_trajectory_controller' successfully finished
[move_group-8] [INFO] [1787480647.056187804] [move_group.moveit.moveit.ros.trajectory_execution_manager]: Completed trajectory execution with status SUCCEEDED ...
[move_group-8] [INFO] [1787480647.061564717] [move_group.moveit.moveit.ros.move_group.move_action]: Solution was found and executed.
[move_group-8] [INFO] [1787480647.702220955] [move_group.moveit.moveit.ros.move_group.move_action]: MoveGroupMoveAction: Received request
[move_group-8] [INFO] [1787480647.702444490] [move_group.moveit.moveit.ros.move_group.move_action]: executing..
[move_group-8] [WARN] [1787480647.703672366] [move_group.moveit.moveit.ros.planning_scene_monitor]: Unable to transform object from frame 'calibration_target' to planning frame'world' (Could not find a connection between 'world' and 'calibration_target' because they are not part of the same tree.Tf has two or more unconnected trees.)
[move_group-8] [WARN] [1787480647.703727219] [move_group.moveit.moveit.ros.planning_scene_monitor]: Unable to transform object from frame 'camera_color_optical_frame' to planning frame'world' (Could not find a connection between 'world' and 'camera_color_optical_frame' because they are not part of the same tree.Tf has two or more unconnected trees.)
[move_group-8] [INFO] [1787480647.703748931] [move_group.moveit.moveit.ros.move_group.move_action]: Combined planning and execution request received for MoveGroup action. Forwarding to planning and execution pipeline.
[move_group-8] [WARN] [1787480647.703762539] [move_group.moveit.moveit.ros.move_group.capability]: Execution of motions should always start at the robot's current state. Ignoring the state supplied as start state in the motion planning request
[move_group-8] [WARN] [1787480647.703774655] [move_group.moveit.moveit.ros.move_group.capability]: Execution of motions should always start at the robot's current state. Ignoring the state supplied as difference in the planning scene diff
[move_group-8] [INFO] [1787480647.703781710] [move_group.moveit.moveit.ros.plan_execution]: Planning attempt 1 of at most 1
[move_group-8] [INFO] [1787480647.703866016] [move_group]: Calling PlanningRequestAdapter 'CheckStartStateBounds'
[move_group-8] [INFO] [1787480647.703890631] [move_group]: Calling PlanningRequestAdapter 'CheckStartStateCollision'
[move_group-8] [INFO] [1787480647.703929974] [move_group]: Calling PlanningRequestAdapter 'ResolveConstraintFrames'
[move_group-8] [INFO] [1787480647.703939451] [move_group]: Calling PlanningRequestAdapter 'ValidateWorkspaceBounds'
[move_group-8] [INFO] [1787480647.704133179] [move_group.moveit.moveit.planners.ompl.model_based_planning_context]: Planner configuration 'ar_manipulator' will use planner 'geometric::RRTConnect'. Additional configuration parameters will be set when the planner is constructed.
[move_group-8] [INFO] [1787480647.704235567] [move_group]: Calling Planner 'OMPL'
[move_group-8] [INFO] [1787480647.718389527] [move_group]: Calling PlanningResponseAdapter 'AddTimeOptimalParameterization'
[move_group-8] [WARN] [1787480647.718452288] [move_group.moveit.moveit.core.time_optimal_trajectory_generation]: Invalid max_velocity_scaling_factor 0.000000 specified, defaulting to 1.000000 instead.
[move_group-8] [WARN] [1787480647.718474765] [move_group.moveit.moveit.core.time_optimal_trajectory_generation]: Invalid max_acceleration_scaling_factor 0.000000 specified, defaulting to 1.000000 instead.
[move_group-8] [INFO] [1787480647.720262919] [move_group]: Calling PlanningResponseAdapter 'ValidateSolution'
[move_group-8] [WARN] [1787480647.720661216] [move_group.moveit.moveit.ros.planning_pipeline]: The planner plugin did not fill out the 'planner_id' field of the MotionPlanResponse. Setting it to the planner ID name of the MotionPlanRequest assuming that the planner plugin does warn you if it does not use the requested planner.
[move_group-8] [INFO] [1787480647.720784050] [move_group.moveit.moveit.plugins.simple_controller_manager]: Returned 2 controllers in list
[move_group-8] [INFO] [1787480647.720805507] [move_group.moveit.moveit.plugins.simple_controller_manager]: Returned 2 controllers in list
[move_group-8] [INFO] [1787480647.720858251] [move_group.moveit.moveit.ros.trajectory_execution_manager]: Validating trajectory with allowed_start_tolerance 0.01
[move_group-8] [INFO] [1787480647.737788703] [move_group.moveit.moveit.ros.trajectory_execution_manager]: Starting trajectory execution ...
[move_group-8] [INFO] [1787480647.737915049] [move_group.moveit.moveit.plugins.simple_controller_manager]: Returned 2 controllers in list
[move_group-8] [INFO] [1787480647.737960209] [move_group.moveit.moveit.plugins.simple_controller_manager]: Returned 2 controllers in list
[move_group-8] [INFO] [1787480647.738135768] [moveit.simple_controller_manager.follow_joint_trajectory_controller_handle]: sending trajectory to joint_trajectory_controller
[gazebo-2] [INFO] [1787480647.740286169] [joint_trajectory_controller]: Received new action goal
[gazebo-2] [INFO] [1787480647.740331437] [joint_trajectory_controller]: Accepted new action goal
[move_group-8] [INFO] [1787480647.740777827] [moveit.simple_controller_manager.follow_joint_trajectory_controller_handle]: joint_trajectory_controller started execution
[move_group-8] [INFO] [1787480647.740794261] [moveit.simple_controller_manager.follow_joint_trajectory_controller_handle]: Goal request accepted!
[gazebo-2] [INFO] [1787480652.490384970] [joint_trajectory_controller]: Goal reached, success!
[move_group-8] [INFO] [1787480652.515316880] [moveit.simple_controller_manager.follow_joint_trajectory_controller_handle]: Controller 'joint_trajectory_controller' successfully finished
[move_group-8] [INFO] [1787480652.564087594] [move_group.moveit.moveit.ros.trajectory_execution_manager]: Completed trajectory execution with status SUCCEEDED ...
[move_group-8] [INFO] [1787480652.572879511] [move_group.moveit.moveit.ros.move_group.move_action]: Solution was found and executed.
[move_group-8] [INFO] [1787480654.282989066] [move_group.moveit.moveit.ros.move_group.move_action]: MoveGroupMoveAction: Received request
[move_group-8] [INFO] [1787480654.283190687] [move_group.moveit.moveit.ros.move_group.move_action]: executing..
[move_group-8] [WARN] [1787480654.295870308] [move_group.moveit.moveit.ros.planning_scene_monitor]: Unable to transform object from frame 'calibration_target' to planning frame'world' (Could not find a connection between 'world' and 'calibration_target' because they are not part of the same tree.Tf has two or more unconnected trees.)
[move_group-8] [WARN] [1787480654.295968796] [move_group.moveit.moveit.ros.planning_scene_monitor]: Unable to transform object from frame 'camera_color_optical_frame' to planning frame'world' (Could not find a connection between 'world' and 'camera_color_optical_frame' because they are not part of the same tree.Tf has two or more unconnected trees.)
[move_group-8] [INFO] [1787480654.296006088] [move_group.moveit.moveit.ros.move_group.move_action]: Combined planning and execution request received for MoveGroup action. Forwarding to planning and execution pipeline.
[move_group-8] [WARN] [1787480654.296027490] [move_group.moveit.moveit.ros.move_group.capability]: Execution of motions should always start at the robot's current state. Ignoring the state supplied as start state in the motion planning request
[move_group-8] [WARN] [1787480654.296046313] [move_group.moveit.moveit.ros.move_group.capability]: Execution of motions should always start at the robot's current state. Ignoring the state supplied as difference in the planning scene diff
[move_group-8] [INFO] [1787480654.296058260] [move_group.moveit.moveit.ros.plan_execution]: Planning attempt 1 of at most 1
[move_group-8] [INFO] [1787480654.296221180] [move_group]: Calling PlanningRequestAdapter 'CheckStartStateBounds'
[move_group-8] [INFO] [1787480654.296258394] [move_group]: Calling PlanningRequestAdapter 'CheckStartStateCollision'
[move_group-8] [INFO] [1787480654.296307996] [move_group]: Calling PlanningRequestAdapter 'ResolveConstraintFrames'
[move_group-8] [INFO] [1787480654.296351938] [move_group]: Calling PlanningRequestAdapter 'ValidateWorkspaceBounds'
[move_group-8] [INFO] [1787480654.296674767] [move_group.moveit.moveit.planners.ompl.model_based_planning_context]: Planner configuration 'ar_manipulator' will use planner 'geometric::RRTConnect'. Additional configuration parameters will be set when the planner is constructed.
[move_group-8] [INFO] [1787480654.296778199] [move_group]: Calling Planner 'OMPL'
[move_group-8] [INFO] [1787480654.310013029] [move_group]: Calling PlanningResponseAdapter 'AddTimeOptimalParameterization'
[move_group-8] [WARN] [1787480654.310085936] [move_group.moveit.moveit.core.time_optimal_trajectory_generation]: Invalid max_velocity_scaling_factor 0.000000 specified, defaulting to 1.000000 instead.
[move_group-8] [WARN] [1787480654.310111566] [move_group.moveit.moveit.core.time_optimal_trajectory_generation]: Invalid max_acceleration_scaling_factor 0.000000 specified, defaulting to 1.000000 instead.
[move_group-8] [INFO] [1787480654.311120278] [move_group]: Calling PlanningResponseAdapter 'ValidateSolution'
[move_group-8] [WARN] [1787480654.311337509] [move_group.moveit.moveit.ros.planning_pipeline]: The planner plugin did not fill out the 'planner_id' field of the MotionPlanResponse. Setting it to the planner ID name of the MotionPlanRequest assuming that the planner plugin does warn you if it does not use the requested planner.
[move_group-8] [INFO] [1787480654.311431063] [move_group.moveit.moveit.plugins.simple_controller_manager]: Returned 2 controllers in list
[move_group-8] [INFO] [1787480654.311451141] [move_group.moveit.moveit.plugins.simple_controller_manager]: Returned 2 controllers in list
[move_group-8] [INFO] [1787480654.311520605] [move_group.moveit.moveit.ros.trajectory_execution_manager]: Validating trajectory with allowed_start_tolerance 0.01
[move_group-8] [INFO] [1787480654.313071010] [move_group.moveit.moveit.ros.trajectory_execution_manager]: Starting trajectory execution ...
[move_group-8] [INFO] [1787480654.313140661] [move_group.moveit.moveit.plugins.simple_controller_manager]: Returned 2 controllers in list
[move_group-8] [INFO] [1787480654.313199218] [move_group.moveit.moveit.plugins.simple_controller_manager]: Returned 2 controllers in list
[move_group-8] [INFO] [1787480654.313321413] [moveit.simple_controller_manager.follow_joint_trajectory_controller_handle]: sending trajectory to joint_trajectory_controller
[gazebo-2] [INFO] [1787480654.313584508] [joint_trajectory_controller]: Received new action goal
[gazebo-2] [INFO] [1787480654.313627587] [joint_trajectory_controller]: Accepted new action goal
[move_group-8] [INFO] [1787480654.313836843] [moveit.simple_controller_manager.follow_joint_trajectory_controller_handle]: joint_trajectory_controller started execution
[move_group-8] [INFO] [1787480654.313851635] [moveit.simple_controller_manager.follow_joint_trajectory_controller_handle]: Goal request accepted!
[gazebo-2] [INFO] [1787480656.836257318] [joint_trajectory_controller]: Goal reached, success!
[move_group-8] [INFO] [1787480656.864457333] [moveit.simple_controller_manager.follow_joint_trajectory_controller_handle]: Controller 'joint_trajectory_controller' successfully finished
[move_group-8] [INFO] [1787480656.892223937] [move_group.moveit.moveit.ros.trajectory_execution_manager]: Completed trajectory execution with status SUCCEEDED ...
[move_group-8] [INFO] [1787480656.893228477] [move_group.moveit.moveit.ros.move_group.move_action]: Solution was found and executed.
[move_group-8] [INFO] [1787480657.530726418] [move_group.moveit.moveit.ros.move_group.move_action]: MoveGroupMoveAction: Received request
[move_group-8] [INFO] [1787480657.530946484] [move_group.moveit.moveit.ros.move_group.move_action]: executing..
[move_group-8] [WARN] [1787480657.535191751] [move_group.moveit.moveit.ros.planning_scene_monitor]: Unable to transform object from frame 'calibration_target' to planning frame'world' (Could not find a connection between 'world' and 'calibration_target' because they are not part of the same tree.Tf has two or more unconnected trees.)
[move_group-8] [WARN] [1787480657.535261892] [move_group.moveit.moveit.ros.planning_scene_monitor]: Unable to transform object from frame 'camera_color_optical_frame' to planning frame'world' (Could not find a connection between 'world' and 'camera_color_optical_frame' because they are not part of the same tree.Tf has two or more unconnected trees.)
[move_group-8] [INFO] [1787480657.535292467] [move_group.moveit.moveit.ros.move_group.move_action]: Combined planning and execution request received for MoveGroup action. Forwarding to planning and execution pipeline.
[move_group-8] [WARN] [1787480657.535310974] [move_group.moveit.moveit.ros.move_group.capability]: Execution of motions should always start at the robot's current state. Ignoring the state supplied as start state in the motion planning request
[move_group-8] [WARN] [1787480657.535327523] [move_group.moveit.moveit.ros.move_group.capability]: Execution of motions should always start at the robot's current state. Ignoring the state supplied as difference in the planning scene diff
[move_group-8] [INFO] [1787480657.535337504] [move_group.moveit.moveit.ros.plan_execution]: Planning attempt 1 of at most 1
[move_group-8] [INFO] [1787480657.535461849] [move_group]: Calling PlanningRequestAdapter 'CheckStartStateBounds'
[move_group-8] [INFO] [1787480657.535498283] [move_group]: Calling PlanningRequestAdapter 'CheckStartStateCollision'
[move_group-8] [INFO] [1787480657.535577542] [move_group]: Calling PlanningRequestAdapter 'ResolveConstraintFrames'
[move_group-8] [INFO] [1787480657.535599756] [move_group]: Calling PlanningRequestAdapter 'ValidateWorkspaceBounds'
[move_group-8] [INFO] [1787480657.535867342] [move_group.moveit.moveit.planners.ompl.model_based_planning_context]: Planner configuration 'ar_manipulator' will use planner 'geometric::RRTConnect'. Additional configuration parameters will be set when the planner is constructed.
[move_group-8] [INFO] [1787480657.535973781] [move_group]: Calling Planner 'OMPL'
[move_group-8] [INFO] [1787480657.560888078] [move_group]: Calling PlanningResponseAdapter 'AddTimeOptimalParameterization'
[move_group-8] [WARN] [1787480657.560941525] [move_group.moveit.moveit.core.time_optimal_trajectory_generation]: Invalid max_velocity_scaling_factor 0.000000 specified, defaulting to 1.000000 instead.
[move_group-8] [WARN] [1787480657.560955678] [move_group.moveit.moveit.core.time_optimal_trajectory_generation]: Invalid max_acceleration_scaling_factor 0.000000 specified, defaulting to 1.000000 instead.
[move_group-8] [INFO] [1787480657.566484572] [move_group]: Calling PlanningResponseAdapter 'ValidateSolution'
[move_group-8] [WARN] [1787480657.566880297] [move_group.moveit.moveit.ros.planning_pipeline]: The planner plugin did not fill out the 'planner_id' field of the MotionPlanResponse. Setting it to the planner ID name of the MotionPlanRequest assuming that the planner plugin does warn you if it does not use the requested planner.
[move_group-8] [INFO] [1787480657.567011472] [move_group.moveit.moveit.plugins.simple_controller_manager]: Returned 2 controllers in list
[move_group-8] [INFO] [1787480657.567040766] [move_group.moveit.moveit.plugins.simple_controller_manager]: Returned 2 controllers in list
[move_group-8] [INFO] [1787480657.567127941] [move_group.moveit.moveit.ros.trajectory_execution_manager]: Validating trajectory with allowed_start_tolerance 0.01
[move_group-8] [INFO] [1787480657.571038515] [move_group.moveit.moveit.ros.trajectory_execution_manager]: Starting trajectory execution ...
[move_group-8] [INFO] [1787480657.571092903] [move_group.moveit.moveit.plugins.simple_controller_manager]: Returned 2 controllers in list
[move_group-8] [INFO] [1787480657.571126223] [move_group.moveit.moveit.plugins.simple_controller_manager]: Returned 2 controllers in list
[move_group-8] [INFO] [1787480657.571230964] [moveit.simple_controller_manager.follow_joint_trajectory_controller_handle]: sending trajectory to joint_trajectory_controller
[gazebo-2] [INFO] [1787480657.571463341] [joint_trajectory_controller]: Received new action goal
[gazebo-2] [INFO] [1787480657.571491724] [joint_trajectory_controller]: Accepted new action goal
[move_group-8] [INFO] [1787480657.571656655] [moveit.simple_controller_manager.follow_joint_trajectory_controller_handle]: joint_trajectory_controller started execution
[move_group-8] [INFO] [1787480657.571669430] [moveit.simple_controller_manager.follow_joint_trajectory_controller_handle]: Goal request accepted!
[gazebo-2] [INFO] [1787480663.634693184] [joint_trajectory_controller]: Goal reached, success!
[move_group-8] [INFO] [1787480663.671960648] [moveit.simple_controller_manager.follow_joint_trajectory_controller_handle]: Controller 'joint_trajectory_controller' successfully finished
[move_group-8] [INFO] [1787480663.720338002] [move_group.moveit.moveit.ros.trajectory_execution_manager]: Completed trajectory execution with status SUCCEEDED ...
[move_group-8] [INFO] [1787480663.721215403] [move_group.moveit.moveit.ros.move_group.move_action]: Solution was found and executed.
[move_group-8] [INFO] [1787480664.409847318] [move_group.moveit.moveit.ros.move_group.move_action]: MoveGroupMoveAction: Received request
[move_group-8] [INFO] [1787480664.410126890] [move_group.moveit.moveit.ros.move_group.move_action]: executing..
[move_group-8] [WARN] [1787480664.416895597] [move_group.moveit.moveit.ros.planning_scene_monitor]: Unable to transform object from frame 'calibration_target' to planning frame'world' (Could not find a connection between 'world' and 'calibration_target' because they are not part of the same tree.Tf has two or more unconnected trees.)
[move_group-8] [WARN] [1787480664.416958133] [move_group.moveit.moveit.ros.planning_scene_monitor]: Unable to transform object from frame 'camera_color_optical_frame' to planning frame'world' (Could not find a connection between 'world' and 'camera_color_optical_frame' because they are not part of the same tree.Tf has two or more unconnected trees.)
[move_group-8] [INFO] [1787480664.416984595] [move_group.moveit.moveit.ros.move_group.move_action]: Combined planning and execution request received for MoveGroup action. Forwarding to planning and execution pipeline.
[move_group-8] [WARN] [1787480664.417002210] [move_group.moveit.moveit.ros.move_group.capability]: Execution of motions should always start at the robot's current state. Ignoring the state supplied as start state in the motion planning request
[move_group-8] [WARN] [1787480664.417082779] [move_group.moveit.moveit.ros.move_group.capability]: Execution of motions should always start at the robot's current state. Ignoring the state supplied as difference in the planning scene diff
[move_group-8] [INFO] [1787480664.417102470] [move_group.moveit.moveit.ros.plan_execution]: Planning attempt 1 of at most 1
[move_group-8] [INFO] [1787480664.417221597] [move_group]: Calling PlanningRequestAdapter 'CheckStartStateBounds'
[move_group-8] [INFO] [1787480664.417251929] [move_group]: Calling PlanningRequestAdapter 'CheckStartStateCollision'
[move_group-8] [INFO] [1787480664.417311216] [move_group]: Calling PlanningRequestAdapter 'ResolveConstraintFrames'
[move_group-8] [INFO] [1787480664.417332411] [move_group]: Calling PlanningRequestAdapter 'ValidateWorkspaceBounds'
[move_group-8] [INFO] [1787480664.417612413] [move_group.moveit.moveit.planners.ompl.model_based_planning_context]: Planner configuration 'ar_manipulator' will use planner 'geometric::RRTConnect'. Additional configuration parameters will be set when the planner is constructed.
[move_group-8] [INFO] [1787480664.417696310] [move_group]: Calling Planner 'OMPL'
[move_group-8] [INFO] [1787480664.430315386] [move_group]: Calling PlanningResponseAdapter 'AddTimeOptimalParameterization'
[move_group-8] [WARN] [1787480664.430428334] [move_group.moveit.moveit.core.time_optimal_trajectory_generation]: Invalid max_velocity_scaling_factor 0.000000 specified, defaulting to 1.000000 instead.
[move_group-8] [WARN] [1787480664.430441662] [move_group.moveit.moveit.core.time_optimal_trajectory_generation]: Invalid max_acceleration_scaling_factor 0.000000 specified, defaulting to 1.000000 instead.
[move_group-8] [INFO] [1787480664.431324593] [move_group]: Calling PlanningResponseAdapter 'ValidateSolution'
[move_group-8] [WARN] [1787480664.431524740] [move_group.moveit.moveit.ros.planning_pipeline]: The planner plugin did not fill out the 'planner_id' field of the MotionPlanResponse. Setting it to the planner ID name of the MotionPlanRequest assuming that the planner plugin does warn you if it does not use the requested planner.
[move_group-8] [INFO] [1787480664.431624564] [move_group.moveit.moveit.plugins.simple_controller_manager]: Returned 2 controllers in list
[move_group-8] [INFO] [1787480664.431664897] [move_group.moveit.moveit.plugins.simple_controller_manager]: Returned 2 controllers in list
[move_group-8] [INFO] [1787480664.431729500] [move_group.moveit.moveit.ros.trajectory_execution_manager]: Validating trajectory with allowed_start_tolerance 0.01
[move_group-8] [INFO] [1787480664.433946891] [move_group.moveit.moveit.ros.trajectory_execution_manager]: Starting trajectory execution ...
[move_group-8] [INFO] [1787480664.433990512] [move_group.moveit.moveit.plugins.simple_controller_manager]: Returned 2 controllers in list
[move_group-8] [INFO] [1787480664.434009932] [move_group.moveit.moveit.plugins.simple_controller_manager]: Returned 2 controllers in list
[move_group-8] [INFO] [1787480664.434094274] [moveit.simple_controller_manager.follow_joint_trajectory_controller_handle]: sending trajectory to joint_trajectory_controller
[gazebo-2] [INFO] [1787480664.434285104] [joint_trajectory_controller]: Received new action goal
[gazebo-2] [INFO] [1787480664.434318327] [joint_trajectory_controller]: Accepted new action goal
[move_group-8] [INFO] [1787480664.434474963] [moveit.simple_controller_manager.follow_joint_trajectory_controller_handle]: joint_trajectory_controller started execution
[move_group-8] [INFO] [1787480664.434488447] [moveit.simple_controller_manager.follow_joint_trajectory_controller_handle]: Goal request accepted!
[gazebo-2] [INFO] [1787480667.294063404] [joint_trajectory_controller]: Goal reached, success!
[move_group-8] [INFO] [1787480667.334857597] [moveit.simple_controller_manager.follow_joint_trajectory_controller_handle]: Controller 'joint_trajectory_controller' successfully finished
[move_group-8] [INFO] [1787480667.366500024] [move_group.moveit.moveit.ros.trajectory_execution_manager]: Completed trajectory execution with status SUCCEEDED ...
[move_group-8] [INFO] [1787480667.374197827] [move_group.moveit.moveit.ros.move_group.move_action]: Solution was found and executed.
[move_group-8] [INFO] [1787480668.068518943] [move_group.moveit.moveit.ros.move_group.move_action]: MoveGroupMoveAction: Received request
[move_group-8] [INFO] [1787480668.068837948] [move_group.moveit.moveit.ros.move_group.move_action]: executing..
[move_group-8] [WARN] [1787480668.086118595] [move_group.moveit.moveit.ros.planning_scene_monitor]: Unable to transform object from frame 'calibration_target' to planning frame'world' (Could not find a connection between 'world' and 'calibration_target' because they are not part of the same tree.Tf has two or more unconnected trees.)
[move_group-8] [WARN] [1787480668.086196044] [move_group.moveit.moveit.ros.planning_scene_monitor]: Unable to transform object from frame 'camera_color_optical_frame' to planning frame'world' (Could not find a connection between 'world' and 'camera_color_optical_frame' because they are not part of the same tree.Tf has two or more unconnected trees.)
[move_group-8] [INFO] [1787480668.086234428] [move_group.moveit.moveit.ros.move_group.move_action]: Combined planning and execution request received for MoveGroup action. Forwarding to planning and execution pipeline.
[move_group-8] [WARN] [1787480668.086252859] [move_group.moveit.moveit.ros.move_group.capability]: Execution of motions should always start at the robot's current state. Ignoring the state supplied as start state in the motion planning request
[move_group-8] [WARN] [1787480668.086273677] [move_group.moveit.moveit.ros.move_group.capability]: Execution of motions should always start at the robot's current state. Ignoring the state supplied as difference in the planning scene diff
[move_group-8] [INFO] [1787480668.086285230] [move_group.moveit.moveit.ros.plan_execution]: Planning attempt 1 of at most 1
[move_group-8] [INFO] [1787480668.086428489] [move_group]: Calling PlanningRequestAdapter 'CheckStartStateBounds'
[move_group-8] [INFO] [1787480668.086465535] [move_group]: Calling PlanningRequestAdapter 'CheckStartStateCollision'
[move_group-8] [INFO] [1787480668.086519262] [move_group]: Calling PlanningRequestAdapter 'ResolveConstraintFrames'
[move_group-8] [INFO] [1787480668.086541109] [move_group]: Calling PlanningRequestAdapter 'ValidateWorkspaceBounds'
[move_group-8] [INFO] [1787480668.086812678] [move_group.moveit.moveit.planners.ompl.model_based_planning_context]: Planner configuration 'ar_manipulator' will use planner 'geometric::RRTConnect'. Additional configuration parameters will be set when the planner is constructed.
[move_group-8] [INFO] [1787480668.086870397] [move_group]: Calling Planner 'OMPL'
[move_group-8] [INFO] [1787480668.099524983] [move_group]: Calling PlanningResponseAdapter 'AddTimeOptimalParameterization'
[move_group-8] [WARN] [1787480668.099590244] [move_group.moveit.moveit.core.time_optimal_trajectory_generation]: Invalid max_velocity_scaling_factor 0.000000 specified, defaulting to 1.000000 instead.
[move_group-8] [WARN] [1787480668.099611591] [move_group.moveit.moveit.core.time_optimal_trajectory_generation]: Invalid max_acceleration_scaling_factor 0.000000 specified, defaulting to 1.000000 instead.
[move_group-8] [INFO] [1787480668.100232033] [move_group]: Calling PlanningResponseAdapter 'ValidateSolution'
[move_group-8] [WARN] [1787480668.100392243] [move_group.moveit.moveit.ros.planning_pipeline]: The planner plugin did not fill out the 'planner_id' field of the MotionPlanResponse. Setting it to the planner ID name of the MotionPlanRequest assuming that the planner plugin does warn you if it does not use the requested planner.
[move_group-8] [INFO] [1787480668.100514703] [move_group.moveit.moveit.plugins.simple_controller_manager]: Returned 2 controllers in list
[move_group-8] [INFO] [1787480668.100543284] [move_group.moveit.moveit.plugins.simple_controller_manager]: Returned 2 controllers in list
[move_group-8] [INFO] [1787480668.100604563] [move_group.moveit.moveit.ros.trajectory_execution_manager]: Validating trajectory with allowed_start_tolerance 0.01
[move_group-8] [INFO] [1787480668.102469512] [move_group.moveit.moveit.ros.trajectory_execution_manager]: Starting trajectory execution ...
[move_group-8] [INFO] [1787480668.102535081] [move_group.moveit.moveit.plugins.simple_controller_manager]: Returned 2 controllers in list
[move_group-8] [INFO] [1787480668.102575331] [move_group.moveit.moveit.plugins.simple_controller_manager]: Returned 2 controllers in list
[move_group-8] [INFO] [1787480668.102747199] [moveit.simple_controller_manager.follow_joint_trajectory_controller_handle]: sending trajectory to joint_trajectory_controller
[gazebo-2] [INFO] [1787480668.102995757] [joint_trajectory_controller]: Received new action goal
[gazebo-2] [INFO] [1787480668.103026733] [joint_trajectory_controller]: Accepted new action goal
[move_group-8] [INFO] [1787480668.103273782] [moveit.simple_controller_manager.follow_joint_trajectory_controller_handle]: joint_trajectory_controller started execution
[move_group-8] [INFO] [1787480668.103287211] [moveit.simple_controller_manager.follow_joint_trajectory_controller_handle]: Goal request accepted!
[gazebo-2] [INFO] [1787480669.595145278] [joint_trajectory_controller]: Goal reached, success!
[move_group-8] [INFO] [1787480669.603408494] [moveit.simple_controller_manager.follow_joint_trajectory_controller_handle]: Controller 'joint_trajectory_controller' successfully finished
[move_group-8] [INFO] [1787480669.646525935] [move_group.moveit.moveit.ros.trajectory_execution_manager]: Completed trajectory execution with status SUCCEEDED ...
[move_group-8] [INFO] [1787480669.652576675] [move_group.moveit.moveit.ros.move_group.move_action]: Solution was found and executed.
[move_group-8] [INFO] [1787480670.285996890] [move_group.moveit.moveit.ros.move_group.move_action]: MoveGroupMoveAction: Received request
[move_group-8] [INFO] [1787480670.286290806] [move_group.moveit.moveit.ros.move_group.move_action]: executing..
[move_group-8] [WARN] [1787480670.292421534] [move_group.moveit.moveit.ros.planning_scene_monitor]: Unable to transform object from frame 'calibration_target' to planning frame'world' (Could not find a connection between 'world' and 'calibration_target' because they are not part of the same tree.Tf has two or more unconnected trees.)
[move_group-8] [WARN] [1787480670.292485891] [move_group.moveit.moveit.ros.planning_scene_monitor]: Unable to transform object from frame 'camera_color_optical_frame' to planning frame'world' (Could not find a connection between 'world' and 'camera_color_optical_frame' because they are not part of the same tree.Tf has two or more unconnected trees.)
[move_group-8] [INFO] [1787480670.292517060] [move_group.moveit.moveit.ros.move_group.move_action]: Combined planning and execution request received for MoveGroup action. Forwarding to planning and execution pipeline.
[move_group-8] [WARN] [1787480670.292567545] [move_group.moveit.moveit.ros.move_group.capability]: Execution of motions should always start at the robot's current state. Ignoring the state supplied as start state in the motion planning request
[move_group-8] [WARN] [1787480670.292589680] [move_group.moveit.moveit.ros.move_group.capability]: Execution of motions should always start at the robot's current state. Ignoring the state supplied as difference in the planning scene diff
[move_group-8] [INFO] [1787480670.292599896] [move_group.moveit.moveit.ros.plan_execution]: Planning attempt 1 of at most 1
[move_group-8] [INFO] [1787480670.292728716] [move_group]: Calling PlanningRequestAdapter 'CheckStartStateBounds'
[move_group-8] [INFO] [1787480670.292765089] [move_group]: Calling PlanningRequestAdapter 'CheckStartStateCollision'
[move_group-8] [INFO] [1787480670.292808965] [move_group]: Calling PlanningRequestAdapter 'ResolveConstraintFrames'
[move_group-8] [INFO] [1787480670.292823096] [move_group]: Calling PlanningRequestAdapter 'ValidateWorkspaceBounds'
[move_group-8] [INFO] [1787480670.293044690] [move_group.moveit.moveit.planners.ompl.model_based_planning_context]: Planner configuration 'ar_manipulator' will use planner 'geometric::RRTConnect'. Additional configuration parameters will be set when the planner is constructed.
[move_group-8] [INFO] [1787480670.293137464] [move_group]: Calling Planner 'OMPL'
[move_group-8] [INFO] [1787480670.306609965] [move_group]: Calling PlanningResponseAdapter 'AddTimeOptimalParameterization'
[move_group-8] [WARN] [1787480670.306676112] [move_group.moveit.moveit.core.time_optimal_trajectory_generation]: Invalid max_velocity_scaling_factor 0.000000 specified, defaulting to 1.000000 instead.
[move_group-8] [WARN] [1787480670.306695726] [move_group.moveit.moveit.core.time_optimal_trajectory_generation]: Invalid max_acceleration_scaling_factor 0.000000 specified, defaulting to 1.000000 instead.
[move_group-8] [INFO] [1787480670.307806282] [move_group]: Calling PlanningResponseAdapter 'ValidateSolution'
[move_group-8] [WARN] [1787480670.308026740] [move_group.moveit.moveit.ros.planning_pipeline]: The planner plugin did not fill out the 'planner_id' field of the MotionPlanResponse. Setting it to the planner ID name of the MotionPlanRequest assuming that the planner plugin does warn you if it does not use the requested planner.
[move_group-8] [INFO] [1787480670.308177993] [move_group.moveit.moveit.plugins.simple_controller_manager]: Returned 2 controllers in list
[move_group-8] [INFO] [1787480670.308213933] [move_group.moveit.moveit.plugins.simple_controller_manager]: Returned 2 controllers in list
[move_group-8] [INFO] [1787480670.308306149] [move_group.moveit.moveit.ros.trajectory_execution_manager]: Validating trajectory with allowed_start_tolerance 0.01
[move_group-8] [INFO] [1787480670.310136592] [move_group.moveit.moveit.ros.trajectory_execution_manager]: Starting trajectory execution ...
[move_group-8] [INFO] [1787480670.310203469] [move_group.moveit.moveit.plugins.simple_controller_manager]: Returned 2 controllers in list
[move_group-8] [INFO] [1787480670.310237966] [move_group.moveit.moveit.plugins.simple_controller_manager]: Returned 2 controllers in list
[move_group-8] [INFO] [1787480670.310958984] [moveit.simple_controller_manager.follow_joint_trajectory_controller_handle]: sending trajectory to joint_trajectory_controller
[gazebo-2] [INFO] [1787480670.311399781] [joint_trajectory_controller]: Received new action goal
[gazebo-2] [INFO] [1787480670.311435808] [joint_trajectory_controller]: Accepted new action goal
[move_group-8] [INFO] [1787480670.311710469] [moveit.simple_controller_manager.follow_joint_trajectory_controller_handle]: joint_trajectory_controller started execution
[move_group-8] [INFO] [1787480670.311725052] [moveit.simple_controller_manager.follow_joint_trajectory_controller_handle]: Goal request accepted!
[gazebo-2] [INFO] [1787480673.141701274] [joint_trajectory_controller]: Goal reached, success!
[move_group-8] [INFO] [1787480673.161885060] [moveit.simple_controller_manager.follow_joint_trajectory_controller_handle]: Controller 'joint_trajectory_controller' successfully finished
[move_group-8] [INFO] [1787480673.176518552] [move_group.moveit.moveit.ros.trajectory_execution_manager]: Completed trajectory execution with status SUCCEEDED ...
[move_group-8] [INFO] [1787480673.180266924] [move_group.moveit.moveit.ros.move_group.move_action]: Solution was found and executed.
[move_group-8] [INFO] [1787480673.848601722] [move_group.moveit.moveit.ros.move_group.move_action]: MoveGroupMoveAction: Received request
[move_group-8] [INFO] [1787480673.848921089] [move_group.moveit.moveit.ros.move_group.move_action]: executing..
[move_group-8] [WARN] [1787480673.855941845] [move_group.moveit.moveit.ros.planning_scene_monitor]: Unable to transform object from frame 'calibration_target' to planning frame'world' (Could not find a connection between 'world' and 'calibration_target' because they are not part of the same tree.Tf has two or more unconnected trees.)
[move_group-8] [WARN] [1787480673.856008191] [move_group.moveit.moveit.ros.planning_scene_monitor]: Unable to transform object from frame 'camera_color_optical_frame' to planning frame'world' (Could not find a connection between 'world' and 'camera_color_optical_frame' because they are not part of the same tree.Tf has two or more unconnected trees.)
[move_group-8] [INFO] [1787480673.856040491] [move_group.moveit.moveit.ros.move_group.move_action]: Combined planning and execution request received for MoveGroup action. Forwarding to planning and execution pipeline.
[move_group-8] [WARN] [1787480673.856061354] [move_group.moveit.moveit.ros.move_group.capability]: Execution of motions should always start at the robot's current state. Ignoring the state supplied as start state in the motion planning request
[move_group-8] [WARN] [1787480673.856107701] [move_group.moveit.moveit.ros.move_group.capability]: Execution of motions should always start at the robot's current state. Ignoring the state supplied as difference in the planning scene diff
[move_group-8] [INFO] [1787480673.856123630] [move_group.moveit.moveit.ros.plan_execution]: Planning attempt 1 of at most 1
[move_group-8] [INFO] [1787480673.856250143] [move_group]: Calling PlanningRequestAdapter 'CheckStartStateBounds'
[move_group-8] [INFO] [1787480673.856286131] [move_group]: Calling PlanningRequestAdapter 'CheckStartStateCollision'
[move_group-8] [INFO] [1787480673.856335361] [move_group]: Calling PlanningRequestAdapter 'ResolveConstraintFrames'
[move_group-8] [INFO] [1787480673.856351977] [move_group]: Calling PlanningRequestAdapter 'ValidateWorkspaceBounds'
[move_group-8] [INFO] [1787480673.856628828] [move_group.moveit.moveit.planners.ompl.model_based_planning_context]: Planner configuration 'ar_manipulator' will use planner 'geometric::RRTConnect'. Additional configuration parameters will be set when the planner is constructed.
[move_group-8] [INFO] [1787480673.856710289] [move_group]: Calling Planner 'OMPL'
[move_group-8] [INFO] [1787480673.880485127] [move_group]: Calling PlanningResponseAdapter 'AddTimeOptimalParameterization'
[move_group-8] [WARN] [1787480673.880545362] [move_group.moveit.moveit.core.time_optimal_trajectory_generation]: Invalid max_velocity_scaling_factor 0.000000 specified, defaulting to 1.000000 instead.
[move_group-8] [WARN] [1787480673.880560016] [move_group.moveit.moveit.core.time_optimal_trajectory_generation]: Invalid max_acceleration_scaling_factor 0.000000 specified, defaulting to 1.000000 instead.
[move_group-8] [INFO] [1787480673.881963634] [move_group]: Calling PlanningResponseAdapter 'ValidateSolution'
[move_group-8] [WARN] [1787480673.882174208] [move_group.moveit.moveit.ros.planning_pipeline]: The planner plugin did not fill out the 'planner_id' field of the MotionPlanResponse. Setting it to the planner ID name of the MotionPlanRequest assuming that the planner plugin does warn you if it does not use the requested planner.
[move_group-8] [INFO] [1787480673.882377239] [move_group.moveit.moveit.plugins.simple_controller_manager]: Returned 2 controllers in list
[move_group-8] [INFO] [1787480673.882403997] [move_group.moveit.moveit.plugins.simple_controller_manager]: Returned 2 controllers in list
[move_group-8] [INFO] [1787480673.882474208] [move_group.moveit.moveit.ros.trajectory_execution_manager]: Validating trajectory with allowed_start_tolerance 0.01
[move_group-8] [INFO] [1787480673.890071226] [move_group.moveit.moveit.ros.trajectory_execution_manager]: Starting trajectory execution ...
[move_group-8] [INFO] [1787480673.890170949] [move_group.moveit.moveit.plugins.simple_controller_manager]: Returned 2 controllers in list
[move_group-8] [INFO] [1787480673.890206005] [move_group.moveit.moveit.plugins.simple_controller_manager]: Returned 2 controllers in list
[move_group-8] [INFO] [1787480673.890311547] [moveit.simple_controller_manager.follow_joint_trajectory_controller_handle]: sending trajectory to joint_trajectory_controller
[gazebo-2] [INFO] [1787480673.890801224] [joint_trajectory_controller]: Received new action goal
[gazebo-2] [INFO] [1787480673.890835495] [joint_trajectory_controller]: Accepted new action goal
[move_group-8] [INFO] [1787480673.891001788] [moveit.simple_controller_manager.follow_joint_trajectory_controller_handle]: joint_trajectory_controller started execution
[move_group-8] [INFO] [1787480673.891012901] [moveit.simple_controller_manager.follow_joint_trajectory_controller_handle]: Goal request accepted!
[gazebo-2] [INFO] [1787480677.326332340] [joint_trajectory_controller]: Goal reached, success!
[move_group-8] [INFO] [1787480677.341191075] [moveit.simple_controller_manager.follow_joint_trajectory_controller_handle]: Controller 'joint_trajectory_controller' successfully finished
[move_group-8] [INFO] [1787480677.379270258] [move_group.moveit.moveit.ros.trajectory_execution_manager]: Completed trajectory execution with status SUCCEEDED ...
[move_group-8] [INFO] [1787480677.380250238] [move_group.moveit.moveit.ros.move_group.move_action]: Solution was found and executed.
[move_group-8] [INFO] [1787480678.049659369] [move_group.moveit.moveit.ros.move_group.move_action]: MoveGroupMoveAction: Received request
[move_group-8] [INFO] [1787480678.049869208] [move_group.moveit.moveit.ros.move_group.move_action]: executing..
[move_group-8] [WARN] [1787480678.067035914] [move_group.moveit.moveit.ros.planning_scene_monitor]: Unable to transform object from frame 'calibration_target' to planning frame'world' (Could not find a connection between 'world' and 'calibration_target' because they are not part of the same tree.Tf has two or more unconnected trees.)
[move_group-8] [WARN] [1787480678.067107508] [move_group.moveit.moveit.ros.planning_scene_monitor]: Unable to transform object from frame 'camera_color_optical_frame' to planning frame'world' (Could not find a connection between 'world' and 'camera_color_optical_frame' because they are not part of the same tree.Tf has two or more unconnected trees.)
[move_group-8] [INFO] [1787480678.067135130] [move_group.moveit.moveit.ros.move_group.move_action]: Combined planning and execution request received for MoveGroup action. Forwarding to planning and execution pipeline.
[move_group-8] [WARN] [1787480678.067150686] [move_group.moveit.moveit.ros.move_group.capability]: Execution of motions should always start at the robot's current state. Ignoring the state supplied as start state in the motion planning request
[move_group-8] [WARN] [1787480678.067163320] [move_group.moveit.moveit.ros.move_group.capability]: Execution of motions should always start at the robot's current state. Ignoring the state supplied as difference in the planning scene diff
[move_group-8] [INFO] [1787480678.067170559] [move_group.moveit.moveit.ros.plan_execution]: Planning attempt 1 of at most 1
[move_group-8] [INFO] [1787480678.067284546] [move_group]: Calling PlanningRequestAdapter 'CheckStartStateBounds'
[move_group-8] [INFO] [1787480678.067311284] [move_group]: Calling PlanningRequestAdapter 'CheckStartStateCollision'
[move_group-8] [INFO] [1787480678.067360917] [move_group]: Calling PlanningRequestAdapter 'ResolveConstraintFrames'
[move_group-8] [INFO] [1787480678.067371716] [move_group]: Calling PlanningRequestAdapter 'ValidateWorkspaceBounds'
[move_group-8] [INFO] [1787480678.067604330] [move_group.moveit.moveit.planners.ompl.model_based_planning_context]: Planner configuration 'ar_manipulator' will use planner 'geometric::RRTConnect'. Additional configuration parameters will be set when the planner is constructed.
[move_group-8] [INFO] [1787480678.067697179] [move_group]: Calling Planner 'OMPL'
[move_group-8] [INFO] [1787480678.090440915] [move_group]: Calling PlanningResponseAdapter 'AddTimeOptimalParameterization'
[move_group-8] [WARN] [1787480678.090503338] [move_group.moveit.moveit.core.time_optimal_trajectory_generation]: Invalid max_velocity_scaling_factor 0.000000 specified, defaulting to 1.000000 instead.
[move_group-8] [WARN] [1787480678.090517688] [move_group.moveit.moveit.core.time_optimal_trajectory_generation]: Invalid max_acceleration_scaling_factor 0.000000 specified, defaulting to 1.000000 instead.
[move_group-8] [INFO] [1787480678.091187908] [move_group]: Calling PlanningResponseAdapter 'ValidateSolution'
[move_group-8] [WARN] [1787480678.091440473] [move_group.moveit.moveit.ros.planning_pipeline]: The planner plugin did not fill out the 'planner_id' field of the MotionPlanResponse. Setting it to the planner ID name of the MotionPlanRequest assuming that the planner plugin does warn you if it does not use the requested planner.
[move_group-8] [INFO] [1787480678.091559766] [move_group.moveit.moveit.plugins.simple_controller_manager]: Returned 2 controllers in list
[move_group-8] [INFO] [1787480678.091589506] [move_group.moveit.moveit.plugins.simple_controller_manager]: Returned 2 controllers in list
[move_group-8] [INFO] [1787480678.091677746] [move_group.moveit.moveit.ros.trajectory_execution_manager]: Validating trajectory with allowed_start_tolerance 0.01
[move_group-8] [INFO] [1787480678.101097531] [move_group.moveit.moveit.ros.trajectory_execution_manager]: Starting trajectory execution ...
[move_group-8] [INFO] [1787480678.101189949] [move_group.moveit.moveit.plugins.simple_controller_manager]: Returned 2 controllers in list
[move_group-8] [INFO] [1787480678.101223946] [move_group.moveit.moveit.plugins.simple_controller_manager]: Returned 2 controllers in list
[move_group-8] [INFO] [1787480678.101348016] [moveit.simple_controller_manager.follow_joint_trajectory_controller_handle]: sending trajectory to joint_trajectory_controller
[gazebo-2] [INFO] [1787480678.101559119] [joint_trajectory_controller]: Received new action goal
[gazebo-2] [INFO] [1787480678.101590184] [joint_trajectory_controller]: Accepted new action goal
[move_group-8] [INFO] [1787480678.102096956] [moveit.simple_controller_manager.follow_joint_trajectory_controller_handle]: joint_trajectory_controller started execution
[move_group-8] [INFO] [1787480678.102111277] [moveit.simple_controller_manager.follow_joint_trajectory_controller_handle]: Goal request accepted!
[gazebo-2] [INFO] [1787480680.654692030] [joint_trajectory_controller]: Goal reached, success!
[move_group-8] [INFO] [1787480680.702043424] [moveit.simple_controller_manager.follow_joint_trajectory_controller_handle]: Controller 'joint_trajectory_controller' successfully finished
[move_group-8] [INFO] [1787480680.739772387] [move_group.moveit.moveit.ros.trajectory_execution_manager]: Completed trajectory execution with status SUCCEEDED ...
[move_group-8] [INFO] [1787480680.741200282] [move_group.moveit.moveit.ros.move_group.move_action]: Solution was found and executed.
[move_group-8] [INFO] [1787480681.387353954] [move_group.moveit.moveit.ros.move_group.move_action]: MoveGroupMoveAction: Received request
[move_group-8] [INFO] [1787480681.387588629] [move_group.moveit.moveit.ros.move_group.move_action]: executing..
[move_group-8] [WARN] [1787480681.390676161] [move_group.moveit.moveit.ros.planning_scene_monitor]: Unable to transform object from frame 'calibration_target' to planning frame'world' (Could not find a connection between 'world' and 'calibration_target' because they are not part of the same tree.Tf has two or more unconnected trees.)
[move_group-8] [WARN] [1787480681.390749335] [move_group.moveit.moveit.ros.planning_scene_monitor]: Unable to transform object from frame 'camera_color_optical_frame' to planning frame'world' (Could not find a connection between 'world' and 'camera_color_optical_frame' because they are not part of the same tree.Tf has two or more unconnected trees.)
[move_group-8] [INFO] [1787480681.390787405] [move_group.moveit.moveit.ros.move_group.move_action]: Combined planning and execution request received for MoveGroup action. Forwarding to planning and execution pipeline.
[move_group-8] [WARN] [1787480681.390809586] [move_group.moveit.moveit.ros.move_group.capability]: Execution of motions should always start at the robot's current state. Ignoring the state supplied as start state in the motion planning request
[move_group-8] [WARN] [1787480681.390832337] [move_group.moveit.moveit.ros.move_group.capability]: Execution of motions should always start at the robot's current state. Ignoring the state supplied as difference in the planning scene diff
[move_group-8] [INFO] [1787480681.390843638] [move_group.moveit.moveit.ros.plan_execution]: Planning attempt 1 of at most 1
[move_group-8] [INFO] [1787480681.390992571] [move_group]: Calling PlanningRequestAdapter 'CheckStartStateBounds'
[move_group-8] [INFO] [1787480681.391033987] [move_group]: Calling PlanningRequestAdapter 'CheckStartStateCollision'
[move_group-8] [INFO] [1787480681.391090490] [move_group]: Calling PlanningRequestAdapter 'ResolveConstraintFrames'
[move_group-8] [INFO] [1787480681.391144269] [move_group]: Calling PlanningRequestAdapter 'ValidateWorkspaceBounds'
[move_group-8] [INFO] [1787480681.391614095] [move_group.moveit.moveit.planners.ompl.model_based_planning_context]: Planner configuration 'ar_manipulator' will use planner 'geometric::RRTConnect'. Additional configuration parameters will be set when the planner is constructed.
[move_group-8] [INFO] [1787480681.391726250] [move_group]: Calling Planner 'OMPL'
[move_group-8] [ERROR] [1787480682.141980566] [move_group.moveit.moveit.planners.ompl.planner_manager]: ./src/ompl/geometric/planners/rrt/src/RRTConnect.cpp:265 - ar_manipulator/ar_manipulator: Unable to sample any valid states for goal tree
[move_group-8] [ERROR] [1787480682.142223596] [move_group.moveit.moveit.planners.ompl.planner_manager]: ./src/ompl/geometric/planners/rrt/src/RRTConnect.cpp:265 - ar_manipulator/ar_manipulator: Unable to sample any valid states for goal tree
[move_group-8] [ERROR] [1787480682.142723250] [move_group.moveit.moveit.planners.ompl.planner_manager]: ./src/ompl/geometric/planners/rrt/src/RRTConnect.cpp:265 - ar_manipulator/ar_manipulator: Unable to sample any valid states for goal tree
[move_group-8] [ERROR] [1787480682.142900567] [move_group.moveit.moveit.planners.ompl.planner_manager]: ./src/ompl/geometric/planners/rrt/src/RRTConnect.cpp:265 - ar_manipulator/ar_manipulator: Unable to sample any valid states for goal tree
[move_group-8] [WARN] [1787480682.143015287] [move_group.moveit.moveit.planners.ompl.planner_manager]: ./src/ompl/tools/multiplan/src/ParallelPlan.cpp:138 - ParallelPlan::solve(): Unable to find solution by any of the threads in 0.751197 seconds
[move_group-8] [ERROR] [1787480682.143273270] [move_group.moveit.moveit.planners.ompl.model_based_planning_context]: Unable to solve the planning problem
[move_group-8] [ERROR] [1787480682.143345181] [move_group]: Planner 'OMPL' failed with error code FAILURE
[move_group-8] [INFO] [1787480682.143378112] [move_group.moveit.moveit.ros.move_group.move_action]: FAILURE
[move_group-8] [INFO] [1787480682.451754396] [move_group.moveit.moveit.ros.move_group.move_action]: MoveGroupMoveAction: Received request
[move_group-8] [INFO] [1787480682.452080303] [move_group.moveit.moveit.ros.move_group.move_action]: executing..
[move_group-8] [WARN] [1787480682.459296784] [move_group.moveit.moveit.ros.planning_scene_monitor]: Unable to transform object from frame 'calibration_target' to planning frame'world' (Could not find a connection between 'world' and 'calibration_target' because they are not part of the same tree.Tf has two or more unconnected trees.)
[move_group-8] [WARN] [1787480682.459355842] [move_group.moveit.moveit.ros.planning_scene_monitor]: Unable to transform object from frame 'camera_color_optical_frame' to planning frame'world' (Could not find a connection between 'world' and 'camera_color_optical_frame' because they are not part of the same tree.Tf has two or more unconnected trees.)
[move_group-8] [INFO] [1787480682.459380938] [move_group.moveit.moveit.ros.move_group.move_action]: Combined planning and execution request received for MoveGroup action. Forwarding to planning and execution pipeline.
[move_group-8] [WARN] [1787480682.459394703] [move_group.moveit.moveit.ros.move_group.capability]: Execution of motions should always start at the robot's current state. Ignoring the state supplied as start state in the motion planning request
[move_group-8] [WARN] [1787480682.459407477] [move_group.moveit.moveit.ros.move_group.capability]: Execution of motions should always start at the robot's current state. Ignoring the state supplied as difference in the planning scene diff
[move_group-8] [INFO] [1787480682.459415201] [move_group.moveit.moveit.ros.plan_execution]: Planning attempt 1 of at most 1
[move_group-8] [INFO] [1787480682.459522247] [move_group]: Calling PlanningRequestAdapter 'CheckStartStateBounds'
[move_group-8] [INFO] [1787480682.459560798] [move_group]: Calling PlanningRequestAdapter 'CheckStartStateCollision'
[move_group-8] [INFO] [1787480682.459609897] [move_group]: Calling PlanningRequestAdapter 'ResolveConstraintFrames'
[move_group-8] [INFO] [1787480682.459627129] [move_group]: Calling PlanningRequestAdapter 'ValidateWorkspaceBounds'
[move_group-8] [INFO] [1787480682.459879271] [move_group.moveit.moveit.planners.ompl.model_based_planning_context]: Planner configuration 'ar_manipulator' will use planner 'geometric::RRTConnect'. Additional configuration parameters will be set when the planner is constructed.
[move_group-8] [INFO] [1787480682.459961221] [move_group]: Calling Planner 'OMPL'
[move_group-8] [INFO] [1787480682.473050364] [move_group]: Calling PlanningResponseAdapter 'AddTimeOptimalParameterization'
[move_group-8] [WARN] [1787480682.473121074] [move_group.moveit.moveit.core.time_optimal_trajectory_generation]: Invalid max_velocity_scaling_factor 0.000000 specified, defaulting to 1.000000 instead.
[move_group-8] [WARN] [1787480682.473142433] [move_group.moveit.moveit.core.time_optimal_trajectory_generation]: Invalid max_acceleration_scaling_factor 0.000000 specified, defaulting to 1.000000 instead.
[move_group-8] [INFO] [1787480682.473818632] [move_group]: Calling PlanningResponseAdapter 'ValidateSolution'
[move_group-8] [WARN] [1787480682.474043764] [move_group.moveit.moveit.ros.planning_pipeline]: The planner plugin did not fill out the 'planner_id' field of the MotionPlanResponse. Setting it to the planner ID name of the MotionPlanRequest assuming that the planner plugin does warn you if it does not use the requested planner.
[move_group-8] [INFO] [1787480682.474156821] [move_group.moveit.moveit.plugins.simple_controller_manager]: Returned 2 controllers in list
[move_group-8] [INFO] [1787480682.474186596] [move_group.moveit.moveit.plugins.simple_controller_manager]: Returned 2 controllers in list
[move_group-8] [INFO] [1787480682.474254019] [move_group.moveit.moveit.ros.trajectory_execution_manager]: Validating trajectory with allowed_start_tolerance 0.01
[move_group-8] [INFO] [1787480682.476154972] [move_group.moveit.moveit.ros.trajectory_execution_manager]: Starting trajectory execution ...
[move_group-8] [INFO] [1787480682.476205484] [move_group.moveit.moveit.plugins.simple_controller_manager]: Returned 2 controllers in list
[move_group-8] [INFO] [1787480682.476228356] [move_group.moveit.moveit.plugins.simple_controller_manager]: Returned 2 controllers in list
[move_group-8] [INFO] [1787480682.476352504] [moveit.simple_controller_manager.follow_joint_trajectory_controller_handle]: sending trajectory to joint_trajectory_controller
[gazebo-2] [INFO] [1787480682.476583577] [joint_trajectory_controller]: Received new action goal
[gazebo-2] [INFO] [1787480682.476613302] [joint_trajectory_controller]: Accepted new action goal
[move_group-8] [INFO] [1787480682.476815131] [moveit.simple_controller_manager.follow_joint_trajectory_controller_handle]: joint_trajectory_controller started execution
[move_group-8] [INFO] [1787480682.476829257] [moveit.simple_controller_manager.follow_joint_trajectory_controller_handle]: Goal request accepted!
[gazebo-2] [INFO] [1787480684.722584208] [joint_trajectory_controller]: Goal reached, success!
[move_group-8] [INFO] [1787480684.727119153] [moveit.simple_controller_manager.follow_joint_trajectory_controller_handle]: Controller 'joint_trajectory_controller' successfully finished
[move_group-8] [INFO] [1787480684.773923649] [move_group.moveit.moveit.ros.trajectory_execution_manager]: Completed trajectory execution with status SUCCEEDED ...
[move_group-8] [INFO] [1787480684.776298981] [move_group.moveit.moveit.ros.move_group.move_action]: Solution was found and executed.
[move_group-8] [INFO] [1787480685.464917591] [move_group.moveit.moveit.ros.move_group.move_action]: MoveGroupMoveAction: Received request
[move_group-8] [INFO] [1787480685.465156970] [move_group.moveit.moveit.ros.move_group.move_action]: executing..
[move_group-8] [WARN] [1787480685.482114358] [move_group.moveit.moveit.ros.planning_scene_monitor]: Unable to transform object from frame 'calibration_target' to planning frame'world' (Could not find a connection between 'world' and 'calibration_target' because they are not part of the same tree.Tf has two or more unconnected trees.)
[move_group-8] [WARN] [1787480685.482199424] [move_group.moveit.moveit.ros.planning_scene_monitor]: Unable to transform object from frame 'camera_color_optical_frame' to planning frame'world' (Could not find a connection between 'world' and 'camera_color_optical_frame' because they are not part of the same tree.Tf has two or more unconnected trees.)
[move_group-8] [INFO] [1787480685.482239147] [move_group.moveit.moveit.ros.move_group.move_action]: Combined planning and execution request received for MoveGroup action. Forwarding to planning and execution pipeline.
[move_group-8] [WARN] [1787480685.482263481] [move_group.moveit.moveit.ros.move_group.capability]: Execution of motions should always start at the robot's current state. Ignoring the state supplied as start state in the motion planning request
[move_group-8] [WARN] [1787480685.482287165] [move_group.moveit.moveit.ros.move_group.capability]: Execution of motions should always start at the robot's current state. Ignoring the state supplied as difference in the planning scene diff
[move_group-8] [INFO] [1787480685.482301922] [move_group.moveit.moveit.ros.plan_execution]: Planning attempt 1 of at most 1
[move_group-8] [INFO] [1787480685.482429976] [move_group]: Calling PlanningRequestAdapter 'CheckStartStateBounds'
[move_group-8] [INFO] [1787480685.482458999] [move_group]: Calling PlanningRequestAdapter 'CheckStartStateCollision'
[move_group-8] [INFO] [1787480685.482515293] [move_group]: Calling PlanningRequestAdapter 'ResolveConstraintFrames'
[move_group-8] [INFO] [1787480685.482526092] [move_group]: Calling PlanningRequestAdapter 'ValidateWorkspaceBounds'
[move_group-8] [INFO] [1787480685.482759810] [move_group.moveit.moveit.planners.ompl.model_based_planning_context]: Planner configuration 'ar_manipulator' will use planner 'geometric::RRTConnect'. Additional configuration parameters will be set when the planner is constructed.
[move_group-8] [INFO] [1787480685.482820211] [move_group]: Calling Planner 'OMPL'
[move_group-8] [INFO] [1787480685.505161662] [move_group]: Calling PlanningResponseAdapter 'AddTimeOptimalParameterization'
[move_group-8] [WARN] [1787480685.505209991] [move_group.moveit.moveit.core.time_optimal_trajectory_generation]: Invalid max_velocity_scaling_factor 0.000000 specified, defaulting to 1.000000 instead.
[move_group-8] [WARN] [1787480685.505222073] [move_group.moveit.moveit.core.time_optimal_trajectory_generation]: Invalid max_acceleration_scaling_factor 0.000000 specified, defaulting to 1.000000 instead.
[move_group-8] [INFO] [1787480685.506698949] [move_group]: Calling PlanningResponseAdapter 'ValidateSolution'
[move_group-8] [WARN] [1787480685.506999109] [move_group.moveit.moveit.ros.planning_pipeline]: The planner plugin did not fill out the 'planner_id' field of the MotionPlanResponse. Setting it to the planner ID name of the MotionPlanRequest assuming that the planner plugin does warn you if it does not use the requested planner.
[move_group-8] [INFO] [1787480685.507135329] [move_group.moveit.moveit.plugins.simple_controller_manager]: Returned 2 controllers in list
[move_group-8] [INFO] [1787480685.507155275] [move_group.moveit.moveit.plugins.simple_controller_manager]: Returned 2 controllers in list
[move_group-8] [INFO] [1787480685.507206699] [move_group.moveit.moveit.ros.trajectory_execution_manager]: Validating trajectory with allowed_start_tolerance 0.01
[move_group-8] [INFO] [1787480685.516273791] [move_group.moveit.moveit.ros.trajectory_execution_manager]: Starting trajectory execution ...
[move_group-8] [INFO] [1787480685.516337638] [move_group.moveit.moveit.plugins.simple_controller_manager]: Returned 2 controllers in list
[move_group-8] [INFO] [1787480685.516360951] [move_group.moveit.moveit.plugins.simple_controller_manager]: Returned 2 controllers in list
[move_group-8] [INFO] [1787480685.516447189] [moveit.simple_controller_manager.follow_joint_trajectory_controller_handle]: sending trajectory to joint_trajectory_controller
[gazebo-2] [INFO] [1787480685.516672697] [joint_trajectory_controller]: Received new action goal
[gazebo-2] [INFO] [1787480685.516704775] [joint_trajectory_controller]: Accepted new action goal
[move_group-8] [INFO] [1787480685.516880623] [moveit.simple_controller_manager.follow_joint_trajectory_controller_handle]: joint_trajectory_controller started execution
[move_group-8] [INFO] [1787480685.516894849] [moveit.simple_controller_manager.follow_joint_trajectory_controller_handle]: Goal request accepted!
[gazebo-2] [INFO] [1787480688.861148491] [joint_trajectory_controller]: Goal reached, success!
[move_group-8] [INFO] [1787480688.867179193] [moveit.simple_controller_manager.follow_joint_trajectory_controller_handle]: Controller 'joint_trajectory_controller' successfully finished
[move_group-8] [INFO] [1787480688.878216507] [move_group.moveit.moveit.ros.trajectory_execution_manager]: Completed trajectory execution with status SUCCEEDED ...
[move_group-8] [INFO] [1787480688.886458190] [move_group.moveit.moveit.ros.move_group.move_action]: Solution was found and executed.
[move_group-8] [INFO] [1787480689.578224170] [move_group.moveit.moveit.ros.move_group.move_action]: MoveGroupMoveAction: Received request
[move_group-8] [INFO] [1787480689.578421107] [move_group.moveit.moveit.ros.move_group.move_action]: executing..
[move_group-8] [WARN] [1787480689.593548921] [move_group.moveit.moveit.ros.planning_scene_monitor]: Unable to transform object from frame 'calibration_target' to planning frame'world' (Could not find a connection between 'world' and 'calibration_target' because they are not part of the same tree.Tf has two or more unconnected trees.)
[move_group-8] [WARN] [1787480689.593628704] [move_group.moveit.moveit.ros.planning_scene_monitor]: Unable to transform object from frame 'camera_color_optical_frame' to planning frame'world' (Could not find a connection between 'world' and 'camera_color_optical_frame' because they are not part of the same tree.Tf has two or more unconnected trees.)
[move_group-8] [INFO] [1787480689.593666075] [move_group.moveit.moveit.ros.move_group.move_action]: Combined planning and execution request received for MoveGroup action. Forwarding to planning and execution pipeline.
[move_group-8] [WARN] [1787480689.593688252] [move_group.moveit.moveit.ros.move_group.capability]: Execution of motions should always start at the robot's current state. Ignoring the state supplied as start state in the motion planning request
[move_group-8] [WARN] [1787480689.593708104] [move_group.moveit.moveit.ros.move_group.capability]: Execution of motions should always start at the robot's current state. Ignoring the state supplied as difference in the planning scene diff
[move_group-8] [INFO] [1787480689.593719551] [move_group.moveit.moveit.ros.plan_execution]: Planning attempt 1 of at most 1
[move_group-8] [INFO] [1787480689.593860745] [move_group]: Calling PlanningRequestAdapter 'CheckStartStateBounds'
[move_group-8] [INFO] [1787480689.593892338] [move_group]: Calling PlanningRequestAdapter 'CheckStartStateCollision'
[move_group-8] [INFO] [1787480689.593932877] [move_group]: Calling PlanningRequestAdapter 'ResolveConstraintFrames'
[move_group-8] [INFO] [1787480689.593942980] [move_group]: Calling PlanningRequestAdapter 'ValidateWorkspaceBounds'
[move_group-8] [INFO] [1787480689.594179288] [move_group.moveit.moveit.planners.ompl.model_based_planning_context]: Planner configuration 'ar_manipulator' will use planner 'geometric::RRTConnect'. Additional configuration parameters will be set when the planner is constructed.
[move_group-8] [INFO] [1787480689.594236835] [move_group]: Calling Planner 'OMPL'
[move_group-8] [INFO] [1787480689.617075425] [move_group]: Calling PlanningResponseAdapter 'AddTimeOptimalParameterization'
[move_group-8] [WARN] [1787480689.617132917] [move_group.moveit.moveit.core.time_optimal_trajectory_generation]: Invalid max_velocity_scaling_factor 0.000000 specified, defaulting to 1.000000 instead.
[move_group-8] [WARN] [1787480689.617152806] [move_group.moveit.moveit.core.time_optimal_trajectory_generation]: Invalid max_acceleration_scaling_factor 0.000000 specified, defaulting to 1.000000 instead.
[move_group-8] [INFO] [1787480689.618301918] [move_group]: Calling PlanningResponseAdapter 'ValidateSolution'
[move_group-8] [WARN] [1787480689.618773107] [move_group.moveit.moveit.ros.planning_pipeline]: The planner plugin did not fill out the 'planner_id' field of the MotionPlanResponse. Setting it to the planner ID name of the MotionPlanRequest assuming that the planner plugin does warn you if it does not use the requested planner.
[move_group-8] [INFO] [1787480689.618985409] [move_group.moveit.moveit.plugins.simple_controller_manager]: Returned 2 controllers in list
[move_group-8] [INFO] [1787480689.619022632] [move_group.moveit.moveit.plugins.simple_controller_manager]: Returned 2 controllers in list
[move_group-8] [INFO] [1787480689.619104193] [move_group.moveit.moveit.ros.trajectory_execution_manager]: Validating trajectory with allowed_start_tolerance 0.01
[move_group-8] [INFO] [1787480689.627935804] [move_group.moveit.moveit.ros.trajectory_execution_manager]: Starting trajectory execution ...
[move_group-8] [INFO] [1787480689.627991857] [move_group.moveit.moveit.plugins.simple_controller_manager]: Returned 2 controllers in list
[move_group-8] [INFO] [1787480689.628012164] [move_group.moveit.moveit.plugins.simple_controller_manager]: Returned 2 controllers in list
[move_group-8] [INFO] [1787480689.628109338] [moveit.simple_controller_manager.follow_joint_trajectory_controller_handle]: sending trajectory to joint_trajectory_controller
[gazebo-2] [INFO] [1787480689.628320746] [joint_trajectory_controller]: Received new action goal
[gazebo-2] [INFO] [1787480689.628352330] [joint_trajectory_controller]: Accepted new action goal
[move_group-8] [INFO] [1787480689.628523998] [moveit.simple_controller_manager.follow_joint_trajectory_controller_handle]: joint_trajectory_controller started execution
[move_group-8] [INFO] [1787480689.628538230] [moveit.simple_controller_manager.follow_joint_trajectory_controller_handle]: Goal request accepted!
[gazebo-2] [INFO] [1787480692.869589199] [joint_trajectory_controller]: Goal reached, success!
[move_group-8] [INFO] [1787480692.879097185] [moveit.simple_controller_manager.follow_joint_trajectory_controller_handle]: Controller 'joint_trajectory_controller' successfully finished
[move_group-8] [INFO] [1787480692.923145150] [move_group.moveit.moveit.ros.trajectory_execution_manager]: Completed trajectory execution with status SUCCEEDED ...
[move_group-8] [INFO] [1787480692.928063088] [move_group.moveit.moveit.ros.move_group.move_action]: Solution was found and executed.
[move_group-8] [INFO] [1787480693.568948210] [move_group.moveit.moveit.ros.move_group.move_action]: MoveGroupMoveAction: Received request
[move_group-8] [INFO] [1787480693.569588350] [move_group.moveit.moveit.ros.move_group.move_action]: executing..
[move_group-8] [WARN] [1787480693.570240853] [move_group.moveit.moveit.ros.planning_scene_monitor]: Unable to transform object from frame 'calibration_target' to planning frame'world' (Could not find a connection between 'world' and 'calibration_target' because they are not part of the same tree.Tf has two or more unconnected trees.)
[move_group-8] [WARN] [1787480693.570286309] [move_group.moveit.moveit.ros.planning_scene_monitor]: Unable to transform object from frame 'camera_color_optical_frame' to planning frame'world' (Could not find a connection between 'world' and 'camera_color_optical_frame' because they are not part of the same tree.Tf has two or more unconnected trees.)
[move_group-8] [INFO] [1787480693.570306520] [move_group.moveit.moveit.ros.move_group.move_action]: Combined planning and execution request received for MoveGroup action. Forwarding to planning and execution pipeline.
[move_group-8] [WARN] [1787480693.570319274] [move_group.moveit.moveit.ros.move_group.capability]: Execution of motions should always start at the robot's current state. Ignoring the state supplied as start state in the motion planning request
[move_group-8] [WARN] [1787480693.570330463] [move_group.moveit.moveit.ros.move_group.capability]: Execution of motions should always start at the robot's current state. Ignoring the state supplied as difference in the planning scene diff
[move_group-8] [INFO] [1787480693.570337677] [move_group.moveit.moveit.ros.plan_execution]: Planning attempt 1 of at most 1
[move_group-8] [INFO] [1787480693.570544264] [move_group]: Calling PlanningRequestAdapter 'CheckStartStateBounds'
[move_group-8] [INFO] [1787480693.570598441] [move_group]: Calling PlanningRequestAdapter 'CheckStartStateCollision'
[move_group-8] [INFO] [1787480693.570638502] [move_group]: Calling PlanningRequestAdapter 'ResolveConstraintFrames'
[move_group-8] [INFO] [1787480693.570653278] [move_group]: Calling PlanningRequestAdapter 'ValidateWorkspaceBounds'
[move_group-8] [INFO] [1787480693.570877372] [move_group.moveit.moveit.planners.ompl.model_based_planning_context]: Planner configuration 'ar_manipulator' will use planner 'geometric::RRTConnect'. Additional configuration parameters will be set when the planner is constructed.
[move_group-8] [INFO] [1787480693.570976325] [move_group]: Calling Planner 'OMPL'
[move_group-8] [INFO] [1787480693.594053863] [move_group]: Calling PlanningResponseAdapter 'AddTimeOptimalParameterization'
[move_group-8] [WARN] [1787480693.594101322] [move_group.moveit.moveit.core.time_optimal_trajectory_generation]: Invalid max_velocity_scaling_factor 0.000000 specified, defaulting to 1.000000 instead.
[move_group-8] [WARN] [1787480693.594118898] [move_group.moveit.moveit.core.time_optimal_trajectory_generation]: Invalid max_acceleration_scaling_factor 0.000000 specified, defaulting to 1.000000 instead.
[move_group-8] [INFO] [1787480693.595761344] [move_group]: Calling PlanningResponseAdapter 'ValidateSolution'
[move_group-8] [WARN] [1787480693.596236986] [move_group.moveit.moveit.ros.planning_pipeline]: The planner plugin did not fill out the 'planner_id' field of the MotionPlanResponse. Setting it to the planner ID name of the MotionPlanRequest assuming that the planner plugin does warn you if it does not use the requested planner.
[move_group-8] [INFO] [1787480693.596426268] [move_group.moveit.moveit.plugins.simple_controller_manager]: Returned 2 controllers in list
[move_group-8] [INFO] [1787480693.596457376] [move_group.moveit.moveit.plugins.simple_controller_manager]: Returned 2 controllers in list
[move_group-8] [INFO] [1787480693.596550700] [move_group.moveit.moveit.ros.trajectory_execution_manager]: Validating trajectory with allowed_start_tolerance 0.01
[move_group-8] [INFO] [1787480693.604283003] [move_group.moveit.moveit.ros.trajectory_execution_manager]: Starting trajectory execution ...
[move_group-8] [INFO] [1787480693.604356116] [move_group.moveit.moveit.plugins.simple_controller_manager]: Returned 2 controllers in list
[move_group-8] [INFO] [1787480693.604393874] [move_group.moveit.moveit.plugins.simple_controller_manager]: Returned 2 controllers in list
[move_group-8] [INFO] [1787480693.604493954] [moveit.simple_controller_manager.follow_joint_trajectory_controller_handle]: sending trajectory to joint_trajectory_controller
[gazebo-2] [INFO] [1787480693.604841824] [joint_trajectory_controller]: Received new action goal
[gazebo-2] [INFO] [1787480693.604885900] [joint_trajectory_controller]: Accepted new action goal
[move_group-8] [INFO] [1787480693.605090061] [moveit.simple_controller_manager.follow_joint_trajectory_controller_handle]: joint_trajectory_controller started execution
[move_group-8] [INFO] [1787480693.605104011] [moveit.simple_controller_manager.follow_joint_trajectory_controller_handle]: Goal request accepted!
[gazebo-2] [INFO] [1787480697.160494521] [joint_trajectory_controller]: Goal reached, success!
[move_group-8] [INFO] [1787480697.205303445] [moveit.simple_controller_manager.follow_joint_trajectory_controller_handle]: Controller 'joint_trajectory_controller' successfully finished
[move_group-8] [INFO] [1787480697.247098409] [move_group.moveit.moveit.ros.trajectory_execution_manager]: Completed trajectory execution with status SUCCEEDED ...
[move_group-8] [INFO] [1787480697.254418099] [move_group.moveit.moveit.ros.move_group.move_action]: Solution was found and executed.
[move_group-8] [INFO] [1787480697.915787071] [move_group.moveit.moveit.ros.move_group.move_action]: MoveGroupMoveAction: Received request
[move_group-8] [INFO] [1787480697.915958507] [move_group.moveit.moveit.ros.move_group.move_action]: executing..
[move_group-8] [WARN] [1787480697.929913720] [move_group.moveit.moveit.ros.planning_scene_monitor]: Unable to transform object from frame 'calibration_target' to planning frame'world' (Could not find a connection between 'world' and 'calibration_target' because they are not part of the same tree.Tf has two or more unconnected trees.)
[move_group-8] [WARN] [1787480697.929978499] [move_group.moveit.moveit.ros.planning_scene_monitor]: Unable to transform object from frame 'camera_color_optical_frame' to planning frame'world' (Could not find a connection between 'world' and 'camera_color_optical_frame' because they are not part of the same tree.Tf has two or more unconnected trees.)
[move_group-8] [INFO] [1787480697.930003833] [move_group.moveit.moveit.ros.move_group.move_action]: Combined planning and execution request received for MoveGroup action. Forwarding to planning and execution pipeline.
[move_group-8] [WARN] [1787480697.930017972] [move_group.moveit.moveit.ros.move_group.capability]: Execution of motions should always start at the robot's current state. Ignoring the state supplied as start state in the motion planning request
[move_group-8] [WARN] [1787480697.930030328] [move_group.moveit.moveit.ros.move_group.capability]: Execution of motions should always start at the robot's current state. Ignoring the state supplied as difference in the planning scene diff
[move_group-8] [INFO] [1787480697.930037823] [move_group.moveit.moveit.ros.plan_execution]: Planning attempt 1 of at most 1
[move_group-8] [INFO] [1787480697.930151354] [move_group]: Calling PlanningRequestAdapter 'CheckStartStateBounds'
[move_group-8] [INFO] [1787480697.930194047] [move_group]: Calling PlanningRequestAdapter 'CheckStartStateCollision'
[move_group-8] [INFO] [1787480697.930255481] [move_group]: Calling PlanningRequestAdapter 'ResolveConstraintFrames'
[move_group-8] [INFO] [1787480697.930275677] [move_group]: Calling PlanningRequestAdapter 'ValidateWorkspaceBounds'
[move_group-8] [INFO] [1787480697.930561526] [move_group.moveit.moveit.planners.ompl.model_based_planning_context]: Planner configuration 'ar_manipulator' will use planner 'geometric::RRTConnect'. Additional configuration parameters will be set when the planner is constructed.
[move_group-8] [INFO] [1787480697.930642619] [move_group]: Calling Planner 'OMPL'
[move_group-8] [INFO] [1787480697.944428049] [move_group]: Calling PlanningResponseAdapter 'AddTimeOptimalParameterization'
[move_group-8] [WARN] [1787480697.944481401] [move_group.moveit.moveit.core.time_optimal_trajectory_generation]: Invalid max_velocity_scaling_factor 0.000000 specified, defaulting to 1.000000 instead.
[move_group-8] [WARN] [1787480697.944498147] [move_group.moveit.moveit.core.time_optimal_trajectory_generation]: Invalid max_acceleration_scaling_factor 0.000000 specified, defaulting to 1.000000 instead.
[move_group-8] [INFO] [1787480697.945690081] [move_group]: Calling PlanningResponseAdapter 'ValidateSolution'
[move_group-8] [WARN] [1787480697.946030605] [move_group.moveit.moveit.ros.planning_pipeline]: The planner plugin did not fill out the 'planner_id' field of the MotionPlanResponse. Setting it to the planner ID name of the MotionPlanRequest assuming that the planner plugin does warn you if it does not use the requested planner.
[move_group-8] [INFO] [1787480697.946133677] [move_group.moveit.moveit.plugins.simple_controller_manager]: Returned 2 controllers in list
[move_group-8] [INFO] [1787480697.946153347] [move_group.moveit.moveit.plugins.simple_controller_manager]: Returned 2 controllers in list
[move_group-8] [INFO] [1787480697.946214377] [move_group.moveit.moveit.ros.trajectory_execution_manager]: Validating trajectory with allowed_start_tolerance 0.01
[move_group-8] [INFO] [1787480697.946631235] [move_group.moveit.moveit.ros.trajectory_execution_manager]: Starting trajectory execution ...
[move_group-8] [INFO] [1787480697.946667324] [move_group.moveit.moveit.plugins.simple_controller_manager]: Returned 2 controllers in list
[move_group-8] [INFO] [1787480697.946695448] [move_group.moveit.moveit.plugins.simple_controller_manager]: Returned 2 controllers in list
[move_group-8] [INFO] [1787480697.946803505] [moveit.simple_controller_manager.follow_joint_trajectory_controller_handle]: sending trajectory to joint_trajectory_controller
[gazebo-2] [INFO] [1787480697.947036245] [joint_trajectory_controller]: Received new action goal
[gazebo-2] [INFO] [1787480697.947079073] [joint_trajectory_controller]: Accepted new action goal
[move_group-8] [INFO] [1787480697.947602415] [moveit.simple_controller_manager.follow_joint_trajectory_controller_handle]: joint_trajectory_controller started execution
[move_group-8] [INFO] [1787480697.947628795] [moveit.simple_controller_manager.follow_joint_trajectory_controller_handle]: Goal request accepted!
[gazebo-2] [INFO] [1787480701.179454158] [joint_trajectory_controller]: Goal reached, success!
[move_group-8] [INFO] [1787480701.197541085] [moveit.simple_controller_manager.follow_joint_trajectory_controller_handle]: Controller 'joint_trajectory_controller' successfully finished
[move_group-8] [INFO] [1787480701.249591735] [move_group.moveit.moveit.ros.trajectory_execution_manager]: Completed trajectory execution with status SUCCEEDED ...
[move_group-8] [INFO] [1787480701.256780362] [move_group.moveit.moveit.ros.move_group.move_action]: Solution was found and executed.
[move_group-8] [INFO] [1787480701.931056958] [move_group.moveit.moveit.ros.move_group.move_action]: MoveGroupMoveAction: Received request
[move_group-8] [INFO] [1787480701.931305567] [move_group.moveit.moveit.ros.move_group.move_action]: executing..
[move_group-8] [WARN] [1787480701.946757897] [move_group.moveit.moveit.ros.planning_scene_monitor]: Unable to transform object from frame 'calibration_target' to planning frame'world' (Could not find a connection between 'world' and 'calibration_target' because they are not part of the same tree.Tf has two or more unconnected trees.)
[move_group-8] [WARN] [1787480701.946815449] [move_group.moveit.moveit.ros.planning_scene_monitor]: Unable to transform object from frame 'camera_color_optical_frame' to planning frame'world' (Could not find a connection between 'world' and 'camera_color_optical_frame' because they are not part of the same tree.Tf has two or more unconnected trees.)
[move_group-8] [INFO] [1787480701.946839374] [move_group.moveit.moveit.ros.move_group.move_action]: Combined planning and execution request received for MoveGroup action. Forwarding to planning and execution pipeline.
[move_group-8] [WARN] [1787480701.946853187] [move_group.moveit.moveit.ros.move_group.capability]: Execution of motions should always start at the robot's current state. Ignoring the state supplied as start state in the motion planning request
[move_group-8] [WARN] [1787480701.946865178] [move_group.moveit.moveit.ros.move_group.capability]: Execution of motions should always start at the robot's current state. Ignoring the state supplied as difference in the planning scene diff
[move_group-8] [INFO] [1787480701.946872242] [move_group.moveit.moveit.ros.plan_execution]: Planning attempt 1 of at most 1
[move_group-8] [INFO] [1787480701.946986041] [move_group]: Calling PlanningRequestAdapter 'CheckStartStateBounds'
[move_group-8] [INFO] [1787480701.947014366] [move_group]: Calling PlanningRequestAdapter 'CheckStartStateCollision'
[move_group-8] [INFO] [1787480701.947054194] [move_group]: Calling PlanningRequestAdapter 'ResolveConstraintFrames'
[move_group-8] [INFO] [1787480701.947064096] [move_group]: Calling PlanningRequestAdapter 'ValidateWorkspaceBounds'
[move_group-8] [INFO] [1787480701.947319654] [move_group.moveit.moveit.planners.ompl.model_based_planning_context]: Planner configuration 'ar_manipulator' will use planner 'geometric::RRTConnect'. Additional configuration parameters will be set when the planner is constructed.
[move_group-8] [INFO] [1787480701.947395379] [move_group]: Calling Planner 'OMPL'
[move_group-8] [INFO] [1787480701.961611846] [move_group]: Calling PlanningResponseAdapter 'AddTimeOptimalParameterization'
[move_group-8] [WARN] [1787480701.961649124] [move_group.moveit.moveit.core.time_optimal_trajectory_generation]: Invalid max_velocity_scaling_factor 0.000000 specified, defaulting to 1.000000 instead.
[move_group-8] [WARN] [1787480701.961662054] [move_group.moveit.moveit.core.time_optimal_trajectory_generation]: Invalid max_acceleration_scaling_factor 0.000000 specified, defaulting to 1.000000 instead.
[move_group-8] [INFO] [1787480701.962352544] [move_group]: Calling PlanningResponseAdapter 'ValidateSolution'
[move_group-8] [WARN] [1787480701.962577649] [move_group.moveit.moveit.ros.planning_pipeline]: The planner plugin did not fill out the 'planner_id' field of the MotionPlanResponse. Setting it to the planner ID name of the MotionPlanRequest assuming that the planner plugin does warn you if it does not use the requested planner.
[move_group-8] [INFO] [1787480701.962677405] [move_group.moveit.moveit.plugins.simple_controller_manager]: Returned 2 controllers in list
[move_group-8] [INFO] [1787480701.962701435] [move_group.moveit.moveit.plugins.simple_controller_manager]: Returned 2 controllers in list
[move_group-8] [INFO] [1787480701.962765045] [move_group.moveit.moveit.ros.trajectory_execution_manager]: Validating trajectory with allowed_start_tolerance 0.01
[move_group-8] [INFO] [1787480701.965403847] [move_group.moveit.moveit.ros.trajectory_execution_manager]: Starting trajectory execution ...
[move_group-8] [INFO] [1787480701.965467590] [move_group.moveit.moveit.plugins.simple_controller_manager]: Returned 2 controllers in list
[move_group-8] [INFO] [1787480701.965500200] [move_group.moveit.moveit.plugins.simple_controller_manager]: Returned 2 controllers in list
[move_group-8] [INFO] [1787480701.965609445] [moveit.simple_controller_manager.follow_joint_trajectory_controller_handle]: sending trajectory to joint_trajectory_controller
[gazebo-2] [INFO] [1787480701.965852034] [joint_trajectory_controller]: Received new action goal
[gazebo-2] [INFO] [1787480701.965878758] [joint_trajectory_controller]: Accepted new action goal
[move_group-8] [INFO] [1787480701.966312510] [moveit.simple_controller_manager.follow_joint_trajectory_controller_handle]: joint_trajectory_controller started execution
[move_group-8] [INFO] [1787480701.966326917] [moveit.simple_controller_manager.follow_joint_trajectory_controller_handle]: Goal request accepted!
[gazebo-2] [INFO] [1787480703.936991584] [joint_trajectory_controller]: Goal reached, success!
[move_group-8] [INFO] [1787480703.966313141] [moveit.simple_controller_manager.follow_joint_trajectory_controller_handle]: Controller 'joint_trajectory_controller' successfully finished
[move_group-8] [INFO] [1787480704.005130350] [move_group.moveit.moveit.ros.trajectory_execution_manager]: Completed trajectory execution with status SUCCEEDED ...
[move_group-8] [INFO] [1787480704.005517318] [move_group.moveit.moveit.ros.move_group.move_action]: Solution was found and executed.
[move_group-8] [INFO] [1787480704.659775825] [move_group.moveit.moveit.ros.move_group.move_action]: MoveGroupMoveAction: Received request
[move_group-8] [INFO] [1787480704.659989269] [move_group.moveit.moveit.ros.move_group.move_action]: executing..
[move_group-8] [WARN] [1787480704.669301578] [move_group.moveit.moveit.ros.planning_scene_monitor]: Unable to transform object from frame 'calibration_target' to planning frame'world' (Could not find a connection between 'world' and 'calibration_target' because they are not part of the same tree.Tf has two or more unconnected trees.)
[move_group-8] [WARN] [1787480704.669359174] [move_group.moveit.moveit.ros.planning_scene_monitor]: Unable to transform object from frame 'camera_color_optical_frame' to planning frame'world' (Could not find a connection between 'world' and 'camera_color_optical_frame' because they are not part of the same tree.Tf has two or more unconnected trees.)
[move_group-8] [INFO] [1787480704.669384146] [move_group.moveit.moveit.ros.move_group.move_action]: Combined planning and execution request received for MoveGroup action. Forwarding to planning and execution pipeline.
[move_group-8] [WARN] [1787480704.669413503] [move_group.moveit.moveit.ros.move_group.capability]: Execution of motions should always start at the robot's current state. Ignoring the state supplied as start state in the motion planning request
[move_group-8] [WARN] [1787480704.669428912] [move_group.moveit.moveit.ros.move_group.capability]: Execution of motions should always start at the robot's current state. Ignoring the state supplied as difference in the planning scene diff
[move_group-8] [INFO] [1787480704.669439437] [move_group.moveit.moveit.ros.plan_execution]: Planning attempt 1 of at most 1
[move_group-8] [INFO] [1787480704.669545958] [move_group]: Calling PlanningRequestAdapter 'CheckStartStateBounds'
[move_group-8] [INFO] [1787480704.669574785] [move_group]: Calling PlanningRequestAdapter 'CheckStartStateCollision'
[move_group-8] [INFO] [1787480704.669611862] [move_group]: Calling PlanningRequestAdapter 'ResolveConstraintFrames'
[move_group-8] [INFO] [1787480704.669620542] [move_group]: Calling PlanningRequestAdapter 'ValidateWorkspaceBounds'
[move_group-8] [INFO] [1787480704.669830926] [move_group.moveit.moveit.planners.ompl.model_based_planning_context]: Planner configuration 'ar_manipulator' will use planner 'geometric::RRTConnect'. Additional configuration parameters will be set when the planner is constructed.
[move_group-8] [INFO] [1787480704.669885599] [move_group]: Calling Planner 'OMPL'
[move_group-8] [INFO] [1787480704.684627485] [move_group]: Calling PlanningResponseAdapter 'AddTimeOptimalParameterization'
[move_group-8] [WARN] [1787480704.684675881] [move_group.moveit.moveit.core.time_optimal_trajectory_generation]: Invalid max_velocity_scaling_factor 0.000000 specified, defaulting to 1.000000 instead.
[move_group-8] [WARN] [1787480704.684695478] [move_group.moveit.moveit.core.time_optimal_trajectory_generation]: Invalid max_acceleration_scaling_factor 0.000000 specified, defaulting to 1.000000 instead.
[move_group-8] [INFO] [1787480704.685607802] [move_group]: Calling PlanningResponseAdapter 'ValidateSolution'
[move_group-8] [WARN] [1787480704.685898567] [move_group.moveit.moveit.ros.planning_pipeline]: The planner plugin did not fill out the 'planner_id' field of the MotionPlanResponse. Setting it to the planner ID name of the MotionPlanRequest assuming that the planner plugin does warn you if it does not use the requested planner.
[move_group-8] [INFO] [1787480704.686025981] [move_group.moveit.moveit.plugins.simple_controller_manager]: Returned 2 controllers in list
[move_group-8] [INFO] [1787480704.686080889] [move_group.moveit.moveit.plugins.simple_controller_manager]: Returned 2 controllers in list
[move_group-8] [INFO] [1787480704.686151207] [move_group.moveit.moveit.ros.trajectory_execution_manager]: Validating trajectory with allowed_start_tolerance 0.01
[move_group-8] [INFO] [1787480704.688999417] [move_group.moveit.moveit.ros.trajectory_execution_manager]: Starting trajectory execution ...
[move_group-8] [INFO] [1787480704.689074070] [move_group.moveit.moveit.plugins.simple_controller_manager]: Returned 2 controllers in list
[move_group-8] [INFO] [1787480704.689108646] [move_group.moveit.moveit.plugins.simple_controller_manager]: Returned 2 controllers in list
[move_group-8] [INFO] [1787480704.689221797] [moveit.simple_controller_manager.follow_joint_trajectory_controller_handle]: sending trajectory to joint_trajectory_controller
[gazebo-2] [INFO] [1787480704.689466168] [joint_trajectory_controller]: Received new action goal
[gazebo-2] [INFO] [1787480704.689500076] [joint_trajectory_controller]: Accepted new action goal
[move_group-8] [INFO] [1787480704.689996595] [moveit.simple_controller_manager.follow_joint_trajectory_controller_handle]: joint_trajectory_controller started execution
[move_group-8] [INFO] [1787480704.690026697] [moveit.simple_controller_manager.follow_joint_trajectory_controller_handle]: Goal request accepted!
[gazebo-2] [INFO] [1787480706.935072183] [joint_trajectory_controller]: Goal reached, success!
[move_group-8] [INFO] [1787480706.939970418] [moveit.simple_controller_manager.follow_joint_trajectory_controller_handle]: Controller 'joint_trajectory_controller' successfully finished
[move_group-8] [INFO] [1787480706.986365392] [move_group.moveit.moveit.ros.trajectory_execution_manager]: Completed trajectory execution with status SUCCEEDED ...
[move_group-8] [INFO] [1787480706.989062984] [move_group.moveit.moveit.ros.move_group.move_action]: Solution was found and executed.
[WARNING] [launch]: user interrupted with ctrl-c (SIGINT)
[robot_state_publisher-1] [INFO] [1787480777.986077453] [rclcpp]: signal_handler(SIGINT/SIGTERM)
[parameter_bridge-4] [INFO] [1787480777.986089722] [rclcpp]: signal_handler(SIGINT/SIGTERM)
[move_group-8] [INFO] [1787480777.986102706] [rclcpp]: signal_handler(SIGINT/SIGTERM)
[move_group-8] Stack trace (most recent call last):
[move_group-8] #6    Object "", at 0xffffffffffffffff, in 
[INFO] [parameter_bridge-4]: process has finished cleanly [pid 709441]
[INFO] [robot_state_publisher-1]: process has finished cleanly [pid 709438]
[INFO] [ground_truth-9]: process has finished cleanly [pid 709446]
[gazebo-2] Segmentation fault (core dumped)
[ERROR] [gazebo-2]: process has died [pid 709439, exit code -2, cmd 'ruby /opt/ros/jazzy/opt/gz_tools_vendor/bin/gz sim -s --headless-rendering -r -v 4 --physics-engine gz-physics-bullet-featherstone-plugin /home/jonas/Documents/Bachelorarbeit/robocal/install/annin_ar4_gazebo/share/annin_ar4_gazebo/worlds/calibration.world --force-version 8'].
[INFO] [launch]: process[gazebo-2] was required: shutting down launched system
[ERROR] [move_group-8]: process[move_group-8] failed to terminate '5' seconds after receiving 'SIGINT', escalating to 'SIGTERM'
[INFO] [move_group-8]: sending signal 'SIGTERM' to process[move_group-8]
[ERROR] [move_group-8]: process has died [pid 709445, exit code -15, cmd '/opt/ros/jazzy/lib/moveit_ros_move_group/move_group --ros-args -p use_sim_time:=True --params-file /tmp/launch_params_gi8oohj1 --params-file /tmp/launch_params_1mdeceuk --params-file /tmp/launch_params_nxu23tqe --params-file /tmp/launch_params_rabnhv34 --params-file /tmp/launch_params_rdmxgveq --params-file /tmp/launch_params_xmo5g072 --params-file /tmp/launch_params__i4s19dv --params-file /tmp/launch_params_newumcxn --params-file /tmp/launch_params_kvpi8n8f --params-file /tmp/launch_params_z22j1nzg'].
[INFO] [launch]: All log files can be found below /home/jonas/benchmarks/runs/sim_wp4-s005-0c01561994/ros_home/log/2026-08-25-15-14-01-860262-Feanor-1287899
[INFO] [launch]: Default logging verbosity is set to INFO
[INFO] [robot_state_publisher-1]: process started with pid [1287978]
[INFO] [gazebo-2]: process started with pid [1287979]
[INFO] [create-3]: process started with pid [1287980]
[INFO] [parameter_bridge-4]: process started with pid [1287981]
[INFO] [spawner-5]: process started with pid [1287982]
[INFO] [spawner-6]: process started with pid [1287983]
[INFO] [spawner-7]: process started with pid [1287984]
[INFO] [move_group-8]: process started with pid [1287985]
[INFO] [ground_truth-9]: process started with pid [1287986]
[create-3] [INFO] [1787663659.434821086] [ros_gz_sim]: Requesting list of world names.
[parameter_bridge-4] [INFO] [1787663659.470323283] [gz_bridge]: Creating GZ->ROS Bridge: [/clock (gz.msgs.Clock) -> /clock (rosgraph_msgs/msg/Clock)] (Lazy 0)
[parameter_bridge-4] [INFO] [1787663659.472512389] [gz_bridge]: Creating GZ->ROS Bridge: [/sim_camera/color/image_raw (gz.msgs.Image) -> /sim_camera/color/image_raw (sensor_msgs/msg/Image)] (Lazy 0)
[parameter_bridge-4] [INFO] [1787663659.481153478] [gz_bridge]: Creating GZ->ROS Bridge: [/sim_camera/color/camera_info (gz.msgs.CameraInfo) -> /sim_camera/color/camera_info (sensor_msgs/msg/CameraInfo)] (Lazy 0)
[robot_state_publisher-1] [INFO] [1787663659.561293338] [robot_state_publisher]: Robot initialized
[gazebo-2] [1;32m[Msg] [0m[1;32mGazebo Sim Server v[0m[1;32m8.11.0[0m[1;32m[0m
[gazebo-2] [1;32m[Msg] [0m[1;32mLoading SDF world file[[0m[1;32m/home/jonas/Documents/Bachelorarbeit/robocal/install/annin_ar4_gazebo/share/annin_ar4_gazebo/worlds/calibration.world[0m[1;32m].[0m
[gazebo-2] [1;32m[Msg] [0m[1;32mServing entity system service on [[0m[1;32m/[0m[1;32mentity/system/add[0m[1;32m][0m[1;32m[0m
[gazebo-2] [1;36m[Dbg] [Physics.cc:906] [0m[1;36mLoaded [[0m[1;36mgz::physics::bullet_featherstone::Plugin[0m[1;36m] from library [[0m[1;36m/opt/ros/jazzy/opt/gz_physics_vendor/lib/gz-physics-7/engine-plugins/libgz-physics-bullet-featherstone-plugin.so[0m[1;36m][0m[1;36m[0m
[gazebo-2] [1;36m[Dbg] [SystemManager.cc:80] [0m[1;36mLoaded system [[0m[1;36mgz::sim::systems::Physics[0m[1;36m] for entity [[0m[1;36m1[0m[1;36m][0m[1;36m[0m
[gazebo-2] [1;32m[Msg] [0m[1;32mCreate[0m[1;32m service on [[0m[1;32m/world/default/create_multiple[0m[1;32m] (async)[0m[1;32m[0m
[gazebo-2] [1;32m[Msg] [0m[1;32mCreate[0m[1;32m service on [[0m[1;32m/world/default/create_multiple/blocking[0m[1;32m] (blocking)[0m[1;32m[0m
[gazebo-2] [1;32m[Msg] [0m[1;32mRemove[0m[1;32m service on [[0m[1;32m/world/default/remove[0m[1;32m] (async)[0m[1;32m[0m
[gazebo-2] [1;32m[Msg] [0m[1;32mRemove[0m[1;32m service on [[0m[1;32m/world/default/remove/blocking[0m[1;32m] (blocking)[0m[1;32m[0m
[gazebo-2] [1;32m[Msg] [0m[1;32mPose[0m[1;32m service on [[0m[1;32m/world/default/set_pose[0m[1;32m] (async)[0m[1;32m[0m
[gazebo-2] [1;32m[Msg] [0m[1;32mPose[0m[1;32m service on [[0m[1;32m/world/default/set_pose/blocking[0m[1;32m] (blocking)[0m[1;32m[0m
[gazebo-2] [1;32m[Msg] [0m[1;32mPose[0m[1;32m service on [[0m[1;32m/world/default/set_pose_vector[0m[1;32m] (async)[0m[1;32m[0m
[gazebo-2] [1;32m[Msg] [0m[1;32mPose[0m[1;32m service on [[0m[1;32m/world/default/set_pose_vector/blocking[0m[1;32m] (blocking)[0m[1;32m[0m
[gazebo-2] [1;32m[Msg] [0m[1;32mLight configuration[0m[1;32m service on [[0m[1;32m/world/default/light_config[0m[1;32m] (async)[0m[1;32m[0m
[gazebo-2] [1;32m[Msg] [0m[1;32mLight configuration[0m[1;32m service on [[0m[1;32m/world/default/light_config/blocking[0m[1;32m] (blocking)[0m[1;32m[0m
[gazebo-2] [1;32m[Msg] [0m[1;32mPhysics[0m[1;32m service on [[0m[1;32m/world/default/set_physics[0m[1;32m] (async)[0m[1;32m[0m
[gazebo-2] [1;32m[Msg] [0m[1;32mPhysics[0m[1;32m service on [[0m[1;32m/world/default/set_physics/blocking[0m[1;32m] (blocking)[0m[1;32m[0m
[gazebo-2] [1;32m[Msg] [0m[1;32mSphericalCoordinates[0m[1;32m service on [[0m[1;32m/world/default/set_spherical_coordinates[0m[1;32m] (async)[0m[1;32m[0m
[gazebo-2] [1;32m[Msg] [0m[1;32mSphericalCoordinates[0m[1;32m service on [[0m[1;32m/world/default/set_spherical_coordinates/blocking[0m[1;32m] (blocking)[0m[1;32m[0m
[gazebo-2] [1;32m[Msg] [0m[1;32mEnable collision[0m[1;32m service on [[0m[1;32m/world/default/enable_collision[0m[1;32m] (async)[0m[1;32m[0m
[gazebo-2] [1;32m[Msg] [0m[1;32mEnable collision[0m[1;32m service on [[0m[1;32m/world/default/enable_collision/blocking[0m[1;32m] (blocking)[0m[1;32m[0m
[gazebo-2] [1;32m[Msg] [0m[1;32mDisable collision[0m[1;32m service on [[0m[1;32m/world/default/disable_collision[0m[1;32m] (async)[0m[1;32m[0m
[gazebo-2] [1;32m[Msg] [0m[1;32mDisable collision[0m[1;32m service on [[0m[1;32m/world/default/disable_collision/blocking[0m[1;32m] (blocking)[0m[1;32m[0m
[gazebo-2] [1;32m[Msg] [0m[1;32mMaterial[0m[1;32m service on [[0m[1;32m/world/default/visual_config[0m[1;32m] (async)[0m[1;32m[0m
[gazebo-2] [1;32m[Msg] [0m[1;32mMaterial[0m[1;32m service on [[0m[1;32m/world/default/visual_config/blocking[0m[1;32m] (blocking)[0m[1;32m[0m
[gazebo-2] [1;32m[Msg] [0m[1;32mMaterial[0m[1;32m service on [[0m[1;32m/world/default/wheel_slip[0m[1;32m] (async)[0m[1;32m[0m
[gazebo-2] [1;32m[Msg] [0m[1;32mMaterial[0m[1;32m service on [[0m[1;32m/world/default/wheel_slip/blocking[0m[1;32m] (blocking)[0m[1;32m[0m
[gazebo-2] [1;36m[Dbg] [SystemManager.cc:80] [0m[1;36mLoaded system [[0m[1;36mgz::sim::systems::UserCommands[0m[1;36m] for entity [[0m[1;36m1[0m[1;36m][0m[1;36m[0m
[move_group-8] [INFO] [1787663660.039363807] [move_group.moveit.moveit.ros.rdf_loader]: Loaded robot model in 0 seconds
[move_group-8] [INFO] [1787663660.039516499] [move_group.moveit.moveit.core.robot_model]: Loading robot model 'mk5'...
[move_group-8] [INFO] [1787663660.039531574] [move_group.moveit.moveit.core.robot_model]: No root/virtual joint specified in SRDF. Assuming fixed joint
[move_group-8] [WARN] [1787663660.039560887] [move_group.moveit.moveit.core.robot_model]: Link base_link_aluminum has visual geometry but no collision geometry. Collision geometry will be left empty. Fix your URDF file by explicitly specifying collision geometry.
[move_group-8] [WARN] [1787663660.039572604] [move_group.moveit.moveit.core.robot_model]: Link base_link_enclosure has visual geometry but no collision geometry. Collision geometry will be left empty. Fix your URDF file by explicitly specifying collision geometry.
[move_group-8] [WARN] [1787663660.039580344] [move_group.moveit.moveit.core.robot_model]: Link base_link_motor has visual geometry but no collision geometry. Collision geometry will be left empty. Fix your URDF file by explicitly specifying collision geometry.
[move_group-8] Error:   Error retrieving file [file:///home/jonas/Documents/Bachelorarbeit/robocal/install/annin_ar4_description/share/annin_ar4_description/meshes/ar4_mk5/Link_6_Col.STL]: Couldn't open file /home/jonas/Documents/Bachelorarbeit/robocal/install/annin_ar4_description/share/annin_ar4_description/meshes/ar4_mk5/Link_6_Col.STL
[move_group-8]          at line 289 in ./src/mesh_operations.cpp
[move_group-8] [WARN] [1787663660.114912295] [move_group.moveit.moveit.core.robot_model]: Link link_6_aluminum has visual geometry but no collision geometry. Collision geometry will be left empty. Fix your URDF file by explicitly specifying collision geometry.
[create-3] [INFO] [1787663660.125821850] [ros_gz_sim]: Entity creation successful.
[move_group-8] Error:   Error retrieving file [file:///home/jonas/Documents/Bachelorarbeit/robocal/install/annin_ar4_description/share/annin_ar4_description/meshes/ar4_mk5/Link_5_Col.STL]: Couldn't open file /home/jonas/Documents/Bachelorarbeit/robocal/install/annin_ar4_description/share/annin_ar4_description/meshes/ar4_mk5/Link_5_Col.STL
[move_group-8]          at line 289 in ./src/mesh_operations.cpp
[move_group-8] [WARN] [1787663660.153209121] [move_group.moveit.moveit.core.robot_model]: Link link_5_aluminum has visual geometry but no collision geometry. Collision geometry will be left empty. Fix your URDF file by explicitly specifying collision geometry.
[move_group-8] [WARN] [1787663660.153260592] [move_group.moveit.moveit.core.robot_model]: Link link_5_motor has visual geometry but no collision geometry. Collision geometry will be left empty. Fix your URDF file by explicitly specifying collision geometry.
[move_group-8] [WARN] [1787663660.208857543] [move_group.moveit.moveit.core.robot_model]: Link link_4_cover has visual geometry but no collision geometry. Collision geometry will be left empty. Fix your URDF file by explicitly specifying collision geometry.
[move_group-8] [WARN] [1787663660.208941161] [move_group.moveit.moveit.core.robot_model]: Link link_4_logo has visual geometry but no collision geometry. Collision geometry will be left empty. Fix your URDF file by explicitly specifying collision geometry.
[move_group-8] [WARN] [1787663660.208960106] [move_group.moveit.moveit.core.robot_model]: Link link_4_motor has visual geometry but no collision geometry. Collision geometry will be left empty. Fix your URDF file by explicitly specifying collision geometry.
[INFO] [create-3]: process has finished cleanly [pid 1287980]
[move_group-8] [WARN] [1787663660.245054394] [move_group.moveit.moveit.core.robot_model]: Link link_3_motor has visual geometry but no collision geometry. Collision geometry will be left empty. Fix your URDF file by explicitly specifying collision geometry.
[move_group-8] [WARN] [1787663660.282456470] [move_group.moveit.moveit.core.robot_model]: Link link_2_cover has visual geometry but no collision geometry. Collision geometry will be left empty. Fix your URDF file by explicitly specifying collision geometry.
[move_group-8] [WARN] [1787663660.282544588] [move_group.moveit.moveit.core.robot_model]: Link link_2_logo has visual geometry but no collision geometry. Collision geometry will be left empty. Fix your URDF file by explicitly specifying collision geometry.
[move_group-8] [WARN] [1787663660.282563155] [move_group.moveit.moveit.core.robot_model]: Link link_2_motor has visual geometry but no collision geometry. Collision geometry will be left empty. Fix your URDF file by explicitly specifying collision geometry.
[move_group-8] [WARN] [1787663660.331660260] [move_group.moveit.moveit.core.robot_model]: Link link_1_motor has visual geometry but no collision geometry. Collision geometry will be left empty. Fix your URDF file by explicitly specifying collision geometry.
[move_group-8] [INFO] [1787663660.566034272] [move_group.moveit.moveit.kinematics.kdl_kinematics_plugin]: Joint weights for group 'ar_manipulator': 1 1 1 1 1 1
[move_group-8] [INFO] [1787663660.891152278] [move_group.moveit.moveit.ros.planning_scene_monitor]: Publishing maintained planning scene on 'monitored_planning_scene'
[move_group-8] [INFO] [1787663660.891378077] [move_group.moveit.moveit.ros.moveit_cpp]: Listening to 'joint_states' for joint states
[move_group-8] [INFO] [1787663660.892381096] [move_group.moveit.moveit.ros.current_state_monitor]: Listening to joint states on topic 'joint_states'
[move_group-8] [INFO] [1787663660.893110537] [move_group.moveit.moveit.ros.planning_scene_monitor]: Listening to '/attached_collision_object' for attached collision objects
[move_group-8] [INFO] [1787663660.893149147] [move_group.moveit.moveit.ros.planning_scene_monitor]: Stopping existing planning scene publisher.
[move_group-8] [INFO] [1787663660.893280617] [move_group.moveit.moveit.ros.planning_scene_monitor]: Stopped publishing maintained planning scene.
[move_group-8] [INFO] [1787663660.894027099] [move_group.moveit.moveit.ros.planning_scene_monitor]: Publishing maintained planning scene on 'monitored_planning_scene'
[move_group-8] [INFO] [1787663660.894159465] [move_group.moveit.moveit.ros.planning_scene_monitor]: Starting planning scene monitor
[move_group-8] [INFO] [1787663660.895108238] [move_group.moveit.moveit.ros.planning_scene_monitor]: Listening to '/planning_scene'
[move_group-8] [INFO] [1787663660.895146559] [move_group.moveit.moveit.ros.planning_scene_monitor]: Starting world geometry update monitor for collision objects, attached objects, octomap updates.
[move_group-8] [INFO] [1787663660.895711437] [move_group.moveit.moveit.ros.planning_scene_monitor]: Listening to 'collision_object'
[move_group-8] [INFO] [1787663660.896278439] [move_group.moveit.moveit.ros.planning_scene_monitor]: Listening to 'planning_scene_world' for planning scene world geometry
[move_group-8] [WARN] [1787663660.934944924] [move_group.moveit.moveit.ros.occupancy_map_monitor]: Resolution not specified for Octomap. Assuming resolution = 0.1 instead
[move_group-8] [ERROR] [1787663660.935014592] [move_group.moveit.moveit.ros.occupancy_map_monitor]: No 3D sensor plugin(s) defined for octomap updates
[spawner-7] [INFO] [1787663661.071676090] [spawner_gripper_controller]: waiting for service /controller_manager/list_controllers to become available...
[move_group-8] [INFO] [1787663661.197085758] [move_group.moveit.moveit.ros.planning_pipeline]: Successfully loaded planner 'OMPL'
[move_group-8] [INFO] [1787663661.385530397] [move_group]: Try loading adapter 'default_planning_request_adapters/CheckStartStateBounds'
[move_group-8] [INFO] [1787663661.410058187] [move_group]: Loaded adapter 'default_planning_request_adapters/CheckStartStateBounds'
[move_group-8] [INFO] [1787663661.410103132] [move_group]: Try loading adapter 'default_planning_request_adapters/CheckStartStateCollision'
[move_group-8] [INFO] [1787663661.410125029] [move_group]: Loaded adapter 'default_planning_request_adapters/CheckStartStateCollision'
[move_group-8] [INFO] [1787663661.410131266] [move_group]: Try loading adapter 'default_planning_request_adapters/ResolveConstraintFrames'
[move_group-8] [INFO] [1787663661.410146476] [move_group]: Loaded adapter 'default_planning_request_adapters/ResolveConstraintFrames'
[move_group-8] [INFO] [1787663661.410151831] [move_group]: Try loading adapter 'default_planning_request_adapters/ValidateWorkspaceBounds'
[move_group-8] [INFO] [1787663661.410167041] [move_group]: Loaded adapter 'default_planning_request_adapters/ValidateWorkspaceBounds'
[move_group-8] [INFO] [1787663661.640578131] [move_group]: Try loading adapter 'default_planning_response_adapters/AddTimeOptimalParameterization'
[move_group-8] [INFO] [1787663661.677248640] [move_group]: Loaded adapter 'default_planning_response_adapters/AddTimeOptimalParameterization'
[move_group-8] [INFO] [1787663661.677308453] [move_group]: Try loading adapter 'default_planning_response_adapters/ValidateSolution'
[move_group-8] [INFO] [1787663661.683396086] [move_group]: Loaded adapter 'default_planning_response_adapters/ValidateSolution'
[gazebo-2] [1;36m[Dbg] [SystemManager.cc:80] [0m[1;36mLoaded system [[0m[1;36mgz::sim::systems::SceneBroadcaster[0m[1;36m] for entity [[0m[1;36m1[0m[1;36m][0m[1;36m[0m
[gazebo-2] [1;36m[Dbg] [Sensors.cc:697] [0m[1;36mConfiguring Sensors system[0m[1;36m[0m
[gazebo-2] [1;36m[Dbg] [Sensors.cc:557] [0m[1;36mSensorsPrivate::Run[0m[1;36m[0m
[gazebo-2] [1;36m[Dbg] [SystemManager.cc:80] [0m[1;36mLoaded system [[0m[1;36mgz::sim::systems::Sensors[0m[1;36m] for entity [[0m[1;36m1[0m[1;36m][0m[1;36m[0m
[gazebo-2] [1;36m[Dbg] [Sensors.cc:532] [0m[1;36mSensorsPrivate::RenderThread started[0m[1;36m[0m
[gazebo-2] [1;36m[Dbg] [Sensors.cc:337] [0m[1;36mWaiting for init[0m[1;36m[0m
[gazebo-2] [1;32m[Msg] [0m[1;32mLoaded level [[0m[1;32mdefault[0m[1;32m][0m[1;32m[0m
[gazebo-2] [1;32m[Msg] [0m[1;32mServing world controls on [[0m[1;32m/world/default[0m[1;32m/control], [[0m[1;32m/world/default[0m[1;32m/control/state] and [[0m[1;32m/world/default[0m[1;32m/playback/control][0m[1;32m[0m
[gazebo-2] [1;32m[Msg] [0m[1;32mServing GUI information on [[0m[1;32m/world/default[0m[1;32m/[0m[1;32mgui/info[0m[1;32m][0m[1;32m[0m
[gazebo-2] [1;32m[Msg] [0m[1;32mWorld [[0m[1;32mdefault[0m[1;32m] initialized with [[0m[1;32m1ms[0m[1;32m] physics profile.[0m[1;32m[0m
[gazebo-2] [1;32m[Msg] [0m[1;32mServing world SDF generation service on [[0m[1;32m/world/default[0m[1;32m/[0m[1;32mgenerate_world_sdf[0m[1;32m][0m[1;32m[0m
[gazebo-2] [1;32m[Msg] [0m[1;32mServing world names on [[0m[1;32m/gazebo/worlds[0m[1;32m][0m[1;32m[0m
[gazebo-2] [1;32m[Msg] [0m[1;32mResource path add service on [[0m[1;32m/gazebo/resource_paths/add[0m[1;32m].[0m[1;32m[0m
[gazebo-2] [1;32m[Msg] [0m[1;32mResource path get service on [[0m[1;32m/gazebo/resource_paths/get[0m[1;32m].[0m[1;32m[0m
[gazebo-2] [1;32m[Msg] [0m[1;32mResource path resolve service on [[0m[1;32m/gazebo/resource_paths/resolve[0m[1;32m].[0m[1;32m[0m
[gazebo-2] [1;32m[Msg] [0m[1;32mResource paths published on [[0m[1;32m/gazebo/resource_paths[0m[1;32m].[0m[1;32m[0m
[gazebo-2] [1;32m[Msg] [0m[1;32mServer control service on [[0m[1;32m/server_control[0m[1;32m].[0m[1;32m[0m
[gazebo-2] [1;32m[Msg] [0m[1;32mFound no publishers on /stats, adding root stats topic[0m[1;32m[0m
[gazebo-2] [1;32m[Msg] [0m[1;32mFound no publishers on /clock, adding root clock topic[0m[1;32m[0m
[gazebo-2] [1;36m[Dbg] [SimulationRunner.cc:551] [0m[1;36mCreating PostUpdate worker threads: [0m[1;36m3[0m[1;36m[0m
[gazebo-2] [1;36m[Dbg] [SimulationRunner.cc:562] [0m[1;36mCreating postupdate worker thread ([0m[1;36m0[0m[1;36m)[0m[1;36m[0m
[gazebo-2] [1;36m[Dbg] [SimulationRunner.cc:562] [0m[1;36mCreating postupdate worker thread ([0m[1;36m1[0m[1;36m)[0m[1;36m[0m
[gazebo-2] [1;33mWarning [Utils.cc:132][0m [/sdf/model[@name="mk5"]/link[@name="link_6"]/sensor[@name="sim_color"]/gz_frame_id:/home/jonas/benchmarks/runs/sim_wp4-s005-0c01561994/perturbed_robot.urdf:L0]: XML Element[gz_frame_id], child of element[sensor], not defined in SDF. Copying[gz_frame_id] as children of [sensor].
[move_group-8] [INFO] [1787663661.900180228] [move_group.moveit.moveit.planners.pilz.joint_limits_aggregator]: Reading limits from namespace robot_description_planning
[move_group-8] [INFO] [1787663661.967590270] [move_group.moveit.moveit.planners.pilz.command_planner]: Available plugins: pilz_industrial_motion_planner/PlanningContextLoaderCIRC pilz_industrial_motion_planner/PlanningContextLoaderLIN pilz_industrial_motion_planner/PlanningContextLoaderPTP 
[move_group-8] [INFO] [1787663661.967653008] [move_group.moveit.moveit.planners.pilz.command_planner]: About to load: pilz_industrial_motion_planner/PlanningContextLoaderCIRC
[move_group-8] [INFO] [1787663661.993560935] [move_group.moveit.moveit.planners.pilz.command_planner]: Registered Algorithm [CIRC]
[move_group-8] [INFO] [1787663661.993626490] [move_group.moveit.moveit.planners.pilz.command_planner]: About to load: pilz_industrial_motion_planner/PlanningContextLoaderLIN
[move_group-8] [INFO] [1787663662.020265198] [move_group.moveit.moveit.planners.pilz.command_planner]: Registered Algorithm [LIN]
[move_group-8] [INFO] [1787663662.020333210] [move_group.moveit.moveit.planners.pilz.command_planner]: About to load: pilz_industrial_motion_planner/PlanningContextLoaderPTP
[gazebo-2] [INFO] [1787663662.040898254] [gz_ros_control]: [gz_ros2_control] Fixed joint ['base_joint'] (Entity='63') is skipped.
[move_group-8] [INFO] [1787663662.047841063] [move_group.moveit.moveit.planners.pilz.command_planner]: Registered Algorithm [PTP]
[move_group-8] [INFO] [1787663662.047904450] [move_group.moveit.moveit.ros.planning_pipeline]: Successfully loaded planner 'Pilz Industrial Motion Planner'
[move_group-8] [INFO] [1787663662.235668852] [move_group]: Try loading adapter 'default_planning_request_adapters/CheckStartStateBounds'
[move_group-8] [INFO] [1787663662.257484691] [move_group]: Loaded adapter 'default_planning_request_adapters/CheckStartStateBounds'
[move_group-8] [INFO] [1787663662.257533092] [move_group]: Try loading adapter 'default_planning_request_adapters/CheckStartStateCollision'
[move_group-8] [INFO] [1787663662.257555493] [move_group]: Loaded adapter 'default_planning_request_adapters/CheckStartStateCollision'
[move_group-8] [INFO] [1787663662.257562900] [move_group]: Try loading adapter 'default_planning_request_adapters/ResolveConstraintFrames'
[move_group-8] [INFO] [1787663662.257574915] [move_group]: Loaded adapter 'default_planning_request_adapters/ResolveConstraintFrames'
[move_group-8] [INFO] [1787663662.257578542] [move_group]: Try loading adapter 'default_planning_request_adapters/ValidateWorkspaceBounds'
[move_group-8] [INFO] [1787663662.257594633] [move_group]: Loaded adapter 'default_planning_request_adapters/ValidateWorkspaceBounds'
[ground_truth-9] [INFO] [1787663662.379623539] [ground_truth]: Ground truth ready: calibration_type=eye_in_hand, perturbation_file=/home/jonas/benchmarks/runs/sim_wp4-s005-0c01561994/perturbation.yaml, output_file=/home/jonas/benchmarks/runs/sim_wp4-s005-0c01561994/ros_home/annin_ar4_calibration/ground_truth.yaml
[gazebo-2] [INFO] [1787663662.407370852] [gz_ros_control]: Loading controller_manager
[move_group-8] [INFO] [1787663662.431947191] [move_group]: Try loading adapter 'default_planning_response_adapters/AddTimeOptimalParameterization'
[move_group-8] [INFO] [1787663662.455970765] [move_group]: Loaded adapter 'default_planning_response_adapters/AddTimeOptimalParameterization'
[move_group-8] [INFO] [1787663662.456051467] [move_group]: Try loading adapter 'default_planning_response_adapters/ValidateSolution'
[move_group-8] [INFO] [1787663662.456912982] [move_group]: Loaded adapter 'default_planning_response_adapters/ValidateSolution'
[gazebo-2] [INFO] [1787663662.646365816] [controller_manager]: Using ROS clock for triggering controller manager cycles.
[gazebo-2] [INFO] [1787663662.668597482] [controller_manager]: Subscribing to '/robot_description' topic for robot description.
[gazebo-2] [WARN] [1787663662.678648075] [gz_ros_control]: Waiting RM to load and initialize hardware...
[gazebo-2] [INFO] [1787663662.679186516] [controller_manager]: Received robot description from topic.
[gazebo-2] [INFO] [1787663662.679256472] [controller_manager]: Enforcing command limits is disabled. Command limits from URDF will be ignored.
[gazebo-2] text not specified in the tf_prefix tag
[gazebo-2] text not specified in the tf_prefix tag
[move_group-8] [INFO] [1787663662.708399325] [move_group.moveit.moveit.plugins.simple_controller_manager]: Added FollowJointTrajectory controller for joint_trajectory_controller
[move_group-8] [INFO] [1787663662.708482070] [move_group.moveit.moveit.plugins.simple_controller_manager]: gripper_controller will command a max effort of: 0
[move_group-8] [INFO] [1787663662.713511276] [move_group.moveit.moveit.plugins.simple_controller_manager]: Added GripperCommand controller for gripper_controller
[move_group-8] [INFO] [1787663662.713762130] [move_group.moveit.moveit.plugins.simple_controller_manager]: Returned 2 controllers in list
[move_group-8] [INFO] [1787663662.713795825] [move_group.moveit.moveit.plugins.simple_controller_manager]: Returned 2 controllers in list
[move_group-8] [INFO] [1787663662.714404308] [move_group.moveit.moveit.ros.trajectory_execution_manager]: Trajectory execution is not managing controllers
[move_group-8] [INFO] [1787663662.714446400] [move_group]: MoveGroup debug mode is ON
[gazebo-2] [INFO] [1787663662.839240974] [gz_ros_control]: The position_proportional_gain has been set to: 0.1
[gazebo-2] [INFO] [1787663662.839325708] [gz_ros_control]: Loading joint: joint_1
[gazebo-2] [INFO] [1787663662.839338722] [gz_ros_control]: 	State:
[gazebo-2] [INFO] [1787663662.839347245] [gz_ros_control]: 		 position
[gazebo-2] [INFO] [1787663662.839359431] [gz_ros_control]: 			 found initial value: 0.000000
[gazebo-2] [INFO] [1787663662.839373624] [gz_ros_control]: 		 velocity
[gazebo-2] [INFO] [1787663662.839386619] [gz_ros_control]: 			 found initial value: 0.000000
[gazebo-2] [INFO] [1787663662.839392739] [gz_ros_control]: 	Command:
[gazebo-2] [INFO] [1787663662.839397689] [gz_ros_control]: 		 position
[gazebo-2] [INFO] [1787663662.839411261] [gz_ros_control]: 		 velocity
[gazebo-2] [INFO] [1787663662.839424932] [gz_ros_control]: Loading joint: joint_2
[gazebo-2] [INFO] [1787663662.839431115] [gz_ros_control]: 	State:
[gazebo-2] [INFO] [1787663662.839436281] [gz_ros_control]: 		 position
[gazebo-2] [INFO] [1787663662.839441294] [gz_ros_control]: 			 found initial value: 0.000000
[gazebo-2] [INFO] [1787663662.839446892] [gz_ros_control]: 		 velocity
[gazebo-2] [INFO] [1787663662.839451428] [gz_ros_control]: 			 found initial value: 0.000000
[gazebo-2] [INFO] [1787663662.839456782] [gz_ros_control]: 	Command:
[gazebo-2] [INFO] [1787663662.839461921] [gz_ros_control]: 		 position
[gazebo-2] [INFO] [1787663662.839470777] [gz_ros_control]: 		 velocity
[gazebo-2] [INFO] [1787663662.839481910] [gz_ros_control]: Loading joint: joint_3
[gazebo-2] [INFO] [1787663662.839487607] [gz_ros_control]: 	State:
[gazebo-2] [INFO] [1787663662.839492575] [gz_ros_control]: 		 position
[gazebo-2] [INFO] [1787663662.839498209] [gz_ros_control]: 			 found initial value: 0.000000
[gazebo-2] [INFO] [1787663662.839506651] [gz_ros_control]: 		 velocity
[gazebo-2] [INFO] [1787663662.839513833] [gz_ros_control]: 			 found initial value: 0.000000
[gazebo-2] [INFO] [1787663662.839554773] [gz_ros_control]: 	Command:
[gazebo-2] [INFO] [1787663662.839560884] [gz_ros_control]: 		 position
[gazebo-2] [INFO] [1787663662.839572170] [gz_ros_control]: 		 velocity
[gazebo-2] [INFO] [1787663662.839583375] [gz_ros_control]: Loading joint: joint_4
[gazebo-2] [INFO] [1787663662.839589576] [gz_ros_control]: 	State:
[gazebo-2] [INFO] [1787663662.839594643] [gz_ros_control]: 		 position
[gazebo-2] [INFO] [1787663662.839599953] [gz_ros_control]: 			 found initial value: 0.000000
[gazebo-2] [INFO] [1787663662.839612157] [gz_ros_control]: 		 velocity
[gazebo-2] [INFO] [1787663662.839646833] [gz_ros_control]: 			 found initial value: 0.000000
[gazebo-2] [INFO] [1787663662.839653907] [gz_ros_control]: 	Command:
[gazebo-2] [INFO] [1787663662.839658866] [gz_ros_control]: 		 position
[gazebo-2] [INFO] [1787663662.839668568] [gz_ros_control]: 		 velocity
[gazebo-2] [INFO] [1787663662.839680691] [gz_ros_control]: Loading joint: joint_5
[gazebo-2] [INFO] [1787663662.839687459] [gz_ros_control]: 	State:
[gazebo-2] [INFO] [1787663662.839693237] [gz_ros_control]: 		 position
[gazebo-2] [INFO] [1787663662.839700751] [gz_ros_control]: 			 found initial value: 0.000000
[gazebo-2] [INFO] [1787663662.839707132] [gz_ros_control]: 		 velocity
[gazebo-2] [INFO] [1787663662.839712622] [gz_ros_control]: 			 found initial value: 0.000000
[gazebo-2] [INFO] [1787663662.839719255] [gz_ros_control]: 	Command:
[gazebo-2] [INFO] [1787663662.839724466] [gz_ros_control]: 		 position
[gazebo-2] [INFO] [1787663662.839734393] [gz_ros_control]: 		 velocity
[gazebo-2] [INFO] [1787663662.839745526] [gz_ros_control]: Loading joint: joint_6
[gazebo-2] [INFO] [1787663662.839751736] [gz_ros_control]: 	State:
[gazebo-2] [INFO] [1787663662.839757514] [gz_ros_control]: 		 position
[gazebo-2] [INFO] [1787663662.839762536] [gz_ros_control]: 			 found initial value: 0.000000
[gazebo-2] [INFO] [1787663662.839768314] [gz_ros_control]: 		 velocity
[gazebo-2] [INFO] [1787663662.839805546] [gz_ros_control]: 			 found initial value: 0.000000
[gazebo-2] [INFO] [1787663662.839816706] [gz_ros_control]: 	Command:
[gazebo-2] [INFO] [1787663662.839822268] [gz_ros_control]: 		 position
[gazebo-2] [INFO] [1787663662.839832465] [gz_ros_control]: 		 velocity
[gazebo-2] [INFO] [1787663662.839983915] [controller_manager]: Initialize hardware 'mk5' 
[gazebo-2] [WARN] [1787663662.840015721] [controller_manager.hardware_component.system.mk5]: Executor is not available during hardware component initialization for 'mk5'. Skipping node creation!
[gazebo-2] [INFO] [1787663662.840116492] [controller_manager]: Successful initialization of hardware 'mk5'
[gazebo-2] [INFO] [1787663662.840299046] [gz_ros_control]: The position_proportional_gain has been set to: 0.1
[gazebo-2] [INFO] [1787663662.840324651] [gz_ros_control]: Loading joint: gripper_jaw1_joint
[gazebo-2] [INFO] [1787663662.840333210] [gz_ros_control]: 	State:
[gazebo-2] [INFO] [1787663662.840339924] [gz_ros_control]: 		 position
[gazebo-2] [INFO] [1787663662.840346179] [gz_ros_control]: 			 found initial value: 0.000000
[gazebo-2] [INFO] [1787663662.840353189] [gz_ros_control]: 		 velocity
[gazebo-2] [INFO] [1787663662.840359651] [gz_ros_control]: 			 found initial value: 0.000000
[gazebo-2] [INFO] [1787663662.840366284] [gz_ros_control]: 	Command:
[gazebo-2] [INFO] [1787663662.840372134] [gz_ros_control]: 		 position
[gazebo-2] [INFO] [1787663662.840388784] [gz_ros_control]: Loading joint: gripper_jaw2_joint
[gazebo-2] [INFO] [1787663662.840398621] [gz_ros_control]: Joint 'gripper_jaw2_joint'is mimicking joint 'gripper_jaw1_joint' with multiplier: 1 and offset: 0
[gazebo-2] [INFO] [1787663662.840407036] [gz_ros_control]: 	State:
[gazebo-2] [INFO] [1787663662.840413408] [gz_ros_control]: 		 position
[gazebo-2] [INFO] [1787663662.840420014] [gz_ros_control]: 			 found initial value: 0.000000
[gazebo-2] [INFO] [1787663662.840426845] [gz_ros_control]: 		 velocity
[gazebo-2] [INFO] [1787663662.840432343] [gz_ros_control]: 			 found initial value: 0.000000
[gazebo-2] [INFO] [1787663662.840438886] [gz_ros_control]: 	Command:
[gazebo-2] [INFO] [1787663662.840468352] [controller_manager]: Initialize hardware 'ARGripperGazeboSystem' 
[gazebo-2] [WARN] [1787663662.840483193] [controller_manager.hardware_component.system.ARGripperGazeboSystem]: Executor is not available during hardware component initialization for 'ARGripperGazeboSystem'. Skipping node creation!
[gazebo-2] [INFO] [1787663662.840507016] [controller_manager]: Successful initialization of hardware 'ARGripperGazeboSystem'
[gazebo-2] [INFO] [1787663662.840604727] [controller_manager]: Activating component 'ARGripperGazeboSystem'.
[gazebo-2] [INFO] [1787663662.840626795] [resource_manager]: 'configure' hardware 'ARGripperGazeboSystem' 
[gazebo-2] [INFO] [1787663662.840635714] [gz_ros_control]: System Successfully configured!
[gazebo-2] [INFO] [1787663662.840645389] [resource_manager]: Successful 'configure' of hardware 'ARGripperGazeboSystem'
[gazebo-2] [INFO] [1787663662.840656765] [resource_manager]: 'activate' hardware 'ARGripperGazeboSystem' 
[gazebo-2] [INFO] [1787663662.840677338] [resource_manager]: Successful 'activate' of hardware 'ARGripperGazeboSystem'
[gazebo-2] [INFO] [1787663662.840774492] [controller_manager]: Activating component 'mk5'.
[gazebo-2] [INFO] [1787663662.840784923] [resource_manager]: 'configure' hardware 'mk5' 
[gazebo-2] [INFO] [1787663662.840789045] [gz_ros_control]: System Successfully configured!
[gazebo-2] [INFO] [1787663662.840798756] [resource_manager]: Successful 'configure' of hardware 'mk5'
[gazebo-2] [INFO] [1787663662.840805929] [resource_manager]: 'activate' hardware 'mk5' 
[gazebo-2] [INFO] [1787663662.840811068] [resource_manager]: Successful 'activate' of hardware 'mk5'
[gazebo-2] [WARN] [1787663662.840840461] [controller_manager]: Component 'ARGripperGazeboSystem' does not have read or write statistics initialized, skipping registration.
[gazebo-2] [WARN] [1787663662.840851207] [controller_manager]: Component 'mk5' does not have read or write statistics initialized, skipping registration.
[gazebo-2] [INFO] [1787663662.840862025] [controller_manager]: Resource Manager has been successfully initialized. Starting Controller Manager services...
[move_group-8] [INFO] [1787663662.891758651] [move_group.moveit.moveit.planners.pilz.move_group_sequence_action]: initialize move group sequence action
[move_group-8] [INFO] [1787663662.897699936] [move_group.moveit.moveit.planners.pilz.joint_limits_aggregator]: Reading limits from namespace robot_description_planning
[move_group-8] [INFO] [1787663662.897951852] [move_group.moveit.moveit.planners.pilz.joint_limits_aggregator]: Reading limits from namespace robot_description_planning
[move_group-8] [INFO] [1787663662.899378473] [move_group.moveit.moveit.ros.move_group.executable]: 
[move_group-8] 
[move_group-8] ********************************************************
[move_group-8] * MoveGroup using: 
[move_group-8] *     - apply_planning_scene_service
[move_group-8] *     - clear_octomap_service
[move_group-8] *     - get_group_urdf
[move_group-8] *     - load_geometry_from_file
[move_group-8] *     - CartesianPathService
[move_group-8] *     - execute_trajectory_action
[move_group-8] *     - get_planning_scene_service
[move_group-8] *     - kinematics_service
[move_group-8] *     - move_action
[move_group-8] *     - motion_plan_service
[move_group-8] *     - query_planners_service
[move_group-8] *     - state_validation_service
[move_group-8] *     - save_geometry_to_file
[move_group-8] *     - SequenceAction
[move_group-8] *     - SequenceService
[move_group-8] ********************************************************
[move_group-8] 
[move_group-8] [INFO] [1787663662.899446701] [move_group.moveit.moveit.ros.move_group.context]: MoveGroup context using pipeline ompl
[move_group-8] [INFO] [1787663662.899460021] [move_group.moveit.moveit.ros.move_group.context]: MoveGroup context initialization complete
[move_group-8] [96mLoading 'move_group/ApplyPlanningSceneService'...[0m
[move_group-8] [96mLoading 'move_group/ClearOctomapService'...[0m
[move_group-8] [96mLoading 'move_group/GetUrdfService'...[0m
[move_group-8] [96mLoading 'move_group/LoadGeometryFromFileService'...[0m
[move_group-8] [96mLoading 'move_group/MoveGroupCartesianPathService'...[0m
[move_group-8] [96mLoading 'move_group/MoveGroupExecuteTrajectoryAction'...[0m
[move_group-8] [96mLoading 'move_group/MoveGroupGetPlanningSceneService'...[0m
[move_group-8] [96mLoading 'move_group/MoveGroupKinematicsService'...[0m
[move_group-8] [96mLoading 'move_group/MoveGroupMoveAction'...[0m
[move_group-8] [96mLoading 'move_group/MoveGroupPlanService'...[0m
[move_group-8] [96mLoading 'move_group/MoveGroupQueryPlannersService'...[0m
[move_group-8] [96mLoading 'move_group/MoveGroupStateValidationService'...[0m
[move_group-8] [96mLoading 'move_group/SaveGeometryToFileService'...[0m
[move_group-8] [96mLoading 'pilz_industrial_motion_planner/MoveGroupSequenceAction'...[0m
[move_group-8] [96mLoading 'pilz_industrial_motion_planner/MoveGroupSequenceService'...[0m
[move_group-8] 
[move_group-8] [92mYou can start planning now![0m
[move_group-8] 
[gazebo-2] [INFO] [1787663663.075483636] [controller_manager]: Loading controller : 'gripper_controller' of type 'position_controllers/GripperActionController'
[gazebo-2] [INFO] [1787663663.075554348] [controller_manager]: Loading controller 'gripper_controller'
[gazebo-2] [INFO] [1787663663.139323626] [controller_manager]: Controller 'gripper_controller' node arguments: --ros-args --params-file /tmp/tmpml1t8lus.yaml -p use_sim_time:=true --param use_sim_time:=true 
[gazebo-2] [WARN] [1787663663.169196540] [gripper_controller]: [Deprecated]: the `position_controllers/GripperActionController` and `effort_controllers::GripperActionController` controllers are replaced by 'parallel_gripper_controllers/GripperActionController' controller
[spawner-7] [INFO] [1787663663.171952674] [spawner_gripper_controller]: Loaded gripper_controller
[gazebo-2] [INFO] [1787663663.173721445] [controller_manager]: Configuring controller: 'gripper_controller'
[gazebo-2] [INFO] [1787663663.173945245] [gripper_controller]: Action status changes will be monitored at 20.000000 Hz.
[gazebo-2] [INFO] [1787663663.175779381] [controller_manager]: Activating controllers: [ gripper_controller ]
[gazebo-2] [1;31m[Err] [SystemPaths.cc:426] [0m[1;31mUnable to find file with URI [[0m[1;31mmodel://annin_ar4_description/meshes/ar4_mk5/Link_6_Col.STL[0m[1;31m][0m[1;31m[0m
[gazebo-2] [1;31m[Err] [SystemPaths.cc:526] [0m[1;31mCould not resolve file [[0m[1;31mmodel://annin_ar4_description/meshes/ar4_mk5/Link_6_Col.STL[0m[1;31m][0m[1;31m[0m
[gazebo-2] [1;31m[Err] [MeshManager.cc:211] [0m[1;31mUnable to find file[[0m[1;31mmodel://annin_ar4_description/meshes/ar4_mk5/Link_6_Col.STL[0m[1;31m][0m
[gazebo-2] [1;33m[Wrn] [SDFFeatures.cc:1094] [0m[1;33mFailed to load mesh from [[0m[1;33mmodel://annin_ar4_description/meshes/ar4_mk5/Link_6_Col.STL[0m[1;33m].[0m[1;33m[0m
[gazebo-2] [1;31m[Err] [SystemPaths.cc:426] [0m[1;31mUnable to find file with URI [[0m[1;31mmodel://annin_ar4_description/meshes/ar4_mk5/Link_5_Col.STL[0m[1;31m][0m[1;31m[0m
[gazebo-2] [1;31m[Err] [SystemPaths.cc:526] [0m[1;31mCould not resolve file [[0m[1;31mmodel://annin_ar4_description/meshes/ar4_mk5/Link_5_Col.STL[0m[1;31m][0m[1;31m[0m
[gazebo-2] [1;31m[Err] [MeshManager.cc:211] [0m[1;31mUnable to find file[[0m[1;31mmodel://annin_ar4_description/meshes/ar4_mk5/Link_5_Col.STL[0m[1;31m][0m
[gazebo-2] [1;33m[Wrn] [SDFFeatures.cc:1094] [0m[1;33mFailed to load mesh from [[0m[1;33mmodel://annin_ar4_description/meshes/ar4_mk5/Link_5_Col.STL[0m[1;33m].[0m[1;33m[0m
[gazebo-2] [1;31m[Err] [SystemPaths.cc:426] [0m[1;31mUnable to find file with URI [[0m[1;31mmodel://annin_ar4_description/meshes/ar4_mk5/Link_5_Col.STL[0m[1;31m][0m[1;31m[0m
[gazebo-2] [1;31m[Err] [SystemPaths.cc:526] [0m[1;31mCould not resolve file [[0m[1;31mmodel://annin_ar4_description/meshes/ar4_mk5/Link_5_Col.STL[0m[1;31m][0m[1;31m[0m
[gazebo-2] [1;31m[Err] [MeshManager.cc:211] [0m[1;31mUnable to find file[[0m[1;31mmodel://annin_ar4_description/meshes/ar4_mk5/Link_5_Col.STL[0m[1;31m][0m
[gazebo-2] [1;33m[Wrn] [Util.cc:859] [0m[1;33mFailed to load mesh from [[0m[1;33mmodel://annin_ar4_description/meshes/ar4_mk5/Link_5_Col.STL[0m[1;33m].[0m[1;33m[0m
[gazebo-2] [1;31m[Err] [SystemPaths.cc:426] [0m[1;31mUnable to find file with URI [[0m[1;31mmodel://annin_ar4_description/meshes/ar4_mk5/Link_6_Col.STL[0m[1;31m][0m[1;31m[0m
[gazebo-2] [1;31m[Err] [SystemPaths.cc:526] [0m[1;31mCould not resolve file [[0m[1;31mmodel://annin_ar4_description/meshes/ar4_mk5/Link_6_Col.STL[0m[1;31m][0m[1;31m[0m
[gazebo-2] [1;31m[Err] [MeshManager.cc:211] [0m[1;31mUnable to find file[[0m[1;31mmodel://annin_ar4_description/meshes/ar4_mk5/Link_6_Col.STL[0m[1;31m][0m
[gazebo-2] [1;33m[Wrn] [Util.cc:859] [0m[1;33mFailed to load mesh from [[0m[1;33mmodel://annin_ar4_description/meshes/ar4_mk5/Link_6_Col.STL[0m[1;33m].[0m[1;33m[0m
[gazebo-2] [WARN] [1787663665.163527202] [gz_ros_control]:  Desired controller update period (0.0166667 s) is slower than the gazebo simulation period (0.001 s).
[gazebo-2] [1;36m[Dbg] [SystemManager.cc:80] [0m[1;36mLoaded system [[0m[1;36mgz_ros2_control::GazeboSimROS2ControlPlugin[0m[1;36m] for entity [[0m[1;36m19[0m[1;36m][0m[1;36m[0m
[gazebo-2] [1;36m[Dbg] [UserCommands.cc:1094] [0m[1;36mCreated entity [[0m[1;36m19[0m[1;36m] named [[0m[1;36mmk5[0m[1;36m][0m[1;36m[0m
[gazebo-2] [1;36m[Dbg] [Physics.cc:1086] [0m[1;36mAttempting to set physics options, but the [0m[1;36mphyiscs engine doesn't support feature [0m[1;36m[CollisionPairMaxContacts]. [0m[1;36mOptions will be ignored.[0m[1;36m[0m
[gazebo-2] [1;36m[Dbg] [Sensors.cc:953] [0m[1;36mInitialization needed[0m[1;36m[0m
[gazebo-2] [1;36m[Dbg] [Sensors.cc:349] [0m[1;36mInitializing render context[0m[1;36m[0m
[gazebo-2] [1;32m[Msg] [0m[1;32mLoading plugin [[0m[1;32mgz-rendering-ogre2[0m[1;32m][0m[1;32m[0m
[gazebo-2] [1;32m[Msg] [0m[1;32mServing scene information on [[0m[1;32m/world/default[0m[1;32m/[0m[1;32mscene/info[0m[1;32m][0m[1;32m[0m
[gazebo-2] [1;32m[Msg] [0m[1;32mServing graph information on [[0m[1;32m/world/default[0m[1;32m/[0m[1;32mscene/graph[0m[1;32m][0m[1;32m[0m
[gazebo-2] [1;32m[Msg] [0m[1;32mServing full state on [[0m[1;32m/world/default[0m[1;32m/[0m[1;32mstate[0m[1;32m][0m[1;32m[0m
[gazebo-2] [1;32m[Msg] [0m[1;32mServing full state (async) on [[0m[1;32m/world/default[0m[1;32m/[0m[1;32mstate_async[0m[1;32m][0m[1;32m[0m
[gazebo-2] [1;32m[Msg] [0m[1;32mPublishing scene information on [[0m[1;32m/world/default/scene/info[0m[1;32m][0m[1;32m[0m
[gazebo-2] [1;32m[Msg] [0m[1;32mPublishing entity deletions on [[0m[1;32m/world/default/scene/deletion[0m[1;32m][0m[1;32m[0m
[gazebo-2] [1;32m[Msg] [0m[1;32mPublishing state changes on [[0m[1;32m/world/default/state[0m[1;32m][0m[1;32m[0m
[gazebo-2] [1;32m[Msg] [0m[1;32mPublishing pose messages on [[0m[1;32m/world/default[0m[1;32m/[0m[1;32mpose/info[0m[1;32m][0m[1;32m[0m
[gazebo-2] [1;32m[Msg] [0m[1;32mPublishing dynamic pose messages on [[0m[1;32m/world/default[0m[1;32m/[0m[1;32mdynamic_pose/info[0m[1;32m][0m[1;32m[0m
[gazebo-2] [1;36m[Dbg] [SimulationRunner.cc:578] [0m[1;36mExiting postupdate worker thread ([0m[1;36m0[0m[1;36m)[0m[1;36m[0m
[gazebo-2] [1;36m[Dbg] [SimulationRunner.cc:578] [0m[1;36mExiting postupdate worker thread ([0m[1;36m1[0m[1;36m)[0m[1;36m[0m
[gazebo-2] [1;36m[Dbg] [SimulationRunner.cc:551] [0m[1;36mCreating PostUpdate worker threads: [0m[1;36m4[0m[1;36m[0m
[gazebo-2] [1;36m[Dbg] [SimulationRunner.cc:562] [0m[1;36mCreating postupdate worker thread ([0m[1;36m0[0m[1;36m)[0m[1;36m[0m
[gazebo-2] [1;36m[Dbg] [SimulationRunner.cc:562] [0m[1;36mCreating postupdate worker thread ([0m[1;36m1[0m[1;36m)[0m[1;36m[0m
[gazebo-2] [1;36m[Dbg] [SimulationRunner.cc:562] [0m[1;36mCreating postupdate worker thread ([0m[1;36m2[0m[1;36m)[0m[1;36m[0m
[gazebo-2]  dllPath = /usr/lib/wsl/drivers/iigd_dch_d.inf_amd64_090b7c5495907f9a, dllName = libigdgmm_w.so.12 
[gazebo-2]  IsWddmLinux = 1, dllWslName = /usr/lib/wsl/drivers/iigd_dch_d.inf_amd64_090b7c5495907f9a/libigdgmm_w.so.12  flags = 2
[gazebo-2]  dllPath = /usr/lib/wsl/drivers/iigd_dch_d.inf_amd64_090b7c5495907f9a, dllName = libigdgmm_w.so.12 
[gazebo-2]  IsWddmLinux = 1, dllWslName = /usr/lib/wsl/drivers/iigd_dch_d.inf_amd64_090b7c5495907f9a/libigdgmm_w.so.12  flags = 2
[gazebo-2]  dllPath = /usr/lib/wsl/drivers/iigd_dch_d.inf_amd64_090b7c5495907f9a, dllName = libigdgmm_w.so.12 
[gazebo-2]  IsWddmLinux = 1, dllWslName = /usr/lib/wsl/drivers/iigd_dch_d.inf_amd64_090b7c5495907f9a/libigdgmm_w.so.12  flags = 2
[gazebo-2]  dllPath = /usr/lib/wsl/drivers/iigd_dch_d.inf_amd64_090b7c5495907f9a, dllName = libigdgmm_w.so.12 
[gazebo-2]  IsWddmLinux = 1, dllWslName = /usr/lib/wsl/drivers/iigd_dch_d.inf_amd64_090b7c5495907f9a/libigdgmm_w.so.12  flags = 2
[gazebo-2]  dllPath = /usr/lib/wsl/drivers/iigd_dch_d.inf_amd64_090b7c5495907f9a, dllName = libigdgmm_w.so.12 
[gazebo-2]  IsWddmLinux = 1, dllWslName = /usr/lib/wsl/drivers/iigd_dch_d.inf_amd64_090b7c5495907f9a/libigdgmm_w.so.12  flags = 2
[gazebo-2]  dllPath = /usr/lib/wsl/drivers/iigd_dch_d.inf_amd64_090b7c5495907f9a, dllName = libigdgmm_w.so.12 
[gazebo-2]  IsWddmLinux = 1, dllWslName = /usr/lib/wsl/drivers/iigd_dch_d.inf_amd64_090b7c5495907f9a/libigdgmm_w.so.12  flags = 2
[gazebo-2] [1;36m[Dbg] [RenderUtil.cc:2646] [0m[1;36mCreate scene [[0m[1;36mscene[0m[1;36m][0m[1;36m[0m
[gazebo-2] [1;36m[Dbg] [Sensors.cc:391] [0m[1;36mRendering Thread initialized[0m[1;36m[0m
[gazebo-2] [1;36m[Dbg] [Sensors.cc:953] [0m[1;36mInitialization needed[0m[1;36m[0m
[gazebo-2] [1;33m[Wrn] [Ogre2Camera.cc:423] [0m[1;33mOgre2Camera::SetVisibilityMask: Mask bits [0m[1;33mc0000000[0m[1;33m are set but will be ignored as they conflict with the [0m[1;33mreserved bits used internally by the ogre2 backend.[0m[1;33m[0m
[gazebo-2] [INFO] [1787663673.741782444] [controller_manager]: Successfully switched controllers!
[spawner-7] [INFO] [1787663673.759749177] [spawner_gripper_controller]: Configured and activated gripper_controller
[INFO] [spawner-7]: process has finished cleanly [pid 1287984]
[gazebo-2] [INFO] [1787663674.190209193] [controller_manager]: Loading controller : 'joint_trajectory_controller' of type 'joint_trajectory_controller/JointTrajectoryController'
[gazebo-2] [INFO] [1787663674.190261626] [controller_manager]: Loading controller 'joint_trajectory_controller'
[gazebo-2] [INFO] [1787663674.233189324] [controller_manager]: Controller 'joint_trajectory_controller' node arguments: --ros-args --params-file /tmp/tmpml1t8lus.yaml -p use_sim_time:=true --param use_sim_time:=true 
[spawner-6] [INFO] [1787663674.527698918] [spawner_joint_trajectory_controller]: Loaded joint_trajectory_controller
[gazebo-2] [INFO] [1787663674.529643042] [controller_manager]: Configuring controller: 'joint_trajectory_controller'
[gazebo-2] [INFO] [1787663674.529929932] [joint_trajectory_controller]: No specific joint names are used for command interfaces. Using 'joints' parameter.
[gazebo-2] [INFO] [1787663674.529997755] [joint_trajectory_controller]: Command interfaces are [position velocity] and state interfaces are [position velocity].
[gazebo-2] [INFO] [1787663674.530044977] [joint_trajectory_controller]: Using 'splines' interpolation method.
[gazebo-2] [INFO] [1787663674.534535025] [joint_trajectory_controller]: Action status changes will be monitored at 20.00 Hz.
[gazebo-2] [INFO] [1787663674.542866091] [joint_trajectory_controller]: No scaling interface set. This controller will not read speed scaling from the hardware.
[gazebo-2] [INFO] [1787663674.568608653] [controller_manager]: Activating controllers: [ joint_trajectory_controller ]
[gazebo-2] [INFO] [1787663674.583238015] [controller_manager]: Successfully switched controllers!
[spawner-6] [INFO] [1787663674.601389379] [spawner_joint_trajectory_controller]: Configured and activated joint_trajectory_controller
[INFO] [spawner-6]: process has finished cleanly [pid 1287983]
[gazebo-2] [INFO] [1787663675.021115011] [controller_manager]: Loading controller : 'joint_state_broadcaster' of type 'joint_state_broadcaster/JointStateBroadcaster'
[gazebo-2] [INFO] [1787663675.021156446] [controller_manager]: Loading controller 'joint_state_broadcaster'
[gazebo-2] [INFO] [1787663675.224535572] [controller_manager]: Controller 'joint_state_broadcaster' node arguments: --ros-args --params-file /tmp/tmpml1t8lus.yaml -p use_sim_time:=true --param use_sim_time:=true 
[spawner-5] [INFO] [1787663675.281897063] [spawner_joint_state_broadcaster]: Loaded joint_state_broadcaster
[gazebo-2] [INFO] [1787663675.284958111] [controller_manager]: Configuring controller: 'joint_state_broadcaster'
[gazebo-2] [INFO] [1787663675.285079312] [joint_state_broadcaster]: 'joints' or 'interfaces' parameter is empty. All available state interfaces will be published
[gazebo-2] [1;36m[Dbg] [CameraSensor.cc:405] [0m[1;36mCamera images for [[0m[1;36mmk5::link_6::sim_color[0m[1;36m] advertised on [[0m[1;36msim_camera/color/image_raw[0m[1;36m][0m[1;36m[0m
[gazebo-2] [1;36m[Dbg] [CameraSensor.cc:695] [0m[1;36mCamera info for [[0m[1;36mmk5::link_6::sim_color[0m[1;36m] advertised on [[0m[1;36msim_camera/color/camera_info[0m[1;36m][0m[1;36m[0m
[gazebo-2] [1;36m[Dbg] [CameraSensor.cc:504] [0m[1;36mEnabling camera sensor: '[0m[1;36mmk5::link_6::sim_color[0m[1;36m' data [0m[1;36mgeneration.[0m[1;36m[0m
[gazebo-2] [INFO] [1787663675.409364219] [controller_manager]: Activating controllers: [ joint_state_broadcaster ]
[gazebo-2] [INFO] [1787663675.423758913] [controller_manager]: Successfully switched controllers!
[spawner-5] [INFO] [1787663675.441858816] [spawner_joint_state_broadcaster]: Configured and activated joint_state_broadcaster
[INFO] [spawner-5]: process has finished cleanly [pid 1287982]
[ground_truth-9] [INFO] [1787663677.364930503] [ground_truth]: Wrote ground truth to /home/jonas/benchmarks/runs/sim_wp4-s005-0c01561994/ros_home/annin_ar4_calibration/ground_truth.yaml
[move_group-8] [INFO] [1787663683.731177247] [move_group.moveit.moveit.ros.move_group.move_action]: MoveGroupMoveAction: Received request
[move_group-8] [INFO] [1787663683.731804407] [move_group.moveit.moveit.ros.move_group.move_action]: executing..
[move_group-8] [INFO] [1787663683.736183950] [move_group.moveit.moveit.ros.move_group.move_action]: Combined planning and execution request received for MoveGroup action. Forwarding to planning and execution pipeline.
[move_group-8] [WARN] [1787663683.736267336] [move_group.moveit.moveit.ros.move_group.capability]: Execution of motions should always start at the robot's current state. Ignoring the state supplied as start state in the motion planning request
[move_group-8] [WARN] [1787663683.736298340] [move_group.moveit.moveit.ros.move_group.capability]: Execution of motions should always start at the robot's current state. Ignoring the state supplied as difference in the planning scene diff
[move_group-8] [INFO] [1787663683.736334464] [move_group.moveit.moveit.ros.plan_execution]: Planning attempt 1 of at most 1
[move_group-8] [INFO] [1787663683.737090473] [move_group]: Calling PlanningRequestAdapter 'CheckStartStateBounds'
[move_group-8] [INFO] [1787663683.737272242] [move_group]: Calling PlanningRequestAdapter 'CheckStartStateCollision'
[move_group-8] [INFO] [1787663683.737449299] [move_group]: Calling PlanningRequestAdapter 'ResolveConstraintFrames'
[move_group-8] [INFO] [1787663683.737494956] [move_group]: Calling PlanningRequestAdapter 'ValidateWorkspaceBounds'
[move_group-8] [INFO] [1787663683.738324048] [move_group.moveit.moveit.planners.ompl.model_based_planning_context]: Planner configuration 'ar_manipulator' will use planner 'geometric::RRTConnect'. Additional configuration parameters will be set when the planner is constructed.
[move_group-8] [INFO] [1787663683.739913188] [move_group]: Calling Planner 'OMPL'
[move_group-8] [INFO] [1787663683.756920925] [move_group]: Calling PlanningResponseAdapter 'AddTimeOptimalParameterization'
[move_group-8] [WARN] [1787663683.757040148] [move_group.moveit.moveit.core.time_optimal_trajectory_generation]: Invalid max_velocity_scaling_factor 0.000000 specified, defaulting to 1.000000 instead.
[move_group-8] [WARN] [1787663683.757064697] [move_group.moveit.moveit.core.time_optimal_trajectory_generation]: Invalid max_acceleration_scaling_factor 0.000000 specified, defaulting to 1.000000 instead.
[move_group-8] [INFO] [1787663683.759163369] [move_group]: Calling PlanningResponseAdapter 'ValidateSolution'
[move_group-8] [WARN] [1787663683.759425630] [move_group.moveit.moveit.ros.planning_pipeline]: The planner plugin did not fill out the 'planner_id' field of the MotionPlanResponse. Setting it to the planner ID name of the MotionPlanRequest assuming that the planner plugin does warn you if it does not use the requested planner.
[move_group-8] [INFO] [1787663683.759551279] [move_group.moveit.moveit.plugins.simple_controller_manager]: Returned 2 controllers in list
[move_group-8] [INFO] [1787663683.759575875] [move_group.moveit.moveit.plugins.simple_controller_manager]: Returned 2 controllers in list
[move_group-8] [INFO] [1787663683.759643457] [move_group.moveit.moveit.ros.trajectory_execution_manager]: Validating trajectory with allowed_start_tolerance 0.01
[move_group-8] [INFO] [1787663683.769843400] [move_group.moveit.moveit.ros.trajectory_execution_manager]: Starting trajectory execution ...
[move_group-8] [INFO] [1787663683.769953876] [move_group.moveit.moveit.plugins.simple_controller_manager]: Returned 2 controllers in list
[move_group-8] [INFO] [1787663683.769996297] [move_group.moveit.moveit.plugins.simple_controller_manager]: Returned 2 controllers in list
[move_group-8] [INFO] [1787663683.770200565] [moveit.simple_controller_manager.follow_joint_trajectory_controller_handle]: sending trajectory to joint_trajectory_controller
[gazebo-2] [INFO] [1787663683.770888713] [joint_trajectory_controller]: Received new action goal
[gazebo-2] [INFO] [1787663683.770955989] [joint_trajectory_controller]: Accepted new action goal
[move_group-8] [INFO] [1787663683.772817485] [moveit.simple_controller_manager.follow_joint_trajectory_controller_handle]: joint_trajectory_controller started execution
[move_group-8] [INFO] [1787663683.773516391] [moveit.simple_controller_manager.follow_joint_trajectory_controller_handle]: Goal request accepted!
[gazebo-2] [INFO] [1787663686.380400844] [joint_trajectory_controller]: Goal reached, success!
[move_group-8] [INFO] [1787663686.421845671] [moveit.simple_controller_manager.follow_joint_trajectory_controller_handle]: Controller 'joint_trajectory_controller' successfully finished
[move_group-8] [INFO] [1787663686.451652775] [move_group.moveit.moveit.ros.trajectory_execution_manager]: Completed trajectory execution with status SUCCEEDED ...
[move_group-8] [INFO] [1787663686.460067627] [move_group.moveit.moveit.ros.move_group.move_action]: Solution was found and executed.
[move_group-8] [INFO] [1787663687.167798073] [move_group.moveit.moveit.ros.move_group.move_action]: MoveGroupMoveAction: Received request
[move_group-8] [INFO] [1787663687.168484308] [move_group.moveit.moveit.ros.move_group.move_action]: executing..
[move_group-8] [INFO] [1787663687.193446689] [move_group.moveit.moveit.ros.move_group.move_action]: Combined planning and execution request received for MoveGroup action. Forwarding to planning and execution pipeline.
[move_group-8] [WARN] [1787663687.193560161] [move_group.moveit.moveit.ros.move_group.capability]: Execution of motions should always start at the robot's current state. Ignoring the state supplied as start state in the motion planning request
[move_group-8] [WARN] [1787663687.193587483] [move_group.moveit.moveit.ros.move_group.capability]: Execution of motions should always start at the robot's current state. Ignoring the state supplied as difference in the planning scene diff
[move_group-8] [INFO] [1787663687.193599855] [move_group.moveit.moveit.ros.plan_execution]: Planning attempt 1 of at most 1
[move_group-8] [INFO] [1787663687.193789525] [move_group]: Calling PlanningRequestAdapter 'CheckStartStateBounds'
[move_group-8] [INFO] [1787663687.193834598] [move_group]: Calling PlanningRequestAdapter 'CheckStartStateCollision'
[move_group-8] [INFO] [1787663687.193909118] [move_group]: Calling PlanningRequestAdapter 'ResolveConstraintFrames'
[move_group-8] [INFO] [1787663687.193928668] [move_group]: Calling PlanningRequestAdapter 'ValidateWorkspaceBounds'
[move_group-8] [INFO] [1787663687.194424319] [move_group.moveit.moveit.planners.ompl.model_based_planning_context]: Planner configuration 'ar_manipulator' will use planner 'geometric::RRTConnect'. Additional configuration parameters will be set when the planner is constructed.
[move_group-8] [INFO] [1787663687.194546499] [move_group]: Calling Planner 'OMPL'
[move_group-8] [INFO] [1787663687.218252900] [move_group]: Calling PlanningResponseAdapter 'AddTimeOptimalParameterization'
[move_group-8] [WARN] [1787663687.218316142] [move_group.moveit.moveit.core.time_optimal_trajectory_generation]: Invalid max_velocity_scaling_factor 0.000000 specified, defaulting to 1.000000 instead.
[move_group-8] [WARN] [1787663687.218341424] [move_group.moveit.moveit.core.time_optimal_trajectory_generation]: Invalid max_acceleration_scaling_factor 0.000000 specified, defaulting to 1.000000 instead.
[move_group-8] [INFO] [1787663687.220625659] [move_group]: Calling PlanningResponseAdapter 'ValidateSolution'
[move_group-8] [WARN] [1787663687.221015831] [move_group.moveit.moveit.ros.planning_pipeline]: The planner plugin did not fill out the 'planner_id' field of the MotionPlanResponse. Setting it to the planner ID name of the MotionPlanRequest assuming that the planner plugin does warn you if it does not use the requested planner.
[move_group-8] [INFO] [1787663687.221161856] [move_group.moveit.moveit.plugins.simple_controller_manager]: Returned 2 controllers in list
[move_group-8] [INFO] [1787663687.221192601] [move_group.moveit.moveit.plugins.simple_controller_manager]: Returned 2 controllers in list
[move_group-8] [INFO] [1787663687.221273520] [move_group.moveit.moveit.ros.trajectory_execution_manager]: Validating trajectory with allowed_start_tolerance 0.01
[move_group-8] [INFO] [1787663687.230264987] [move_group.moveit.moveit.ros.trajectory_execution_manager]: Starting trajectory execution ...
[move_group-8] [INFO] [1787663687.230357620] [move_group.moveit.moveit.plugins.simple_controller_manager]: Returned 2 controllers in list
[move_group-8] [INFO] [1787663687.230402248] [move_group.moveit.moveit.plugins.simple_controller_manager]: Returned 2 controllers in list
[move_group-8] [INFO] [1787663687.230541169] [moveit.simple_controller_manager.follow_joint_trajectory_controller_handle]: sending trajectory to joint_trajectory_controller
[gazebo-2] [INFO] [1787663687.231187035] [joint_trajectory_controller]: Received new action goal
[gazebo-2] [INFO] [1787663687.231244490] [joint_trajectory_controller]: Accepted new action goal
[move_group-8] [INFO] [1787663687.231480285] [moveit.simple_controller_manager.follow_joint_trajectory_controller_handle]: joint_trajectory_controller started execution
[move_group-8] [INFO] [1787663687.231494948] [moveit.simple_controller_manager.follow_joint_trajectory_controller_handle]: Goal request accepted!
[gazebo-2] [INFO] [1787663691.702196027] [joint_trajectory_controller]: Goal reached, success!
[move_group-8] [INFO] [1787663691.731754824] [moveit.simple_controller_manager.follow_joint_trajectory_controller_handle]: Controller 'joint_trajectory_controller' successfully finished
[move_group-8] [INFO] [1787663691.777914658] [move_group.moveit.moveit.ros.trajectory_execution_manager]: Completed trajectory execution with status SUCCEEDED ...
[move_group-8] [INFO] [1787663691.780412439] [move_group.moveit.moveit.ros.move_group.move_action]: Solution was found and executed.
[move_group-8] [INFO] [1787663692.469735694] [move_group.moveit.moveit.ros.move_group.move_action]: MoveGroupMoveAction: Received request
[move_group-8] [INFO] [1787663692.470025899] [move_group.moveit.moveit.ros.move_group.move_action]: executing..
[move_group-8] [INFO] [1787663692.480444546] [move_group.moveit.moveit.ros.move_group.move_action]: Combined planning and execution request received for MoveGroup action. Forwarding to planning and execution pipeline.
[move_group-8] [WARN] [1787663692.481407382] [move_group.moveit.moveit.ros.move_group.capability]: Execution of motions should always start at the robot's current state. Ignoring the state supplied as start state in the motion planning request
[move_group-8] [WARN] [1787663692.481453818] [move_group.moveit.moveit.ros.move_group.capability]: Execution of motions should always start at the robot's current state. Ignoring the state supplied as difference in the planning scene diff
[move_group-8] [INFO] [1787663692.481470003] [move_group.moveit.moveit.ros.plan_execution]: Planning attempt 1 of at most 1
[move_group-8] [INFO] [1787663692.481993762] [move_group]: Calling PlanningRequestAdapter 'CheckStartStateBounds'
[move_group-8] [INFO] [1787663692.482066789] [move_group]: Calling PlanningRequestAdapter 'CheckStartStateCollision'
[move_group-8] [INFO] [1787663692.482125364] [move_group]: Calling PlanningRequestAdapter 'ResolveConstraintFrames'
[move_group-8] [INFO] [1787663692.482143596] [move_group]: Calling PlanningRequestAdapter 'ValidateWorkspaceBounds'
[move_group-8] [INFO] [1787663692.482891720] [move_group.moveit.moveit.planners.ompl.model_based_planning_context]: Planner configuration 'ar_manipulator' will use planner 'geometric::RRTConnect'. Additional configuration parameters will be set when the planner is constructed.
[move_group-8] [INFO] [1787663692.482992961] [move_group]: Calling Planner 'OMPL'
[move_group-8] [INFO] [1787663692.510993134] [move_group]: Calling PlanningResponseAdapter 'AddTimeOptimalParameterization'
[move_group-8] [WARN] [1787663692.511059829] [move_group.moveit.moveit.core.time_optimal_trajectory_generation]: Invalid max_velocity_scaling_factor 0.000000 specified, defaulting to 1.000000 instead.
[move_group-8] [WARN] [1787663692.511077774] [move_group.moveit.moveit.core.time_optimal_trajectory_generation]: Invalid max_acceleration_scaling_factor 0.000000 specified, defaulting to 1.000000 instead.
[move_group-8] [INFO] [1787663692.512872766] [move_group]: Calling PlanningResponseAdapter 'ValidateSolution'
[move_group-8] [WARN] [1787663692.513123959] [move_group.moveit.moveit.ros.planning_pipeline]: The planner plugin did not fill out the 'planner_id' field of the MotionPlanResponse. Setting it to the planner ID name of the MotionPlanRequest assuming that the planner plugin does warn you if it does not use the requested planner.
[move_group-8] [INFO] [1787663692.513249800] [move_group.moveit.moveit.plugins.simple_controller_manager]: Returned 2 controllers in list
[move_group-8] [INFO] [1787663692.513278475] [move_group.moveit.moveit.plugins.simple_controller_manager]: Returned 2 controllers in list
[move_group-8] [INFO] [1787663692.513342967] [move_group.moveit.moveit.ros.trajectory_execution_manager]: Validating trajectory with allowed_start_tolerance 0.01
[move_group-8] [INFO] [1787663692.548740668] [move_group.moveit.moveit.ros.trajectory_execution_manager]: Starting trajectory execution ...
[move_group-8] [INFO] [1787663692.548843789] [move_group.moveit.moveit.plugins.simple_controller_manager]: Returned 2 controllers in list
[move_group-8] [INFO] [1787663692.548906576] [move_group.moveit.moveit.plugins.simple_controller_manager]: Returned 2 controllers in list
[move_group-8] [INFO] [1787663692.549064031] [moveit.simple_controller_manager.follow_joint_trajectory_controller_handle]: sending trajectory to joint_trajectory_controller
[gazebo-2] [INFO] [1787663692.550417910] [joint_trajectory_controller]: Received new action goal
[gazebo-2] [INFO] [1787663692.550459839] [joint_trajectory_controller]: Accepted new action goal
[move_group-8] [INFO] [1787663692.551149998] [moveit.simple_controller_manager.follow_joint_trajectory_controller_handle]: joint_trajectory_controller started execution
[move_group-8] [INFO] [1787663692.553496512] [moveit.simple_controller_manager.follow_joint_trajectory_controller_handle]: Goal request accepted!
[gazebo-2] [INFO] [1787663697.165056744] [joint_trajectory_controller]: Goal reached, success!
[move_group-8] [INFO] [1787663697.200971472] [moveit.simple_controller_manager.follow_joint_trajectory_controller_handle]: Controller 'joint_trajectory_controller' successfully finished
[move_group-8] [INFO] [1787663697.266363632] [move_group.moveit.moveit.ros.trajectory_execution_manager]: Completed trajectory execution with status SUCCEEDED ...
[move_group-8] [INFO] [1787663697.269283390] [move_group.moveit.moveit.ros.move_group.move_action]: Solution was found and executed.
[move_group-8] [INFO] [1787663698.009704204] [move_group.moveit.moveit.ros.move_group.move_action]: MoveGroupMoveAction: Received request
[move_group-8] [INFO] [1787663698.009935230] [move_group.moveit.moveit.ros.move_group.move_action]: executing..
[move_group-8] [INFO] [1787663698.047844617] [move_group.moveit.moveit.ros.move_group.move_action]: Combined planning and execution request received for MoveGroup action. Forwarding to planning and execution pipeline.
[move_group-8] [WARN] [1787663698.047942669] [move_group.moveit.moveit.ros.move_group.capability]: Execution of motions should always start at the robot's current state. Ignoring the state supplied as start state in the motion planning request
[move_group-8] [WARN] [1787663698.047961490] [move_group.moveit.moveit.ros.move_group.capability]: Execution of motions should always start at the robot's current state. Ignoring the state supplied as difference in the planning scene diff
[move_group-8] [INFO] [1787663698.047972007] [move_group.moveit.moveit.ros.plan_execution]: Planning attempt 1 of at most 1
[move_group-8] [INFO] [1787663698.048139537] [move_group]: Calling PlanningRequestAdapter 'CheckStartStateBounds'
[move_group-8] [INFO] [1787663698.048173520] [move_group]: Calling PlanningRequestAdapter 'CheckStartStateCollision'
[move_group-8] [INFO] [1787663698.048233984] [move_group]: Calling PlanningRequestAdapter 'ResolveConstraintFrames'
[move_group-8] [INFO] [1787663698.048248796] [move_group]: Calling PlanningRequestAdapter 'ValidateWorkspaceBounds'
[move_group-8] [INFO] [1787663698.048696945] [move_group.moveit.moveit.planners.ompl.model_based_planning_context]: Planner configuration 'ar_manipulator' will use planner 'geometric::RRTConnect'. Additional configuration parameters will be set when the planner is constructed.
[move_group-8] [INFO] [1787663698.048847271] [move_group]: Calling Planner 'OMPL'
[move_group-8] [INFO] [1787663698.064018048] [move_group]: Calling PlanningResponseAdapter 'AddTimeOptimalParameterization'
[move_group-8] [WARN] [1787663698.064090964] [move_group.moveit.moveit.core.time_optimal_trajectory_generation]: Invalid max_velocity_scaling_factor 0.000000 specified, defaulting to 1.000000 instead.
[move_group-8] [WARN] [1787663698.064113269] [move_group.moveit.moveit.core.time_optimal_trajectory_generation]: Invalid max_acceleration_scaling_factor 0.000000 specified, defaulting to 1.000000 instead.
[move_group-8] [INFO] [1787663698.064908179] [move_group]: Calling PlanningResponseAdapter 'ValidateSolution'
[move_group-8] [WARN] [1787663698.065104494] [move_group.moveit.moveit.ros.planning_pipeline]: The planner plugin did not fill out the 'planner_id' field of the MotionPlanResponse. Setting it to the planner ID name of the MotionPlanRequest assuming that the planner plugin does warn you if it does not use the requested planner.
[move_group-8] [INFO] [1787663698.065215459] [move_group.moveit.moveit.plugins.simple_controller_manager]: Returned 2 controllers in list
[move_group-8] [INFO] [1787663698.065240935] [move_group.moveit.moveit.plugins.simple_controller_manager]: Returned 2 controllers in list
[move_group-8] [INFO] [1787663698.065307418] [move_group.moveit.moveit.ros.trajectory_execution_manager]: Validating trajectory with allowed_start_tolerance 0.01
[move_group-8] [INFO] [1787663698.065407626] [move_group.moveit.moveit.ros.trajectory_execution_manager]: Starting trajectory execution ...
[move_group-8] [INFO] [1787663698.065444199] [move_group.moveit.moveit.plugins.simple_controller_manager]: Returned 2 controllers in list
[move_group-8] [INFO] [1787663698.065475233] [move_group.moveit.moveit.plugins.simple_controller_manager]: Returned 2 controllers in list
[move_group-8] [INFO] [1787663698.065581755] [moveit.simple_controller_manager.follow_joint_trajectory_controller_handle]: sending trajectory to joint_trajectory_controller
[gazebo-2] [INFO] [1787663698.065835166] [joint_trajectory_controller]: Received new action goal
[gazebo-2] [INFO] [1787663698.065868937] [joint_trajectory_controller]: Accepted new action goal
[move_group-8] [INFO] [1787663698.066097604] [moveit.simple_controller_manager.follow_joint_trajectory_controller_handle]: joint_trajectory_controller started execution
[move_group-8] [INFO] [1787663698.066111218] [moveit.simple_controller_manager.follow_joint_trajectory_controller_handle]: Goal request accepted!
[gazebo-2] [INFO] [1787663700.651393770] [joint_trajectory_controller]: Goal reached, success!
[move_group-8] [INFO] [1787663700.666396729] [moveit.simple_controller_manager.follow_joint_trajectory_controller_handle]: Controller 'joint_trajectory_controller' successfully finished
[move_group-8] [INFO] [1787663700.686269070] [move_group.moveit.moveit.ros.trajectory_execution_manager]: Completed trajectory execution with status SUCCEEDED ...
[move_group-8] [INFO] [1787663700.695853923] [move_group.moveit.moveit.ros.move_group.move_action]: Solution was found and executed.
[move_group-8] [INFO] [1787663704.510306175] [move_group.moveit.moveit.ros.move_group.move_action]: MoveGroupMoveAction: Received request
[move_group-8] [INFO] [1787663704.510522420] [move_group.moveit.moveit.ros.move_group.move_action]: executing..
[move_group-8] [INFO] [1787663704.542746791] [move_group.moveit.moveit.ros.move_group.move_action]: Combined planning and execution request received for MoveGroup action. Forwarding to planning and execution pipeline.
[move_group-8] [WARN] [1787663704.542837031] [move_group.moveit.moveit.ros.move_group.capability]: Execution of motions should always start at the robot's current state. Ignoring the state supplied as start state in the motion planning request
[move_group-8] [WARN] [1787663704.542857273] [move_group.moveit.moveit.ros.move_group.capability]: Execution of motions should always start at the robot's current state. Ignoring the state supplied as difference in the planning scene diff
[move_group-8] [INFO] [1787663704.542869028] [move_group.moveit.moveit.ros.plan_execution]: Planning attempt 1 of at most 1
[move_group-8] [INFO] [1787663704.543034732] [move_group]: Calling PlanningRequestAdapter 'CheckStartStateBounds'
[move_group-8] [INFO] [1787663704.543077830] [move_group]: Calling PlanningRequestAdapter 'CheckStartStateCollision'
[move_group-8] [INFO] [1787663704.543132720] [move_group]: Calling PlanningRequestAdapter 'ResolveConstraintFrames'
[move_group-8] [INFO] [1787663704.543149120] [move_group]: Calling PlanningRequestAdapter 'ValidateWorkspaceBounds'
[move_group-8] [INFO] [1787663704.543469937] [move_group.moveit.moveit.planners.ompl.model_based_planning_context]: Planner configuration 'ar_manipulator' will use planner 'geometric::RRTConnect'. Additional configuration parameters will be set when the planner is constructed.
[move_group-8] [INFO] [1787663704.543575376] [move_group]: Calling Planner 'OMPL'
[move_group-8] [INFO] [1787663704.558374137] [move_group]: Calling PlanningResponseAdapter 'AddTimeOptimalParameterization'
[move_group-8] [WARN] [1787663704.558417752] [move_group.moveit.moveit.core.time_optimal_trajectory_generation]: Invalid max_velocity_scaling_factor 0.000000 specified, defaulting to 1.000000 instead.
[move_group-8] [WARN] [1787663704.558435999] [move_group.moveit.moveit.core.time_optimal_trajectory_generation]: Invalid max_acceleration_scaling_factor 0.000000 specified, defaulting to 1.000000 instead.
[move_group-8] [INFO] [1787663704.558901511] [move_group]: Calling PlanningResponseAdapter 'ValidateSolution'
[move_group-8] [WARN] [1787663704.559043076] [move_group.moveit.moveit.ros.planning_pipeline]: The planner plugin did not fill out the 'planner_id' field of the MotionPlanResponse. Setting it to the planner ID name of the MotionPlanRequest assuming that the planner plugin does warn you if it does not use the requested planner.
[move_group-8] [INFO] [1787663704.559123961] [move_group.moveit.moveit.plugins.simple_controller_manager]: Returned 2 controllers in list
[move_group-8] [INFO] [1787663704.559144674] [move_group.moveit.moveit.plugins.simple_controller_manager]: Returned 2 controllers in list
[move_group-8] [INFO] [1787663704.559211357] [move_group.moveit.moveit.ros.trajectory_execution_manager]: Validating trajectory with allowed_start_tolerance 0.01
[move_group-8] [INFO] [1787663704.566891019] [move_group.moveit.moveit.ros.trajectory_execution_manager]: Starting trajectory execution ...
[move_group-8] [INFO] [1787663704.566992257] [move_group.moveit.moveit.plugins.simple_controller_manager]: Returned 2 controllers in list
[move_group-8] [INFO] [1787663704.567035207] [move_group.moveit.moveit.plugins.simple_controller_manager]: Returned 2 controllers in list
[move_group-8] [INFO] [1787663704.567152559] [moveit.simple_controller_manager.follow_joint_trajectory_controller_handle]: sending trajectory to joint_trajectory_controller
[gazebo-2] [INFO] [1787663704.567356669] [joint_trajectory_controller]: Received new action goal
[gazebo-2] [INFO] [1787663704.567386866] [joint_trajectory_controller]: Accepted new action goal
[move_group-8] [INFO] [1787663704.567574875] [moveit.simple_controller_manager.follow_joint_trajectory_controller_handle]: joint_trajectory_controller started execution
[move_group-8] [INFO] [1787663704.567587757] [moveit.simple_controller_manager.follow_joint_trajectory_controller_handle]: Goal request accepted!
[gazebo-2] [INFO] [1787663706.017018968] [joint_trajectory_controller]: Goal reached, success!
[move_group-8] [INFO] [1787663706.017840881] [moveit.simple_controller_manager.follow_joint_trajectory_controller_handle]: Controller 'joint_trajectory_controller' successfully finished
[move_group-8] [INFO] [1787663706.071964113] [move_group.moveit.moveit.ros.trajectory_execution_manager]: Completed trajectory execution with status SUCCEEDED ...
[move_group-8] [INFO] [1787663706.076995603] [move_group.moveit.moveit.ros.move_group.move_action]: Solution was found and executed.
[move_group-8] [INFO] [1787663706.773995690] [move_group.moveit.moveit.ros.move_group.move_action]: MoveGroupMoveAction: Received request
[move_group-8] [INFO] [1787663706.774250604] [move_group.moveit.moveit.ros.move_group.move_action]: executing..
[move_group-8] [INFO] [1787663706.785836438] [move_group.moveit.moveit.ros.move_group.move_action]: Combined planning and execution request received for MoveGroup action. Forwarding to planning and execution pipeline.
[move_group-8] [WARN] [1787663706.785942912] [move_group.moveit.moveit.ros.move_group.capability]: Execution of motions should always start at the robot's current state. Ignoring the state supplied as start state in the motion planning request
[move_group-8] [WARN] [1787663706.785966912] [move_group.moveit.moveit.ros.move_group.capability]: Execution of motions should always start at the robot's current state. Ignoring the state supplied as difference in the planning scene diff
[move_group-8] [INFO] [1787663706.785981069] [move_group.moveit.moveit.ros.plan_execution]: Planning attempt 1 of at most 1
[move_group-8] [INFO] [1787663706.786315104] [move_group]: Calling PlanningRequestAdapter 'CheckStartStateBounds'
[move_group-8] [INFO] [1787663706.786359189] [move_group]: Calling PlanningRequestAdapter 'CheckStartStateCollision'
[move_group-8] [INFO] [1787663706.786415428] [move_group]: Calling PlanningRequestAdapter 'ResolveConstraintFrames'
[move_group-8] [INFO] [1787663706.786431145] [move_group]: Calling PlanningRequestAdapter 'ValidateWorkspaceBounds'
[move_group-8] [INFO] [1787663706.786780454] [move_group.moveit.moveit.planners.ompl.model_based_planning_context]: Planner configuration 'ar_manipulator' will use planner 'geometric::RRTConnect'. Additional configuration parameters will be set when the planner is constructed.
[move_group-8] [INFO] [1787663706.786906237] [move_group]: Calling Planner 'OMPL'
[move_group-8] [INFO] [1787663706.810221930] [move_group]: Calling PlanningResponseAdapter 'AddTimeOptimalParameterization'
[move_group-8] [WARN] [1787663706.810288234] [move_group.moveit.moveit.core.time_optimal_trajectory_generation]: Invalid max_velocity_scaling_factor 0.000000 specified, defaulting to 1.000000 instead.
[move_group-8] [WARN] [1787663706.810307645] [move_group.moveit.moveit.core.time_optimal_trajectory_generation]: Invalid max_acceleration_scaling_factor 0.000000 specified, defaulting to 1.000000 instead.
[move_group-8] [INFO] [1787663706.811789055] [move_group]: Calling PlanningResponseAdapter 'ValidateSolution'
[move_group-8] [WARN] [1787663706.812102188] [move_group.moveit.moveit.ros.planning_pipeline]: The planner plugin did not fill out the 'planner_id' field of the MotionPlanResponse. Setting it to the planner ID name of the MotionPlanRequest assuming that the planner plugin does warn you if it does not use the requested planner.
[move_group-8] [INFO] [1787663706.812251557] [move_group.moveit.moveit.plugins.simple_controller_manager]: Returned 2 controllers in list
[move_group-8] [INFO] [1787663706.812284247] [move_group.moveit.moveit.plugins.simple_controller_manager]: Returned 2 controllers in list
[move_group-8] [INFO] [1787663706.812353856] [move_group.moveit.moveit.ros.trajectory_execution_manager]: Validating trajectory with allowed_start_tolerance 0.01
[move_group-8] [INFO] [1787663706.818969167] [move_group.moveit.moveit.ros.trajectory_execution_manager]: Starting trajectory execution ...
[move_group-8] [INFO] [1787663706.819127681] [move_group.moveit.moveit.plugins.simple_controller_manager]: Returned 2 controllers in list
[move_group-8] [INFO] [1787663706.819174804] [move_group.moveit.moveit.plugins.simple_controller_manager]: Returned 2 controllers in list
[move_group-8] [INFO] [1787663706.819291436] [moveit.simple_controller_manager.follow_joint_trajectory_controller_handle]: sending trajectory to joint_trajectory_controller
[gazebo-2] [INFO] [1787663706.819636059] [joint_trajectory_controller]: Received new action goal
[gazebo-2] [INFO] [1787663706.819672822] [joint_trajectory_controller]: Accepted new action goal
[move_group-8] [INFO] [1787663706.822642860] [moveit.simple_controller_manager.follow_joint_trajectory_controller_handle]: joint_trajectory_controller started execution
[move_group-8] [INFO] [1787663706.822730606] [moveit.simple_controller_manager.follow_joint_trajectory_controller_handle]: Goal request accepted!
[gazebo-2] [INFO] [1787663711.490831944] [joint_trajectory_controller]: Goal reached, success!
[move_group-8] [INFO] [1787663711.520153606] [moveit.simple_controller_manager.follow_joint_trajectory_controller_handle]: Controller 'joint_trajectory_controller' successfully finished
[move_group-8] [INFO] [1787663711.591573704] [move_group.moveit.moveit.ros.trajectory_execution_manager]: Completed trajectory execution with status SUCCEEDED ...
[move_group-8] [INFO] [1787663711.599180738] [move_group.moveit.moveit.ros.move_group.move_action]: Solution was found and executed.
[move_group-8] [INFO] [1787663712.270908181] [move_group.moveit.moveit.ros.move_group.move_action]: MoveGroupMoveAction: Received request
[move_group-8] [INFO] [1787663712.271259582] [move_group.moveit.moveit.ros.move_group.move_action]: executing..
[move_group-8] [INFO] [1787663712.278635520] [move_group.moveit.moveit.ros.move_group.move_action]: Combined planning and execution request received for MoveGroup action. Forwarding to planning and execution pipeline.
[move_group-8] [WARN] [1787663712.278713048] [move_group.moveit.moveit.ros.move_group.capability]: Execution of motions should always start at the robot's current state. Ignoring the state supplied as start state in the motion planning request
[move_group-8] [WARN] [1787663712.278744725] [move_group.moveit.moveit.ros.move_group.capability]: Execution of motions should always start at the robot's current state. Ignoring the state supplied as difference in the planning scene diff
[move_group-8] [INFO] [1787663712.278760426] [move_group.moveit.moveit.ros.plan_execution]: Planning attempt 1 of at most 1
[move_group-8] [INFO] [1787663712.278940132] [move_group]: Calling PlanningRequestAdapter 'CheckStartStateBounds'
[move_group-8] [INFO] [1787663712.279088437] [move_group]: Calling PlanningRequestAdapter 'CheckStartStateCollision'
[move_group-8] [INFO] [1787663712.279153309] [move_group]: Calling PlanningRequestAdapter 'ResolveConstraintFrames'
[move_group-8] [INFO] [1787663712.279172542] [move_group]: Calling PlanningRequestAdapter 'ValidateWorkspaceBounds'
[move_group-8] [INFO] [1787663712.279585311] [move_group.moveit.moveit.planners.ompl.model_based_planning_context]: Planner configuration 'ar_manipulator' will use planner 'geometric::RRTConnect'. Additional configuration parameters will be set when the planner is constructed.
[move_group-8] [INFO] [1787663712.279668256] [move_group]: Calling Planner 'OMPL'
[move_group-8] [INFO] [1787663712.299677811] [move_group]: Calling PlanningResponseAdapter 'AddTimeOptimalParameterization'
[move_group-8] [WARN] [1787663712.299749250] [move_group.moveit.moveit.core.time_optimal_trajectory_generation]: Invalid max_velocity_scaling_factor 0.000000 specified, defaulting to 1.000000 instead.
[move_group-8] [WARN] [1787663712.299770883] [move_group.moveit.moveit.core.time_optimal_trajectory_generation]: Invalid max_acceleration_scaling_factor 0.000000 specified, defaulting to 1.000000 instead.
[move_group-8] [INFO] [1787663712.300554166] [move_group]: Calling PlanningResponseAdapter 'ValidateSolution'
[move_group-8] [WARN] [1787663712.300743346] [move_group.moveit.moveit.ros.planning_pipeline]: The planner plugin did not fill out the 'planner_id' field of the MotionPlanResponse. Setting it to the planner ID name of the MotionPlanRequest assuming that the planner plugin does warn you if it does not use the requested planner.
[move_group-8] [INFO] [1787663712.300935129] [move_group.moveit.moveit.plugins.simple_controller_manager]: Returned 2 controllers in list
[move_group-8] [INFO] [1787663712.300964921] [move_group.moveit.moveit.plugins.simple_controller_manager]: Returned 2 controllers in list
[move_group-8] [INFO] [1787663712.301038476] [move_group.moveit.moveit.ros.trajectory_execution_manager]: Validating trajectory with allowed_start_tolerance 0.01
[move_group-8] [INFO] [1787663712.350630200] [move_group.moveit.moveit.ros.trajectory_execution_manager]: Starting trajectory execution ...
[move_group-8] [INFO] [1787663712.350711811] [move_group.moveit.moveit.plugins.simple_controller_manager]: Returned 2 controllers in list
[move_group-8] [INFO] [1787663712.350744804] [move_group.moveit.moveit.plugins.simple_controller_manager]: Returned 2 controllers in list
[move_group-8] [INFO] [1787663712.350852740] [moveit.simple_controller_manager.follow_joint_trajectory_controller_handle]: sending trajectory to joint_trajectory_controller
[gazebo-2] [INFO] [1787663712.351308559] [joint_trajectory_controller]: Received new action goal
[gazebo-2] [INFO] [1787663712.351343768] [joint_trajectory_controller]: Accepted new action goal
[move_group-8] [INFO] [1787663712.351521160] [moveit.simple_controller_manager.follow_joint_trajectory_controller_handle]: joint_trajectory_controller started execution
[move_group-8] [INFO] [1787663712.351562264] [moveit.simple_controller_manager.follow_joint_trajectory_controller_handle]: Goal request accepted!
[gazebo-2] [INFO] [1787663715.188676741] [joint_trajectory_controller]: Goal reached, success!
[move_group-8] [INFO] [1787663715.201913211] [moveit.simple_controller_manager.follow_joint_trajectory_controller_handle]: Controller 'joint_trajectory_controller' successfully finished
[move_group-8] [INFO] [1787663715.257488643] [move_group.moveit.moveit.ros.trajectory_execution_manager]: Completed trajectory execution with status SUCCEEDED ...
[move_group-8] [INFO] [1787663715.260747702] [move_group.moveit.moveit.ros.move_group.move_action]: Solution was found and executed.
[move_group-8] [INFO] [1787663716.028694150] [move_group.moveit.moveit.ros.move_group.move_action]: MoveGroupMoveAction: Received request
[move_group-8] [INFO] [1787663716.029290557] [move_group.moveit.moveit.ros.move_group.move_action]: executing..
[move_group-8] [INFO] [1787663716.050035806] [move_group.moveit.moveit.ros.move_group.move_action]: Combined planning and execution request received for MoveGroup action. Forwarding to planning and execution pipeline.
[move_group-8] [WARN] [1787663716.050129458] [move_group.moveit.moveit.ros.move_group.capability]: Execution of motions should always start at the robot's current state. Ignoring the state supplied as start state in the motion planning request
[move_group-8] [WARN] [1787663716.050158081] [move_group.moveit.moveit.ros.move_group.capability]: Execution of motions should always start at the robot's current state. Ignoring the state supplied as difference in the planning scene diff
[move_group-8] [INFO] [1787663716.050186594] [move_group.moveit.moveit.ros.plan_execution]: Planning attempt 1 of at most 1
[move_group-8] [INFO] [1787663716.050351290] [move_group]: Calling PlanningRequestAdapter 'CheckStartStateBounds'
[move_group-8] [INFO] [1787663716.050389930] [move_group]: Calling PlanningRequestAdapter 'CheckStartStateCollision'
[move_group-8] [INFO] [1787663716.050438006] [move_group]: Calling PlanningRequestAdapter 'ResolveConstraintFrames'
[move_group-8] [INFO] [1787663716.050453882] [move_group]: Calling PlanningRequestAdapter 'ValidateWorkspaceBounds'
[move_group-8] [INFO] [1787663716.050750299] [move_group.moveit.moveit.planners.ompl.model_based_planning_context]: Planner configuration 'ar_manipulator' will use planner 'geometric::RRTConnect'. Additional configuration parameters will be set when the planner is constructed.
[move_group-8] [INFO] [1787663716.050828701] [move_group]: Calling Planner 'OMPL'
[move_group-8] [INFO] [1787663716.086618957] [move_group]: Calling PlanningResponseAdapter 'AddTimeOptimalParameterization'
[move_group-8] [WARN] [1787663716.086690176] [move_group.moveit.moveit.core.time_optimal_trajectory_generation]: Invalid max_velocity_scaling_factor 0.000000 specified, defaulting to 1.000000 instead.
[move_group-8] [WARN] [1787663716.086716390] [move_group.moveit.moveit.core.time_optimal_trajectory_generation]: Invalid max_acceleration_scaling_factor 0.000000 specified, defaulting to 1.000000 instead.
[move_group-8] [INFO] [1787663716.097694907] [move_group]: Calling PlanningResponseAdapter 'ValidateSolution'
[move_group-8] [WARN] [1787663716.098440184] [move_group.moveit.moveit.ros.planning_pipeline]: The planner plugin did not fill out the 'planner_id' field of the MotionPlanResponse. Setting it to the planner ID name of the MotionPlanRequest assuming that the planner plugin does warn you if it does not use the requested planner.
[move_group-8] [INFO] [1787663716.098617048] [move_group.moveit.moveit.plugins.simple_controller_manager]: Returned 2 controllers in list
[move_group-8] [INFO] [1787663716.099249958] [move_group.moveit.moveit.plugins.simple_controller_manager]: Returned 2 controllers in list
[move_group-8] [INFO] [1787663716.099401545] [move_group.moveit.moveit.ros.trajectory_execution_manager]: Validating trajectory with allowed_start_tolerance 0.01
[move_group-8] [INFO] [1787663716.107468387] [move_group.moveit.moveit.ros.trajectory_execution_manager]: Starting trajectory execution ...
[move_group-8] [INFO] [1787663716.107594424] [move_group.moveit.moveit.plugins.simple_controller_manager]: Returned 2 controllers in list
[move_group-8] [INFO] [1787663716.107637414] [move_group.moveit.moveit.plugins.simple_controller_manager]: Returned 2 controllers in list
[move_group-8] [INFO] [1787663716.107758402] [moveit.simple_controller_manager.follow_joint_trajectory_controller_handle]: sending trajectory to joint_trajectory_controller
[move_group-8] [INFO] [1787663716.108670578] [moveit.simple_controller_manager.follow_joint_trajectory_controller_handle]: joint_trajectory_controller started execution
[move_group-8] [INFO] [1787663716.108684329] [moveit.simple_controller_manager.follow_joint_trajectory_controller_handle]: Goal request accepted!
[gazebo-2] [INFO] [1787663716.108435888] [joint_trajectory_controller]: Received new action goal
[gazebo-2] [INFO] [1787663716.108485804] [joint_trajectory_controller]: Accepted new action goal
[gazebo-2] [INFO] [1787663724.703842316] [joint_trajectory_controller]: Goal reached, success!
[move_group-8] [INFO] [1787663724.709374503] [moveit.simple_controller_manager.follow_joint_trajectory_controller_handle]: Controller 'joint_trajectory_controller' successfully finished
[move_group-8] [INFO] [1787663724.779760142] [move_group.moveit.moveit.ros.trajectory_execution_manager]: Completed trajectory execution with status SUCCEEDED ...
[move_group-8] [INFO] [1787663724.787982128] [move_group.moveit.moveit.ros.move_group.move_action]: Solution was found and executed.
[move_group-8] [INFO] [1787663725.477787666] [move_group.moveit.moveit.ros.move_group.move_action]: MoveGroupMoveAction: Received request
[move_group-8] [INFO] [1787663725.478043852] [move_group.moveit.moveit.ros.move_group.move_action]: executing..
[move_group-8] [INFO] [1787663725.508912180] [move_group.moveit.moveit.ros.move_group.move_action]: Combined planning and execution request received for MoveGroup action. Forwarding to planning and execution pipeline.
[move_group-8] [WARN] [1787663725.509001531] [move_group.moveit.moveit.ros.move_group.capability]: Execution of motions should always start at the robot's current state. Ignoring the state supplied as start state in the motion planning request
[move_group-8] [WARN] [1787663725.509022104] [move_group.moveit.moveit.ros.move_group.capability]: Execution of motions should always start at the robot's current state. Ignoring the state supplied as difference in the planning scene diff
[move_group-8] [INFO] [1787663725.509033516] [move_group.moveit.moveit.ros.plan_execution]: Planning attempt 1 of at most 1
[move_group-8] [INFO] [1787663725.509193606] [move_group]: Calling PlanningRequestAdapter 'CheckStartStateBounds'
[move_group-8] [INFO] [1787663725.509232621] [move_group]: Calling PlanningRequestAdapter 'CheckStartStateCollision'
[move_group-8] [INFO] [1787663725.509298203] [move_group]: Calling PlanningRequestAdapter 'ResolveConstraintFrames'
[move_group-8] [INFO] [1787663725.509320217] [move_group]: Calling PlanningRequestAdapter 'ValidateWorkspaceBounds'
[move_group-8] [INFO] [1787663725.509653024] [move_group.moveit.moveit.planners.ompl.model_based_planning_context]: Planner configuration 'ar_manipulator' will use planner 'geometric::RRTConnect'. Additional configuration parameters will be set when the planner is constructed.
[move_group-8] [INFO] [1787663725.509743590] [move_group]: Calling Planner 'OMPL'
[move_group-8] [INFO] [1787663725.544595306] [move_group]: Calling PlanningResponseAdapter 'AddTimeOptimalParameterization'
[move_group-8] [WARN] [1787663725.544655777] [move_group.moveit.moveit.core.time_optimal_trajectory_generation]: Invalid max_velocity_scaling_factor 0.000000 specified, defaulting to 1.000000 instead.
[move_group-8] [WARN] [1787663725.544674478] [move_group.moveit.moveit.core.time_optimal_trajectory_generation]: Invalid max_acceleration_scaling_factor 0.000000 specified, defaulting to 1.000000 instead.
[move_group-8] [INFO] [1787663725.548365143] [move_group]: Calling PlanningResponseAdapter 'ValidateSolution'
[move_group-8] [WARN] [1787663725.548857697] [move_group.moveit.moveit.ros.planning_pipeline]: The planner plugin did not fill out the 'planner_id' field of the MotionPlanResponse. Setting it to the planner ID name of the MotionPlanRequest assuming that the planner plugin does warn you if it does not use the requested planner.
[move_group-8] [INFO] [1787663725.548968594] [move_group.moveit.moveit.plugins.simple_controller_manager]: Returned 2 controllers in list
[move_group-8] [INFO] [1787663725.548994397] [move_group.moveit.moveit.plugins.simple_controller_manager]: Returned 2 controllers in list
[move_group-8] [INFO] [1787663725.549061752] [move_group.moveit.moveit.ros.trajectory_execution_manager]: Validating trajectory with allowed_start_tolerance 0.01
[move_group-8] [INFO] [1787663725.552056896] [move_group.moveit.moveit.ros.trajectory_execution_manager]: Starting trajectory execution ...
[move_group-8] [INFO] [1787663725.552136176] [move_group.moveit.moveit.plugins.simple_controller_manager]: Returned 2 controllers in list
[move_group-8] [INFO] [1787663725.552452725] [move_group.moveit.moveit.plugins.simple_controller_manager]: Returned 2 controllers in list
[move_group-8] [INFO] [1787663725.552873465] [moveit.simple_controller_manager.follow_joint_trajectory_controller_handle]: sending trajectory to joint_trajectory_controller
[gazebo-2] [INFO] [1787663725.553303233] [joint_trajectory_controller]: Received new action goal
[gazebo-2] [INFO] [1787663725.554329682] [joint_trajectory_controller]: Accepted new action goal
[move_group-8] [INFO] [1787663725.554522801] [moveit.simple_controller_manager.follow_joint_trajectory_controller_handle]: joint_trajectory_controller started execution
[move_group-8] [INFO] [1787663725.554561132] [moveit.simple_controller_manager.follow_joint_trajectory_controller_handle]: Goal request accepted!
[gazebo-2] [INFO] [1787663732.515061155] [joint_trajectory_controller]: Goal reached, success!
[move_group-8] [INFO] [1787663732.555411341] [moveit.simple_controller_manager.follow_joint_trajectory_controller_handle]: Controller 'joint_trajectory_controller' successfully finished
[move_group-8] [INFO] [1787663732.618803712] [move_group.moveit.moveit.ros.trajectory_execution_manager]: Completed trajectory execution with status SUCCEEDED ...
[move_group-8] [INFO] [1787663732.622353592] [move_group.moveit.moveit.ros.move_group.move_action]: Solution was found and executed.
[move_group-8] [INFO] [1787663733.309911935] [move_group.moveit.moveit.ros.move_group.move_action]: MoveGroupMoveAction: Received request
[move_group-8] [INFO] [1787663733.310113357] [move_group.moveit.moveit.ros.move_group.move_action]: executing..
[move_group-8] [INFO] [1787663733.316388029] [move_group.moveit.moveit.ros.move_group.move_action]: Combined planning and execution request received for MoveGroup action. Forwarding to planning and execution pipeline.
[move_group-8] [WARN] [1787663733.316474302] [move_group.moveit.moveit.ros.move_group.capability]: Execution of motions should always start at the robot's current state. Ignoring the state supplied as start state in the motion planning request
[move_group-8] [WARN] [1787663733.316495191] [move_group.moveit.moveit.ros.move_group.capability]: Execution of motions should always start at the robot's current state. Ignoring the state supplied as difference in the planning scene diff
[move_group-8] [INFO] [1787663733.316505775] [move_group.moveit.moveit.ros.plan_execution]: Planning attempt 1 of at most 1
[move_group-8] [INFO] [1787663733.316658476] [move_group]: Calling PlanningRequestAdapter 'CheckStartStateBounds'
[move_group-8] [INFO] [1787663733.316725530] [move_group]: Calling PlanningRequestAdapter 'CheckStartStateCollision'
[move_group-8] [INFO] [1787663733.316793128] [move_group]: Calling PlanningRequestAdapter 'ResolveConstraintFrames'
[move_group-8] [INFO] [1787663733.316818525] [move_group]: Calling PlanningRequestAdapter 'ValidateWorkspaceBounds'
[move_group-8] [INFO] [1787663733.317113011] [move_group.moveit.moveit.planners.ompl.model_based_planning_context]: Planner configuration 'ar_manipulator' will use planner 'geometric::RRTConnect'. Additional configuration parameters will be set when the planner is constructed.
[move_group-8] [INFO] [1787663733.317211694] [move_group]: Calling Planner 'OMPL'
[move_group-8] [INFO] [1787663733.335918141] [move_group]: Calling PlanningResponseAdapter 'AddTimeOptimalParameterization'
[move_group-8] [WARN] [1787663733.336000805] [move_group.moveit.moveit.core.time_optimal_trajectory_generation]: Invalid max_velocity_scaling_factor 0.000000 specified, defaulting to 1.000000 instead.
[move_group-8] [WARN] [1787663733.336021297] [move_group.moveit.moveit.core.time_optimal_trajectory_generation]: Invalid max_acceleration_scaling_factor 0.000000 specified, defaulting to 1.000000 instead.
[move_group-8] [INFO] [1787663733.337610480] [move_group]: Calling PlanningResponseAdapter 'ValidateSolution'
[move_group-8] [WARN] [1787663733.338069775] [move_group.moveit.moveit.ros.planning_pipeline]: The planner plugin did not fill out the 'planner_id' field of the MotionPlanResponse. Setting it to the planner ID name of the MotionPlanRequest assuming that the planner plugin does warn you if it does not use the requested planner.
[move_group-8] [INFO] [1787663733.338389663] [move_group.moveit.moveit.plugins.simple_controller_manager]: Returned 2 controllers in list
[move_group-8] [INFO] [1787663733.338420362] [move_group.moveit.moveit.plugins.simple_controller_manager]: Returned 2 controllers in list
[move_group-8] [INFO] [1787663733.338733252] [move_group.moveit.moveit.ros.trajectory_execution_manager]: Validating trajectory with allowed_start_tolerance 0.01
[move_group-8] [INFO] [1787663733.341677619] [move_group.moveit.moveit.ros.trajectory_execution_manager]: Starting trajectory execution ...
[move_group-8] [INFO] [1787663733.341760490] [move_group.moveit.moveit.plugins.simple_controller_manager]: Returned 2 controllers in list
[move_group-8] [INFO] [1787663733.341796823] [move_group.moveit.moveit.plugins.simple_controller_manager]: Returned 2 controllers in list
[move_group-8] [INFO] [1787663733.341924594] [moveit.simple_controller_manager.follow_joint_trajectory_controller_handle]: sending trajectory to joint_trajectory_controller
[gazebo-2] [INFO] [1787663733.342241282] [joint_trajectory_controller]: Received new action goal
[gazebo-2] [INFO] [1787663733.342277147] [joint_trajectory_controller]: Accepted new action goal
[move_group-8] [INFO] [1787663733.343168837] [moveit.simple_controller_manager.follow_joint_trajectory_controller_handle]: joint_trajectory_controller started execution
[move_group-8] [INFO] [1787663733.343234914] [moveit.simple_controller_manager.follow_joint_trajectory_controller_handle]: Goal request accepted!
[gazebo-2] [INFO] [1787663740.495883274] [joint_trajectory_controller]: Goal reached, success!
[move_group-8] [INFO] [1787663740.509563721] [moveit.simple_controller_manager.follow_joint_trajectory_controller_handle]: Controller 'joint_trajectory_controller' successfully finished
[move_group-8] [INFO] [1787663740.570910358] [move_group.moveit.moveit.ros.trajectory_execution_manager]: Completed trajectory execution with status SUCCEEDED ...
[move_group-8] [INFO] [1787663740.578526067] [move_group.moveit.moveit.ros.move_group.move_action]: Solution was found and executed.
[move_group-8] [INFO] [1787663741.337406165] [move_group.moveit.moveit.ros.move_group.move_action]: MoveGroupMoveAction: Received request
[move_group-8] [INFO] [1787663741.337717896] [move_group.moveit.moveit.ros.move_group.move_action]: executing..
[move_group-8] [INFO] [1787663741.372313252] [move_group.moveit.moveit.ros.move_group.move_action]: Combined planning and execution request received for MoveGroup action. Forwarding to planning and execution pipeline.
[move_group-8] [WARN] [1787663741.372401772] [move_group.moveit.moveit.ros.move_group.capability]: Execution of motions should always start at the robot's current state. Ignoring the state supplied as start state in the motion planning request
[move_group-8] [WARN] [1787663741.372425132] [move_group.moveit.moveit.ros.move_group.capability]: Execution of motions should always start at the robot's current state. Ignoring the state supplied as difference in the planning scene diff
[move_group-8] [INFO] [1787663741.372437310] [move_group.moveit.moveit.ros.plan_execution]: Planning attempt 1 of at most 1
[move_group-8] [INFO] [1787663741.372567840] [move_group]: Calling PlanningRequestAdapter 'CheckStartStateBounds'
[move_group-8] [INFO] [1787663741.372610588] [move_group]: Calling PlanningRequestAdapter 'CheckStartStateCollision'
[move_group-8] [INFO] [1787663741.372684477] [move_group]: Calling PlanningRequestAdapter 'ResolveConstraintFrames'
[move_group-8] [INFO] [1787663741.372706694] [move_group]: Calling PlanningRequestAdapter 'ValidateWorkspaceBounds'
[move_group-8] [INFO] [1787663741.373054061] [move_group.moveit.moveit.planners.ompl.model_based_planning_context]: Planner configuration 'ar_manipulator' will use planner 'geometric::RRTConnect'. Additional configuration parameters will be set when the planner is constructed.
[move_group-8] [INFO] [1787663741.373136109] [move_group]: Calling Planner 'OMPL'
[move_group-8] [INFO] [1787663741.421769012] [move_group]: Calling PlanningResponseAdapter 'AddTimeOptimalParameterization'
[move_group-8] [WARN] [1787663741.421836301] [move_group.moveit.moveit.core.time_optimal_trajectory_generation]: Invalid max_velocity_scaling_factor 0.000000 specified, defaulting to 1.000000 instead.
[move_group-8] [WARN] [1787663741.421858122] [move_group.moveit.moveit.core.time_optimal_trajectory_generation]: Invalid max_acceleration_scaling_factor 0.000000 specified, defaulting to 1.000000 instead.
[move_group-8] [INFO] [1787663741.423919689] [move_group]: Calling PlanningResponseAdapter 'ValidateSolution'
[move_group-8] [WARN] [1787663741.424485206] [move_group.moveit.moveit.ros.planning_pipeline]: The planner plugin did not fill out the 'planner_id' field of the MotionPlanResponse. Setting it to the planner ID name of the MotionPlanRequest assuming that the planner plugin does warn you if it does not use the requested planner.
[move_group-8] [INFO] [1787663741.424711515] [move_group.moveit.moveit.plugins.simple_controller_manager]: Returned 2 controllers in list
[move_group-8] [INFO] [1787663741.424765574] [move_group.moveit.moveit.plugins.simple_controller_manager]: Returned 2 controllers in list
[move_group-8] [INFO] [1787663741.425277598] [move_group.moveit.moveit.ros.trajectory_execution_manager]: Validating trajectory with allowed_start_tolerance 0.01
[move_group-8] [INFO] [1787663741.455042269] [move_group.moveit.moveit.ros.trajectory_execution_manager]: Starting trajectory execution ...
[move_group-8] [INFO] [1787663741.455205351] [move_group.moveit.moveit.plugins.simple_controller_manager]: Returned 2 controllers in list
[move_group-8] [INFO] [1787663741.455258617] [move_group.moveit.moveit.plugins.simple_controller_manager]: Returned 2 controllers in list
[move_group-8] [INFO] [1787663741.455437896] [moveit.simple_controller_manager.follow_joint_trajectory_controller_handle]: sending trajectory to joint_trajectory_controller
[gazebo-2] [INFO] [1787663741.455885430] [joint_trajectory_controller]: Received new action goal
[gazebo-2] [INFO] [1787663741.455933285] [joint_trajectory_controller]: Accepted new action goal
[move_group-8] [INFO] [1787663741.456156012] [moveit.simple_controller_manager.follow_joint_trajectory_controller_handle]: joint_trajectory_controller started execution
[move_group-8] [INFO] [1787663741.456209196] [moveit.simple_controller_manager.follow_joint_trajectory_controller_handle]: Goal request accepted!
[gazebo-2] [INFO] [1787663745.315218860] [joint_trajectory_controller]: Goal reached, success!
[move_group-8] [INFO] [1787663745.356996748] [moveit.simple_controller_manager.follow_joint_trajectory_controller_handle]: Controller 'joint_trajectory_controller' successfully finished
[move_group-8] [INFO] [1787663745.374681094] [move_group.moveit.moveit.ros.trajectory_execution_manager]: Completed trajectory execution with status SUCCEEDED ...
[move_group-8] [INFO] [1787663745.376971786] [move_group.moveit.moveit.ros.move_group.move_action]: Solution was found and executed.
[move_group-8] [INFO] [1787663746.102030250] [move_group.moveit.moveit.ros.move_group.move_action]: MoveGroupMoveAction: Received request
[move_group-8] [INFO] [1787663746.102307411] [move_group.moveit.moveit.ros.move_group.move_action]: executing..
[move_group-8] [INFO] [1787663746.120199712] [move_group.moveit.moveit.ros.move_group.move_action]: Combined planning and execution request received for MoveGroup action. Forwarding to planning and execution pipeline.
[move_group-8] [WARN] [1787663746.120284745] [move_group.moveit.moveit.ros.move_group.capability]: Execution of motions should always start at the robot's current state. Ignoring the state supplied as start state in the motion planning request
[move_group-8] [WARN] [1787663746.120305955] [move_group.moveit.moveit.ros.move_group.capability]: Execution of motions should always start at the robot's current state. Ignoring the state supplied as difference in the planning scene diff
[move_group-8] [INFO] [1787663746.120317962] [move_group.moveit.moveit.ros.plan_execution]: Planning attempt 1 of at most 1
[move_group-8] [INFO] [1787663746.120512536] [move_group]: Calling PlanningRequestAdapter 'CheckStartStateBounds'
[move_group-8] [INFO] [1787663746.120559700] [move_group]: Calling PlanningRequestAdapter 'CheckStartStateCollision'
[move_group-8] [INFO] [1787663746.120629989] [move_group]: Calling PlanningRequestAdapter 'ResolveConstraintFrames'
[move_group-8] [INFO] [1787663746.120647206] [move_group]: Calling PlanningRequestAdapter 'ValidateWorkspaceBounds'
[move_group-8] [INFO] [1787663746.121007405] [move_group.moveit.moveit.planners.ompl.model_based_planning_context]: Planner configuration 'ar_manipulator' will use planner 'geometric::RRTConnect'. Additional configuration parameters will be set when the planner is constructed.
[move_group-8] [INFO] [1787663746.121091385] [move_group]: Calling Planner 'OMPL'
[move_group-8] [INFO] [1787663746.144204901] [move_group]: Calling PlanningResponseAdapter 'AddTimeOptimalParameterization'
[move_group-8] [WARN] [1787663746.144270564] [move_group.moveit.moveit.core.time_optimal_trajectory_generation]: Invalid max_velocity_scaling_factor 0.000000 specified, defaulting to 1.000000 instead.
[move_group-8] [WARN] [1787663746.144289641] [move_group.moveit.moveit.core.time_optimal_trajectory_generation]: Invalid max_acceleration_scaling_factor 0.000000 specified, defaulting to 1.000000 instead.
[move_group-8] [INFO] [1787663746.145405541] [move_group]: Calling PlanningResponseAdapter 'ValidateSolution'
[move_group-8] [WARN] [1787663746.145695433] [move_group.moveit.moveit.ros.planning_pipeline]: The planner plugin did not fill out the 'planner_id' field of the MotionPlanResponse. Setting it to the planner ID name of the MotionPlanRequest assuming that the planner plugin does warn you if it does not use the requested planner.
[move_group-8] [INFO] [1787663746.145803169] [move_group.moveit.moveit.plugins.simple_controller_manager]: Returned 2 controllers in list
[move_group-8] [INFO] [1787663746.145825854] [move_group.moveit.moveit.plugins.simple_controller_manager]: Returned 2 controllers in list
[move_group-8] [INFO] [1787663746.145895840] [move_group.moveit.moveit.ros.trajectory_execution_manager]: Validating trajectory with allowed_start_tolerance 0.01
[move_group-8] [INFO] [1787663746.158734540] [move_group.moveit.moveit.ros.trajectory_execution_manager]: Starting trajectory execution ...
[move_group-8] [INFO] [1787663746.158815104] [move_group.moveit.moveit.plugins.simple_controller_manager]: Returned 2 controllers in list
[move_group-8] [INFO] [1787663746.158853449] [move_group.moveit.moveit.plugins.simple_controller_manager]: Returned 2 controllers in list
[move_group-8] [INFO] [1787663746.158963750] [moveit.simple_controller_manager.follow_joint_trajectory_controller_handle]: sending trajectory to joint_trajectory_controller
[gazebo-2] [INFO] [1787663746.159489930] [joint_trajectory_controller]: Received new action goal
[gazebo-2] [INFO] [1787663746.159543945] [joint_trajectory_controller]: Accepted new action goal
[move_group-8] [INFO] [1787663746.161016270] [moveit.simple_controller_manager.follow_joint_trajectory_controller_handle]: joint_trajectory_controller started execution
[move_group-8] [INFO] [1787663746.161074388] [moveit.simple_controller_manager.follow_joint_trajectory_controller_handle]: Goal request accepted!
[gazebo-2] [INFO] [1787663750.035526229] [joint_trajectory_controller]: Goal reached, success!
[move_group-8] [INFO] [1787663750.061339192] [moveit.simple_controller_manager.follow_joint_trajectory_controller_handle]: Controller 'joint_trajectory_controller' successfully finished
[move_group-8] [INFO] [1787663750.090264047] [move_group.moveit.moveit.ros.trajectory_execution_manager]: Completed trajectory execution with status SUCCEEDED ...
[move_group-8] [INFO] [1787663750.098910549] [move_group.moveit.moveit.ros.move_group.move_action]: Solution was found and executed.
[move_group-8] [INFO] [1787663750.810021842] [move_group.moveit.moveit.ros.move_group.move_action]: MoveGroupMoveAction: Received request
[move_group-8] [INFO] [1787663750.810325100] [move_group.moveit.moveit.ros.move_group.move_action]: executing..
[move_group-8] [INFO] [1787663750.815132089] [move_group.moveit.moveit.ros.move_group.move_action]: Combined planning and execution request received for MoveGroup action. Forwarding to planning and execution pipeline.
[move_group-8] [WARN] [1787663750.815212324] [move_group.moveit.moveit.ros.move_group.capability]: Execution of motions should always start at the robot's current state. Ignoring the state supplied as start state in the motion planning request
[move_group-8] [WARN] [1787663750.815234761] [move_group.moveit.moveit.ros.move_group.capability]: Execution of motions should always start at the robot's current state. Ignoring the state supplied as difference in the planning scene diff
[move_group-8] [INFO] [1787663750.815247656] [move_group.moveit.moveit.ros.plan_execution]: Planning attempt 1 of at most 1
[move_group-8] [INFO] [1787663750.815393380] [move_group]: Calling PlanningRequestAdapter 'CheckStartStateBounds'
[move_group-8] [INFO] [1787663750.815428739] [move_group]: Calling PlanningRequestAdapter 'CheckStartStateCollision'
[move_group-8] [INFO] [1787663750.815478624] [move_group]: Calling PlanningRequestAdapter 'ResolveConstraintFrames'
[move_group-8] [INFO] [1787663750.815492938] [move_group]: Calling PlanningRequestAdapter 'ValidateWorkspaceBounds'
[move_group-8] [INFO] [1787663750.815804562] [move_group.moveit.moveit.planners.ompl.model_based_planning_context]: Planner configuration 'ar_manipulator' will use planner 'geometric::RRTConnect'. Additional configuration parameters will be set when the planner is constructed.
[move_group-8] [INFO] [1787663750.815887654] [move_group]: Calling Planner 'OMPL'
[move_group-8] [INFO] [1787663750.842617822] [move_group]: Calling PlanningResponseAdapter 'AddTimeOptimalParameterization'
[move_group-8] [WARN] [1787663750.842682341] [move_group.moveit.moveit.core.time_optimal_trajectory_generation]: Invalid max_velocity_scaling_factor 0.000000 specified, defaulting to 1.000000 instead.
[move_group-8] [WARN] [1787663750.842702498] [move_group.moveit.moveit.core.time_optimal_trajectory_generation]: Invalid max_acceleration_scaling_factor 0.000000 specified, defaulting to 1.000000 instead.
[move_group-8] [INFO] [1787663750.844808740] [move_group]: Calling PlanningResponseAdapter 'ValidateSolution'
[move_group-8] [WARN] [1787663750.845171183] [move_group.moveit.moveit.ros.planning_pipeline]: The planner plugin did not fill out the 'planner_id' field of the MotionPlanResponse. Setting it to the planner ID name of the MotionPlanRequest assuming that the planner plugin does warn you if it does not use the requested planner.
[move_group-8] [INFO] [1787663750.845331679] [move_group.moveit.moveit.plugins.simple_controller_manager]: Returned 2 controllers in list
[move_group-8] [INFO] [1787663750.845357487] [move_group.moveit.moveit.plugins.simple_controller_manager]: Returned 2 controllers in list
[move_group-8] [INFO] [1787663750.845436366] [move_group.moveit.moveit.ros.trajectory_execution_manager]: Validating trajectory with allowed_start_tolerance 0.01
[move_group-8] [INFO] [1787663750.848832294] [move_group.moveit.moveit.ros.trajectory_execution_manager]: Starting trajectory execution ...
[move_group-8] [INFO] [1787663750.848958585] [move_group.moveit.moveit.plugins.simple_controller_manager]: Returned 2 controllers in list
[move_group-8] [INFO] [1787663750.848998359] [move_group.moveit.moveit.plugins.simple_controller_manager]: Returned 2 controllers in list
[move_group-8] [INFO] [1787663750.849176228] [moveit.simple_controller_manager.follow_joint_trajectory_controller_handle]: sending trajectory to joint_trajectory_controller
[gazebo-2] [INFO] [1787663750.849918596] [joint_trajectory_controller]: Received new action goal
[gazebo-2] [INFO] [1787663750.849963434] [joint_trajectory_controller]: Accepted new action goal
[move_group-8] [INFO] [1787663750.850238265] [moveit.simple_controller_manager.follow_joint_trajectory_controller_handle]: joint_trajectory_controller started execution
[move_group-8] [INFO] [1787663750.850292399] [moveit.simple_controller_manager.follow_joint_trajectory_controller_handle]: Goal request accepted!
[gazebo-2] [INFO] [1787663756.453659147] [joint_trajectory_controller]: Goal reached, success!
[move_group-8] [INFO] [1787663756.501235458] [moveit.simple_controller_manager.follow_joint_trajectory_controller_handle]: Controller 'joint_trajectory_controller' successfully finished
[move_group-8] [INFO] [1787663756.510867919] [move_group.moveit.moveit.ros.trajectory_execution_manager]: Completed trajectory execution with status SUCCEEDED ...
[move_group-8] [INFO] [1787663756.518986935] [move_group.moveit.moveit.ros.move_group.move_action]: Solution was found and executed.
[move_group-8] [INFO] [1787663757.269919072] [move_group.moveit.moveit.ros.move_group.move_action]: MoveGroupMoveAction: Received request
[move_group-8] [INFO] [1787663757.270126299] [move_group.moveit.moveit.ros.move_group.move_action]: executing..
[move_group-8] [INFO] [1787663757.271740726] [move_group.moveit.moveit.ros.move_group.move_action]: Combined planning and execution request received for MoveGroup action. Forwarding to planning and execution pipeline.
[move_group-8] [WARN] [1787663757.271818323] [move_group.moveit.moveit.ros.move_group.capability]: Execution of motions should always start at the robot's current state. Ignoring the state supplied as start state in the motion planning request
[move_group-8] [WARN] [1787663757.271841516] [move_group.moveit.moveit.ros.move_group.capability]: Execution of motions should always start at the robot's current state. Ignoring the state supplied as difference in the planning scene diff
[move_group-8] [INFO] [1787663757.271854314] [move_group.moveit.moveit.ros.plan_execution]: Planning attempt 1 of at most 1
[move_group-8] [INFO] [1787663757.272009373] [move_group]: Calling PlanningRequestAdapter 'CheckStartStateBounds'
[move_group-8] [INFO] [1787663757.272048675] [move_group]: Calling PlanningRequestAdapter 'CheckStartStateCollision'
[move_group-8] [INFO] [1787663757.272106833] [move_group]: Calling PlanningRequestAdapter 'ResolveConstraintFrames'
[move_group-8] [INFO] [1787663757.272126740] [move_group]: Calling PlanningRequestAdapter 'ValidateWorkspaceBounds'
[move_group-8] [INFO] [1787663757.272431297] [move_group.moveit.moveit.planners.ompl.model_based_planning_context]: Planner configuration 'ar_manipulator' will use planner 'geometric::RRTConnect'. Additional configuration parameters will be set when the planner is constructed.
[move_group-8] [INFO] [1787663757.272517921] [move_group]: Calling Planner 'OMPL'
[move_group-8] [INFO] [1787663757.303975991] [move_group]: Calling PlanningResponseAdapter 'AddTimeOptimalParameterization'
[move_group-8] [WARN] [1787663757.304054038] [move_group.moveit.moveit.core.time_optimal_trajectory_generation]: Invalid max_velocity_scaling_factor 0.000000 specified, defaulting to 1.000000 instead.
[move_group-8] [WARN] [1787663757.304075692] [move_group.moveit.moveit.core.time_optimal_trajectory_generation]: Invalid max_acceleration_scaling_factor 0.000000 specified, defaulting to 1.000000 instead.
[move_group-8] [INFO] [1787663757.312597946] [move_group]: Calling PlanningResponseAdapter 'ValidateSolution'
[move_group-8] [WARN] [1787663757.313309261] [move_group.moveit.moveit.ros.planning_pipeline]: The planner plugin did not fill out the 'planner_id' field of the MotionPlanResponse. Setting it to the planner ID name of the MotionPlanRequest assuming that the planner plugin does warn you if it does not use the requested planner.
[move_group-8] [INFO] [1787663757.313523522] [move_group.moveit.moveit.plugins.simple_controller_manager]: Returned 2 controllers in list
[move_group-8] [INFO] [1787663757.313552636] [move_group.moveit.moveit.plugins.simple_controller_manager]: Returned 2 controllers in list
[move_group-8] [INFO] [1787663757.313653129] [move_group.moveit.moveit.ros.trajectory_execution_manager]: Validating trajectory with allowed_start_tolerance 0.01
[move_group-8] [INFO] [1787663757.325068347] [move_group.moveit.moveit.ros.trajectory_execution_manager]: Starting trajectory execution ...
[move_group-8] [INFO] [1787663757.325181440] [move_group.moveit.moveit.plugins.simple_controller_manager]: Returned 2 controllers in list
[move_group-8] [INFO] [1787663757.325225107] [move_group.moveit.moveit.plugins.simple_controller_manager]: Returned 2 controllers in list
[move_group-8] [INFO] [1787663757.325360573] [moveit.simple_controller_manager.follow_joint_trajectory_controller_handle]: sending trajectory to joint_trajectory_controller
[gazebo-2] [INFO] [1787663757.325724322] [joint_trajectory_controller]: Received new action goal
[gazebo-2] [INFO] [1787663757.325761069] [joint_trajectory_controller]: Accepted new action goal
[move_group-8] [INFO] [1787663757.325915160] [moveit.simple_controller_manager.follow_joint_trajectory_controller_handle]: joint_trajectory_controller started execution
[move_group-8] [INFO] [1787663757.325959232] [moveit.simple_controller_manager.follow_joint_trajectory_controller_handle]: Goal request accepted!
[gazebo-2] [INFO] [1787663767.528086688] [joint_trajectory_controller]: Goal reached, success!
[move_group-8] [INFO] [1787663767.576343504] [moveit.simple_controller_manager.follow_joint_trajectory_controller_handle]: Controller 'joint_trajectory_controller' successfully finished
[move_group-8] [INFO] [1787663767.637268016] [move_group.moveit.moveit.ros.trajectory_execution_manager]: Completed trajectory execution with status SUCCEEDED ...
[move_group-8] [INFO] [1787663767.645284269] [move_group.moveit.moveit.ros.move_group.move_action]: Solution was found and executed.
[move_group-8] [INFO] [1787663768.396531678] [move_group.moveit.moveit.ros.move_group.move_action]: MoveGroupMoveAction: Received request
[move_group-8] [INFO] [1787663768.396804802] [move_group.moveit.moveit.ros.move_group.move_action]: executing..
[move_group-8] [INFO] [1787663768.399848142] [move_group.moveit.moveit.ros.move_group.move_action]: Combined planning and execution request received for MoveGroup action. Forwarding to planning and execution pipeline.
[move_group-8] [WARN] [1787663768.399905318] [move_group.moveit.moveit.ros.move_group.capability]: Execution of motions should always start at the robot's current state. Ignoring the state supplied as start state in the motion planning request
[move_group-8] [WARN] [1787663768.399923201] [move_group.moveit.moveit.ros.move_group.capability]: Execution of motions should always start at the robot's current state. Ignoring the state supplied as difference in the planning scene diff
[move_group-8] [INFO] [1787663768.399932264] [move_group.moveit.moveit.ros.plan_execution]: Planning attempt 1 of at most 1
[move_group-8] [INFO] [1787663768.400041009] [move_group]: Calling PlanningRequestAdapter 'CheckStartStateBounds'
[move_group-8] [INFO] [1787663768.400101192] [move_group]: Calling PlanningRequestAdapter 'CheckStartStateCollision'
[move_group-8] [INFO] [1787663768.400147991] [move_group]: Calling PlanningRequestAdapter 'ResolveConstraintFrames'
[move_group-8] [INFO] [1787663768.400161086] [move_group]: Calling PlanningRequestAdapter 'ValidateWorkspaceBounds'
[move_group-8] [INFO] [1787663768.400441756] [move_group.moveit.moveit.planners.ompl.model_based_planning_context]: Planner configuration 'ar_manipulator' will use planner 'geometric::RRTConnect'. Additional configuration parameters will be set when the planner is constructed.
[move_group-8] [INFO] [1787663768.400531998] [move_group]: Calling Planner 'OMPL'
[move_group-8] [INFO] [1787663768.413125329] [move_group]: Calling PlanningResponseAdapter 'AddTimeOptimalParameterization'
[move_group-8] [WARN] [1787663768.413204150] [move_group.moveit.moveit.core.time_optimal_trajectory_generation]: Invalid max_velocity_scaling_factor 0.000000 specified, defaulting to 1.000000 instead.
[move_group-8] [WARN] [1787663768.413224670] [move_group.moveit.moveit.core.time_optimal_trajectory_generation]: Invalid max_acceleration_scaling_factor 0.000000 specified, defaulting to 1.000000 instead.
[move_group-8] [INFO] [1787663768.413992352] [move_group]: Calling PlanningResponseAdapter 'ValidateSolution'
[move_group-8] [WARN] [1787663768.414227546] [move_group.moveit.moveit.ros.planning_pipeline]: The planner plugin did not fill out the 'planner_id' field of the MotionPlanResponse. Setting it to the planner ID name of the MotionPlanRequest assuming that the planner plugin does warn you if it does not use the requested planner.
[move_group-8] [INFO] [1787663768.414383986] [move_group.moveit.moveit.plugins.simple_controller_manager]: Returned 2 controllers in list
[move_group-8] [INFO] [1787663768.414433611] [move_group.moveit.moveit.plugins.simple_controller_manager]: Returned 2 controllers in list
[move_group-8] [INFO] [1787663768.414503613] [move_group.moveit.moveit.ros.trajectory_execution_manager]: Validating trajectory with allowed_start_tolerance 0.01
[move_group-8] [INFO] [1787663768.442393207] [move_group.moveit.moveit.ros.trajectory_execution_manager]: Starting trajectory execution ...
[move_group-8] [INFO] [1787663768.442528664] [move_group.moveit.moveit.plugins.simple_controller_manager]: Returned 2 controllers in list
[move_group-8] [INFO] [1787663768.442568201] [move_group.moveit.moveit.plugins.simple_controller_manager]: Returned 2 controllers in list
[move_group-8] [INFO] [1787663768.442747784] [moveit.simple_controller_manager.follow_joint_trajectory_controller_handle]: sending trajectory to joint_trajectory_controller
[gazebo-2] [INFO] [1787663768.443865588] [joint_trajectory_controller]: Received new action goal
[gazebo-2] [INFO] [1787663768.443948234] [joint_trajectory_controller]: Accepted new action goal
[move_group-8] [INFO] [1787663768.444187182] [moveit.simple_controller_manager.follow_joint_trajectory_controller_handle]: joint_trajectory_controller started execution
[move_group-8] [INFO] [1787663768.444242027] [moveit.simple_controller_manager.follow_joint_trajectory_controller_handle]: Goal request accepted!
[gazebo-2] [INFO] [1787663771.559881692] [joint_trajectory_controller]: Goal reached, success!
[move_group-8] [INFO] [1787663771.594708864] [moveit.simple_controller_manager.follow_joint_trajectory_controller_handle]: Controller 'joint_trajectory_controller' successfully finished
[move_group-8] [INFO] [1787663771.619876175] [move_group.moveit.moveit.ros.trajectory_execution_manager]: Completed trajectory execution with status SUCCEEDED ...
[move_group-8] [INFO] [1787663771.622520358] [move_group.moveit.moveit.ros.move_group.move_action]: Solution was found and executed.
[move_group-8] [INFO] [1787663775.531519178] [move_group.moveit.moveit.ros.move_group.move_action]: MoveGroupMoveAction: Received request
[move_group-8] [INFO] [1787663775.531802617] [move_group.moveit.moveit.ros.move_group.move_action]: executing..
[move_group-8] [INFO] [1787663775.546959927] [move_group.moveit.moveit.ros.move_group.move_action]: Combined planning and execution request received for MoveGroup action. Forwarding to planning and execution pipeline.
[move_group-8] [WARN] [1787663775.547026671] [move_group.moveit.moveit.ros.move_group.capability]: Execution of motions should always start at the robot's current state. Ignoring the state supplied as start state in the motion planning request
[move_group-8] [WARN] [1787663775.547040543] [move_group.moveit.moveit.ros.move_group.capability]: Execution of motions should always start at the robot's current state. Ignoring the state supplied as difference in the planning scene diff
[move_group-8] [INFO] [1787663775.547048332] [move_group.moveit.moveit.ros.plan_execution]: Planning attempt 1 of at most 1
[move_group-8] [INFO] [1787663775.547177469] [move_group]: Calling PlanningRequestAdapter 'CheckStartStateBounds'
[move_group-8] [INFO] [1787663775.547213214] [move_group]: Calling PlanningRequestAdapter 'CheckStartStateCollision'
[move_group-8] [INFO] [1787663775.547266464] [move_group]: Calling PlanningRequestAdapter 'ResolveConstraintFrames'
[move_group-8] [INFO] [1787663775.547282244] [move_group]: Calling PlanningRequestAdapter 'ValidateWorkspaceBounds'
[move_group-8] [INFO] [1787663775.547495841] [move_group.moveit.moveit.planners.ompl.model_based_planning_context]: Planner configuration 'ar_manipulator' will use planner 'geometric::RRTConnect'. Additional configuration parameters will be set when the planner is constructed.
[move_group-8] [INFO] [1787663775.547550464] [move_group]: Calling Planner 'OMPL'
[move_group-8] [INFO] [1787663775.570291150] [move_group]: Calling PlanningResponseAdapter 'AddTimeOptimalParameterization'
[move_group-8] [WARN] [1787663775.570354392] [move_group.moveit.moveit.core.time_optimal_trajectory_generation]: Invalid max_velocity_scaling_factor 0.000000 specified, defaulting to 1.000000 instead.
[move_group-8] [WARN] [1787663775.570372578] [move_group.moveit.moveit.core.time_optimal_trajectory_generation]: Invalid max_acceleration_scaling_factor 0.000000 specified, defaulting to 1.000000 instead.
[move_group-8] [INFO] [1787663775.572567137] [move_group]: Calling PlanningResponseAdapter 'ValidateSolution'
[move_group-8] [WARN] [1787663775.572913365] [move_group.moveit.moveit.ros.planning_pipeline]: The planner plugin did not fill out the 'planner_id' field of the MotionPlanResponse. Setting it to the planner ID name of the MotionPlanRequest assuming that the planner plugin does warn you if it does not use the requested planner.
[move_group-8] [INFO] [1787663775.573040354] [move_group.moveit.moveit.plugins.simple_controller_manager]: Returned 2 controllers in list
[move_group-8] [INFO] [1787663775.573065361] [move_group.moveit.moveit.plugins.simple_controller_manager]: Returned 2 controllers in list
[move_group-8] [INFO] [1787663775.573142659] [move_group.moveit.moveit.ros.trajectory_execution_manager]: Validating trajectory with allowed_start_tolerance 0.01
[move_group-8] [INFO] [1787663775.602524787] [move_group.moveit.moveit.ros.trajectory_execution_manager]: Starting trajectory execution ...
[move_group-8] [INFO] [1787663775.602617929] [move_group.moveit.moveit.plugins.simple_controller_manager]: Returned 2 controllers in list
[move_group-8] [INFO] [1787663775.602670616] [move_group.moveit.moveit.plugins.simple_controller_manager]: Returned 2 controllers in list
[move_group-8] [INFO] [1787663775.602824364] [moveit.simple_controller_manager.follow_joint_trajectory_controller_handle]: sending trajectory to joint_trajectory_controller
[gazebo-2] [INFO] [1787663775.603639311] [joint_trajectory_controller]: Received new action goal
[gazebo-2] [INFO] [1787663775.603689500] [joint_trajectory_controller]: Accepted new action goal
[move_group-8] [INFO] [1787663775.604198259] [moveit.simple_controller_manager.follow_joint_trajectory_controller_handle]: joint_trajectory_controller started execution
[move_group-8] [INFO] [1787663775.604261565] [moveit.simple_controller_manager.follow_joint_trajectory_controller_handle]: Goal request accepted!
[gazebo-2] [INFO] [1787663780.639532285] [joint_trajectory_controller]: Goal reached, success!
[move_group-8] [INFO] [1787663780.654517580] [moveit.simple_controller_manager.follow_joint_trajectory_controller_handle]: Controller 'joint_trajectory_controller' successfully finished
[move_group-8] [INFO] [1787663780.657750408] [move_group.moveit.moveit.ros.trajectory_execution_manager]: Completed trajectory execution with status SUCCEEDED ...
[move_group-8] [INFO] [1787663780.662682876] [move_group.moveit.moveit.ros.move_group.move_action]: Solution was found and executed.
[move_group-8] [INFO] [1787663781.411033961] [move_group.moveit.moveit.ros.move_group.move_action]: MoveGroupMoveAction: Received request
[move_group-8] [INFO] [1787663781.411314832] [move_group.moveit.moveit.ros.move_group.move_action]: executing..
[move_group-8] [INFO] [1787663781.441159981] [move_group.moveit.moveit.ros.move_group.move_action]: Combined planning and execution request received for MoveGroup action. Forwarding to planning and execution pipeline.
[move_group-8] [WARN] [1787663781.441273774] [move_group.moveit.moveit.ros.move_group.capability]: Execution of motions should always start at the robot's current state. Ignoring the state supplied as start state in the motion planning request
[move_group-8] [WARN] [1787663781.441297104] [move_group.moveit.moveit.ros.move_group.capability]: Execution of motions should always start at the robot's current state. Ignoring the state supplied as difference in the planning scene diff
[move_group-8] [INFO] [1787663781.441321788] [move_group.moveit.moveit.ros.plan_execution]: Planning attempt 1 of at most 1
[move_group-8] [INFO] [1787663781.441515780] [move_group]: Calling PlanningRequestAdapter 'CheckStartStateBounds'
[move_group-8] [INFO] [1787663781.441560299] [move_group]: Calling PlanningRequestAdapter 'CheckStartStateCollision'
[move_group-8] [INFO] [1787663781.441625548] [move_group]: Calling PlanningRequestAdapter 'ResolveConstraintFrames'
[move_group-8] [INFO] [1787663781.441648539] [move_group]: Calling PlanningRequestAdapter 'ValidateWorkspaceBounds'
[move_group-8] [INFO] [1787663781.441972812] [move_group.moveit.moveit.planners.ompl.model_based_planning_context]: Planner configuration 'ar_manipulator' will use planner 'geometric::RRTConnect'. Additional configuration parameters will be set when the planner is constructed.
[move_group-8] [INFO] [1787663781.442052801] [move_group]: Calling Planner 'OMPL'
[move_group-8] [INFO] [1787663781.466643214] [move_group]: Calling PlanningResponseAdapter 'AddTimeOptimalParameterization'
[move_group-8] [WARN] [1787663781.466709269] [move_group.moveit.moveit.core.time_optimal_trajectory_generation]: Invalid max_velocity_scaling_factor 0.000000 specified, defaulting to 1.000000 instead.
[move_group-8] [WARN] [1787663781.466727704] [move_group.moveit.moveit.core.time_optimal_trajectory_generation]: Invalid max_acceleration_scaling_factor 0.000000 specified, defaulting to 1.000000 instead.
[move_group-8] [INFO] [1787663781.467552045] [move_group]: Calling PlanningResponseAdapter 'ValidateSolution'
[move_group-8] [WARN] [1787663781.467754473] [move_group.moveit.moveit.ros.planning_pipeline]: The planner plugin did not fill out the 'planner_id' field of the MotionPlanResponse. Setting it to the planner ID name of the MotionPlanRequest assuming that the planner plugin does warn you if it does not use the requested planner.
[move_group-8] [INFO] [1787663781.467870874] [move_group.moveit.moveit.plugins.simple_controller_manager]: Returned 2 controllers in list
[move_group-8] [INFO] [1787663781.467897085] [move_group.moveit.moveit.plugins.simple_controller_manager]: Returned 2 controllers in list
[move_group-8] [INFO] [1787663781.467965345] [move_group.moveit.moveit.ros.trajectory_execution_manager]: Validating trajectory with allowed_start_tolerance 0.01
[move_group-8] [INFO] [1787663781.484655144] [move_group.moveit.moveit.ros.trajectory_execution_manager]: Starting trajectory execution ...
[move_group-8] [INFO] [1787663781.484758005] [move_group.moveit.moveit.plugins.simple_controller_manager]: Returned 2 controllers in list
[move_group-8] [INFO] [1787663781.485103878] [move_group.moveit.moveit.plugins.simple_controller_manager]: Returned 2 controllers in list
[move_group-8] [INFO] [1787663781.485224552] [moveit.simple_controller_manager.follow_joint_trajectory_controller_handle]: sending trajectory to joint_trajectory_controller
[gazebo-2] [INFO] [1787663781.486495079] [joint_trajectory_controller]: Received new action goal
[gazebo-2] [INFO] [1787663781.486542187] [joint_trajectory_controller]: Accepted new action goal
[move_group-8] [INFO] [1787663781.486758845] [moveit.simple_controller_manager.follow_joint_trajectory_controller_handle]: joint_trajectory_controller started execution
[move_group-8] [INFO] [1787663781.486816099] [moveit.simple_controller_manager.follow_joint_trajectory_controller_handle]: Goal request accepted!
[gazebo-2] [INFO] [1787663784.559450468] [joint_trajectory_controller]: Goal reached, success!
[move_group-8] [INFO] [1787663784.587545380] [moveit.simple_controller_manager.follow_joint_trajectory_controller_handle]: Controller 'joint_trajectory_controller' successfully finished
[move_group-8] [INFO] [1787663784.616448659] [move_group.moveit.moveit.ros.trajectory_execution_manager]: Completed trajectory execution with status SUCCEEDED ...
[move_group-8] [INFO] [1787663784.624818442] [move_group.moveit.moveit.ros.move_group.move_action]: Solution was found and executed.
[move_group-8] [INFO] [1787663785.416533362] [move_group.moveit.moveit.ros.move_group.move_action]: MoveGroupMoveAction: Received request
[move_group-8] [INFO] [1787663785.416756388] [move_group.moveit.moveit.ros.move_group.move_action]: executing..
[move_group-8] [INFO] [1787663785.443675012] [move_group.moveit.moveit.ros.move_group.move_action]: Combined planning and execution request received for MoveGroup action. Forwarding to planning and execution pipeline.
[move_group-8] [WARN] [1787663785.443804432] [move_group.moveit.moveit.ros.move_group.capability]: Execution of motions should always start at the robot's current state. Ignoring the state supplied as start state in the motion planning request
[move_group-8] [WARN] [1787663785.443948499] [move_group.moveit.moveit.ros.move_group.capability]: Execution of motions should always start at the robot's current state. Ignoring the state supplied as difference in the planning scene diff
[move_group-8] [INFO] [1787663785.443965983] [move_group.moveit.moveit.ros.plan_execution]: Planning attempt 1 of at most 1
[move_group-8] [INFO] [1787663785.444124395] [move_group]: Calling PlanningRequestAdapter 'CheckStartStateBounds'
[move_group-8] [INFO] [1787663785.444167075] [move_group]: Calling PlanningRequestAdapter 'CheckStartStateCollision'
[move_group-8] [INFO] [1787663785.444222856] [move_group]: Calling PlanningRequestAdapter 'ResolveConstraintFrames'
[move_group-8] [INFO] [1787663785.444240376] [move_group]: Calling PlanningRequestAdapter 'ValidateWorkspaceBounds'
[move_group-8] [INFO] [1787663785.444818644] [move_group.moveit.moveit.planners.ompl.model_based_planning_context]: Planner configuration 'ar_manipulator' will use planner 'geometric::RRTConnect'. Additional configuration parameters will be set when the planner is constructed.
[move_group-8] [INFO] [1787663785.444902466] [move_group]: Calling Planner 'OMPL'
[move_group-8] [INFO] [1787663785.469984530] [move_group]: Calling PlanningResponseAdapter 'AddTimeOptimalParameterization'
[move_group-8] [WARN] [1787663785.470084354] [move_group.moveit.moveit.core.time_optimal_trajectory_generation]: Invalid max_velocity_scaling_factor 0.000000 specified, defaulting to 1.000000 instead.
[move_group-8] [WARN] [1787663785.470179072] [move_group.moveit.moveit.core.time_optimal_trajectory_generation]: Invalid max_acceleration_scaling_factor 0.000000 specified, defaulting to 1.000000 instead.
[move_group-8] [INFO] [1787663785.471007880] [move_group]: Calling PlanningResponseAdapter 'ValidateSolution'
[move_group-8] [WARN] [1787663785.471139304] [move_group.moveit.moveit.ros.planning_pipeline]: The planner plugin did not fill out the 'planner_id' field of the MotionPlanResponse. Setting it to the planner ID name of the MotionPlanRequest assuming that the planner plugin does warn you if it does not use the requested planner.
[move_group-8] [INFO] [1787663785.471245019] [move_group.moveit.moveit.plugins.simple_controller_manager]: Returned 2 controllers in list
[move_group-8] [INFO] [1787663785.471275421] [move_group.moveit.moveit.plugins.simple_controller_manager]: Returned 2 controllers in list
[move_group-8] [INFO] [1787663785.471340689] [move_group.moveit.moveit.ros.trajectory_execution_manager]: Validating trajectory with allowed_start_tolerance 0.01
[move_group-8] [INFO] [1787663785.476810577] [move_group.moveit.moveit.ros.trajectory_execution_manager]: Starting trajectory execution ...
[move_group-8] [INFO] [1787663785.476915954] [move_group.moveit.moveit.plugins.simple_controller_manager]: Returned 2 controllers in list
[move_group-8] [INFO] [1787663785.476956465] [move_group.moveit.moveit.plugins.simple_controller_manager]: Returned 2 controllers in list
[move_group-8] [INFO] [1787663785.477064211] [moveit.simple_controller_manager.follow_joint_trajectory_controller_handle]: sending trajectory to joint_trajectory_controller
[gazebo-2] [INFO] [1787663785.477351619] [joint_trajectory_controller]: Received new action goal
[gazebo-2] [INFO] [1787663785.477382533] [joint_trajectory_controller]: Accepted new action goal
[move_group-8] [INFO] [1787663785.478562581] [moveit.simple_controller_manager.follow_joint_trajectory_controller_handle]: joint_trajectory_controller started execution
[move_group-8] [INFO] [1787663785.478625288] [moveit.simple_controller_manager.follow_joint_trajectory_controller_handle]: Goal request accepted!
[gazebo-2] [INFO] [1787663787.224714542] [joint_trajectory_controller]: Goal reached, success!
[move_group-8] [INFO] [1787663787.228984321] [moveit.simple_controller_manager.follow_joint_trajectory_controller_handle]: Controller 'joint_trajectory_controller' successfully finished
[move_group-8] [INFO] [1787663787.300886126] [move_group.moveit.moveit.ros.trajectory_execution_manager]: Completed trajectory execution with status SUCCEEDED ...
[move_group-8] [INFO] [1787663787.307636041] [move_group.moveit.moveit.ros.move_group.move_action]: Solution was found and executed.
[move_group-8] [INFO] [1787663788.036732817] [move_group.moveit.moveit.ros.move_group.move_action]: MoveGroupMoveAction: Received request
[move_group-8] [INFO] [1787663788.037101182] [move_group.moveit.moveit.ros.move_group.move_action]: executing..
[move_group-8] [INFO] [1787663788.039922246] [move_group.moveit.moveit.ros.move_group.move_action]: Combined planning and execution request received for MoveGroup action. Forwarding to planning and execution pipeline.
[move_group-8] [WARN] [1787663788.039994623] [move_group.moveit.moveit.ros.move_group.capability]: Execution of motions should always start at the robot's current state. Ignoring the state supplied as start state in the motion planning request
[move_group-8] [WARN] [1787663788.040135723] [move_group.moveit.moveit.ros.move_group.capability]: Execution of motions should always start at the robot's current state. Ignoring the state supplied as difference in the planning scene diff
[move_group-8] [INFO] [1787663788.040156324] [move_group.moveit.moveit.ros.plan_execution]: Planning attempt 1 of at most 1
[move_group-8] [INFO] [1787663788.040276562] [move_group]: Calling PlanningRequestAdapter 'CheckStartStateBounds'
[move_group-8] [INFO] [1787663788.040314695] [move_group]: Calling PlanningRequestAdapter 'CheckStartStateCollision'
[move_group-8] [INFO] [1787663788.040369261] [move_group]: Calling PlanningRequestAdapter 'ResolveConstraintFrames'
[move_group-8] [INFO] [1787663788.040387207] [move_group]: Calling PlanningRequestAdapter 'ValidateWorkspaceBounds'
[move_group-8] [INFO] [1787663788.040685472] [move_group.moveit.moveit.planners.ompl.model_based_planning_context]: Planner configuration 'ar_manipulator' will use planner 'geometric::RRTConnect'. Additional configuration parameters will be set when the planner is constructed.
[move_group-8] [INFO] [1787663788.040973990] [move_group]: Calling Planner 'OMPL'
[move_group-8] [INFO] [1787663788.055567996] [move_group]: Calling PlanningResponseAdapter 'AddTimeOptimalParameterization'
[move_group-8] [WARN] [1787663788.055648716] [move_group.moveit.moveit.core.time_optimal_trajectory_generation]: Invalid max_velocity_scaling_factor 0.000000 specified, defaulting to 1.000000 instead.
[move_group-8] [WARN] [1787663788.055671530] [move_group.moveit.moveit.core.time_optimal_trajectory_generation]: Invalid max_acceleration_scaling_factor 0.000000 specified, defaulting to 1.000000 instead.
[move_group-8] [INFO] [1787663788.056704700] [move_group]: Calling PlanningResponseAdapter 'ValidateSolution'
[move_group-8] [WARN] [1787663788.056968909] [move_group.moveit.moveit.ros.planning_pipeline]: The planner plugin did not fill out the 'planner_id' field of the MotionPlanResponse. Setting it to the planner ID name of the MotionPlanRequest assuming that the planner plugin does warn you if it does not use the requested planner.
[move_group-8] [INFO] [1787663788.057165449] [move_group.moveit.moveit.plugins.simple_controller_manager]: Returned 2 controllers in list
[move_group-8] [INFO] [1787663788.057202933] [move_group.moveit.moveit.plugins.simple_controller_manager]: Returned 2 controllers in list
[move_group-8] [INFO] [1787663788.057297180] [move_group.moveit.moveit.ros.trajectory_execution_manager]: Validating trajectory with allowed_start_tolerance 0.01
[move_group-8] [INFO] [1787663788.077371641] [move_group.moveit.moveit.ros.trajectory_execution_manager]: Starting trajectory execution ...
[move_group-8] [INFO] [1787663788.077464960] [move_group.moveit.moveit.plugins.simple_controller_manager]: Returned 2 controllers in list
[move_group-8] [INFO] [1787663788.077496748] [move_group.moveit.moveit.plugins.simple_controller_manager]: Returned 2 controllers in list
[move_group-8] [INFO] [1787663788.077605683] [moveit.simple_controller_manager.follow_joint_trajectory_controller_handle]: sending trajectory to joint_trajectory_controller
[gazebo-2] [INFO] [1787663788.078356214] [joint_trajectory_controller]: Received new action goal
[gazebo-2] [INFO] [1787663788.078395886] [joint_trajectory_controller]: Accepted new action goal
[move_group-8] [INFO] [1787663788.079428466] [moveit.simple_controller_manager.follow_joint_trajectory_controller_handle]: joint_trajectory_controller started execution
[move_group-8] [INFO] [1787663788.079465194] [moveit.simple_controller_manager.follow_joint_trajectory_controller_handle]: Goal request accepted!
[gazebo-2] [INFO] [1787663791.847283177] [joint_trajectory_controller]: Goal reached, success!
[move_group-8] [INFO] [1787663791.878870636] [moveit.simple_controller_manager.follow_joint_trajectory_controller_handle]: Controller 'joint_trajectory_controller' successfully finished
[move_group-8] [INFO] [1787663791.931697787] [move_group.moveit.moveit.ros.trajectory_execution_manager]: Completed trajectory execution with status SUCCEEDED ...
[move_group-8] [INFO] [1787663791.937204916] [move_group.moveit.moveit.ros.move_group.move_action]: Solution was found and executed.
[move_group-8] [INFO] [1787663793.625622572] [move_group.moveit.moveit.ros.move_group.move_action]: MoveGroupMoveAction: Received request
[move_group-8] [INFO] [1787663793.625900898] [move_group.moveit.moveit.ros.move_group.move_action]: executing..
[move_group-8] [INFO] [1787663793.630194002] [move_group.moveit.moveit.ros.move_group.move_action]: Combined planning and execution request received for MoveGroup action. Forwarding to planning and execution pipeline.
[move_group-8] [WARN] [1787663793.630266235] [move_group.moveit.moveit.ros.move_group.capability]: Execution of motions should always start at the robot's current state. Ignoring the state supplied as start state in the motion planning request
[move_group-8] [WARN] [1787663793.630287943] [move_group.moveit.moveit.ros.move_group.capability]: Execution of motions should always start at the robot's current state. Ignoring the state supplied as difference in the planning scene diff
[move_group-8] [INFO] [1787663793.630298958] [move_group.moveit.moveit.ros.plan_execution]: Planning attempt 1 of at most 1
[move_group-8] [INFO] [1787663793.630421537] [move_group]: Calling PlanningRequestAdapter 'CheckStartStateBounds'
[move_group-8] [INFO] [1787663793.630456204] [move_group]: Calling PlanningRequestAdapter 'CheckStartStateCollision'
[move_group-8] [INFO] [1787663793.630508323] [move_group]: Calling PlanningRequestAdapter 'ResolveConstraintFrames'
[move_group-8] [INFO] [1787663793.630528870] [move_group]: Calling PlanningRequestAdapter 'ValidateWorkspaceBounds'
[move_group-8] [INFO] [1787663793.630993606] [move_group.moveit.moveit.planners.ompl.model_based_planning_context]: Planner configuration 'ar_manipulator' will use planner 'geometric::RRTConnect'. Additional configuration parameters will be set when the planner is constructed.
[move_group-8] [INFO] [1787663793.631072679] [move_group]: Calling Planner 'OMPL'
[move_group-8] [INFO] [1787663793.644543310] [move_group]: Calling PlanningResponseAdapter 'AddTimeOptimalParameterization'
[move_group-8] [WARN] [1787663793.644607839] [move_group.moveit.moveit.core.time_optimal_trajectory_generation]: Invalid max_velocity_scaling_factor 0.000000 specified, defaulting to 1.000000 instead.
[move_group-8] [WARN] [1787663793.644624867] [move_group.moveit.moveit.core.time_optimal_trajectory_generation]: Invalid max_acceleration_scaling_factor 0.000000 specified, defaulting to 1.000000 instead.
[move_group-8] [INFO] [1787663793.645947058] [move_group]: Calling PlanningResponseAdapter 'ValidateSolution'
[move_group-8] [WARN] [1787663793.646224336] [move_group.moveit.moveit.ros.planning_pipeline]: The planner plugin did not fill out the 'planner_id' field of the MotionPlanResponse. Setting it to the planner ID name of the MotionPlanRequest assuming that the planner plugin does warn you if it does not use the requested planner.
[move_group-8] [INFO] [1787663793.646350847] [move_group.moveit.moveit.plugins.simple_controller_manager]: Returned 2 controllers in list
[move_group-8] [INFO] [1787663793.646395153] [move_group.moveit.moveit.plugins.simple_controller_manager]: Returned 2 controllers in list
[move_group-8] [INFO] [1787663793.646488455] [move_group.moveit.moveit.ros.trajectory_execution_manager]: Validating trajectory with allowed_start_tolerance 0.01
[move_group-8] [INFO] [1787663793.679209283] [move_group.moveit.moveit.ros.trajectory_execution_manager]: Starting trajectory execution ...
[move_group-8] [INFO] [1787663793.679304376] [move_group.moveit.moveit.plugins.simple_controller_manager]: Returned 2 controllers in list
[move_group-8] [INFO] [1787663793.679340349] [move_group.moveit.moveit.plugins.simple_controller_manager]: Returned 2 controllers in list
[move_group-8] [INFO] [1787663793.679503323] [moveit.simple_controller_manager.follow_joint_trajectory_controller_handle]: sending trajectory to joint_trajectory_controller
[gazebo-2] [INFO] [1787663793.680190015] [joint_trajectory_controller]: Received new action goal
[gazebo-2] [INFO] [1787663793.680229848] [joint_trajectory_controller]: Accepted new action goal
[move_group-8] [INFO] [1787663793.680550095] [moveit.simple_controller_manager.follow_joint_trajectory_controller_handle]: joint_trajectory_controller started execution
[move_group-8] [INFO] [1787663793.680747576] [moveit.simple_controller_manager.follow_joint_trajectory_controller_handle]: Goal request accepted!
[gazebo-2] [INFO] [1787663798.133391240] [joint_trajectory_controller]: Goal reached, success!
[move_group-8] [INFO] [1787663798.180773275] [moveit.simple_controller_manager.follow_joint_trajectory_controller_handle]: Controller 'joint_trajectory_controller' successfully finished
[move_group-8] [INFO] [1787663798.196684893] [move_group.moveit.moveit.ros.trajectory_execution_manager]: Completed trajectory execution with status SUCCEEDED ...
[move_group-8] [INFO] [1787663798.200238364] [move_group.moveit.moveit.ros.move_group.move_action]: Solution was found and executed.
[move_group-8] [INFO] [1787663798.913031595] [move_group.moveit.moveit.ros.move_group.move_action]: MoveGroupMoveAction: Received request
[move_group-8] [INFO] [1787663798.913283691] [move_group.moveit.moveit.ros.move_group.move_action]: executing..
[move_group-8] [INFO] [1787663798.925177870] [move_group.moveit.moveit.ros.move_group.move_action]: Combined planning and execution request received for MoveGroup action. Forwarding to planning and execution pipeline.
[move_group-8] [WARN] [1787663798.925248159] [move_group.moveit.moveit.ros.move_group.capability]: Execution of motions should always start at the robot's current state. Ignoring the state supplied as start state in the motion planning request
[move_group-8] [WARN] [1787663798.925268102] [move_group.moveit.moveit.ros.move_group.capability]: Execution of motions should always start at the robot's current state. Ignoring the state supplied as difference in the planning scene diff
[move_group-8] [INFO] [1787663798.925310582] [move_group.moveit.moveit.ros.plan_execution]: Planning attempt 1 of at most 1
[move_group-8] [INFO] [1787663798.925455615] [move_group]: Calling PlanningRequestAdapter 'CheckStartStateBounds'
[move_group-8] [INFO] [1787663798.925491993] [move_group]: Calling PlanningRequestAdapter 'CheckStartStateCollision'
[move_group-8] [INFO] [1787663798.925544219] [move_group]: Calling PlanningRequestAdapter 'ResolveConstraintFrames'
[move_group-8] [INFO] [1787663798.925563605] [move_group]: Calling PlanningRequestAdapter 'ValidateWorkspaceBounds'
[move_group-8] [INFO] [1787663798.925858738] [move_group.moveit.moveit.planners.ompl.model_based_planning_context]: Planner configuration 'ar_manipulator' will use planner 'geometric::RRTConnect'. Additional configuration parameters will be set when the planner is constructed.
[move_group-8] [INFO] [1787663798.925939935] [move_group]: Calling Planner 'OMPL'
[move_group-8] [INFO] [1787663798.940056167] [move_group]: Calling PlanningResponseAdapter 'AddTimeOptimalParameterization'
[move_group-8] [WARN] [1787663798.940121678] [move_group.moveit.moveit.core.time_optimal_trajectory_generation]: Invalid max_velocity_scaling_factor 0.000000 specified, defaulting to 1.000000 instead.
[move_group-8] [WARN] [1787663798.940141990] [move_group.moveit.moveit.core.time_optimal_trajectory_generation]: Invalid max_acceleration_scaling_factor 0.000000 specified, defaulting to 1.000000 instead.
[move_group-8] [INFO] [1787663798.940943170] [move_group]: Calling PlanningResponseAdapter 'ValidateSolution'
[move_group-8] [WARN] [1787663798.941147980] [move_group.moveit.moveit.ros.planning_pipeline]: The planner plugin did not fill out the 'planner_id' field of the MotionPlanResponse. Setting it to the planner ID name of the MotionPlanRequest assuming that the planner plugin does warn you if it does not use the requested planner.
[move_group-8] [INFO] [1787663798.941269793] [move_group.moveit.moveit.plugins.simple_controller_manager]: Returned 2 controllers in list
[move_group-8] [INFO] [1787663798.941293265] [move_group.moveit.moveit.plugins.simple_controller_manager]: Returned 2 controllers in list
[move_group-8] [INFO] [1787663798.941365057] [move_group.moveit.moveit.ros.trajectory_execution_manager]: Validating trajectory with allowed_start_tolerance 0.01
[move_group-8] [INFO] [1787663798.946908819] [move_group.moveit.moveit.ros.trajectory_execution_manager]: Starting trajectory execution ...
[move_group-8] [INFO] [1787663798.946998260] [move_group.moveit.moveit.plugins.simple_controller_manager]: Returned 2 controllers in list
[move_group-8] [INFO] [1787663798.947048101] [move_group.moveit.moveit.plugins.simple_controller_manager]: Returned 2 controllers in list
[move_group-8] [INFO] [1787663798.947159250] [moveit.simple_controller_manager.follow_joint_trajectory_controller_handle]: sending trajectory to joint_trajectory_controller
[gazebo-2] [INFO] [1787663798.947382227] [joint_trajectory_controller]: Received new action goal
[gazebo-2] [INFO] [1787663798.947414806] [joint_trajectory_controller]: Accepted new action goal
[move_group-8] [INFO] [1787663798.947940206] [moveit.simple_controller_manager.follow_joint_trajectory_controller_handle]: joint_trajectory_controller started execution
[move_group-8] [INFO] [1787663798.947976638] [moveit.simple_controller_manager.follow_joint_trajectory_controller_handle]: Goal request accepted!
[gazebo-2] [INFO] [1787663801.434408734] [joint_trajectory_controller]: Goal reached, success!
[move_group-8] [INFO] [1787663801.447976510] [moveit.simple_controller_manager.follow_joint_trajectory_controller_handle]: Controller 'joint_trajectory_controller' successfully finished
[move_group-8] [INFO] [1787663801.487126067] [move_group.moveit.moveit.ros.trajectory_execution_manager]: Completed trajectory execution with status SUCCEEDED ...
[move_group-8] [INFO] [1787663801.496644631] [move_group.moveit.moveit.ros.move_group.move_action]: Solution was found and executed.
[move_group-8] [INFO] [1787663802.190946980] [move_group.moveit.moveit.ros.move_group.move_action]: MoveGroupMoveAction: Received request
[move_group-8] [INFO] [1787663802.191239346] [move_group.moveit.moveit.ros.move_group.move_action]: executing..
[move_group-8] [INFO] [1787663802.217936156] [move_group.moveit.moveit.ros.move_group.move_action]: Combined planning and execution request received for MoveGroup action. Forwarding to planning and execution pipeline.
[move_group-8] [WARN] [1787663802.218143126] [move_group.moveit.moveit.ros.move_group.capability]: Execution of motions should always start at the robot's current state. Ignoring the state supplied as start state in the motion planning request
[move_group-8] [WARN] [1787663802.218165185] [move_group.moveit.moveit.ros.move_group.capability]: Execution of motions should always start at the robot's current state. Ignoring the state supplied as difference in the planning scene diff
[move_group-8] [INFO] [1787663802.218176308] [move_group.moveit.moveit.ros.plan_execution]: Planning attempt 1 of at most 1
[move_group-8] [INFO] [1787663802.218313980] [move_group]: Calling PlanningRequestAdapter 'CheckStartStateBounds'
[move_group-8] [INFO] [1787663802.218355163] [move_group]: Calling PlanningRequestAdapter 'CheckStartStateCollision'
[move_group-8] [INFO] [1787663802.218420817] [move_group]: Calling PlanningRequestAdapter 'ResolveConstraintFrames'
[move_group-8] [INFO] [1787663802.218438745] [move_group]: Calling PlanningRequestAdapter 'ValidateWorkspaceBounds'
[move_group-8] [INFO] [1787663802.219142068] [move_group.moveit.moveit.planners.ompl.model_based_planning_context]: Planner configuration 'ar_manipulator' will use planner 'geometric::RRTConnect'. Additional configuration parameters will be set when the planner is constructed.
[move_group-8] [INFO] [1787663802.219419823] [move_group]: Calling Planner 'OMPL'
[move_group-8] [INFO] [1787663802.224565334] [move_group]: Calling PlanningResponseAdapter 'AddTimeOptimalParameterization'
[move_group-8] [WARN] [1787663802.224628342] [move_group.moveit.moveit.core.time_optimal_trajectory_generation]: Invalid max_velocity_scaling_factor 0.000000 specified, defaulting to 1.000000 instead.
[move_group-8] [WARN] [1787663802.224646864] [move_group.moveit.moveit.core.time_optimal_trajectory_generation]: Invalid max_acceleration_scaling_factor 0.000000 specified, defaulting to 1.000000 instead.
[move_group-8] [INFO] [1787663802.225473369] [move_group]: Calling PlanningResponseAdapter 'ValidateSolution'
[move_group-8] [WARN] [1787663802.225712703] [move_group.moveit.moveit.ros.planning_pipeline]: The planner plugin did not fill out the 'planner_id' field of the MotionPlanResponse. Setting it to the planner ID name of the MotionPlanRequest assuming that the planner plugin does warn you if it does not use the requested planner.
[move_group-8] [INFO] [1787663802.225855117] [move_group.moveit.moveit.plugins.simple_controller_manager]: Returned 2 controllers in list
[move_group-8] [INFO] [1787663802.225885843] [move_group.moveit.moveit.plugins.simple_controller_manager]: Returned 2 controllers in list
[move_group-8] [INFO] [1787663802.225960929] [move_group.moveit.moveit.ros.trajectory_execution_manager]: Validating trajectory with allowed_start_tolerance 0.01
[move_group-8] [INFO] [1787663802.233938824] [move_group.moveit.moveit.ros.trajectory_execution_manager]: Starting trajectory execution ...
[move_group-8] [INFO] [1787663802.234021812] [move_group.moveit.moveit.plugins.simple_controller_manager]: Returned 2 controllers in list
[move_group-8] [INFO] [1787663802.234055247] [move_group.moveit.moveit.plugins.simple_controller_manager]: Returned 2 controllers in list
[move_group-8] [INFO] [1787663802.234171984] [moveit.simple_controller_manager.follow_joint_trajectory_controller_handle]: sending trajectory to joint_trajectory_controller
[gazebo-2] [INFO] [1787663802.234414945] [joint_trajectory_controller]: Received new action goal
[gazebo-2] [INFO] [1787663802.234445554] [joint_trajectory_controller]: Accepted new action goal
[move_group-8] [INFO] [1787663802.235261466] [moveit.simple_controller_manager.follow_joint_trajectory_controller_handle]: joint_trajectory_controller started execution
[move_group-8] [INFO] [1787663802.235384340] [moveit.simple_controller_manager.follow_joint_trajectory_controller_handle]: Goal request accepted!
[gazebo-2] [INFO] [1787663805.446694865] [joint_trajectory_controller]: Goal reached, success!
[move_group-8] [INFO] [1787663805.485115318] [moveit.simple_controller_manager.follow_joint_trajectory_controller_handle]: Controller 'joint_trajectory_controller' successfully finished
[move_group-8] [INFO] [1787663805.506437860] [move_group.moveit.moveit.ros.trajectory_execution_manager]: Completed trajectory execution with status SUCCEEDED ...
[move_group-8] [INFO] [1787663805.514066760] [move_group.moveit.moveit.ros.move_group.move_action]: Solution was found and executed.
[move_group-8] [INFO] [1787663806.236272855] [move_group.moveit.moveit.ros.move_group.move_action]: MoveGroupMoveAction: Received request
[move_group-8] [INFO] [1787663806.236459630] [move_group.moveit.moveit.ros.move_group.move_action]: executing..
[move_group-8] [INFO] [1787663806.247910904] [move_group.moveit.moveit.ros.move_group.move_action]: Combined planning and execution request received for MoveGroup action. Forwarding to planning and execution pipeline.
[move_group-8] [WARN] [1787663806.248004179] [move_group.moveit.moveit.ros.move_group.capability]: Execution of motions should always start at the robot's current state. Ignoring the state supplied as start state in the motion planning request
[move_group-8] [WARN] [1787663806.248028242] [move_group.moveit.moveit.ros.move_group.capability]: Execution of motions should always start at the robot's current state. Ignoring the state supplied as difference in the planning scene diff
[move_group-8] [INFO] [1787663806.248040969] [move_group.moveit.moveit.ros.plan_execution]: Planning attempt 1 of at most 1
[move_group-8] [INFO] [1787663806.248170591] [move_group]: Calling PlanningRequestAdapter 'CheckStartStateBounds'
[move_group-8] [INFO] [1787663806.248207537] [move_group]: Calling PlanningRequestAdapter 'CheckStartStateCollision'
[move_group-8] [INFO] [1787663806.248272261] [move_group]: Calling PlanningRequestAdapter 'ResolveConstraintFrames'
[move_group-8] [INFO] [1787663806.248291467] [move_group]: Calling PlanningRequestAdapter 'ValidateWorkspaceBounds'
[move_group-8] [INFO] [1787663806.248582764] [move_group.moveit.moveit.planners.ompl.model_based_planning_context]: Planner configuration 'ar_manipulator' will use planner 'geometric::RRTConnect'. Additional configuration parameters will be set when the planner is constructed.
[move_group-8] [INFO] [1787663806.248656279] [move_group]: Calling Planner 'OMPL'
[move_group-8] [INFO] [1787663806.261653807] [move_group]: Calling PlanningResponseAdapter 'AddTimeOptimalParameterization'
[move_group-8] [WARN] [1787663806.261731866] [move_group.moveit.moveit.core.time_optimal_trajectory_generation]: Invalid max_velocity_scaling_factor 0.000000 specified, defaulting to 1.000000 instead.
[move_group-8] [WARN] [1787663806.261753238] [move_group.moveit.moveit.core.time_optimal_trajectory_generation]: Invalid max_acceleration_scaling_factor 0.000000 specified, defaulting to 1.000000 instead.
[move_group-8] [INFO] [1787663806.262843242] [move_group]: Calling PlanningResponseAdapter 'ValidateSolution'
[move_group-8] [WARN] [1787663806.263056167] [move_group.moveit.moveit.ros.planning_pipeline]: The planner plugin did not fill out the 'planner_id' field of the MotionPlanResponse. Setting it to the planner ID name of the MotionPlanRequest assuming that the planner plugin does warn you if it does not use the requested planner.
[move_group-8] [INFO] [1787663806.263178712] [move_group.moveit.moveit.plugins.simple_controller_manager]: Returned 2 controllers in list
[move_group-8] [INFO] [1787663806.263199364] [move_group.moveit.moveit.plugins.simple_controller_manager]: Returned 2 controllers in list
[move_group-8] [INFO] [1787663806.263272281] [move_group.moveit.moveit.ros.trajectory_execution_manager]: Validating trajectory with allowed_start_tolerance 0.01
[move_group-8] [INFO] [1787663806.293331403] [move_group.moveit.moveit.ros.trajectory_execution_manager]: Starting trajectory execution ...
[move_group-8] [INFO] [1787663806.293420107] [move_group.moveit.moveit.plugins.simple_controller_manager]: Returned 2 controllers in list
[move_group-8] [INFO] [1787663806.293450114] [move_group.moveit.moveit.plugins.simple_controller_manager]: Returned 2 controllers in list
[move_group-8] [INFO] [1787663806.293572686] [moveit.simple_controller_manager.follow_joint_trajectory_controller_handle]: sending trajectory to joint_trajectory_controller
[gazebo-2] [INFO] [1787663806.300441681] [joint_trajectory_controller]: Received new action goal
[gazebo-2] [INFO] [1787663806.300505888] [joint_trajectory_controller]: Accepted new action goal
[move_group-8] [INFO] [1787663806.301363495] [moveit.simple_controller_manager.follow_joint_trajectory_controller_handle]: joint_trajectory_controller started execution
[move_group-8] [INFO] [1787663806.301412717] [moveit.simple_controller_manager.follow_joint_trajectory_controller_handle]: Goal request accepted!
[gazebo-2] [INFO] [1787663813.474452725] [joint_trajectory_controller]: Goal reached, success!
[move_group-8] [INFO] [1787663813.476183020] [moveit.simple_controller_manager.follow_joint_trajectory_controller_handle]: Controller 'joint_trajectory_controller' successfully finished
[move_group-8] [INFO] [1787663813.536454260] [move_group.moveit.moveit.ros.trajectory_execution_manager]: Completed trajectory execution with status SUCCEEDED ...
[move_group-8] [INFO] [1787663813.538476017] [move_group.moveit.moveit.ros.move_group.move_action]: Solution was found and executed.
[move_group-8] [INFO] [1787663814.329401475] [move_group.moveit.moveit.ros.move_group.move_action]: MoveGroupMoveAction: Received request
[move_group-8] [INFO] [1787663814.329633141] [move_group.moveit.moveit.ros.move_group.move_action]: executing..
[move_group-8] [INFO] [1787663814.336659400] [move_group.moveit.moveit.ros.move_group.move_action]: Combined planning and execution request received for MoveGroup action. Forwarding to planning and execution pipeline.
[move_group-8] [WARN] [1787663814.336765356] [move_group.moveit.moveit.ros.move_group.capability]: Execution of motions should always start at the robot's current state. Ignoring the state supplied as start state in the motion planning request
[move_group-8] [WARN] [1787663814.336784921] [move_group.moveit.moveit.ros.move_group.capability]: Execution of motions should always start at the robot's current state. Ignoring the state supplied as difference in the planning scene diff
[move_group-8] [INFO] [1787663814.336795178] [move_group.moveit.moveit.ros.plan_execution]: Planning attempt 1 of at most 1
[move_group-8] [INFO] [1787663814.336946043] [move_group]: Calling PlanningRequestAdapter 'CheckStartStateBounds'
[move_group-8] [INFO] [1787663814.336985451] [move_group]: Calling PlanningRequestAdapter 'CheckStartStateCollision'
[move_group-8] [INFO] [1787663814.337054791] [move_group]: Calling PlanningRequestAdapter 'ResolveConstraintFrames'
[move_group-8] [INFO] [1787663814.337071048] [move_group]: Calling PlanningRequestAdapter 'ValidateWorkspaceBounds'
[move_group-8] [INFO] [1787663814.337432718] [move_group.moveit.moveit.planners.ompl.model_based_planning_context]: Planner configuration 'ar_manipulator' will use planner 'geometric::RRTConnect'. Additional configuration parameters will be set when the planner is constructed.
[move_group-8] [INFO] [1787663814.337518242] [move_group]: Calling Planner 'OMPL'
[move_group-8] [INFO] [1787663814.357423353] [move_group]: Calling PlanningResponseAdapter 'AddTimeOptimalParameterization'
[move_group-8] [WARN] [1787663814.357493689] [move_group.moveit.moveit.core.time_optimal_trajectory_generation]: Invalid max_velocity_scaling_factor 0.000000 specified, defaulting to 1.000000 instead.
[move_group-8] [WARN] [1787663814.357521263] [move_group.moveit.moveit.core.time_optimal_trajectory_generation]: Invalid max_acceleration_scaling_factor 0.000000 specified, defaulting to 1.000000 instead.
[move_group-8] [INFO] [1787663814.361419191] [move_group]: Calling PlanningResponseAdapter 'ValidateSolution'
[move_group-8] [WARN] [1787663814.361725334] [move_group.moveit.moveit.ros.planning_pipeline]: The planner plugin did not fill out the 'planner_id' field of the MotionPlanResponse. Setting it to the planner ID name of the MotionPlanRequest assuming that the planner plugin does warn you if it does not use the requested planner.
[move_group-8] [INFO] [1787663814.361834027] [move_group.moveit.moveit.plugins.simple_controller_manager]: Returned 2 controllers in list
[move_group-8] [INFO] [1787663814.361853261] [move_group.moveit.moveit.plugins.simple_controller_manager]: Returned 2 controllers in list
[move_group-8] [INFO] [1787663814.361935476] [move_group.moveit.moveit.ros.trajectory_execution_manager]: Validating trajectory with allowed_start_tolerance 0.01
[move_group-8] [INFO] [1787663814.378672301] [move_group.moveit.moveit.ros.trajectory_execution_manager]: Starting trajectory execution ...
[move_group-8] [INFO] [1787663814.378795389] [move_group.moveit.moveit.plugins.simple_controller_manager]: Returned 2 controllers in list
[move_group-8] [INFO] [1787663814.378835635] [move_group.moveit.moveit.plugins.simple_controller_manager]: Returned 2 controllers in list
[move_group-8] [INFO] [1787663814.378950069] [moveit.simple_controller_manager.follow_joint_trajectory_controller_handle]: sending trajectory to joint_trajectory_controller
[gazebo-2] [INFO] [1787663814.379219101] [joint_trajectory_controller]: Received new action goal
[gazebo-2] [INFO] [1787663814.379251550] [joint_trajectory_controller]: Accepted new action goal
[move_group-8] [INFO] [1787663814.379453973] [moveit.simple_controller_manager.follow_joint_trajectory_controller_handle]: joint_trajectory_controller started execution
[move_group-8] [INFO] [1787663814.379501528] [moveit.simple_controller_manager.follow_joint_trajectory_controller_handle]: Goal request accepted!
[gazebo-2] [INFO] [1787663819.236417522] [joint_trajectory_controller]: Goal reached, success!
[move_group-8] [INFO] [1787663819.279877912] [moveit.simple_controller_manager.follow_joint_trajectory_controller_handle]: Controller 'joint_trajectory_controller' successfully finished
[move_group-8] [INFO] [1787663819.328972705] [move_group.moveit.moveit.ros.trajectory_execution_manager]: Completed trajectory execution with status SUCCEEDED ...
[move_group-8] [INFO] [1787663819.329246960] [move_group.moveit.moveit.ros.move_group.move_action]: Solution was found and executed.
[move_group-8] [INFO] [1787663820.068833648] [move_group.moveit.moveit.ros.move_group.move_action]: MoveGroupMoveAction: Received request
[move_group-8] [INFO] [1787663820.069127175] [move_group.moveit.moveit.ros.move_group.move_action]: executing..
[move_group-8] [INFO] [1787663820.083236938] [move_group.moveit.moveit.ros.move_group.move_action]: Combined planning and execution request received for MoveGroup action. Forwarding to planning and execution pipeline.
[move_group-8] [WARN] [1787663820.083373803] [move_group.moveit.moveit.ros.move_group.capability]: Execution of motions should always start at the robot's current state. Ignoring the state supplied as start state in the motion planning request
[move_group-8] [WARN] [1787663820.083439950] [move_group.moveit.moveit.ros.move_group.capability]: Execution of motions should always start at the robot's current state. Ignoring the state supplied as difference in the planning scene diff
[move_group-8] [INFO] [1787663820.083463283] [move_group.moveit.moveit.ros.plan_execution]: Planning attempt 1 of at most 1
[move_group-8] [INFO] [1787663820.083740604] [move_group]: Calling PlanningRequestAdapter 'CheckStartStateBounds'
[move_group-8] [INFO] [1787663820.083876898] [move_group]: Calling PlanningRequestAdapter 'CheckStartStateCollision'
[move_group-8] [INFO] [1787663820.083939888] [move_group]: Calling PlanningRequestAdapter 'ResolveConstraintFrames'
[move_group-8] [INFO] [1787663820.083956833] [move_group]: Calling PlanningRequestAdapter 'ValidateWorkspaceBounds'
[move_group-8] [INFO] [1787663820.084338327] [move_group.moveit.moveit.planners.ompl.model_based_planning_context]: Planner configuration 'ar_manipulator' will use planner 'geometric::RRTConnect'. Additional configuration parameters will be set when the planner is constructed.
[move_group-8] [INFO] [1787663820.084436184] [move_group]: Calling Planner 'OMPL'
[move_group-8] [INFO] [1787663820.106426654] [move_group]: Calling PlanningResponseAdapter 'AddTimeOptimalParameterization'
[move_group-8] [WARN] [1787663820.106475971] [move_group.moveit.moveit.core.time_optimal_trajectory_generation]: Invalid max_velocity_scaling_factor 0.000000 specified, defaulting to 1.000000 instead.
[move_group-8] [WARN] [1787663820.106488282] [move_group.moveit.moveit.core.time_optimal_trajectory_generation]: Invalid max_acceleration_scaling_factor 0.000000 specified, defaulting to 1.000000 instead.
[move_group-8] [INFO] [1787663820.107681844] [move_group]: Calling PlanningResponseAdapter 'ValidateSolution'
[move_group-8] [WARN] [1787663820.108034311] [move_group.moveit.moveit.ros.planning_pipeline]: The planner plugin did not fill out the 'planner_id' field of the MotionPlanResponse. Setting it to the planner ID name of the MotionPlanRequest assuming that the planner plugin does warn you if it does not use the requested planner.
[move_group-8] [INFO] [1787663820.108210293] [move_group.moveit.moveit.plugins.simple_controller_manager]: Returned 2 controllers in list
[move_group-8] [INFO] [1787663820.108239777] [move_group.moveit.moveit.plugins.simple_controller_manager]: Returned 2 controllers in list
[move_group-8] [INFO] [1787663820.108306267] [move_group.moveit.moveit.ros.trajectory_execution_manager]: Validating trajectory with allowed_start_tolerance 0.01
[move_group-8] [INFO] [1787663820.132989136] [move_group.moveit.moveit.ros.trajectory_execution_manager]: Starting trajectory execution ...
[move_group-8] [INFO] [1787663820.133201219] [move_group.moveit.moveit.plugins.simple_controller_manager]: Returned 2 controllers in list
[move_group-8] [INFO] [1787663820.135001290] [move_group.moveit.moveit.plugins.simple_controller_manager]: Returned 2 controllers in list
[move_group-8] [INFO] [1787663820.136926240] [moveit.simple_controller_manager.follow_joint_trajectory_controller_handle]: sending trajectory to joint_trajectory_controller
[gazebo-2] [INFO] [1787663820.137261378] [joint_trajectory_controller]: Received new action goal
[gazebo-2] [INFO] [1787663820.137296099] [joint_trajectory_controller]: Accepted new action goal
[move_group-8] [INFO] [1787663820.137547715] [moveit.simple_controller_manager.follow_joint_trajectory_controller_handle]: joint_trajectory_controller started execution
[move_group-8] [INFO] [1787663820.137590104] [moveit.simple_controller_manager.follow_joint_trajectory_controller_handle]: Goal request accepted!
[gazebo-2] [INFO] [1787663825.147975821] [joint_trajectory_controller]: Goal reached, success!
[move_group-8] [INFO] [1787663825.187976351] [moveit.simple_controller_manager.follow_joint_trajectory_controller_handle]: Controller 'joint_trajectory_controller' successfully finished
[move_group-8] [INFO] [1787663825.231754252] [move_group.moveit.moveit.ros.trajectory_execution_manager]: Completed trajectory execution with status SUCCEEDED ...
[move_group-8] [INFO] [1787663825.232886037] [move_group.moveit.moveit.ros.move_group.move_action]: Solution was found and executed.
[move_group-8] [INFO] [1787663825.955507404] [move_group.moveit.moveit.ros.move_group.move_action]: MoveGroupMoveAction: Received request
[move_group-8] [INFO] [1787663825.955751859] [move_group.moveit.moveit.ros.move_group.move_action]: executing..
[move_group-8] [INFO] [1787663825.986461473] [move_group.moveit.moveit.ros.move_group.move_action]: Combined planning and execution request received for MoveGroup action. Forwarding to planning and execution pipeline.
[move_group-8] [WARN] [1787663825.986606200] [move_group.moveit.moveit.ros.move_group.capability]: Execution of motions should always start at the robot's current state. Ignoring the state supplied as start state in the motion planning request
[move_group-8] [WARN] [1787663825.986633694] [move_group.moveit.moveit.ros.move_group.capability]: Execution of motions should always start at the robot's current state. Ignoring the state supplied as difference in the planning scene diff
[move_group-8] [INFO] [1787663825.986645835] [move_group.moveit.moveit.ros.plan_execution]: Planning attempt 1 of at most 1
[move_group-8] [INFO] [1787663825.986821621] [move_group]: Calling PlanningRequestAdapter 'CheckStartStateBounds'
[move_group-8] [INFO] [1787663825.986860473] [move_group]: Calling PlanningRequestAdapter 'CheckStartStateCollision'
[move_group-8] [INFO] [1787663825.986922006] [move_group]: Calling PlanningRequestAdapter 'ResolveConstraintFrames'
[move_group-8] [INFO] [1787663825.986938430] [move_group]: Calling PlanningRequestAdapter 'ValidateWorkspaceBounds'
[move_group-8] [INFO] [1787663825.987259339] [move_group.moveit.moveit.planners.ompl.model_based_planning_context]: Planner configuration 'ar_manipulator' will use planner 'geometric::RRTConnect'. Additional configuration parameters will be set when the planner is constructed.
[move_group-8] [INFO] [1787663825.987350652] [move_group]: Calling Planner 'OMPL'
[move_group-8] [INFO] [1787663826.001797464] [move_group]: Calling PlanningResponseAdapter 'AddTimeOptimalParameterization'
[move_group-8] [WARN] [1787663826.001863470] [move_group.moveit.moveit.core.time_optimal_trajectory_generation]: Invalid max_velocity_scaling_factor 0.000000 specified, defaulting to 1.000000 instead.
[move_group-8] [WARN] [1787663826.001883953] [move_group.moveit.moveit.core.time_optimal_trajectory_generation]: Invalid max_acceleration_scaling_factor 0.000000 specified, defaulting to 1.000000 instead.
[move_group-8] [INFO] [1787663826.003584392] [move_group]: Calling PlanningResponseAdapter 'ValidateSolution'
[move_group-8] [WARN] [1787663826.003991403] [move_group.moveit.moveit.ros.planning_pipeline]: The planner plugin did not fill out the 'planner_id' field of the MotionPlanResponse. Setting it to the planner ID name of the MotionPlanRequest assuming that the planner plugin does warn you if it does not use the requested planner.
[move_group-8] [INFO] [1787663826.004135851] [move_group.moveit.moveit.plugins.simple_controller_manager]: Returned 2 controllers in list
[move_group-8] [INFO] [1787663826.004162761] [move_group.moveit.moveit.plugins.simple_controller_manager]: Returned 2 controllers in list
[move_group-8] [INFO] [1787663826.004235777] [move_group.moveit.moveit.ros.trajectory_execution_manager]: Validating trajectory with allowed_start_tolerance 0.01
[move_group-8] [INFO] [1787663826.004318216] [move_group.moveit.moveit.ros.trajectory_execution_manager]: Starting trajectory execution ...
[move_group-8] [INFO] [1787663826.004356709] [move_group.moveit.moveit.plugins.simple_controller_manager]: Returned 2 controllers in list
[move_group-8] [INFO] [1787663826.004384527] [move_group.moveit.moveit.plugins.simple_controller_manager]: Returned 2 controllers in list
[move_group-8] [INFO] [1787663826.004511120] [moveit.simple_controller_manager.follow_joint_trajectory_controller_handle]: sending trajectory to joint_trajectory_controller
[gazebo-2] [INFO] [1787663826.004740045] [joint_trajectory_controller]: Received new action goal
[gazebo-2] [INFO] [1787663826.004771851] [joint_trajectory_controller]: Accepted new action goal
[move_group-8] [INFO] [1787663826.005007184] [moveit.simple_controller_manager.follow_joint_trajectory_controller_handle]: joint_trajectory_controller started execution
[move_group-8] [INFO] [1787663826.005020045] [moveit.simple_controller_manager.follow_joint_trajectory_controller_handle]: Goal request accepted!
[gazebo-2] [INFO] [1787663830.688802552] [joint_trajectory_controller]: Goal reached, success!
[move_group-8] [INFO] [1787663830.705169187] [moveit.simple_controller_manager.follow_joint_trajectory_controller_handle]: Controller 'joint_trajectory_controller' successfully finished
[move_group-8] [INFO] [1787663830.771851277] [move_group.moveit.moveit.ros.trajectory_execution_manager]: Completed trajectory execution with status SUCCEEDED ...
[move_group-8] [INFO] [1787663830.774447698] [move_group.moveit.moveit.ros.move_group.move_action]: Solution was found and executed.
[move_group-8] [INFO] [1787663831.466256901] [move_group.moveit.moveit.ros.move_group.move_action]: MoveGroupMoveAction: Received request
[move_group-8] [INFO] [1787663831.466472682] [move_group.moveit.moveit.ros.move_group.move_action]: executing..
[move_group-8] [INFO] [1787663831.467991027] [move_group.moveit.moveit.ros.move_group.move_action]: Combined planning and execution request received for MoveGroup action. Forwarding to planning and execution pipeline.
[move_group-8] [WARN] [1787663831.468109771] [move_group.moveit.moveit.ros.move_group.capability]: Execution of motions should always start at the robot's current state. Ignoring the state supplied as start state in the motion planning request
[move_group-8] [WARN] [1787663831.468134161] [move_group.moveit.moveit.ros.move_group.capability]: Execution of motions should always start at the robot's current state. Ignoring the state supplied as difference in the planning scene diff
[move_group-8] [INFO] [1787663831.468143431] [move_group.moveit.moveit.ros.plan_execution]: Planning attempt 1 of at most 1
[move_group-8] [INFO] [1787663831.468270068] [move_group]: Calling PlanningRequestAdapter 'CheckStartStateBounds'
[move_group-8] [INFO] [1787663831.468312899] [move_group]: Calling PlanningRequestAdapter 'CheckStartStateCollision'
[move_group-8] [INFO] [1787663831.468356341] [move_group]: Calling PlanningRequestAdapter 'ResolveConstraintFrames'
[move_group-8] [INFO] [1787663831.468368770] [move_group]: Calling PlanningRequestAdapter 'ValidateWorkspaceBounds'
[move_group-8] [INFO] [1787663831.468647982] [move_group.moveit.moveit.planners.ompl.model_based_planning_context]: Planner configuration 'ar_manipulator' will use planner 'geometric::RRTConnect'. Additional configuration parameters will be set when the planner is constructed.
[move_group-8] [INFO] [1787663831.468741275] [move_group]: Calling Planner 'OMPL'
[move_group-8] [INFO] [1787663831.493146459] [move_group]: Calling PlanningResponseAdapter 'AddTimeOptimalParameterization'
[move_group-8] [WARN] [1787663831.493205210] [move_group.moveit.moveit.core.time_optimal_trajectory_generation]: Invalid max_velocity_scaling_factor 0.000000 specified, defaulting to 1.000000 instead.
[move_group-8] [WARN] [1787663831.493230238] [move_group.moveit.moveit.core.time_optimal_trajectory_generation]: Invalid max_acceleration_scaling_factor 0.000000 specified, defaulting to 1.000000 instead.
[move_group-8] [INFO] [1787663831.495016131] [move_group]: Calling PlanningResponseAdapter 'ValidateSolution'
[move_group-8] [WARN] [1787663831.495482100] [move_group.moveit.moveit.ros.planning_pipeline]: The planner plugin did not fill out the 'planner_id' field of the MotionPlanResponse. Setting it to the planner ID name of the MotionPlanRequest assuming that the planner plugin does warn you if it does not use the requested planner.
[move_group-8] [INFO] [1787663831.495592663] [move_group.moveit.moveit.plugins.simple_controller_manager]: Returned 2 controllers in list
[move_group-8] [INFO] [1787663831.495619204] [move_group.moveit.moveit.plugins.simple_controller_manager]: Returned 2 controllers in list
[move_group-8] [INFO] [1787663831.495705009] [move_group.moveit.moveit.ros.trajectory_execution_manager]: Validating trajectory with allowed_start_tolerance 0.01
[move_group-8] [INFO] [1787663831.499017559] [move_group.moveit.moveit.ros.trajectory_execution_manager]: Starting trajectory execution ...
[move_group-8] [INFO] [1787663831.499081044] [move_group.moveit.moveit.plugins.simple_controller_manager]: Returned 2 controllers in list
[move_group-8] [INFO] [1787663831.499111230] [move_group.moveit.moveit.plugins.simple_controller_manager]: Returned 2 controllers in list
[move_group-8] [INFO] [1787663831.499209643] [moveit.simple_controller_manager.follow_joint_trajectory_controller_handle]: sending trajectory to joint_trajectory_controller
[gazebo-2] [INFO] [1787663831.499875986] [joint_trajectory_controller]: Received new action goal
[gazebo-2] [INFO] [1787663831.500133225] [joint_trajectory_controller]: Accepted new action goal
[move_group-8] [INFO] [1787663831.500676440] [moveit.simple_controller_manager.follow_joint_trajectory_controller_handle]: joint_trajectory_controller started execution
[move_group-8] [INFO] [1787663831.500719622] [moveit.simple_controller_manager.follow_joint_trajectory_controller_handle]: Goal request accepted!
[gazebo-2] [INFO] [1787663836.596252738] [joint_trajectory_controller]: Goal reached, success!
[move_group-8] [INFO] [1787663836.600884322] [moveit.simple_controller_manager.follow_joint_trajectory_controller_handle]: Controller 'joint_trajectory_controller' successfully finished
[move_group-8] [INFO] [1787663836.637101209] [move_group.moveit.moveit.ros.trajectory_execution_manager]: Completed trajectory execution with status SUCCEEDED ...
[move_group-8] [INFO] [1787663836.639179490] [move_group.moveit.moveit.ros.move_group.move_action]: Solution was found and executed.
[move_group-8] [INFO] [1787663837.409474816] [move_group.moveit.moveit.ros.move_group.move_action]: MoveGroupMoveAction: Received request
[move_group-8] [INFO] [1787663837.409688563] [move_group.moveit.moveit.ros.move_group.move_action]: executing..
[move_group-8] [INFO] [1787663837.412374661] [move_group.moveit.moveit.ros.move_group.move_action]: Combined planning and execution request received for MoveGroup action. Forwarding to planning and execution pipeline.
[move_group-8] [WARN] [1787663837.412447641] [move_group.moveit.moveit.ros.move_group.capability]: Execution of motions should always start at the robot's current state. Ignoring the state supplied as start state in the motion planning request
[move_group-8] [WARN] [1787663837.412464488] [move_group.moveit.moveit.ros.move_group.capability]: Execution of motions should always start at the robot's current state. Ignoring the state supplied as difference in the planning scene diff
[move_group-8] [INFO] [1787663837.412473434] [move_group.moveit.moveit.ros.plan_execution]: Planning attempt 1 of at most 1
[move_group-8] [INFO] [1787663837.412602835] [move_group]: Calling PlanningRequestAdapter 'CheckStartStateBounds'
[move_group-8] [INFO] [1787663837.412637052] [move_group]: Calling PlanningRequestAdapter 'CheckStartStateCollision'
[move_group-8] [INFO] [1787663837.412700402] [move_group]: Calling PlanningRequestAdapter 'ResolveConstraintFrames'
[move_group-8] [INFO] [1787663837.412718807] [move_group]: Calling PlanningRequestAdapter 'ValidateWorkspaceBounds'
[move_group-8] [INFO] [1787663837.413014615] [move_group.moveit.moveit.planners.ompl.model_based_planning_context]: Planner configuration 'ar_manipulator' will use planner 'geometric::RRTConnect'. Additional configuration parameters will be set when the planner is constructed.
[move_group-8] [INFO] [1787663837.413086722] [move_group]: Calling Planner 'OMPL'
[move_group-8] [INFO] [1787663837.436120135] [move_group]: Calling PlanningResponseAdapter 'AddTimeOptimalParameterization'
[move_group-8] [WARN] [1787663837.436179354] [move_group.moveit.moveit.core.time_optimal_trajectory_generation]: Invalid max_velocity_scaling_factor 0.000000 specified, defaulting to 1.000000 instead.
[move_group-8] [WARN] [1787663837.436193745] [move_group.moveit.moveit.core.time_optimal_trajectory_generation]: Invalid max_acceleration_scaling_factor 0.000000 specified, defaulting to 1.000000 instead.
[move_group-8] [INFO] [1787663837.438070653] [move_group]: Calling PlanningResponseAdapter 'ValidateSolution'
[move_group-8] [WARN] [1787663837.438405998] [move_group.moveit.moveit.ros.planning_pipeline]: The planner plugin did not fill out the 'planner_id' field of the MotionPlanResponse. Setting it to the planner ID name of the MotionPlanRequest assuming that the planner plugin does warn you if it does not use the requested planner.
[move_group-8] [INFO] [1787663837.438605832] [move_group.moveit.moveit.plugins.simple_controller_manager]: Returned 2 controllers in list
[move_group-8] [INFO] [1787663837.438636539] [move_group.moveit.moveit.plugins.simple_controller_manager]: Returned 2 controllers in list
[move_group-8] [INFO] [1787663837.438727465] [move_group.moveit.moveit.ros.trajectory_execution_manager]: Validating trajectory with allowed_start_tolerance 0.01
[move_group-8] [INFO] [1787663837.456482867] [move_group.moveit.moveit.ros.trajectory_execution_manager]: Starting trajectory execution ...
[move_group-8] [INFO] [1787663837.456611088] [move_group.moveit.moveit.plugins.simple_controller_manager]: Returned 2 controllers in list
[move_group-8] [INFO] [1787663837.456649914] [move_group.moveit.moveit.plugins.simple_controller_manager]: Returned 2 controllers in list
[move_group-8] [INFO] [1787663837.456772834] [moveit.simple_controller_manager.follow_joint_trajectory_controller_handle]: sending trajectory to joint_trajectory_controller
[gazebo-2] [INFO] [1787663837.457297330] [joint_trajectory_controller]: Received new action goal
[gazebo-2] [INFO] [1787663837.457335310] [joint_trajectory_controller]: Accepted new action goal
[move_group-8] [INFO] [1787663837.457642809] [moveit.simple_controller_manager.follow_joint_trajectory_controller_handle]: joint_trajectory_controller started execution
[move_group-8] [INFO] [1787663837.457707545] [moveit.simple_controller_manager.follow_joint_trajectory_controller_handle]: Goal request accepted!
[gazebo-2] [INFO] [1787663846.161828135] [joint_trajectory_controller]: Goal reached, success!
[move_group-8] [INFO] [1787663846.192845073] [moveit.simple_controller_manager.follow_joint_trajectory_controller_handle]: Controller 'joint_trajectory_controller' successfully finished
[move_group-8] [INFO] [1787663846.232714895] [move_group.moveit.moveit.ros.trajectory_execution_manager]: Completed trajectory execution with status SUCCEEDED ...
[move_group-8] [INFO] [1787663846.241504646] [move_group.moveit.moveit.ros.move_group.move_action]: Solution was found and executed.
[move_group-8] [INFO] [1787663847.904830518] [move_group.moveit.moveit.ros.move_group.move_action]: MoveGroupMoveAction: Received request
[move_group-8] [INFO] [1787663847.905090276] [move_group.moveit.moveit.ros.move_group.move_action]: executing..
[move_group-8] [INFO] [1787663847.917124121] [move_group.moveit.moveit.ros.move_group.move_action]: Combined planning and execution request received for MoveGroup action. Forwarding to planning and execution pipeline.
[move_group-8] [WARN] [1787663847.917242643] [move_group.moveit.moveit.ros.move_group.capability]: Execution of motions should always start at the robot's current state. Ignoring the state supplied as start state in the motion planning request
[move_group-8] [WARN] [1787663847.918482223] [move_group.moveit.moveit.ros.move_group.capability]: Execution of motions should always start at the robot's current state. Ignoring the state supplied as difference in the planning scene diff
[move_group-8] [INFO] [1787663847.918506375] [move_group.moveit.moveit.ros.plan_execution]: Planning attempt 1 of at most 1
[move_group-8] [INFO] [1787663847.918806697] [move_group]: Calling PlanningRequestAdapter 'CheckStartStateBounds'
[move_group-8] [INFO] [1787663847.918846542] [move_group]: Calling PlanningRequestAdapter 'CheckStartStateCollision'
[move_group-8] [INFO] [1787663847.919526055] [move_group]: Calling PlanningRequestAdapter 'ResolveConstraintFrames'
[move_group-8] [INFO] [1787663847.919556953] [move_group]: Calling PlanningRequestAdapter 'ValidateWorkspaceBounds'
[move_group-8] [INFO] [1787663847.920884161] [move_group.moveit.moveit.planners.ompl.model_based_planning_context]: Planner configuration 'ar_manipulator' will use planner 'geometric::RRTConnect'. Additional configuration parameters will be set when the planner is constructed.
[move_group-8] [INFO] [1787663847.921544393] [move_group]: Calling Planner 'OMPL'
[move_group-8] [INFO] [1787663847.937046145] [move_group]: Calling PlanningResponseAdapter 'AddTimeOptimalParameterization'
[move_group-8] [WARN] [1787663847.937130793] [move_group.moveit.moveit.core.time_optimal_trajectory_generation]: Invalid max_velocity_scaling_factor 0.000000 specified, defaulting to 1.000000 instead.
[move_group-8] [WARN] [1787663847.937156106] [move_group.moveit.moveit.core.time_optimal_trajectory_generation]: Invalid max_acceleration_scaling_factor 0.000000 specified, defaulting to 1.000000 instead.
[move_group-8] [INFO] [1787663847.938428422] [move_group]: Calling PlanningResponseAdapter 'ValidateSolution'
[move_group-8] [WARN] [1787663847.938819381] [move_group.moveit.moveit.ros.planning_pipeline]: The planner plugin did not fill out the 'planner_id' field of the MotionPlanResponse. Setting it to the planner ID name of the MotionPlanRequest assuming that the planner plugin does warn you if it does not use the requested planner.
[move_group-8] [INFO] [1787663847.938960313] [move_group.moveit.moveit.plugins.simple_controller_manager]: Returned 2 controllers in list
[move_group-8] [INFO] [1787663847.939000831] [move_group.moveit.moveit.plugins.simple_controller_manager]: Returned 2 controllers in list
[move_group-8] [INFO] [1787663847.939067952] [move_group.moveit.moveit.ros.trajectory_execution_manager]: Validating trajectory with allowed_start_tolerance 0.01
[move_group-8] [INFO] [1787663847.970272076] [move_group.moveit.moveit.ros.trajectory_execution_manager]: Starting trajectory execution ...
[move_group-8] [INFO] [1787663847.970354955] [move_group.moveit.moveit.plugins.simple_controller_manager]: Returned 2 controllers in list
[move_group-8] [INFO] [1787663847.970398799] [move_group.moveit.moveit.plugins.simple_controller_manager]: Returned 2 controllers in list
[move_group-8] [INFO] [1787663847.970597831] [moveit.simple_controller_manager.follow_joint_trajectory_controller_handle]: sending trajectory to joint_trajectory_controller
[gazebo-2] [INFO] [1787663847.970836976] [joint_trajectory_controller]: Received new action goal
[gazebo-2] [INFO] [1787663847.970871623] [joint_trajectory_controller]: Accepted new action goal
[move_group-8] [INFO] [1787663847.972575864] [moveit.simple_controller_manager.follow_joint_trajectory_controller_handle]: joint_trajectory_controller started execution
[move_group-8] [INFO] [1787663847.972653361] [moveit.simple_controller_manager.follow_joint_trajectory_controller_handle]: Goal request accepted!
[gazebo-2] [INFO] [1787663852.206873312] [joint_trajectory_controller]: Goal reached, success!
[move_group-8] [INFO] [1787663852.221414920] [moveit.simple_controller_manager.follow_joint_trajectory_controller_handle]: Controller 'joint_trajectory_controller' successfully finished
[move_group-8] [INFO] [1787663852.250520424] [move_group.moveit.moveit.ros.trajectory_execution_manager]: Completed trajectory execution with status SUCCEEDED ...
[move_group-8] [INFO] [1787663852.250949449] [move_group.moveit.moveit.ros.move_group.move_action]: Solution was found and executed.
[move_group-8] [INFO] [1787663853.909817751] [move_group.moveit.moveit.ros.move_group.move_action]: MoveGroupMoveAction: Received request
[move_group-8] [INFO] [1787663853.910030613] [move_group.moveit.moveit.ros.move_group.move_action]: executing..
[move_group-8] [INFO] [1787663853.920491328] [move_group.moveit.moveit.ros.move_group.move_action]: Combined planning and execution request received for MoveGroup action. Forwarding to planning and execution pipeline.
[move_group-8] [WARN] [1787663853.920561158] [move_group.moveit.moveit.ros.move_group.capability]: Execution of motions should always start at the robot's current state. Ignoring the state supplied as start state in the motion planning request
[move_group-8] [WARN] [1787663853.920580383] [move_group.moveit.moveit.ros.move_group.capability]: Execution of motions should always start at the robot's current state. Ignoring the state supplied as difference in the planning scene diff
[move_group-8] [INFO] [1787663853.920590740] [move_group.moveit.moveit.ros.plan_execution]: Planning attempt 1 of at most 1
[move_group-8] [INFO] [1787663853.920705212] [move_group]: Calling PlanningRequestAdapter 'CheckStartStateBounds'
[move_group-8] [INFO] [1787663853.920737095] [move_group]: Calling PlanningRequestAdapter 'CheckStartStateCollision'
[move_group-8] [INFO] [1787663853.920793866] [move_group]: Calling PlanningRequestAdapter 'ResolveConstraintFrames'
[move_group-8] [INFO] [1787663853.920811127] [move_group]: Calling PlanningRequestAdapter 'ValidateWorkspaceBounds'
[move_group-8] [INFO] [1787663853.921050228] [move_group.moveit.moveit.planners.ompl.model_based_planning_context]: Planner configuration 'ar_manipulator' will use planner 'geometric::RRTConnect'. Additional configuration parameters will be set when the planner is constructed.
[move_group-8] [INFO] [1787663853.921119876] [move_group]: Calling Planner 'OMPL'
[move_group-8] [INFO] [1787663853.934387601] [move_group]: Calling PlanningResponseAdapter 'AddTimeOptimalParameterization'
[move_group-8] [WARN] [1787663853.934455723] [move_group.moveit.moveit.core.time_optimal_trajectory_generation]: Invalid max_velocity_scaling_factor 0.000000 specified, defaulting to 1.000000 instead.
[move_group-8] [WARN] [1787663853.934477688] [move_group.moveit.moveit.core.time_optimal_trajectory_generation]: Invalid max_acceleration_scaling_factor 0.000000 specified, defaulting to 1.000000 instead.
[move_group-8] [INFO] [1787663853.935790797] [move_group]: Calling PlanningResponseAdapter 'ValidateSolution'
[move_group-8] [WARN] [1787663853.936010664] [move_group.moveit.moveit.ros.planning_pipeline]: The planner plugin did not fill out the 'planner_id' field of the MotionPlanResponse. Setting it to the planner ID name of the MotionPlanRequest assuming that the planner plugin does warn you if it does not use the requested planner.
[move_group-8] [INFO] [1787663853.936128963] [move_group.moveit.moveit.plugins.simple_controller_manager]: Returned 2 controllers in list
[move_group-8] [INFO] [1787663853.936147375] [move_group.moveit.moveit.plugins.simple_controller_manager]: Returned 2 controllers in list
[move_group-8] [INFO] [1787663853.936197396] [move_group.moveit.moveit.ros.trajectory_execution_manager]: Validating trajectory with allowed_start_tolerance 0.01
[move_group-8] [INFO] [1787663853.967831618] [move_group.moveit.moveit.ros.trajectory_execution_manager]: Starting trajectory execution ...
[move_group-8] [INFO] [1787663853.967923195] [move_group.moveit.moveit.plugins.simple_controller_manager]: Returned 2 controllers in list
[move_group-8] [INFO] [1787663853.967956713] [move_group.moveit.moveit.plugins.simple_controller_manager]: Returned 2 controllers in list
[move_group-8] [INFO] [1787663853.968407186] [moveit.simple_controller_manager.follow_joint_trajectory_controller_handle]: sending trajectory to joint_trajectory_controller
[gazebo-2] [INFO] [1787663853.968677176] [joint_trajectory_controller]: Received new action goal
[gazebo-2] [INFO] [1787663853.968707425] [joint_trajectory_controller]: Accepted new action goal
[move_group-8] [INFO] [1787663853.968942370] [moveit.simple_controller_manager.follow_joint_trajectory_controller_handle]: joint_trajectory_controller started execution
[move_group-8] [INFO] [1787663853.968954060] [moveit.simple_controller_manager.follow_joint_trajectory_controller_handle]: Goal request accepted!
[gazebo-2] [INFO] [1787663858.229747549] [joint_trajectory_controller]: Goal reached, success!
[move_group-8] [INFO] [1787663858.269484066] [moveit.simple_controller_manager.follow_joint_trajectory_controller_handle]: Controller 'joint_trajectory_controller' successfully finished
[move_group-8] [INFO] [1787663858.320923048] [move_group.moveit.moveit.ros.trajectory_execution_manager]: Completed trajectory execution with status SUCCEEDED ...
[move_group-8] [INFO] [1787663858.328252525] [move_group.moveit.moveit.ros.move_group.move_action]: Solution was found and executed.
[move_group-8] [INFO] [1787663858.999363180] [move_group.moveit.moveit.ros.move_group.move_action]: MoveGroupMoveAction: Received request
[move_group-8] [INFO] [1787663858.999615411] [move_group.moveit.moveit.ros.move_group.move_action]: executing..
[move_group-8] [INFO] [1787663859.001052477] [move_group.moveit.moveit.ros.move_group.move_action]: Combined planning and execution request received for MoveGroup action. Forwarding to planning and execution pipeline.
[move_group-8] [WARN] [1787663859.001102220] [move_group.moveit.moveit.ros.move_group.capability]: Execution of motions should always start at the robot's current state. Ignoring the state supplied as start state in the motion planning request
[move_group-8] [WARN] [1787663859.001128527] [move_group.moveit.moveit.ros.move_group.capability]: Execution of motions should always start at the robot's current state. Ignoring the state supplied as difference in the planning scene diff
[move_group-8] [INFO] [1787663859.001143205] [move_group.moveit.moveit.ros.plan_execution]: Planning attempt 1 of at most 1
[move_group-8] [INFO] [1787663859.001258494] [move_group]: Calling PlanningRequestAdapter 'CheckStartStateBounds'
[move_group-8] [INFO] [1787663859.001296878] [move_group]: Calling PlanningRequestAdapter 'CheckStartStateCollision'
[move_group-8] [INFO] [1787663859.001346099] [move_group]: Calling PlanningRequestAdapter 'ResolveConstraintFrames'
[move_group-8] [INFO] [1787663859.001359824] [move_group]: Calling PlanningRequestAdapter 'ValidateWorkspaceBounds'
[move_group-8] [INFO] [1787663859.001669744] [move_group.moveit.moveit.planners.ompl.model_based_planning_context]: Planner configuration 'ar_manipulator' will use planner 'geometric::RRTConnect'. Additional configuration parameters will be set when the planner is constructed.
[move_group-8] [INFO] [1787663859.001756962] [move_group]: Calling Planner 'OMPL'
[move_group-8] [INFO] [1787663859.038642281] [move_group]: Calling PlanningResponseAdapter 'AddTimeOptimalParameterization'
[move_group-8] [WARN] [1787663859.038699682] [move_group.moveit.moveit.core.time_optimal_trajectory_generation]: Invalid max_velocity_scaling_factor 0.000000 specified, defaulting to 1.000000 instead.
[move_group-8] [WARN] [1787663859.038716296] [move_group.moveit.moveit.core.time_optimal_trajectory_generation]: Invalid max_acceleration_scaling_factor 0.000000 specified, defaulting to 1.000000 instead.
[move_group-8] [INFO] [1787663859.040668479] [move_group]: Calling PlanningResponseAdapter 'ValidateSolution'
[move_group-8] [WARN] [1787663859.040948915] [move_group.moveit.moveit.ros.planning_pipeline]: The planner plugin did not fill out the 'planner_id' field of the MotionPlanResponse. Setting it to the planner ID name of the MotionPlanRequest assuming that the planner plugin does warn you if it does not use the requested planner.
[move_group-8] [INFO] [1787663859.041055294] [move_group.moveit.moveit.plugins.simple_controller_manager]: Returned 2 controllers in list
[move_group-8] [INFO] [1787663859.041077235] [move_group.moveit.moveit.plugins.simple_controller_manager]: Returned 2 controllers in list
[move_group-8] [INFO] [1787663859.041148118] [move_group.moveit.moveit.ros.trajectory_execution_manager]: Validating trajectory with allowed_start_tolerance 0.01
[move_group-8] [INFO] [1787663859.087611755] [move_group.moveit.moveit.ros.trajectory_execution_manager]: Starting trajectory execution ...
[move_group-8] [INFO] [1787663859.087711852] [move_group.moveit.moveit.plugins.simple_controller_manager]: Returned 2 controllers in list
[move_group-8] [INFO] [1787663859.087745340] [move_group.moveit.moveit.plugins.simple_controller_manager]: Returned 2 controllers in list
[move_group-8] [INFO] [1787663859.087883930] [moveit.simple_controller_manager.follow_joint_trajectory_controller_handle]: sending trajectory to joint_trajectory_controller
[gazebo-2] [INFO] [1787663859.092968206] [joint_trajectory_controller]: Received new action goal
[gazebo-2] [INFO] [1787663859.093042401] [joint_trajectory_controller]: Accepted new action goal
[move_group-8] [INFO] [1787663859.095975015] [moveit.simple_controller_manager.follow_joint_trajectory_controller_handle]: joint_trajectory_controller started execution
[move_group-8] [INFO] [1787663859.096018178] [moveit.simple_controller_manager.follow_joint_trajectory_controller_handle]: Goal request accepted!
[gazebo-2] [INFO] [1787663863.493926736] [joint_trajectory_controller]: Goal reached, success!
[move_group-8] [INFO] [1787663863.494151649] [moveit.simple_controller_manager.follow_joint_trajectory_controller_handle]: Controller 'joint_trajectory_controller' successfully finished
[move_group-8] [INFO] [1787663863.494239271] [move_group.moveit.moveit.ros.trajectory_execution_manager]: Completed trajectory execution with status SUCCEEDED ...
[move_group-8] [INFO] [1787663863.497756597] [move_group.moveit.moveit.ros.move_group.move_action]: Solution was found and executed.
[move_group-8] [INFO] [1787663864.280353840] [move_group.moveit.moveit.ros.move_group.move_action]: MoveGroupMoveAction: Received request
[move_group-8] [INFO] [1787663864.280584094] [move_group.moveit.moveit.ros.move_group.move_action]: executing..
[move_group-8] [INFO] [1787663864.282718277] [move_group.moveit.moveit.ros.move_group.move_action]: Combined planning and execution request received for MoveGroup action. Forwarding to planning and execution pipeline.
[move_group-8] [WARN] [1787663864.282786551] [move_group.moveit.moveit.ros.move_group.capability]: Execution of motions should always start at the robot's current state. Ignoring the state supplied as start state in the motion planning request
[move_group-8] [WARN] [1787663864.282807439] [move_group.moveit.moveit.ros.move_group.capability]: Execution of motions should always start at the robot's current state. Ignoring the state supplied as difference in the planning scene diff
[move_group-8] [INFO] [1787663864.282823585] [move_group.moveit.moveit.ros.plan_execution]: Planning attempt 1 of at most 1
[move_group-8] [INFO] [1787663864.282954966] [move_group]: Calling PlanningRequestAdapter 'CheckStartStateBounds'
[move_group-8] [INFO] [1787663864.282998093] [move_group]: Calling PlanningRequestAdapter 'CheckStartStateCollision'
[move_group-8] [INFO] [1787663864.283068796] [move_group]: Calling PlanningRequestAdapter 'ResolveConstraintFrames'
[move_group-8] [INFO] [1787663864.283092718] [move_group]: Calling PlanningRequestAdapter 'ValidateWorkspaceBounds'
[move_group-8] [INFO] [1787663864.283386969] [move_group.moveit.moveit.planners.ompl.model_based_planning_context]: Planner configuration 'ar_manipulator' will use planner 'geometric::RRTConnect'. Additional configuration parameters will be set when the planner is constructed.
[move_group-8] [INFO] [1787663864.283479632] [move_group]: Calling Planner 'OMPL'
[move_group-8] [INFO] [1787663864.299033254] [move_group]: Calling PlanningResponseAdapter 'AddTimeOptimalParameterization'
[move_group-8] [WARN] [1787663864.299093518] [move_group.moveit.moveit.core.time_optimal_trajectory_generation]: Invalid max_velocity_scaling_factor 0.000000 specified, defaulting to 1.000000 instead.
[move_group-8] [WARN] [1787663864.299112975] [move_group.moveit.moveit.core.time_optimal_trajectory_generation]: Invalid max_acceleration_scaling_factor 0.000000 specified, defaulting to 1.000000 instead.
[move_group-8] [INFO] [1787663864.299825019] [move_group]: Calling PlanningResponseAdapter 'ValidateSolution'
[move_group-8] [WARN] [1787663864.300040477] [move_group.moveit.moveit.ros.planning_pipeline]: The planner plugin did not fill out the 'planner_id' field of the MotionPlanResponse. Setting it to the planner ID name of the MotionPlanRequest assuming that the planner plugin does warn you if it does not use the requested planner.
[move_group-8] [INFO] [1787663864.300137351] [move_group.moveit.moveit.plugins.simple_controller_manager]: Returned 2 controllers in list
[move_group-8] [INFO] [1787663864.300161264] [move_group.moveit.moveit.plugins.simple_controller_manager]: Returned 2 controllers in list
[move_group-8] [INFO] [1787663864.300229564] [move_group.moveit.moveit.ros.trajectory_execution_manager]: Validating trajectory with allowed_start_tolerance 0.01
[move_group-8] [INFO] [1787663864.318316657] [move_group.moveit.moveit.ros.trajectory_execution_manager]: Starting trajectory execution ...
[move_group-8] [INFO] [1787663864.318399393] [move_group.moveit.moveit.plugins.simple_controller_manager]: Returned 2 controllers in list
[move_group-8] [INFO] [1787663864.318434321] [move_group.moveit.moveit.plugins.simple_controller_manager]: Returned 2 controllers in list
[move_group-8] [INFO] [1787663864.318536083] [moveit.simple_controller_manager.follow_joint_trajectory_controller_handle]: sending trajectory to joint_trajectory_controller
[gazebo-2] [INFO] [1787663864.318816645] [joint_trajectory_controller]: Received new action goal
[gazebo-2] [INFO] [1787663864.318848982] [joint_trajectory_controller]: Accepted new action goal
[move_group-8] [INFO] [1787663864.320842647] [moveit.simple_controller_manager.follow_joint_trajectory_controller_handle]: joint_trajectory_controller started execution
[move_group-8] [INFO] [1787663864.320879258] [moveit.simple_controller_manager.follow_joint_trajectory_controller_handle]: Goal request accepted!
[gazebo-2] [INFO] [1787663866.591647679] [joint_trajectory_controller]: Goal reached, success!
[move_group-8] [INFO] [1787663866.619330238] [moveit.simple_controller_manager.follow_joint_trajectory_controller_handle]: Controller 'joint_trajectory_controller' successfully finished
[move_group-8] [INFO] [1787663866.628772444] [move_group.moveit.moveit.ros.trajectory_execution_manager]: Completed trajectory execution with status SUCCEEDED ...
[move_group-8] [INFO] [1787663866.638473356] [move_group.moveit.moveit.ros.move_group.move_action]: Solution was found and executed.
[move_group-8] [INFO] [1787663868.296941261] [move_group.moveit.moveit.ros.move_group.move_action]: MoveGroupMoveAction: Received request
[move_group-8] [INFO] [1787663868.297198590] [move_group.moveit.moveit.ros.move_group.move_action]: executing..
[move_group-8] [INFO] [1787663868.307278969] [move_group.moveit.moveit.ros.move_group.move_action]: Combined planning and execution request received for MoveGroup action. Forwarding to planning and execution pipeline.
[move_group-8] [WARN] [1787663868.307402498] [move_group.moveit.moveit.ros.move_group.capability]: Execution of motions should always start at the robot's current state. Ignoring the state supplied as start state in the motion planning request
[move_group-8] [WARN] [1787663868.307730634] [move_group.moveit.moveit.ros.move_group.capability]: Execution of motions should always start at the robot's current state. Ignoring the state supplied as difference in the planning scene diff
[move_group-8] [INFO] [1787663868.307748921] [move_group.moveit.moveit.ros.plan_execution]: Planning attempt 1 of at most 1
[move_group-8] [INFO] [1787663868.307903117] [move_group]: Calling PlanningRequestAdapter 'CheckStartStateBounds'
[move_group-8] [INFO] [1787663868.307939449] [move_group]: Calling PlanningRequestAdapter 'CheckStartStateCollision'
[move_group-8] [INFO] [1787663868.307991846] [move_group]: Calling PlanningRequestAdapter 'ResolveConstraintFrames'
[move_group-8] [INFO] [1787663868.308007740] [move_group]: Calling PlanningRequestAdapter 'ValidateWorkspaceBounds'
[move_group-8] [INFO] [1787663868.308282642] [move_group.moveit.moveit.planners.ompl.model_based_planning_context]: Planner configuration 'ar_manipulator' will use planner 'geometric::RRTConnect'. Additional configuration parameters will be set when the planner is constructed.
[move_group-8] [INFO] [1787663868.308359636] [move_group]: Calling Planner 'OMPL'
[move_group-8] [INFO] [1787663868.331284054] [move_group]: Calling PlanningResponseAdapter 'AddTimeOptimalParameterization'
[move_group-8] [WARN] [1787663868.331357655] [move_group.moveit.moveit.core.time_optimal_trajectory_generation]: Invalid max_velocity_scaling_factor 0.000000 specified, defaulting to 1.000000 instead.
[move_group-8] [WARN] [1787663868.331381199] [move_group.moveit.moveit.core.time_optimal_trajectory_generation]: Invalid max_acceleration_scaling_factor 0.000000 specified, defaulting to 1.000000 instead.
[move_group-8] [INFO] [1787663868.332865919] [move_group]: Calling PlanningResponseAdapter 'ValidateSolution'
[move_group-8] [WARN] [1787663868.333211254] [move_group.moveit.moveit.ros.planning_pipeline]: The planner plugin did not fill out the 'planner_id' field of the MotionPlanResponse. Setting it to the planner ID name of the MotionPlanRequest assuming that the planner plugin does warn you if it does not use the requested planner.
[move_group-8] [INFO] [1787663868.333374521] [move_group.moveit.moveit.plugins.simple_controller_manager]: Returned 2 controllers in list
[move_group-8] [INFO] [1787663868.333403123] [move_group.moveit.moveit.plugins.simple_controller_manager]: Returned 2 controllers in list
[move_group-8] [INFO] [1787663868.333485049] [move_group.moveit.moveit.ros.trajectory_execution_manager]: Validating trajectory with allowed_start_tolerance 0.01
[move_group-8] [INFO] [1787663868.353084068] [move_group.moveit.moveit.ros.trajectory_execution_manager]: Starting trajectory execution ...
[move_group-8] [INFO] [1787663868.353177892] [move_group.moveit.moveit.plugins.simple_controller_manager]: Returned 2 controllers in list
[move_group-8] [INFO] [1787663868.353219481] [move_group.moveit.moveit.plugins.simple_controller_manager]: Returned 2 controllers in list
[move_group-8] [INFO] [1787663868.353334211] [moveit.simple_controller_manager.follow_joint_trajectory_controller_handle]: sending trajectory to joint_trajectory_controller
[gazebo-2] [INFO] [1787663868.353848222] [joint_trajectory_controller]: Received new action goal
[gazebo-2] [INFO] [1787663868.353882719] [joint_trajectory_controller]: Accepted new action goal
[move_group-8] [INFO] [1787663868.354939747] [moveit.simple_controller_manager.follow_joint_trajectory_controller_handle]: joint_trajectory_controller started execution
[move_group-8] [INFO] [1787663868.354970049] [moveit.simple_controller_manager.follow_joint_trajectory_controller_handle]: Goal request accepted!
[gazebo-2] [INFO] [1787663873.098342362] [joint_trajectory_controller]: Goal reached, success!
[move_group-8] [INFO] [1787663873.104544257] [moveit.simple_controller_manager.follow_joint_trajectory_controller_handle]: Controller 'joint_trajectory_controller' successfully finished
[move_group-8] [INFO] [1787663873.172066639] [move_group.moveit.moveit.ros.trajectory_execution_manager]: Completed trajectory execution with status SUCCEEDED ...
[move_group-8] [INFO] [1787663873.173233260] [move_group.moveit.moveit.ros.move_group.move_action]: Solution was found and executed.
[move_group-8] [INFO] [1787663873.915528651] [move_group.moveit.moveit.ros.move_group.move_action]: MoveGroupMoveAction: Received request
[move_group-8] [INFO] [1787663873.915779014] [move_group.moveit.moveit.ros.move_group.move_action]: executing..
[move_group-8] [INFO] [1787663873.956356111] [move_group.moveit.moveit.ros.move_group.move_action]: Combined planning and execution request received for MoveGroup action. Forwarding to planning and execution pipeline.
[move_group-8] [WARN] [1787663873.956443905] [move_group.moveit.moveit.ros.move_group.capability]: Execution of motions should always start at the robot's current state. Ignoring the state supplied as start state in the motion planning request
[move_group-8] [WARN] [1787663873.956464479] [move_group.moveit.moveit.ros.move_group.capability]: Execution of motions should always start at the robot's current state. Ignoring the state supplied as difference in the planning scene diff
[move_group-8] [INFO] [1787663873.956476161] [move_group.moveit.moveit.ros.plan_execution]: Planning attempt 1 of at most 1
[move_group-8] [INFO] [1787663873.956622319] [move_group]: Calling PlanningRequestAdapter 'CheckStartStateBounds'
[move_group-8] [INFO] [1787663873.956657617] [move_group]: Calling PlanningRequestAdapter 'CheckStartStateCollision'
[move_group-8] [INFO] [1787663873.956714451] [move_group]: Calling PlanningRequestAdapter 'ResolveConstraintFrames'
[move_group-8] [INFO] [1787663873.956732910] [move_group]: Calling PlanningRequestAdapter 'ValidateWorkspaceBounds'
[move_group-8] [INFO] [1787663873.957036341] [move_group.moveit.moveit.planners.ompl.model_based_planning_context]: Planner configuration 'ar_manipulator' will use planner 'geometric::RRTConnect'. Additional configuration parameters will be set when the planner is constructed.
[move_group-8] [INFO] [1787663873.957117412] [move_group]: Calling Planner 'OMPL'
[move_group-8] [INFO] [1787663873.976970467] [move_group]: Calling PlanningResponseAdapter 'AddTimeOptimalParameterization'
[move_group-8] [WARN] [1787663873.977032404] [move_group.moveit.moveit.core.time_optimal_trajectory_generation]: Invalid max_velocity_scaling_factor 0.000000 specified, defaulting to 1.000000 instead.
[move_group-8] [WARN] [1787663873.977049855] [move_group.moveit.moveit.core.time_optimal_trajectory_generation]: Invalid max_acceleration_scaling_factor 0.000000 specified, defaulting to 1.000000 instead.
[move_group-8] [INFO] [1787663873.979406080] [move_group]: Calling PlanningResponseAdapter 'ValidateSolution'
[move_group-8] [WARN] [1787663873.980186752] [move_group.moveit.moveit.ros.planning_pipeline]: The planner plugin did not fill out the 'planner_id' field of the MotionPlanResponse. Setting it to the planner ID name of the MotionPlanRequest assuming that the planner plugin does warn you if it does not use the requested planner.
[move_group-8] [INFO] [1787663873.981136366] [move_group.moveit.moveit.plugins.simple_controller_manager]: Returned 2 controllers in list
[move_group-8] [INFO] [1787663873.981184848] [move_group.moveit.moveit.plugins.simple_controller_manager]: Returned 2 controllers in list
[move_group-8] [INFO] [1787663873.981267863] [move_group.moveit.moveit.ros.trajectory_execution_manager]: Validating trajectory with allowed_start_tolerance 0.01
[move_group-8] [INFO] [1787663873.986809652] [move_group.moveit.moveit.ros.trajectory_execution_manager]: Starting trajectory execution ...
[move_group-8] [INFO] [1787663873.986913025] [move_group.moveit.moveit.plugins.simple_controller_manager]: Returned 2 controllers in list
[move_group-8] [INFO] [1787663873.986945298] [move_group.moveit.moveit.plugins.simple_controller_manager]: Returned 2 controllers in list
[move_group-8] [INFO] [1787663873.987045809] [moveit.simple_controller_manager.follow_joint_trajectory_controller_handle]: sending trajectory to joint_trajectory_controller
[gazebo-2] [INFO] [1787663873.987430239] [joint_trajectory_controller]: Received new action goal
[gazebo-2] [INFO] [1787663873.987461172] [joint_trajectory_controller]: Accepted new action goal
[move_group-8] [INFO] [1787663873.987648338] [moveit.simple_controller_manager.follow_joint_trajectory_controller_handle]: joint_trajectory_controller started execution
[move_group-8] [INFO] [1787663873.987660848] [moveit.simple_controller_manager.follow_joint_trajectory_controller_handle]: Goal request accepted!
[gazebo-2] [INFO] [1787663883.056906320] [joint_trajectory_controller]: Goal reached, success!
[move_group-8] [INFO] [1787663883.079729422] [moveit.simple_controller_manager.follow_joint_trajectory_controller_handle]: Controller 'joint_trajectory_controller' successfully finished
[move_group-8] [INFO] [1787663883.108660756] [move_group.moveit.moveit.ros.trajectory_execution_manager]: Completed trajectory execution with status SUCCEEDED ...
[move_group-8] [INFO] [1787663883.118762452] [move_group.moveit.moveit.ros.move_group.move_action]: Solution was found and executed.
[move_group-8] [INFO] [1787663883.884407891] [move_group.moveit.moveit.ros.move_group.move_action]: MoveGroupMoveAction: Received request
[move_group-8] [INFO] [1787663883.885061029] [move_group.moveit.moveit.ros.move_group.move_action]: executing..
[move_group-8] [INFO] [1787663883.885711661] [move_group.moveit.moveit.ros.move_group.move_action]: Combined planning and execution request received for MoveGroup action. Forwarding to planning and execution pipeline.
[move_group-8] [WARN] [1787663883.885748598] [move_group.moveit.moveit.ros.move_group.capability]: Execution of motions should always start at the robot's current state. Ignoring the state supplied as start state in the motion planning request
[move_group-8] [WARN] [1787663883.885807372] [move_group.moveit.moveit.ros.move_group.capability]: Execution of motions should always start at the robot's current state. Ignoring the state supplied as difference in the planning scene diff
[move_group-8] [INFO] [1787663883.885825680] [move_group.moveit.moveit.ros.plan_execution]: Planning attempt 1 of at most 1
[move_group-8] [INFO] [1787663883.885984367] [move_group]: Calling PlanningRequestAdapter 'CheckStartStateBounds'
[move_group-8] [INFO] [1787663883.886055579] [move_group]: Calling PlanningRequestAdapter 'CheckStartStateCollision'
[move_group-8] [INFO] [1787663883.886124000] [move_group]: Calling PlanningRequestAdapter 'ResolveConstraintFrames'
[move_group-8] [INFO] [1787663883.886145071] [move_group]: Calling PlanningRequestAdapter 'ValidateWorkspaceBounds'
[move_group-8] [INFO] [1787663883.886405449] [move_group.moveit.moveit.planners.ompl.model_based_planning_context]: Planner configuration 'ar_manipulator' will use planner 'geometric::RRTConnect'. Additional configuration parameters will be set when the planner is constructed.
[move_group-8] [INFO] [1787663883.886488050] [move_group]: Calling Planner 'OMPL'
[move_group-8] [INFO] [1787663883.898771978] [move_group]: Calling PlanningResponseAdapter 'AddTimeOptimalParameterization'
[move_group-8] [WARN] [1787663883.898821538] [move_group.moveit.moveit.core.time_optimal_trajectory_generation]: Invalid max_velocity_scaling_factor 0.000000 specified, defaulting to 1.000000 instead.
[move_group-8] [WARN] [1787663883.898833387] [move_group.moveit.moveit.core.time_optimal_trajectory_generation]: Invalid max_acceleration_scaling_factor 0.000000 specified, defaulting to 1.000000 instead.
[move_group-8] [INFO] [1787663883.899233886] [move_group]: Calling PlanningResponseAdapter 'ValidateSolution'
[move_group-8] [WARN] [1787663883.899345832] [move_group.moveit.moveit.ros.planning_pipeline]: The planner plugin did not fill out the 'planner_id' field of the MotionPlanResponse. Setting it to the planner ID name of the MotionPlanRequest assuming that the planner plugin does warn you if it does not use the requested planner.
[move_group-8] [INFO] [1787663883.899429612] [move_group.moveit.moveit.plugins.simple_controller_manager]: Returned 2 controllers in list
[move_group-8] [INFO] [1787663883.899449587] [move_group.moveit.moveit.plugins.simple_controller_manager]: Returned 2 controllers in list
[move_group-8] [INFO] [1787663883.899491712] [move_group.moveit.moveit.ros.trajectory_execution_manager]: Validating trajectory with allowed_start_tolerance 0.01
[move_group-8] [INFO] [1787663883.920559639] [move_group.moveit.moveit.ros.trajectory_execution_manager]: Starting trajectory execution ...
[move_group-8] [INFO] [1787663883.920662132] [move_group.moveit.moveit.plugins.simple_controller_manager]: Returned 2 controllers in list
[move_group-8] [INFO] [1787663883.920699078] [move_group.moveit.moveit.plugins.simple_controller_manager]: Returned 2 controllers in list
[move_group-8] [INFO] [1787663883.920823656] [moveit.simple_controller_manager.follow_joint_trajectory_controller_handle]: sending trajectory to joint_trajectory_controller
[gazebo-2] [INFO] [1787663883.923301140] [joint_trajectory_controller]: Received new action goal
[gazebo-2] [INFO] [1787663883.923355925] [joint_trajectory_controller]: Accepted new action goal
[move_group-8] [INFO] [1787663883.923958314] [moveit.simple_controller_manager.follow_joint_trajectory_controller_handle]: joint_trajectory_controller started execution
[move_group-8] [INFO] [1787663883.924008574] [moveit.simple_controller_manager.follow_joint_trajectory_controller_handle]: Goal request accepted!
[gazebo-2] [INFO] [1787663886.571396771] [joint_trajectory_controller]: Goal reached, success!
[move_group-8] [INFO] [1787663886.573802719] [moveit.simple_controller_manager.follow_joint_trajectory_controller_handle]: Controller 'joint_trajectory_controller' successfully finished
[move_group-8] [INFO] [1787663886.629056238] [move_group.moveit.moveit.ros.trajectory_execution_manager]: Completed trajectory execution with status SUCCEEDED ...
[move_group-8] [INFO] [1787663886.630698493] [move_group.moveit.moveit.ros.move_group.move_action]: Solution was found and executed.
[move_group-8] [INFO] [1787663887.348932388] [move_group.moveit.moveit.ros.move_group.move_action]: MoveGroupMoveAction: Received request
[move_group-8] [INFO] [1787663887.349159869] [move_group.moveit.moveit.ros.move_group.move_action]: executing..
[move_group-8] [INFO] [1787663887.379727378] [move_group.moveit.moveit.ros.move_group.move_action]: Combined planning and execution request received for MoveGroup action. Forwarding to planning and execution pipeline.
[move_group-8] [WARN] [1787663887.379826524] [move_group.moveit.moveit.ros.move_group.capability]: Execution of motions should always start at the robot's current state. Ignoring the state supplied as start state in the motion planning request
[move_group-8] [WARN] [1787663887.379845390] [move_group.moveit.moveit.ros.move_group.capability]: Execution of motions should always start at the robot's current state. Ignoring the state supplied as difference in the planning scene diff
[move_group-8] [INFO] [1787663887.379857465] [move_group.moveit.moveit.ros.plan_execution]: Planning attempt 1 of at most 1
[move_group-8] [INFO] [1787663887.380057784] [move_group]: Calling PlanningRequestAdapter 'CheckStartStateBounds'
[move_group-8] [INFO] [1787663887.380103401] [move_group]: Calling PlanningRequestAdapter 'CheckStartStateCollision'
[move_group-8] [INFO] [1787663887.380168266] [move_group]: Calling PlanningRequestAdapter 'ResolveConstraintFrames'
[move_group-8] [INFO] [1787663887.380183937] [move_group]: Calling PlanningRequestAdapter 'ValidateWorkspaceBounds'
[move_group-8] [INFO] [1787663887.380554320] [move_group.moveit.moveit.planners.ompl.model_based_planning_context]: Planner configuration 'ar_manipulator' will use planner 'geometric::RRTConnect'. Additional configuration parameters will be set when the planner is constructed.
[move_group-8] [INFO] [1787663887.380640388] [move_group]: Calling Planner 'OMPL'
[move_group-8] [INFO] [1787663887.394824581] [move_group]: Calling PlanningResponseAdapter 'AddTimeOptimalParameterization'
[move_group-8] [WARN] [1787663887.394867386] [move_group.moveit.moveit.core.time_optimal_trajectory_generation]: Invalid max_velocity_scaling_factor 0.000000 specified, defaulting to 1.000000 instead.
[move_group-8] [WARN] [1787663887.394890140] [move_group.moveit.moveit.core.time_optimal_trajectory_generation]: Invalid max_acceleration_scaling_factor 0.000000 specified, defaulting to 1.000000 instead.
[move_group-8] [INFO] [1787663887.396215871] [move_group]: Calling PlanningResponseAdapter 'ValidateSolution'
[move_group-8] [WARN] [1787663887.396536995] [move_group.moveit.moveit.ros.planning_pipeline]: The planner plugin did not fill out the 'planner_id' field of the MotionPlanResponse. Setting it to the planner ID name of the MotionPlanRequest assuming that the planner plugin does warn you if it does not use the requested planner.
[move_group-8] [INFO] [1787663887.396654405] [move_group.moveit.moveit.plugins.simple_controller_manager]: Returned 2 controllers in list
[move_group-8] [INFO] [1787663887.396687856] [move_group.moveit.moveit.plugins.simple_controller_manager]: Returned 2 controllers in list
[move_group-8] [INFO] [1787663887.396760525] [move_group.moveit.moveit.ros.trajectory_execution_manager]: Validating trajectory with allowed_start_tolerance 0.01
[move_group-8] [INFO] [1787663887.400102702] [move_group.moveit.moveit.ros.trajectory_execution_manager]: Starting trajectory execution ...
[move_group-8] [INFO] [1787663887.400178529] [move_group.moveit.moveit.plugins.simple_controller_manager]: Returned 2 controllers in list
[move_group-8] [INFO] [1787663887.400211350] [move_group.moveit.moveit.plugins.simple_controller_manager]: Returned 2 controllers in list
[move_group-8] [INFO] [1787663887.400334391] [moveit.simple_controller_manager.follow_joint_trajectory_controller_handle]: sending trajectory to joint_trajectory_controller
[gazebo-2] [INFO] [1787663887.400601821] [joint_trajectory_controller]: Received new action goal
[gazebo-2] [INFO] [1787663887.400634322] [joint_trajectory_controller]: Accepted new action goal
[move_group-8] [INFO] [1787663887.400914949] [moveit.simple_controller_manager.follow_joint_trajectory_controller_handle]: joint_trajectory_controller started execution
[move_group-8] [INFO] [1787663887.400928375] [moveit.simple_controller_manager.follow_joint_trajectory_controller_handle]: Goal request accepted!
[gazebo-2] [INFO] [1787663891.650056677] [joint_trajectory_controller]: Goal reached, success!
[move_group-8] [INFO] [1787663891.651811916] [moveit.simple_controller_manager.follow_joint_trajectory_controller_handle]: Controller 'joint_trajectory_controller' successfully finished
[move_group-8] [INFO] [1787663891.737473810] [move_group.moveit.moveit.ros.trajectory_execution_manager]: Completed trajectory execution with status SUCCEEDED ...
[move_group-8] [INFO] [1787663891.740318542] [move_group.moveit.moveit.ros.move_group.move_action]: Solution was found and executed.
[move_group-8] [INFO] [1787663892.483556841] [move_group.moveit.moveit.ros.move_group.move_action]: MoveGroupMoveAction: Received request
[move_group-8] [INFO] [1787663892.483777723] [move_group.moveit.moveit.ros.move_group.move_action]: executing..
[move_group-8] [INFO] [1787663892.485323470] [move_group.moveit.moveit.ros.move_group.move_action]: Combined planning and execution request received for MoveGroup action. Forwarding to planning and execution pipeline.
[move_group-8] [WARN] [1787663892.485384858] [move_group.moveit.moveit.ros.move_group.capability]: Execution of motions should always start at the robot's current state. Ignoring the state supplied as start state in the motion planning request
[move_group-8] [WARN] [1787663892.485406316] [move_group.moveit.moveit.ros.move_group.capability]: Execution of motions should always start at the robot's current state. Ignoring the state supplied as difference in the planning scene diff
[move_group-8] [INFO] [1787663892.485418199] [move_group.moveit.moveit.ros.plan_execution]: Planning attempt 1 of at most 1
[move_group-8] [INFO] [1787663892.485552357] [move_group]: Calling PlanningRequestAdapter 'CheckStartStateBounds'
[move_group-8] [INFO] [1787663892.485591457] [move_group]: Calling PlanningRequestAdapter 'CheckStartStateCollision'
[move_group-8] [INFO] [1787663892.485650307] [move_group]: Calling PlanningRequestAdapter 'ResolveConstraintFrames'
[move_group-8] [INFO] [1787663892.485675261] [move_group]: Calling PlanningRequestAdapter 'ValidateWorkspaceBounds'
[move_group-8] [INFO] [1787663892.486550480] [move_group.moveit.moveit.planners.ompl.model_based_planning_context]: Planner configuration 'ar_manipulator' will use planner 'geometric::RRTConnect'. Additional configuration parameters will be set when the planner is constructed.
[move_group-8] [INFO] [1787663892.486626279] [move_group]: Calling Planner 'OMPL'
[move_group-8] [INFO] [1787663892.520234787] [move_group]: Calling PlanningResponseAdapter 'AddTimeOptimalParameterization'
[move_group-8] [WARN] [1787663892.520319129] [move_group.moveit.moveit.core.time_optimal_trajectory_generation]: Invalid max_velocity_scaling_factor 0.000000 specified, defaulting to 1.000000 instead.
[move_group-8] [WARN] [1787663892.520371199] [move_group.moveit.moveit.core.time_optimal_trajectory_generation]: Invalid max_acceleration_scaling_factor 0.000000 specified, defaulting to 1.000000 instead.
[move_group-8] [INFO] [1787663892.522807659] [move_group]: Calling PlanningResponseAdapter 'ValidateSolution'
[move_group-8] [WARN] [1787663892.523405417] [move_group.moveit.moveit.ros.planning_pipeline]: The planner plugin did not fill out the 'planner_id' field of the MotionPlanResponse. Setting it to the planner ID name of the MotionPlanRequest assuming that the planner plugin does warn you if it does not use the requested planner.
[move_group-8] [INFO] [1787663892.523573171] [move_group.moveit.moveit.plugins.simple_controller_manager]: Returned 2 controllers in list
[move_group-8] [INFO] [1787663892.523605189] [move_group.moveit.moveit.plugins.simple_controller_manager]: Returned 2 controllers in list
[move_group-8] [INFO] [1787663892.523688956] [move_group.moveit.moveit.ros.trajectory_execution_manager]: Validating trajectory with allowed_start_tolerance 0.01
[move_group-8] [INFO] [1787663892.539391438] [move_group.moveit.moveit.ros.trajectory_execution_manager]: Starting trajectory execution ...
[move_group-8] [INFO] [1787663892.539486733] [move_group.moveit.moveit.plugins.simple_controller_manager]: Returned 2 controllers in list
[move_group-8] [INFO] [1787663892.539522438] [move_group.moveit.moveit.plugins.simple_controller_manager]: Returned 2 controllers in list
[move_group-8] [INFO] [1787663892.539617085] [moveit.simple_controller_manager.follow_joint_trajectory_controller_handle]: sending trajectory to joint_trajectory_controller
[gazebo-2] [INFO] [1787663892.539857535] [joint_trajectory_controller]: Received new action goal
[gazebo-2] [INFO] [1787663892.539889790] [joint_trajectory_controller]: Accepted new action goal
[move_group-8] [INFO] [1787663892.540493776] [moveit.simple_controller_manager.follow_joint_trajectory_controller_handle]: joint_trajectory_controller started execution
[move_group-8] [INFO] [1787663892.540508352] [moveit.simple_controller_manager.follow_joint_trajectory_controller_handle]: Goal request accepted!
[gazebo-2] [INFO] [1787663898.064463846] [joint_trajectory_controller]: Goal reached, success!
[move_group-8] [INFO] [1787663898.090430079] [moveit.simple_controller_manager.follow_joint_trajectory_controller_handle]: Controller 'joint_trajectory_controller' successfully finished
[move_group-8] [INFO] [1787663898.109191195] [move_group.moveit.moveit.ros.trajectory_execution_manager]: Completed trajectory execution with status SUCCEEDED ...
[move_group-8] [INFO] [1787663898.111883614] [move_group.moveit.moveit.ros.move_group.move_action]: Solution was found and executed.
[move_group-8] [INFO] [1787663898.856551254] [move_group.moveit.moveit.ros.move_group.move_action]: MoveGroupMoveAction: Received request
[move_group-8] [INFO] [1787663898.856759425] [move_group.moveit.moveit.ros.move_group.move_action]: executing..
[move_group-8] [INFO] [1787663898.870306650] [move_group.moveit.moveit.ros.move_group.move_action]: Combined planning and execution request received for MoveGroup action. Forwarding to planning and execution pipeline.
[move_group-8] [WARN] [1787663898.870392869] [move_group.moveit.moveit.ros.move_group.capability]: Execution of motions should always start at the robot's current state. Ignoring the state supplied as start state in the motion planning request
[move_group-8] [WARN] [1787663898.870458074] [move_group.moveit.moveit.ros.move_group.capability]: Execution of motions should always start at the robot's current state. Ignoring the state supplied as difference in the planning scene diff
[move_group-8] [INFO] [1787663898.870474768] [move_group.moveit.moveit.ros.plan_execution]: Planning attempt 1 of at most 1
[move_group-8] [INFO] [1787663898.870588293] [move_group]: Calling PlanningRequestAdapter 'CheckStartStateBounds'
[move_group-8] [INFO] [1787663898.870628261] [move_group]: Calling PlanningRequestAdapter 'CheckStartStateCollision'
[move_group-8] [INFO] [1787663898.870695050] [move_group]: Calling PlanningRequestAdapter 'ResolveConstraintFrames'
[move_group-8] [INFO] [1787663898.870713310] [move_group]: Calling PlanningRequestAdapter 'ValidateWorkspaceBounds'
[move_group-8] [INFO] [1787663898.871011693] [move_group.moveit.moveit.planners.ompl.model_based_planning_context]: Planner configuration 'ar_manipulator' will use planner 'geometric::RRTConnect'. Additional configuration parameters will be set when the planner is constructed.
[move_group-8] [INFO] [1787663898.871209465] [move_group]: Calling Planner 'OMPL'
[move_group-8] [INFO] [1787663898.884482810] [move_group]: Calling PlanningResponseAdapter 'AddTimeOptimalParameterization'
[move_group-8] [WARN] [1787663898.884535216] [move_group.moveit.moveit.core.time_optimal_trajectory_generation]: Invalid max_velocity_scaling_factor 0.000000 specified, defaulting to 1.000000 instead.
[move_group-8] [WARN] [1787663898.884546961] [move_group.moveit.moveit.core.time_optimal_trajectory_generation]: Invalid max_acceleration_scaling_factor 0.000000 specified, defaulting to 1.000000 instead.
[move_group-8] [INFO] [1787663898.885214321] [move_group]: Calling PlanningResponseAdapter 'ValidateSolution'
[move_group-8] [WARN] [1787663898.885510426] [move_group.moveit.moveit.ros.planning_pipeline]: The planner plugin did not fill out the 'planner_id' field of the MotionPlanResponse. Setting it to the planner ID name of the MotionPlanRequest assuming that the planner plugin does warn you if it does not use the requested planner.
[move_group-8] [INFO] [1787663898.885660913] [move_group.moveit.moveit.plugins.simple_controller_manager]: Returned 2 controllers in list
[move_group-8] [INFO] [1787663898.885684331] [move_group.moveit.moveit.plugins.simple_controller_manager]: Returned 2 controllers in list
[move_group-8] [INFO] [1787663898.885748680] [move_group.moveit.moveit.ros.trajectory_execution_manager]: Validating trajectory with allowed_start_tolerance 0.01
[move_group-8] [INFO] [1787663898.918092429] [move_group.moveit.moveit.ros.trajectory_execution_manager]: Starting trajectory execution ...
[move_group-8] [INFO] [1787663898.921443669] [move_group.moveit.moveit.plugins.simple_controller_manager]: Returned 2 controllers in list
[move_group-8] [INFO] [1787663898.921531472] [move_group.moveit.moveit.plugins.simple_controller_manager]: Returned 2 controllers in list
[move_group-8] [INFO] [1787663898.921661007] [moveit.simple_controller_manager.follow_joint_trajectory_controller_handle]: sending trajectory to joint_trajectory_controller
[gazebo-2] [INFO] [1787663898.922301875] [joint_trajectory_controller]: Received new action goal
[gazebo-2] [INFO] [1787663898.922344706] [joint_trajectory_controller]: Accepted new action goal
[move_group-8] [INFO] [1787663898.922566274] [moveit.simple_controller_manager.follow_joint_trajectory_controller_handle]: joint_trajectory_controller started execution
[move_group-8] [INFO] [1787663898.922609996] [moveit.simple_controller_manager.follow_joint_trajectory_controller_handle]: Goal request accepted!
[gazebo-2] [INFO] [1787663902.618966010] [joint_trajectory_controller]: Goal reached, success!
[move_group-8] [INFO] [1787663902.622795288] [moveit.simple_controller_manager.follow_joint_trajectory_controller_handle]: Controller 'joint_trajectory_controller' successfully finished
[move_group-8] [INFO] [1787663902.692200182] [move_group.moveit.moveit.ros.trajectory_execution_manager]: Completed trajectory execution with status SUCCEEDED ...
[move_group-8] [INFO] [1787663902.698745216] [move_group.moveit.moveit.ros.move_group.move_action]: Solution was found and executed.
[move_group-8] [INFO] [1787663903.371907416] [move_group.moveit.moveit.ros.move_group.move_action]: MoveGroupMoveAction: Received request
[move_group-8] [INFO] [1787663903.372140459] [move_group.moveit.moveit.ros.move_group.move_action]: executing..
[move_group-8] [INFO] [1787663903.391940683] [move_group.moveit.moveit.ros.move_group.move_action]: Combined planning and execution request received for MoveGroup action. Forwarding to planning and execution pipeline.
[move_group-8] [WARN] [1787663903.392025786] [move_group.moveit.moveit.ros.move_group.capability]: Execution of motions should always start at the robot's current state. Ignoring the state supplied as start state in the motion planning request
[move_group-8] [WARN] [1787663903.392046288] [move_group.moveit.moveit.ros.move_group.capability]: Execution of motions should always start at the robot's current state. Ignoring the state supplied as difference in the planning scene diff
[move_group-8] [INFO] [1787663903.392058609] [move_group.moveit.moveit.ros.plan_execution]: Planning attempt 1 of at most 1
[move_group-8] [INFO] [1787663903.392224189] [move_group]: Calling PlanningRequestAdapter 'CheckStartStateBounds'
[move_group-8] [INFO] [1787663903.392258982] [move_group]: Calling PlanningRequestAdapter 'CheckStartStateCollision'
[move_group-8] [INFO] [1787663903.392315034] [move_group]: Calling PlanningRequestAdapter 'ResolveConstraintFrames'
[move_group-8] [INFO] [1787663903.392340242] [move_group]: Calling PlanningRequestAdapter 'ValidateWorkspaceBounds'
[move_group-8] [INFO] [1787663903.392644844] [move_group.moveit.moveit.planners.ompl.model_based_planning_context]: Planner configuration 'ar_manipulator' will use planner 'geometric::RRTConnect'. Additional configuration parameters will be set when the planner is constructed.
[move_group-8] [INFO] [1787663903.392729884] [move_group]: Calling Planner 'OMPL'
[move_group-8] [INFO] [1787663903.407656735] [move_group]: Calling PlanningResponseAdapter 'AddTimeOptimalParameterization'
[move_group-8] [WARN] [1787663903.407768877] [move_group.moveit.moveit.core.time_optimal_trajectory_generation]: Invalid max_velocity_scaling_factor 0.000000 specified, defaulting to 1.000000 instead.
[move_group-8] [WARN] [1787663903.407814336] [move_group.moveit.moveit.core.time_optimal_trajectory_generation]: Invalid max_acceleration_scaling_factor 0.000000 specified, defaulting to 1.000000 instead.
[move_group-8] [INFO] [1787663903.409134552] [move_group]: Calling PlanningResponseAdapter 'ValidateSolution'
[move_group-8] [WARN] [1787663903.409598397] [move_group.moveit.moveit.ros.planning_pipeline]: The planner plugin did not fill out the 'planner_id' field of the MotionPlanResponse. Setting it to the planner ID name of the MotionPlanRequest assuming that the planner plugin does warn you if it does not use the requested planner.
[move_group-8] [INFO] [1787663903.409737202] [move_group.moveit.moveit.plugins.simple_controller_manager]: Returned 2 controllers in list
[move_group-8] [INFO] [1787663903.409766191] [move_group.moveit.moveit.plugins.simple_controller_manager]: Returned 2 controllers in list
[move_group-8] [INFO] [1787663903.409837965] [move_group.moveit.moveit.ros.trajectory_execution_manager]: Validating trajectory with allowed_start_tolerance 0.01
[move_group-8] [INFO] [1787663903.427035727] [move_group.moveit.moveit.ros.trajectory_execution_manager]: Starting trajectory execution ...
[move_group-8] [INFO] [1787663903.427168296] [move_group.moveit.moveit.plugins.simple_controller_manager]: Returned 2 controllers in list
[move_group-8] [INFO] [1787663903.427215896] [move_group.moveit.moveit.plugins.simple_controller_manager]: Returned 2 controllers in list
[move_group-8] [INFO] [1787663903.427339051] [moveit.simple_controller_manager.follow_joint_trajectory_controller_handle]: sending trajectory to joint_trajectory_controller
[gazebo-2] [INFO] [1787663903.427719777] [joint_trajectory_controller]: Received new action goal
[gazebo-2] [INFO] [1787663903.427753905] [joint_trajectory_controller]: Accepted new action goal
[move_group-8] [INFO] [1787663903.428126135] [moveit.simple_controller_manager.follow_joint_trajectory_controller_handle]: joint_trajectory_controller started execution
[move_group-8] [INFO] [1787663903.428188513] [moveit.simple_controller_manager.follow_joint_trajectory_controller_handle]: Goal request accepted!
[gazebo-2] [INFO] [1787663907.587664920] [joint_trajectory_controller]: Goal reached, success!
[move_group-8] [INFO] [1787663907.628185613] [moveit.simple_controller_manager.follow_joint_trajectory_controller_handle]: Controller 'joint_trajectory_controller' successfully finished
[move_group-8] [INFO] [1787663907.694189056] [move_group.moveit.moveit.ros.trajectory_execution_manager]: Completed trajectory execution with status SUCCEEDED ...
[move_group-8] [INFO] [1787663907.700784472] [move_group.moveit.moveit.ros.move_group.move_action]: Solution was found and executed.
[move_group-8] [INFO] [1787663908.371291159] [move_group.moveit.moveit.ros.move_group.move_action]: MoveGroupMoveAction: Received request
[move_group-8] [INFO] [1787663908.371516800] [move_group.moveit.moveit.ros.move_group.move_action]: executing..
[move_group-8] [INFO] [1787663908.403947286] [move_group.moveit.moveit.ros.move_group.move_action]: Combined planning and execution request received for MoveGroup action. Forwarding to planning and execution pipeline.
[move_group-8] [WARN] [1787663908.404024964] [move_group.moveit.moveit.ros.move_group.capability]: Execution of motions should always start at the robot's current state. Ignoring the state supplied as start state in the motion planning request
[move_group-8] [WARN] [1787663908.404046501] [move_group.moveit.moveit.ros.move_group.capability]: Execution of motions should always start at the robot's current state. Ignoring the state supplied as difference in the planning scene diff
[move_group-8] [INFO] [1787663908.404057363] [move_group.moveit.moveit.ros.plan_execution]: Planning attempt 1 of at most 1
[move_group-8] [INFO] [1787663908.404225607] [move_group]: Calling PlanningRequestAdapter 'CheckStartStateBounds'
[move_group-8] [INFO] [1787663908.404266773] [move_group]: Calling PlanningRequestAdapter 'CheckStartStateCollision'
[move_group-8] [INFO] [1787663908.404364916] [move_group]: Calling PlanningRequestAdapter 'ResolveConstraintFrames'
[move_group-8] [INFO] [1787663908.404387686] [move_group]: Calling PlanningRequestAdapter 'ValidateWorkspaceBounds'
[move_group-8] [INFO] [1787663908.404726964] [move_group.moveit.moveit.planners.ompl.model_based_planning_context]: Planner configuration 'ar_manipulator' will use planner 'geometric::RRTConnect'. Additional configuration parameters will be set when the planner is constructed.
[move_group-8] [INFO] [1787663908.404825792] [move_group]: Calling Planner 'OMPL'
[move_group-8] [INFO] [1787663908.429515918] [move_group]: Calling PlanningResponseAdapter 'AddTimeOptimalParameterization'
[move_group-8] [WARN] [1787663908.429580438] [move_group.moveit.moveit.core.time_optimal_trajectory_generation]: Invalid max_velocity_scaling_factor 0.000000 specified, defaulting to 1.000000 instead.
[move_group-8] [WARN] [1787663908.429599158] [move_group.moveit.moveit.core.time_optimal_trajectory_generation]: Invalid max_acceleration_scaling_factor 0.000000 specified, defaulting to 1.000000 instead.
[move_group-8] [INFO] [1787663908.438656373] [move_group]: Calling PlanningResponseAdapter 'ValidateSolution'
[move_group-8] [WARN] [1787663908.439461224] [move_group.moveit.moveit.ros.planning_pipeline]: The planner plugin did not fill out the 'planner_id' field of the MotionPlanResponse. Setting it to the planner ID name of the MotionPlanRequest assuming that the planner plugin does warn you if it does not use the requested planner.
[move_group-8] [INFO] [1787663908.439760047] [move_group.moveit.moveit.plugins.simple_controller_manager]: Returned 2 controllers in list
[move_group-8] [INFO] [1787663908.439791546] [move_group.moveit.moveit.plugins.simple_controller_manager]: Returned 2 controllers in list
[move_group-8] [INFO] [1787663908.440076375] [move_group.moveit.moveit.ros.trajectory_execution_manager]: Validating trajectory with allowed_start_tolerance 0.01
[move_group-8] [INFO] [1787663908.445134740] [move_group.moveit.moveit.ros.trajectory_execution_manager]: Starting trajectory execution ...
[move_group-8] [INFO] [1787663908.445212211] [move_group.moveit.moveit.plugins.simple_controller_manager]: Returned 2 controllers in list
[move_group-8] [INFO] [1787663908.445246563] [move_group.moveit.moveit.plugins.simple_controller_manager]: Returned 2 controllers in list
[move_group-8] [INFO] [1787663908.445346516] [moveit.simple_controller_manager.follow_joint_trajectory_controller_handle]: sending trajectory to joint_trajectory_controller
[gazebo-2] [INFO] [1787663908.447343447] [joint_trajectory_controller]: Received new action goal
[gazebo-2] [INFO] [1787663908.447395467] [joint_trajectory_controller]: Accepted new action goal
[move_group-8] [INFO] [1787663908.447741544] [moveit.simple_controller_manager.follow_joint_trajectory_controller_handle]: joint_trajectory_controller started execution
[move_group-8] [INFO] [1787663908.447806542] [moveit.simple_controller_manager.follow_joint_trajectory_controller_handle]: Goal request accepted!
[gazebo-2] [INFO] [1787663916.836939873] [joint_trajectory_controller]: Goal reached, success!
[move_group-8] [INFO] [1787663916.846966127] [moveit.simple_controller_manager.follow_joint_trajectory_controller_handle]: Controller 'joint_trajectory_controller' successfully finished
[move_group-8] [INFO] [1787663916.912810830] [move_group.moveit.moveit.ros.trajectory_execution_manager]: Completed trajectory execution with status SUCCEEDED ...
[move_group-8] [INFO] [1787663916.914372430] [move_group.moveit.moveit.ros.move_group.move_action]: Solution was found and executed.
[move_group-8] [INFO] [1787663917.648522971] [move_group.moveit.moveit.ros.move_group.move_action]: MoveGroupMoveAction: Received request
[move_group-8] [INFO] [1787663917.648745573] [move_group.moveit.moveit.ros.move_group.move_action]: executing..
[move_group-8] [INFO] [1787663917.653203631] [move_group.moveit.moveit.ros.move_group.move_action]: Combined planning and execution request received for MoveGroup action. Forwarding to planning and execution pipeline.
[move_group-8] [WARN] [1787663917.653298191] [move_group.moveit.moveit.ros.move_group.capability]: Execution of motions should always start at the robot's current state. Ignoring the state supplied as start state in the motion planning request
[move_group-8] [WARN] [1787663917.653323913] [move_group.moveit.moveit.ros.move_group.capability]: Execution of motions should always start at the robot's current state. Ignoring the state supplied as difference in the planning scene diff
[move_group-8] [INFO] [1787663917.653339602] [move_group.moveit.moveit.ros.plan_execution]: Planning attempt 1 of at most 1
[move_group-8] [INFO] [1787663917.653479322] [move_group]: Calling PlanningRequestAdapter 'CheckStartStateBounds'
[move_group-8] [INFO] [1787663917.653548722] [move_group]: Calling PlanningRequestAdapter 'CheckStartStateCollision'
[move_group-8] [INFO] [1787663917.653597909] [move_group]: Calling PlanningRequestAdapter 'ResolveConstraintFrames'
[move_group-8] [INFO] [1787663917.653613920] [move_group]: Calling PlanningRequestAdapter 'ValidateWorkspaceBounds'
[move_group-8] [INFO] [1787663917.653891150] [move_group.moveit.moveit.planners.ompl.model_based_planning_context]: Planner configuration 'ar_manipulator' will use planner 'geometric::RRTConnect'. Additional configuration parameters will be set when the planner is constructed.
[move_group-8] [INFO] [1787663917.653977326] [move_group]: Calling Planner 'OMPL'
[move_group-8] [INFO] [1787663917.668731256] [move_group]: Calling PlanningResponseAdapter 'AddTimeOptimalParameterization'
[move_group-8] [WARN] [1787663917.668794409] [move_group.moveit.moveit.core.time_optimal_trajectory_generation]: Invalid max_velocity_scaling_factor 0.000000 specified, defaulting to 1.000000 instead.
[move_group-8] [WARN] [1787663917.668813480] [move_group.moveit.moveit.core.time_optimal_trajectory_generation]: Invalid max_acceleration_scaling_factor 0.000000 specified, defaulting to 1.000000 instead.
[move_group-8] [INFO] [1787663917.669488865] [move_group]: Calling PlanningResponseAdapter 'ValidateSolution'
[move_group-8] [WARN] [1787663917.669677017] [move_group.moveit.moveit.ros.planning_pipeline]: The planner plugin did not fill out the 'planner_id' field of the MotionPlanResponse. Setting it to the planner ID name of the MotionPlanRequest assuming that the planner plugin does warn you if it does not use the requested planner.
[move_group-8] [INFO] [1787663917.669797087] [move_group.moveit.moveit.plugins.simple_controller_manager]: Returned 2 controllers in list
[move_group-8] [INFO] [1787663917.669821657] [move_group.moveit.moveit.plugins.simple_controller_manager]: Returned 2 controllers in list
[move_group-8] [INFO] [1787663917.669882157] [move_group.moveit.moveit.ros.trajectory_execution_manager]: Validating trajectory with allowed_start_tolerance 0.01
[move_group-8] [INFO] [1787663917.690942534] [move_group.moveit.moveit.ros.trajectory_execution_manager]: Starting trajectory execution ...
[move_group-8] [INFO] [1787663917.691039728] [move_group.moveit.moveit.plugins.simple_controller_manager]: Returned 2 controllers in list
[move_group-8] [INFO] [1787663917.691083857] [move_group.moveit.moveit.plugins.simple_controller_manager]: Returned 2 controllers in list
[move_group-8] [INFO] [1787663917.691199145] [moveit.simple_controller_manager.follow_joint_trajectory_controller_handle]: sending trajectory to joint_trajectory_controller
[gazebo-2] [INFO] [1787663917.691445213] [joint_trajectory_controller]: Received new action goal
[gazebo-2] [INFO] [1787663917.691479217] [joint_trajectory_controller]: Accepted new action goal
[move_group-8] [INFO] [1787663917.691656235] [moveit.simple_controller_manager.follow_joint_trajectory_controller_handle]: joint_trajectory_controller started execution
[move_group-8] [INFO] [1787663917.691760229] [moveit.simple_controller_manager.follow_joint_trajectory_controller_handle]: Goal request accepted!
[gazebo-2] [INFO] [1787663920.325922748] [joint_trajectory_controller]: Goal reached, success!
[move_group-8] [INFO] [1787663920.341958405] [moveit.simple_controller_manager.follow_joint_trajectory_controller_handle]: Controller 'joint_trajectory_controller' successfully finished
[move_group-8] [INFO] [1787663920.388425173] [move_group.moveit.moveit.ros.trajectory_execution_manager]: Completed trajectory execution with status SUCCEEDED ...
[move_group-8] [INFO] [1787663920.391138145] [move_group.moveit.moveit.ros.move_group.move_action]: Solution was found and executed.
[move_group-8] [INFO] [1787663921.095513517] [move_group.moveit.moveit.ros.move_group.move_action]: MoveGroupMoveAction: Received request
[move_group-8] [INFO] [1787663921.095741495] [move_group.moveit.moveit.ros.move_group.move_action]: executing..
[move_group-8] [INFO] [1787663921.105568900] [move_group.moveit.moveit.ros.move_group.move_action]: Combined planning and execution request received for MoveGroup action. Forwarding to planning and execution pipeline.
[move_group-8] [WARN] [1787663921.105658254] [move_group.moveit.moveit.ros.move_group.capability]: Execution of motions should always start at the robot's current state. Ignoring the state supplied as start state in the motion planning request
[move_group-8] [WARN] [1787663921.105685448] [move_group.moveit.moveit.ros.move_group.capability]: Execution of motions should always start at the robot's current state. Ignoring the state supplied as difference in the planning scene diff
[move_group-8] [INFO] [1787663921.105700034] [move_group.moveit.moveit.ros.plan_execution]: Planning attempt 1 of at most 1
[move_group-8] [INFO] [1787663921.105834489] [move_group]: Calling PlanningRequestAdapter 'CheckStartStateBounds'
[move_group-8] [INFO] [1787663921.105878660] [move_group]: Calling PlanningRequestAdapter 'CheckStartStateCollision'
[move_group-8] [INFO] [1787663921.105934863] [move_group]: Calling PlanningRequestAdapter 'ResolveConstraintFrames'
[move_group-8] [INFO] [1787663921.105954722] [move_group]: Calling PlanningRequestAdapter 'ValidateWorkspaceBounds'
[move_group-8] [INFO] [1787663921.106247350] [move_group.moveit.moveit.planners.ompl.model_based_planning_context]: Planner configuration 'ar_manipulator' will use planner 'geometric::RRTConnect'. Additional configuration parameters will be set when the planner is constructed.
[move_group-8] [INFO] [1787663921.106318450] [move_group]: Calling Planner 'OMPL'
[move_group-8] [INFO] [1787663921.130297688] [move_group]: Calling PlanningResponseAdapter 'AddTimeOptimalParameterization'
[move_group-8] [WARN] [1787663921.130366662] [move_group.moveit.moveit.core.time_optimal_trajectory_generation]: Invalid max_velocity_scaling_factor 0.000000 specified, defaulting to 1.000000 instead.
[move_group-8] [WARN] [1787663921.130386777] [move_group.moveit.moveit.core.time_optimal_trajectory_generation]: Invalid max_acceleration_scaling_factor 0.000000 specified, defaulting to 1.000000 instead.
[move_group-8] [INFO] [1787663921.131356861] [move_group]: Calling PlanningResponseAdapter 'ValidateSolution'
[move_group-8] [WARN] [1787663921.131618573] [move_group.moveit.moveit.ros.planning_pipeline]: The planner plugin did not fill out the 'planner_id' field of the MotionPlanResponse. Setting it to the planner ID name of the MotionPlanRequest assuming that the planner plugin does warn you if it does not use the requested planner.
[move_group-8] [INFO] [1787663921.131762634] [move_group.moveit.moveit.plugins.simple_controller_manager]: Returned 2 controllers in list
[move_group-8] [INFO] [1787663921.131792729] [move_group.moveit.moveit.plugins.simple_controller_manager]: Returned 2 controllers in list
[move_group-8] [INFO] [1787663921.131877174] [move_group.moveit.moveit.ros.trajectory_execution_manager]: Validating trajectory with allowed_start_tolerance 0.01
[move_group-8] [INFO] [1787663921.155389967] [move_group.moveit.moveit.ros.trajectory_execution_manager]: Starting trajectory execution ...
[move_group-8] [INFO] [1787663921.155487595] [move_group.moveit.moveit.plugins.simple_controller_manager]: Returned 2 controllers in list
[move_group-8] [INFO] [1787663921.155521804] [move_group.moveit.moveit.plugins.simple_controller_manager]: Returned 2 controllers in list
[move_group-8] [INFO] [1787663921.155634018] [moveit.simple_controller_manager.follow_joint_trajectory_controller_handle]: sending trajectory to joint_trajectory_controller
[gazebo-2] [INFO] [1787663921.156605749] [joint_trajectory_controller]: Received new action goal
[gazebo-2] [INFO] [1787663921.156681502] [joint_trajectory_controller]: Accepted new action goal
[move_group-8] [INFO] [1787663921.156887567] [moveit.simple_controller_manager.follow_joint_trajectory_controller_handle]: joint_trajectory_controller started execution
[move_group-8] [INFO] [1787663921.156933061] [moveit.simple_controller_manager.follow_joint_trajectory_controller_handle]: Goal request accepted!
[gazebo-2] [INFO] [1787663924.931858380] [joint_trajectory_controller]: Goal reached, success!
[move_group-8] [INFO] [1787663924.957828173] [moveit.simple_controller_manager.follow_joint_trajectory_controller_handle]: Controller 'joint_trajectory_controller' successfully finished
[move_group-8] [INFO] [1787663924.959205791] [move_group.moveit.moveit.ros.trajectory_execution_manager]: Completed trajectory execution with status SUCCEEDED ...
[move_group-8] [INFO] [1787663924.965583045] [move_group.moveit.moveit.ros.move_group.move_action]: Solution was found and executed.
[move_group-8] [INFO] [1787663926.615042882] [move_group.moveit.moveit.ros.move_group.move_action]: MoveGroupMoveAction: Received request
[move_group-8] [INFO] [1787663926.615237261] [move_group.moveit.moveit.ros.move_group.move_action]: executing..
[move_group-8] [INFO] [1787663926.654765960] [move_group.moveit.moveit.ros.move_group.move_action]: Combined planning and execution request received for MoveGroup action. Forwarding to planning and execution pipeline.
[move_group-8] [WARN] [1787663926.654853745] [move_group.moveit.moveit.ros.move_group.capability]: Execution of motions should always start at the robot's current state. Ignoring the state supplied as start state in the motion planning request
[move_group-8] [WARN] [1787663926.655122341] [move_group.moveit.moveit.ros.move_group.capability]: Execution of motions should always start at the robot's current state. Ignoring the state supplied as difference in the planning scene diff
[move_group-8] [INFO] [1787663926.655146998] [move_group.moveit.moveit.ros.plan_execution]: Planning attempt 1 of at most 1
[move_group-8] [INFO] [1787663926.655307023] [move_group]: Calling PlanningRequestAdapter 'CheckStartStateBounds'
[move_group-8] [INFO] [1787663926.655353712] [move_group]: Calling PlanningRequestAdapter 'CheckStartStateCollision'
[move_group-8] [INFO] [1787663926.655485607] [move_group]: Calling PlanningRequestAdapter 'ResolveConstraintFrames'
[move_group-8] [INFO] [1787663926.655538709] [move_group]: Calling PlanningRequestAdapter 'ValidateWorkspaceBounds'
[move_group-8] [INFO] [1787663926.656188160] [move_group.moveit.moveit.planners.ompl.model_based_planning_context]: Planner configuration 'ar_manipulator' will use planner 'geometric::RRTConnect'. Additional configuration parameters will be set when the planner is constructed.
[move_group-8] [INFO] [1787663926.656271055] [move_group]: Calling Planner 'OMPL'
[move_group-8] [INFO] [1787663926.670183926] [move_group]: Calling PlanningResponseAdapter 'AddTimeOptimalParameterization'
[move_group-8] [WARN] [1787663926.670249489] [move_group.moveit.moveit.core.time_optimal_trajectory_generation]: Invalid max_velocity_scaling_factor 0.000000 specified, defaulting to 1.000000 instead.
[move_group-8] [WARN] [1787663926.670275123] [move_group.moveit.moveit.core.time_optimal_trajectory_generation]: Invalid max_acceleration_scaling_factor 0.000000 specified, defaulting to 1.000000 instead.
[move_group-8] [INFO] [1787663926.671100964] [move_group]: Calling PlanningResponseAdapter 'ValidateSolution'
[move_group-8] [WARN] [1787663926.671332280] [move_group.moveit.moveit.ros.planning_pipeline]: The planner plugin did not fill out the 'planner_id' field of the MotionPlanResponse. Setting it to the planner ID name of the MotionPlanRequest assuming that the planner plugin does warn you if it does not use the requested planner.
[move_group-8] [INFO] [1787663926.671495106] [move_group.moveit.moveit.plugins.simple_controller_manager]: Returned 2 controllers in list
[move_group-8] [INFO] [1787663926.671521853] [move_group.moveit.moveit.plugins.simple_controller_manager]: Returned 2 controllers in list
[move_group-8] [INFO] [1787663926.671588483] [move_group.moveit.moveit.ros.trajectory_execution_manager]: Validating trajectory with allowed_start_tolerance 0.01
[move_group-8] [INFO] [1787663926.672009152] [move_group.moveit.moveit.ros.trajectory_execution_manager]: Starting trajectory execution ...
[move_group-8] [INFO] [1787663926.672065346] [move_group.moveit.moveit.plugins.simple_controller_manager]: Returned 2 controllers in list
[move_group-8] [INFO] [1787663926.672098123] [move_group.moveit.moveit.plugins.simple_controller_manager]: Returned 2 controllers in list
[move_group-8] [INFO] [1787663926.672224705] [moveit.simple_controller_manager.follow_joint_trajectory_controller_handle]: sending trajectory to joint_trajectory_controller
[gazebo-2] [INFO] [1787663926.672430210] [joint_trajectory_controller]: Received new action goal
[gazebo-2] [INFO] [1787663926.672461691] [joint_trajectory_controller]: Accepted new action goal
[move_group-8] [INFO] [1787663926.672619874] [moveit.simple_controller_manager.follow_joint_trajectory_controller_handle]: joint_trajectory_controller started execution
[move_group-8] [INFO] [1787663926.672634397] [moveit.simple_controller_manager.follow_joint_trajectory_controller_handle]: Goal request accepted!
[gazebo-2] [INFO] [1787663929.738082380] [joint_trajectory_controller]: Goal reached, success!
[move_group-8] [INFO] [1787663929.773237943] [moveit.simple_controller_manager.follow_joint_trajectory_controller_handle]: Controller 'joint_trajectory_controller' successfully finished
[move_group-8] [INFO] [1787663929.823871660] [move_group.moveit.moveit.ros.trajectory_execution_manager]: Completed trajectory execution with status SUCCEEDED ...
[move_group-8] [INFO] [1787663929.832189086] [move_group.moveit.moveit.ros.move_group.move_action]: Solution was found and executed.
[move_group-8] [INFO] [1787663930.573230029] [move_group.moveit.moveit.ros.move_group.move_action]: MoveGroupMoveAction: Received request
[move_group-8] [INFO] [1787663930.573512017] [move_group.moveit.moveit.ros.move_group.move_action]: executing..
[move_group-8] [INFO] [1787663930.579586195] [move_group.moveit.moveit.ros.move_group.move_action]: Combined planning and execution request received for MoveGroup action. Forwarding to planning and execution pipeline.
[move_group-8] [WARN] [1787663930.579674214] [move_group.moveit.moveit.ros.move_group.capability]: Execution of motions should always start at the robot's current state. Ignoring the state supplied as start state in the motion planning request
[move_group-8] [WARN] [1787663930.579700521] [move_group.moveit.moveit.ros.move_group.capability]: Execution of motions should always start at the robot's current state. Ignoring the state supplied as difference in the planning scene diff
[move_group-8] [INFO] [1787663930.579716189] [move_group.moveit.moveit.ros.plan_execution]: Planning attempt 1 of at most 1
[move_group-8] [INFO] [1787663930.579838624] [move_group]: Calling PlanningRequestAdapter 'CheckStartStateBounds'
[move_group-8] [INFO] [1787663930.579880662] [move_group]: Calling PlanningRequestAdapter 'CheckStartStateCollision'
[move_group-8] [INFO] [1787663930.579937731] [move_group]: Calling PlanningRequestAdapter 'ResolveConstraintFrames'
[move_group-8] [INFO] [1787663930.579956783] [move_group]: Calling PlanningRequestAdapter 'ValidateWorkspaceBounds'
[move_group-8] [INFO] [1787663930.580240595] [move_group.moveit.moveit.planners.ompl.model_based_planning_context]: Planner configuration 'ar_manipulator' will use planner 'geometric::RRTConnect'. Additional configuration parameters will be set when the planner is constructed.
[move_group-8] [INFO] [1787663930.580319182] [move_group]: Calling Planner 'OMPL'
[move_group-8] [INFO] [1787663930.593553881] [move_group]: Calling PlanningResponseAdapter 'AddTimeOptimalParameterization'
[move_group-8] [WARN] [1787663930.593613668] [move_group.moveit.moveit.core.time_optimal_trajectory_generation]: Invalid max_velocity_scaling_factor 0.000000 specified, defaulting to 1.000000 instead.
[move_group-8] [WARN] [1787663930.593630110] [move_group.moveit.moveit.core.time_optimal_trajectory_generation]: Invalid max_acceleration_scaling_factor 0.000000 specified, defaulting to 1.000000 instead.
[move_group-8] [INFO] [1787663930.594192189] [move_group]: Calling PlanningResponseAdapter 'ValidateSolution'
[move_group-8] [WARN] [1787663930.594319646] [move_group.moveit.moveit.ros.planning_pipeline]: The planner plugin did not fill out the 'planner_id' field of the MotionPlanResponse. Setting it to the planner ID name of the MotionPlanRequest assuming that the planner plugin does warn you if it does not use the requested planner.
[move_group-8] [INFO] [1787663930.594428086] [move_group.moveit.moveit.plugins.simple_controller_manager]: Returned 2 controllers in list
[move_group-8] [INFO] [1787663930.594454158] [move_group.moveit.moveit.plugins.simple_controller_manager]: Returned 2 controllers in list
[move_group-8] [INFO] [1787663930.594502524] [move_group.moveit.moveit.ros.trajectory_execution_manager]: Validating trajectory with allowed_start_tolerance 0.01
[move_group-8] [INFO] [1787663930.615574789] [move_group.moveit.moveit.ros.trajectory_execution_manager]: Starting trajectory execution ...
[move_group-8] [INFO] [1787663930.615692444] [move_group.moveit.moveit.plugins.simple_controller_manager]: Returned 2 controllers in list
[move_group-8] [INFO] [1787663930.615733727] [move_group.moveit.moveit.plugins.simple_controller_manager]: Returned 2 controllers in list
[move_group-8] [INFO] [1787663930.615859761] [moveit.simple_controller_manager.follow_joint_trajectory_controller_handle]: sending trajectory to joint_trajectory_controller
[gazebo-2] [INFO] [1787663930.616365690] [joint_trajectory_controller]: Received new action goal
[gazebo-2] [INFO] [1787663930.616397748] [joint_trajectory_controller]: Accepted new action goal
[move_group-8] [INFO] [1787663930.616963673] [moveit.simple_controller_manager.follow_joint_trajectory_controller_handle]: joint_trajectory_controller started execution
[move_group-8] [INFO] [1787663930.616994453] [moveit.simple_controller_manager.follow_joint_trajectory_controller_handle]: Goal request accepted!
[gazebo-2] [INFO] [1787663933.633376327] [joint_trajectory_controller]: Goal reached, success!
[move_group-8] [INFO] [1787663933.666974438] [moveit.simple_controller_manager.follow_joint_trajectory_controller_handle]: Controller 'joint_trajectory_controller' successfully finished
[move_group-8] [INFO] [1787663933.731293181] [move_group.moveit.moveit.ros.trajectory_execution_manager]: Completed trajectory execution with status SUCCEEDED ...
[move_group-8] [INFO] [1787663933.735691872] [move_group.moveit.moveit.ros.move_group.move_action]: Solution was found and executed.
[move_group-8] [INFO] [1787663934.414163756] [move_group.moveit.moveit.ros.move_group.move_action]: MoveGroupMoveAction: Received request
[move_group-8] [INFO] [1787663934.414462885] [move_group.moveit.moveit.ros.move_group.move_action]: executing..
[move_group-8] [INFO] [1787663934.425163431] [move_group.moveit.moveit.ros.move_group.move_action]: Combined planning and execution request received for MoveGroup action. Forwarding to planning and execution pipeline.
[move_group-8] [WARN] [1787663934.425368934] [move_group.moveit.moveit.ros.move_group.capability]: Execution of motions should always start at the robot's current state. Ignoring the state supplied as start state in the motion planning request
[move_group-8] [WARN] [1787663934.425403449] [move_group.moveit.moveit.ros.move_group.capability]: Execution of motions should always start at the robot's current state. Ignoring the state supplied as difference in the planning scene diff
[move_group-8] [INFO] [1787663934.425414798] [move_group.moveit.moveit.ros.plan_execution]: Planning attempt 1 of at most 1
[move_group-8] [INFO] [1787663934.426152514] [move_group]: Calling PlanningRequestAdapter 'CheckStartStateBounds'
[move_group-8] [INFO] [1787663934.426209061] [move_group]: Calling PlanningRequestAdapter 'CheckStartStateCollision'
[move_group-8] [INFO] [1787663934.426271403] [move_group]: Calling PlanningRequestAdapter 'ResolveConstraintFrames'
[move_group-8] [INFO] [1787663934.426291590] [move_group]: Calling PlanningRequestAdapter 'ValidateWorkspaceBounds'
[move_group-8] [INFO] [1787663934.426582646] [move_group.moveit.moveit.planners.ompl.model_based_planning_context]: Planner configuration 'ar_manipulator' will use planner 'geometric::RRTConnect'. Additional configuration parameters will be set when the planner is constructed.
[move_group-8] [INFO] [1787663934.426684345] [move_group]: Calling Planner 'OMPL'
[move_group-8] [INFO] [1787663934.448967733] [move_group]: Calling PlanningResponseAdapter 'AddTimeOptimalParameterization'
[move_group-8] [WARN] [1787663934.449014937] [move_group.moveit.moveit.core.time_optimal_trajectory_generation]: Invalid max_velocity_scaling_factor 0.000000 specified, defaulting to 1.000000 instead.
[move_group-8] [WARN] [1787663934.449026718] [move_group.moveit.moveit.core.time_optimal_trajectory_generation]: Invalid max_acceleration_scaling_factor 0.000000 specified, defaulting to 1.000000 instead.
[move_group-8] [INFO] [1787663934.449718035] [move_group]: Calling PlanningResponseAdapter 'ValidateSolution'
[move_group-8] [WARN] [1787663934.449885811] [move_group.moveit.moveit.ros.planning_pipeline]: The planner plugin did not fill out the 'planner_id' field of the MotionPlanResponse. Setting it to the planner ID name of the MotionPlanRequest assuming that the planner plugin does warn you if it does not use the requested planner.
[move_group-8] [INFO] [1787663934.449992919] [move_group.moveit.moveit.plugins.simple_controller_manager]: Returned 2 controllers in list
[move_group-8] [INFO] [1787663934.450012467] [move_group.moveit.moveit.plugins.simple_controller_manager]: Returned 2 controllers in list
[move_group-8] [INFO] [1787663934.450053992] [move_group.moveit.moveit.ros.trajectory_execution_manager]: Validating trajectory with allowed_start_tolerance 0.01
[move_group-8] [INFO] [1787663934.450123218] [move_group.moveit.moveit.ros.trajectory_execution_manager]: Starting trajectory execution ...
[move_group-8] [INFO] [1787663934.450162332] [move_group.moveit.moveit.plugins.simple_controller_manager]: Returned 2 controllers in list
[move_group-8] [INFO] [1787663934.450189160] [move_group.moveit.moveit.plugins.simple_controller_manager]: Returned 2 controllers in list
[move_group-8] [INFO] [1787663934.450279249] [moveit.simple_controller_manager.follow_joint_trajectory_controller_handle]: sending trajectory to joint_trajectory_controller
[gazebo-2] [INFO] [1787663934.450488154] [joint_trajectory_controller]: Received new action goal
[gazebo-2] [INFO] [1787663934.450528483] [joint_trajectory_controller]: Accepted new action goal
[move_group-8] [INFO] [1787663934.450688750] [moveit.simple_controller_manager.follow_joint_trajectory_controller_handle]: joint_trajectory_controller started execution
[move_group-8] [INFO] [1787663934.450699441] [moveit.simple_controller_manager.follow_joint_trajectory_controller_handle]: Goal request accepted!
[gazebo-2] [INFO] [1787663937.947562985] [joint_trajectory_controller]: Goal reached, success!
[move_group-8] [INFO] [1787663937.951006693] [moveit.simple_controller_manager.follow_joint_trajectory_controller_handle]: Controller 'joint_trajectory_controller' successfully finished
[move_group-8] [INFO] [1787663938.018893451] [move_group.moveit.moveit.ros.trajectory_execution_manager]: Completed trajectory execution with status SUCCEEDED ...
[move_group-8] [INFO] [1787663938.020263598] [move_group.moveit.moveit.ros.move_group.move_action]: Solution was found and executed.
[move_group-8] [INFO] [1787663956.027821199] [move_group.moveit.moveit.ros.move_group.move_action]: MoveGroupMoveAction: Received request
[move_group-8] [INFO] [1787663956.028157727] [move_group.moveit.moveit.ros.move_group.move_action]: executing..
[move_group-8] [INFO] [1787663956.070581271] [move_group.moveit.moveit.ros.move_group.move_action]: Combined planning and execution request received for MoveGroup action. Forwarding to planning and execution pipeline.
[move_group-8] [WARN] [1787663956.070694707] [move_group.moveit.moveit.ros.move_group.capability]: Execution of motions should always start at the robot's current state. Ignoring the state supplied as start state in the motion planning request
[move_group-8] [WARN] [1787663956.070739376] [move_group.moveit.moveit.ros.move_group.capability]: Execution of motions should always start at the robot's current state. Ignoring the state supplied as difference in the planning scene diff
[move_group-8] [INFO] [1787663956.070756981] [move_group.moveit.moveit.ros.plan_execution]: Planning attempt 1 of at most 1
[move_group-8] [INFO] [1787663956.070986277] [move_group]: Calling PlanningRequestAdapter 'CheckStartStateBounds'
[move_group-8] [INFO] [1787663956.071051885] [move_group]: Calling PlanningRequestAdapter 'CheckStartStateCollision'
[move_group-8] [INFO] [1787663956.071121012] [move_group]: Calling PlanningRequestAdapter 'ResolveConstraintFrames'
[move_group-8] [INFO] [1787663956.071134249] [move_group]: Calling PlanningRequestAdapter 'ValidateWorkspaceBounds'
[move_group-8] [INFO] [1787663956.071543548] [move_group.moveit.moveit.planners.ompl.model_based_planning_context]: Planner configuration 'ar_manipulator' will use planner 'geometric::RRTConnect'. Additional configuration parameters will be set when the planner is constructed.
[move_group-8] [INFO] [1787663956.071628483] [move_group]: Calling Planner 'OMPL'
[move_group-8] [INFO] [1787663956.104440481] [move_group]: Calling PlanningResponseAdapter 'AddTimeOptimalParameterization'
[move_group-8] [WARN] [1787663956.104500552] [move_group.moveit.moveit.core.time_optimal_trajectory_generation]: Invalid max_velocity_scaling_factor 0.000000 specified, defaulting to 1.000000 instead.
[move_group-8] [WARN] [1787663956.104517493] [move_group.moveit.moveit.core.time_optimal_trajectory_generation]: Invalid max_acceleration_scaling_factor 0.000000 specified, defaulting to 1.000000 instead.
[move_group-8] [INFO] [1787663956.106833430] [move_group]: Calling PlanningResponseAdapter 'ValidateSolution'
[move_group-8] [WARN] [1787663956.107355374] [move_group.moveit.moveit.ros.planning_pipeline]: The planner plugin did not fill out the 'planner_id' field of the MotionPlanResponse. Setting it to the planner ID name of the MotionPlanRequest assuming that the planner plugin does warn you if it does not use the requested planner.
[move_group-8] [INFO] [1787663956.107477848] [move_group.moveit.moveit.plugins.simple_controller_manager]: Returned 2 controllers in list
[move_group-8] [INFO] [1787663956.107504553] [move_group.moveit.moveit.plugins.simple_controller_manager]: Returned 2 controllers in list
[move_group-8] [INFO] [1787663956.107594398] [move_group.moveit.moveit.ros.trajectory_execution_manager]: Validating trajectory with allowed_start_tolerance 0.01
[move_group-8] [INFO] [1787663956.109761196] [move_group.moveit.moveit.ros.trajectory_execution_manager]: Starting trajectory execution ...
[move_group-8] [INFO] [1787663956.109845007] [move_group.moveit.moveit.plugins.simple_controller_manager]: Returned 2 controllers in list
[move_group-8] [INFO] [1787663956.109885650] [move_group.moveit.moveit.plugins.simple_controller_manager]: Returned 2 controllers in list
[move_group-8] [INFO] [1787663956.110014287] [moveit.simple_controller_manager.follow_joint_trajectory_controller_handle]: sending trajectory to joint_trajectory_controller
[gazebo-2] [INFO] [1787663956.110266705] [joint_trajectory_controller]: Received new action goal
[gazebo-2] [INFO] [1787663956.110324428] [joint_trajectory_controller]: Accepted new action goal
[move_group-8] [INFO] [1787663956.110599157] [moveit.simple_controller_manager.follow_joint_trajectory_controller_handle]: joint_trajectory_controller started execution
[move_group-8] [INFO] [1787663956.110611787] [moveit.simple_controller_manager.follow_joint_trajectory_controller_handle]: Goal request accepted!
[gazebo-2] [INFO] [1787663961.506198693] [joint_trajectory_controller]: Goal reached, success!
[move_group-8] [INFO] [1787663961.510967247] [moveit.simple_controller_manager.follow_joint_trajectory_controller_handle]: Controller 'joint_trajectory_controller' successfully finished
[move_group-8] [INFO] [1787663961.566568649] [move_group.moveit.moveit.ros.trajectory_execution_manager]: Completed trajectory execution with status SUCCEEDED ...
[move_group-8] [INFO] [1787663961.569890363] [move_group.moveit.moveit.ros.move_group.move_action]: Solution was found and executed.
[move_group-8] [INFO] [1787663962.270053079] [move_group.moveit.moveit.ros.move_group.move_action]: MoveGroupMoveAction: Received request
[move_group-8] [INFO] [1787663962.270568845] [move_group.moveit.moveit.ros.move_group.move_action]: executing..
[move_group-8] [INFO] [1787663962.280072360] [move_group.moveit.moveit.ros.move_group.move_action]: Combined planning and execution request received for MoveGroup action. Forwarding to planning and execution pipeline.
[move_group-8] [WARN] [1787663962.280164448] [move_group.moveit.moveit.ros.move_group.capability]: Execution of motions should always start at the robot's current state. Ignoring the state supplied as start state in the motion planning request
[move_group-8] [WARN] [1787663962.280187591] [move_group.moveit.moveit.ros.move_group.capability]: Execution of motions should always start at the robot's current state. Ignoring the state supplied as difference in the planning scene diff
[move_group-8] [INFO] [1787663962.280200312] [move_group.moveit.moveit.ros.plan_execution]: Planning attempt 1 of at most 1
[move_group-8] [INFO] [1787663962.280341184] [move_group]: Calling PlanningRequestAdapter 'CheckStartStateBounds'
[move_group-8] [INFO] [1787663962.280377431] [move_group]: Calling PlanningRequestAdapter 'CheckStartStateCollision'
[move_group-8] [INFO] [1787663962.280440850] [move_group]: Calling PlanningRequestAdapter 'ResolveConstraintFrames'
[move_group-8] [INFO] [1787663962.280456160] [move_group]: Calling PlanningRequestAdapter 'ValidateWorkspaceBounds'
[move_group-8] [INFO] [1787663962.282563098] [move_group.moveit.moveit.planners.ompl.model_based_planning_context]: Planner configuration 'ar_manipulator' will use planner 'geometric::RRTConnect'. Additional configuration parameters will be set when the planner is constructed.
[move_group-8] [INFO] [1787663962.282705968] [move_group]: Calling Planner 'OMPL'
[move_group-8] [INFO] [1787663962.296884878] [move_group]: Calling PlanningResponseAdapter 'AddTimeOptimalParameterization'
[move_group-8] [WARN] [1787663962.296955228] [move_group.moveit.moveit.core.time_optimal_trajectory_generation]: Invalid max_velocity_scaling_factor 0.000000 specified, defaulting to 1.000000 instead.
[move_group-8] [WARN] [1787663962.296972736] [move_group.moveit.moveit.core.time_optimal_trajectory_generation]: Invalid max_acceleration_scaling_factor 0.000000 specified, defaulting to 1.000000 instead.
[move_group-8] [INFO] [1787663962.300146262] [move_group]: Calling PlanningResponseAdapter 'ValidateSolution'
[move_group-8] [WARN] [1787663962.300666458] [move_group.moveit.moveit.ros.planning_pipeline]: The planner plugin did not fill out the 'planner_id' field of the MotionPlanResponse. Setting it to the planner ID name of the MotionPlanRequest assuming that the planner plugin does warn you if it does not use the requested planner.
[move_group-8] [INFO] [1787663962.300839511] [move_group.moveit.moveit.plugins.simple_controller_manager]: Returned 2 controllers in list
[move_group-8] [INFO] [1787663962.300866520] [move_group.moveit.moveit.plugins.simple_controller_manager]: Returned 2 controllers in list
[move_group-8] [INFO] [1787663962.300962712] [move_group.moveit.moveit.ros.trajectory_execution_manager]: Validating trajectory with allowed_start_tolerance 0.01
[move_group-8] [INFO] [1787663962.324668399] [move_group.moveit.moveit.ros.trajectory_execution_manager]: Starting trajectory execution ...
[move_group-8] [INFO] [1787663962.324768411] [move_group.moveit.moveit.plugins.simple_controller_manager]: Returned 2 controllers in list
[move_group-8] [INFO] [1787663962.324818363] [move_group.moveit.moveit.plugins.simple_controller_manager]: Returned 2 controllers in list
[move_group-8] [INFO] [1787663962.325290327] [moveit.simple_controller_manager.follow_joint_trajectory_controller_handle]: sending trajectory to joint_trajectory_controller
[gazebo-2] [INFO] [1787663962.325562489] [joint_trajectory_controller]: Received new action goal
[gazebo-2] [INFO] [1787663962.325651641] [joint_trajectory_controller]: Accepted new action goal
[move_group-8] [INFO] [1787663962.326227953] [moveit.simple_controller_manager.follow_joint_trajectory_controller_handle]: joint_trajectory_controller started execution
[move_group-8] [INFO] [1787663962.326275470] [moveit.simple_controller_manager.follow_joint_trajectory_controller_handle]: Goal request accepted!
[gazebo-2] [INFO] [1787663968.941972760] [joint_trajectory_controller]: Goal reached, success!
[move_group-8] [INFO] [1787663968.976222910] [moveit.simple_controller_manager.follow_joint_trajectory_controller_handle]: Controller 'joint_trajectory_controller' successfully finished
[move_group-8] [INFO] [1787663969.029887366] [move_group.moveit.moveit.ros.trajectory_execution_manager]: Completed trajectory execution with status SUCCEEDED ...
[move_group-8] [INFO] [1787663969.035093175] [move_group.moveit.moveit.ros.move_group.move_action]: Solution was found and executed.
[move_group-8] [INFO] [1787663969.745831102] [move_group.moveit.moveit.ros.move_group.move_action]: MoveGroupMoveAction: Received request
[move_group-8] [INFO] [1787663969.746048278] [move_group.moveit.moveit.ros.move_group.move_action]: executing..
[move_group-8] [INFO] [1787663969.749290604] [move_group.moveit.moveit.ros.move_group.move_action]: Combined planning and execution request received for MoveGroup action. Forwarding to planning and execution pipeline.
[move_group-8] [WARN] [1787663969.749369596] [move_group.moveit.moveit.ros.move_group.capability]: Execution of motions should always start at the robot's current state. Ignoring the state supplied as start state in the motion planning request
[move_group-8] [WARN] [1787663969.749390179] [move_group.moveit.moveit.ros.move_group.capability]: Execution of motions should always start at the robot's current state. Ignoring the state supplied as difference in the planning scene diff
[move_group-8] [INFO] [1787663969.749402086] [move_group.moveit.moveit.ros.plan_execution]: Planning attempt 1 of at most 1
[move_group-8] [INFO] [1787663969.749539334] [move_group]: Calling PlanningRequestAdapter 'CheckStartStateBounds'
[move_group-8] [INFO] [1787663969.749580211] [move_group]: Calling PlanningRequestAdapter 'CheckStartStateCollision'
[move_group-8] [INFO] [1787663969.749630953] [move_group]: Calling PlanningRequestAdapter 'ResolveConstraintFrames'
[move_group-8] [INFO] [1787663969.749644012] [move_group]: Calling PlanningRequestAdapter 'ValidateWorkspaceBounds'
[move_group-8] [INFO] [1787663969.749924781] [move_group.moveit.moveit.planners.ompl.model_based_planning_context]: Planner configuration 'ar_manipulator' will use planner 'geometric::RRTConnect'. Additional configuration parameters will be set when the planner is constructed.
[move_group-8] [INFO] [1787663969.750010100] [move_group]: Calling Planner 'OMPL'
[move_group-8] [INFO] [1787663969.764691067] [move_group]: Calling PlanningResponseAdapter 'AddTimeOptimalParameterization'
[move_group-8] [WARN] [1787663969.764760987] [move_group.moveit.moveit.core.time_optimal_trajectory_generation]: Invalid max_velocity_scaling_factor 0.000000 specified, defaulting to 1.000000 instead.
[move_group-8] [WARN] [1787663969.764781912] [move_group.moveit.moveit.core.time_optimal_trajectory_generation]: Invalid max_acceleration_scaling_factor 0.000000 specified, defaulting to 1.000000 instead.
[move_group-8] [INFO] [1787663969.767144027] [move_group]: Calling PlanningResponseAdapter 'ValidateSolution'
[move_group-8] [WARN] [1787663969.767548041] [move_group.moveit.moveit.ros.planning_pipeline]: The planner plugin did not fill out the 'planner_id' field of the MotionPlanResponse. Setting it to the planner ID name of the MotionPlanRequest assuming that the planner plugin does warn you if it does not use the requested planner.
[move_group-8] [INFO] [1787663969.767638490] [move_group.moveit.moveit.plugins.simple_controller_manager]: Returned 2 controllers in list
[move_group-8] [INFO] [1787663969.767661062] [move_group.moveit.moveit.plugins.simple_controller_manager]: Returned 2 controllers in list
[move_group-8] [INFO] [1787663969.767739406] [move_group.moveit.moveit.ros.trajectory_execution_manager]: Validating trajectory with allowed_start_tolerance 0.01
[move_group-8] [INFO] [1787663969.808054197] [move_group.moveit.moveit.ros.trajectory_execution_manager]: Starting trajectory execution ...
[move_group-8] [INFO] [1787663969.808149704] [move_group.moveit.moveit.plugins.simple_controller_manager]: Returned 2 controllers in list
[move_group-8] [INFO] [1787663969.808181393] [move_group.moveit.moveit.plugins.simple_controller_manager]: Returned 2 controllers in list
[move_group-8] [INFO] [1787663969.808302981] [moveit.simple_controller_manager.follow_joint_trajectory_controller_handle]: sending trajectory to joint_trajectory_controller
[gazebo-2] [INFO] [1787663969.808577212] [joint_trajectory_controller]: Received new action goal
[gazebo-2] [INFO] [1787663969.808612375] [joint_trajectory_controller]: Accepted new action goal
[move_group-8] [INFO] [1787663969.811053491] [moveit.simple_controller_manager.follow_joint_trajectory_controller_handle]: joint_trajectory_controller started execution
[move_group-8] [INFO] [1787663969.811112449] [moveit.simple_controller_manager.follow_joint_trajectory_controller_handle]: Goal request accepted!
[gazebo-2] [INFO] [1787663975.334985536] [joint_trajectory_controller]: Goal reached, success!
[move_group-8] [INFO] [1787663975.359470893] [moveit.simple_controller_manager.follow_joint_trajectory_controller_handle]: Controller 'joint_trajectory_controller' successfully finished
[move_group-8] [INFO] [1787663975.369183825] [move_group.moveit.moveit.ros.trajectory_execution_manager]: Completed trajectory execution with status SUCCEEDED ...
[move_group-8] [INFO] [1787663975.378348885] [move_group.moveit.moveit.ros.move_group.move_action]: Solution was found and executed.
[move_group-8] [INFO] [1787663976.096315361] [move_group.moveit.moveit.ros.move_group.move_action]: MoveGroupMoveAction: Received request
[move_group-8] [INFO] [1787663976.096502363] [move_group.moveit.moveit.ros.move_group.move_action]: executing..
[move_group-8] [INFO] [1787663976.104653020] [move_group.moveit.moveit.ros.move_group.move_action]: Combined planning and execution request received for MoveGroup action. Forwarding to planning and execution pipeline.
[move_group-8] [WARN] [1787663976.104787889] [move_group.moveit.moveit.ros.move_group.capability]: Execution of motions should always start at the robot's current state. Ignoring the state supplied as start state in the motion planning request
[move_group-8] [WARN] [1787663976.104806009] [move_group.moveit.moveit.ros.move_group.capability]: Execution of motions should always start at the robot's current state. Ignoring the state supplied as difference in the planning scene diff
[move_group-8] [INFO] [1787663976.105062103] [move_group.moveit.moveit.ros.plan_execution]: Planning attempt 1 of at most 1
[move_group-8] [INFO] [1787663976.105223480] [move_group]: Calling PlanningRequestAdapter 'CheckStartStateBounds'
[move_group-8] [INFO] [1787663976.105279146] [move_group]: Calling PlanningRequestAdapter 'CheckStartStateCollision'
[move_group-8] [INFO] [1787663976.105329623] [move_group]: Calling PlanningRequestAdapter 'ResolveConstraintFrames'
[move_group-8] [INFO] [1787663976.105342481] [move_group]: Calling PlanningRequestAdapter 'ValidateWorkspaceBounds'
[move_group-8] [INFO] [1787663976.105572039] [move_group.moveit.moveit.planners.ompl.model_based_planning_context]: Planner configuration 'ar_manipulator' will use planner 'geometric::RRTConnect'. Additional configuration parameters will be set when the planner is constructed.
[move_group-8] [INFO] [1787663976.105643636] [move_group]: Calling Planner 'OMPL'
[move_group-8] [INFO] [1787663976.118636313] [move_group]: Calling PlanningResponseAdapter 'AddTimeOptimalParameterization'
[move_group-8] [WARN] [1787663976.118716514] [move_group.moveit.moveit.core.time_optimal_trajectory_generation]: Invalid max_velocity_scaling_factor 0.000000 specified, defaulting to 1.000000 instead.
[move_group-8] [WARN] [1787663976.118736923] [move_group.moveit.moveit.core.time_optimal_trajectory_generation]: Invalid max_acceleration_scaling_factor 0.000000 specified, defaulting to 1.000000 instead.
[move_group-8] [INFO] [1787663976.120910464] [move_group]: Calling PlanningResponseAdapter 'ValidateSolution'
[move_group-8] [WARN] [1787663976.121164748] [move_group.moveit.moveit.ros.planning_pipeline]: The planner plugin did not fill out the 'planner_id' field of the MotionPlanResponse. Setting it to the planner ID name of the MotionPlanRequest assuming that the planner plugin does warn you if it does not use the requested planner.
[move_group-8] [INFO] [1787663976.121291452] [move_group.moveit.moveit.plugins.simple_controller_manager]: Returned 2 controllers in list
[move_group-8] [INFO] [1787663976.121313591] [move_group.moveit.moveit.plugins.simple_controller_manager]: Returned 2 controllers in list
[move_group-8] [INFO] [1787663976.121384620] [move_group.moveit.moveit.ros.trajectory_execution_manager]: Validating trajectory with allowed_start_tolerance 0.01
[move_group-8] [INFO] [1787663976.150265265] [move_group.moveit.moveit.ros.trajectory_execution_manager]: Starting trajectory execution ...
[move_group-8] [INFO] [1787663976.150359992] [move_group.moveit.moveit.plugins.simple_controller_manager]: Returned 2 controllers in list
[move_group-8] [INFO] [1787663976.150398935] [move_group.moveit.moveit.plugins.simple_controller_manager]: Returned 2 controllers in list
[move_group-8] [INFO] [1787663976.150496410] [moveit.simple_controller_manager.follow_joint_trajectory_controller_handle]: sending trajectory to joint_trajectory_controller
[gazebo-2] [INFO] [1787663976.150764186] [joint_trajectory_controller]: Received new action goal
[gazebo-2] [INFO] [1787663976.150797362] [joint_trajectory_controller]: Accepted new action goal
[move_group-8] [INFO] [1787663976.151487850] [moveit.simple_controller_manager.follow_joint_trajectory_controller_handle]: joint_trajectory_controller started execution
[move_group-8] [INFO] [1787663976.151539273] [moveit.simple_controller_manager.follow_joint_trajectory_controller_handle]: Goal request accepted!
[gazebo-2] [INFO] [1787663982.178024166] [joint_trajectory_controller]: Goal reached, success!
[move_group-8] [INFO] [1787663982.201165243] [moveit.simple_controller_manager.follow_joint_trajectory_controller_handle]: Controller 'joint_trajectory_controller' successfully finished
[move_group-8] [INFO] [1787663982.214668306] [move_group.moveit.moveit.ros.trajectory_execution_manager]: Completed trajectory execution with status SUCCEEDED ...
[move_group-8] [INFO] [1787663982.220419981] [move_group.moveit.moveit.ros.move_group.move_action]: Solution was found and executed.
[move_group-8] [INFO] [1787663982.953237223] [move_group.moveit.moveit.ros.move_group.move_action]: MoveGroupMoveAction: Received request
[move_group-8] [INFO] [1787663982.953549485] [move_group.moveit.moveit.ros.move_group.move_action]: executing..
[move_group-8] [INFO] [1787663982.976415589] [move_group.moveit.moveit.ros.move_group.move_action]: Combined planning and execution request received for MoveGroup action. Forwarding to planning and execution pipeline.
[move_group-8] [WARN] [1787663982.976497152] [move_group.moveit.moveit.ros.move_group.capability]: Execution of motions should always start at the robot's current state. Ignoring the state supplied as start state in the motion planning request
[move_group-8] [WARN] [1787663982.976521148] [move_group.moveit.moveit.ros.move_group.capability]: Execution of motions should always start at the robot's current state. Ignoring the state supplied as difference in the planning scene diff
[move_group-8] [INFO] [1787663982.976536497] [move_group.moveit.moveit.ros.plan_execution]: Planning attempt 1 of at most 1
[move_group-8] [INFO] [1787663982.976686392] [move_group]: Calling PlanningRequestAdapter 'CheckStartStateBounds'
[move_group-8] [INFO] [1787663982.976731179] [move_group]: Calling PlanningRequestAdapter 'CheckStartStateCollision'
[move_group-8] [INFO] [1787663982.976819888] [move_group]: Calling PlanningRequestAdapter 'ResolveConstraintFrames'
[move_group-8] [INFO] [1787663982.976838598] [move_group]: Calling PlanningRequestAdapter 'ValidateWorkspaceBounds'
[move_group-8] [INFO] [1787663982.977156362] [move_group.moveit.moveit.planners.ompl.model_based_planning_context]: Planner configuration 'ar_manipulator' will use planner 'geometric::RRTConnect'. Additional configuration parameters will be set when the planner is constructed.
[move_group-8] [INFO] [1787663982.977247050] [move_group]: Calling Planner 'OMPL'
[move_group-8] [INFO] [1787663982.993130661] [move_group]: Calling PlanningResponseAdapter 'AddTimeOptimalParameterization'
[move_group-8] [WARN] [1787663982.993315850] [move_group.moveit.moveit.core.time_optimal_trajectory_generation]: Invalid max_velocity_scaling_factor 0.000000 specified, defaulting to 1.000000 instead.
[move_group-8] [WARN] [1787663982.993340002] [move_group.moveit.moveit.core.time_optimal_trajectory_generation]: Invalid max_acceleration_scaling_factor 0.000000 specified, defaulting to 1.000000 instead.
[move_group-8] [INFO] [1787663982.996850702] [move_group]: Calling PlanningResponseAdapter 'ValidateSolution'
[move_group-8] [WARN] [1787663982.997493715] [move_group.moveit.moveit.ros.planning_pipeline]: The planner plugin did not fill out the 'planner_id' field of the MotionPlanResponse. Setting it to the planner ID name of the MotionPlanRequest assuming that the planner plugin does warn you if it does not use the requested planner.
[move_group-8] [INFO] [1787663982.997601281] [move_group.moveit.moveit.plugins.simple_controller_manager]: Returned 2 controllers in list
[move_group-8] [INFO] [1787663982.997626401] [move_group.moveit.moveit.plugins.simple_controller_manager]: Returned 2 controllers in list
[move_group-8] [INFO] [1787663982.997712015] [move_group.moveit.moveit.ros.trajectory_execution_manager]: Validating trajectory with allowed_start_tolerance 0.01
[move_group-8] [INFO] [1787663983.012420126] [move_group.moveit.moveit.ros.trajectory_execution_manager]: Starting trajectory execution ...
[move_group-8] [INFO] [1787663983.012515694] [move_group.moveit.moveit.plugins.simple_controller_manager]: Returned 2 controllers in list
[move_group-8] [INFO] [1787663983.012573032] [move_group.moveit.moveit.plugins.simple_controller_manager]: Returned 2 controllers in list
[move_group-8] [INFO] [1787663983.012685681] [moveit.simple_controller_manager.follow_joint_trajectory_controller_handle]: sending trajectory to joint_trajectory_controller
[gazebo-2] [INFO] [1787663983.012936034] [joint_trajectory_controller]: Received new action goal
[gazebo-2] [INFO] [1787663983.012971079] [joint_trajectory_controller]: Accepted new action goal
[move_group-8] [INFO] [1787663983.013183274] [moveit.simple_controller_manager.follow_joint_trajectory_controller_handle]: joint_trajectory_controller started execution
[move_group-8] [INFO] [1787663983.013226717] [moveit.simple_controller_manager.follow_joint_trajectory_controller_handle]: Goal request accepted!
[gazebo-2] [INFO] [1787663992.317092607] [joint_trajectory_controller]: Goal reached, success!
[move_group-8] [INFO] [1787663992.363440169] [moveit.simple_controller_manager.follow_joint_trajectory_controller_handle]: Controller 'joint_trajectory_controller' successfully finished
[move_group-8] [INFO] [1787663992.441282079] [move_group.moveit.moveit.ros.trajectory_execution_manager]: Completed trajectory execution with status SUCCEEDED ...
[move_group-8] [INFO] [1787663992.442494412] [move_group.moveit.moveit.ros.move_group.move_action]: Solution was found and executed.
[move_group-8] [INFO] [1787663993.193666383] [move_group.moveit.moveit.ros.move_group.move_action]: MoveGroupMoveAction: Received request
[move_group-8] [INFO] [1787663993.193930411] [move_group.moveit.moveit.ros.move_group.move_action]: executing..
[move_group-8] [INFO] [1787663993.205958150] [move_group.moveit.moveit.ros.move_group.move_action]: Combined planning and execution request received for MoveGroup action. Forwarding to planning and execution pipeline.
[move_group-8] [WARN] [1787663993.206072442] [move_group.moveit.moveit.ros.move_group.capability]: Execution of motions should always start at the robot's current state. Ignoring the state supplied as start state in the motion planning request
[move_group-8] [WARN] [1787663993.206089606] [move_group.moveit.moveit.ros.move_group.capability]: Execution of motions should always start at the robot's current state. Ignoring the state supplied as difference in the planning scene diff
[move_group-8] [INFO] [1787663993.206100812] [move_group.moveit.moveit.ros.plan_execution]: Planning attempt 1 of at most 1
[move_group-8] [INFO] [1787663993.206257004] [move_group]: Calling PlanningRequestAdapter 'CheckStartStateBounds'
[move_group-8] [INFO] [1787663993.206346214] [move_group]: Calling PlanningRequestAdapter 'CheckStartStateCollision'
[move_group-8] [INFO] [1787663993.206412093] [move_group]: Calling PlanningRequestAdapter 'ResolveConstraintFrames'
[move_group-8] [INFO] [1787663993.206428055] [move_group]: Calling PlanningRequestAdapter 'ValidateWorkspaceBounds'
[move_group-8] [INFO] [1787663993.206703840] [move_group.moveit.moveit.planners.ompl.model_based_planning_context]: Planner configuration 'ar_manipulator' will use planner 'geometric::RRTConnect'. Additional configuration parameters will be set when the planner is constructed.
[move_group-8] [INFO] [1787663993.206784924] [move_group]: Calling Planner 'OMPL'
[move_group-8] [INFO] [1787663993.225785499] [move_group]: Calling PlanningResponseAdapter 'AddTimeOptimalParameterization'
[move_group-8] [WARN] [1787663993.225847141] [move_group.moveit.moveit.core.time_optimal_trajectory_generation]: Invalid max_velocity_scaling_factor 0.000000 specified, defaulting to 1.000000 instead.
[move_group-8] [WARN] [1787663993.225873725] [move_group.moveit.moveit.core.time_optimal_trajectory_generation]: Invalid max_acceleration_scaling_factor 0.000000 specified, defaulting to 1.000000 instead.
[move_group-8] [INFO] [1787663993.229867912] [move_group]: Calling PlanningResponseAdapter 'ValidateSolution'
[move_group-8] [WARN] [1787663993.230320489] [move_group.moveit.moveit.ros.planning_pipeline]: The planner plugin did not fill out the 'planner_id' field of the MotionPlanResponse. Setting it to the planner ID name of the MotionPlanRequest assuming that the planner plugin does warn you if it does not use the requested planner.
[move_group-8] [INFO] [1787663993.230440493] [move_group.moveit.moveit.plugins.simple_controller_manager]: Returned 2 controllers in list
[move_group-8] [INFO] [1787663993.230466021] [move_group.moveit.moveit.plugins.simple_controller_manager]: Returned 2 controllers in list
[move_group-8] [INFO] [1787663993.230546075] [move_group.moveit.moveit.ros.trajectory_execution_manager]: Validating trajectory with allowed_start_tolerance 0.01
[move_group-8] [INFO] [1787663993.241111614] [move_group.moveit.moveit.ros.trajectory_execution_manager]: Starting trajectory execution ...
[move_group-8] [INFO] [1787663993.241212587] [move_group.moveit.moveit.plugins.simple_controller_manager]: Returned 2 controllers in list
[move_group-8] [INFO] [1787663993.241253402] [move_group.moveit.moveit.plugins.simple_controller_manager]: Returned 2 controllers in list
[move_group-8] [INFO] [1787663993.241349655] [moveit.simple_controller_manager.follow_joint_trajectory_controller_handle]: sending trajectory to joint_trajectory_controller
[gazebo-2] [INFO] [1787663993.241642925] [joint_trajectory_controller]: Received new action goal
[gazebo-2] [INFO] [1787663993.241934909] [joint_trajectory_controller]: Accepted new action goal
[move_group-8] [INFO] [1787663993.242392705] [moveit.simple_controller_manager.follow_joint_trajectory_controller_handle]: joint_trajectory_controller started execution
[move_group-8] [INFO] [1787663993.242497512] [moveit.simple_controller_manager.follow_joint_trajectory_controller_handle]: Goal request accepted!
[gazebo-2] [INFO] [1787663998.261707579] [joint_trajectory_controller]: Goal reached, success!
[move_group-8] [INFO] [1787663998.293051573] [moveit.simple_controller_manager.follow_joint_trajectory_controller_handle]: Controller 'joint_trajectory_controller' successfully finished
[move_group-8] [INFO] [1787663998.303403851] [move_group.moveit.moveit.ros.trajectory_execution_manager]: Completed trajectory execution with status SUCCEEDED ...
[move_group-8] [INFO] [1787663998.311308069] [move_group.moveit.moveit.ros.move_group.move_action]: Solution was found and executed.
[move_group-8] [INFO] [1787663999.043292401] [move_group.moveit.moveit.ros.move_group.move_action]: MoveGroupMoveAction: Received request
[move_group-8] [INFO] [1787663999.043572154] [move_group.moveit.moveit.ros.move_group.move_action]: executing..
[move_group-8] [INFO] [1787663999.053293015] [move_group.moveit.moveit.ros.move_group.move_action]: Combined planning and execution request received for MoveGroup action. Forwarding to planning and execution pipeline.
[move_group-8] [WARN] [1787663999.053361618] [move_group.moveit.moveit.ros.move_group.capability]: Execution of motions should always start at the robot's current state. Ignoring the state supplied as start state in the motion planning request
[move_group-8] [WARN] [1787663999.053381725] [move_group.moveit.moveit.ros.move_group.capability]: Execution of motions should always start at the robot's current state. Ignoring the state supplied as difference in the planning scene diff
[move_group-8] [INFO] [1787663999.053392165] [move_group.moveit.moveit.ros.plan_execution]: Planning attempt 1 of at most 1
[move_group-8] [INFO] [1787663999.053532140] [move_group]: Calling PlanningRequestAdapter 'CheckStartStateBounds'
[move_group-8] [INFO] [1787663999.053564182] [move_group]: Calling PlanningRequestAdapter 'CheckStartStateCollision'
[move_group-8] [INFO] [1787663999.053609734] [move_group]: Calling PlanningRequestAdapter 'ResolveConstraintFrames'
[move_group-8] [INFO] [1787663999.053622097] [move_group]: Calling PlanningRequestAdapter 'ValidateWorkspaceBounds'
[move_group-8] [INFO] [1787663999.053873612] [move_group.moveit.moveit.planners.ompl.model_based_planning_context]: Planner configuration 'ar_manipulator' will use planner 'geometric::RRTConnect'. Additional configuration parameters will be set when the planner is constructed.
[move_group-8] [INFO] [1787663999.053963096] [move_group]: Calling Planner 'OMPL'
[move_group-8] [INFO] [1787663999.070148453] [move_group]: Calling PlanningResponseAdapter 'AddTimeOptimalParameterization'
[move_group-8] [WARN] [1787663999.070233988] [move_group.moveit.moveit.core.time_optimal_trajectory_generation]: Invalid max_velocity_scaling_factor 0.000000 specified, defaulting to 1.000000 instead.
[move_group-8] [WARN] [1787663999.070263242] [move_group.moveit.moveit.core.time_optimal_trajectory_generation]: Invalid max_acceleration_scaling_factor 0.000000 specified, defaulting to 1.000000 instead.
[move_group-8] [INFO] [1787663999.074111900] [move_group]: Calling PlanningResponseAdapter 'ValidateSolution'
[move_group-8] [WARN] [1787663999.074413815] [move_group.moveit.moveit.ros.planning_pipeline]: The planner plugin did not fill out the 'planner_id' field of the MotionPlanResponse. Setting it to the planner ID name of the MotionPlanRequest assuming that the planner plugin does warn you if it does not use the requested planner.
[move_group-8] [INFO] [1787663999.074524763] [move_group.moveit.moveit.plugins.simple_controller_manager]: Returned 2 controllers in list
[move_group-8] [INFO] [1787663999.074542629] [move_group.moveit.moveit.plugins.simple_controller_manager]: Returned 2 controllers in list
[move_group-8] [INFO] [1787663999.074591543] [move_group.moveit.moveit.ros.trajectory_execution_manager]: Validating trajectory with allowed_start_tolerance 0.01
[move_group-8] [INFO] [1787663999.105343513] [move_group.moveit.moveit.ros.trajectory_execution_manager]: Starting trajectory execution ...
[move_group-8] [INFO] [1787663999.105433534] [move_group.moveit.moveit.plugins.simple_controller_manager]: Returned 2 controllers in list
[move_group-8] [INFO] [1787663999.105471261] [move_group.moveit.moveit.plugins.simple_controller_manager]: Returned 2 controllers in list
[move_group-8] [INFO] [1787663999.105600458] [moveit.simple_controller_manager.follow_joint_trajectory_controller_handle]: sending trajectory to joint_trajectory_controller
[gazebo-2] [INFO] [1787663999.105899990] [joint_trajectory_controller]: Received new action goal
[gazebo-2] [INFO] [1787663999.105958170] [joint_trajectory_controller]: Accepted new action goal
[move_group-8] [INFO] [1787663999.106218490] [moveit.simple_controller_manager.follow_joint_trajectory_controller_handle]: joint_trajectory_controller started execution
[move_group-8] [INFO] [1787663999.106264125] [moveit.simple_controller_manager.follow_joint_trajectory_controller_handle]: Goal request accepted!
[gazebo-2] [INFO] [1787664005.652798197] [joint_trajectory_controller]: Goal reached, success!
[move_group-8] [INFO] [1787664005.656504741] [moveit.simple_controller_manager.follow_joint_trajectory_controller_handle]: Controller 'joint_trajectory_controller' successfully finished
[move_group-8] [INFO] [1787664005.722523354] [move_group.moveit.moveit.ros.trajectory_execution_manager]: Completed trajectory execution with status SUCCEEDED ...
[move_group-8] [INFO] [1787664005.725568174] [move_group.moveit.moveit.ros.move_group.move_action]: Solution was found and executed.
[move_group-8] [INFO] [1787664006.443893557] [move_group.moveit.moveit.ros.move_group.move_action]: MoveGroupMoveAction: Received request
[move_group-8] [INFO] [1787664006.444192060] [move_group.moveit.moveit.ros.move_group.move_action]: executing..
[move_group-8] [INFO] [1787664006.459753874] [move_group.moveit.moveit.ros.move_group.move_action]: Combined planning and execution request received for MoveGroup action. Forwarding to planning and execution pipeline.
[move_group-8] [WARN] [1787664006.459840507] [move_group.moveit.moveit.ros.move_group.capability]: Execution of motions should always start at the robot's current state. Ignoring the state supplied as start state in the motion planning request
[move_group-8] [WARN] [1787664006.459871970] [move_group.moveit.moveit.ros.move_group.capability]: Execution of motions should always start at the robot's current state. Ignoring the state supplied as difference in the planning scene diff
[move_group-8] [INFO] [1787664006.459886082] [move_group.moveit.moveit.ros.plan_execution]: Planning attempt 1 of at most 1
[move_group-8] [INFO] [1787664006.460028559] [move_group]: Calling PlanningRequestAdapter 'CheckStartStateBounds'
[move_group-8] [INFO] [1787664006.460067979] [move_group]: Calling PlanningRequestAdapter 'CheckStartStateCollision'
[move_group-8] [INFO] [1787664006.460121744] [move_group]: Calling PlanningRequestAdapter 'ResolveConstraintFrames'
[move_group-8] [INFO] [1787664006.460136333] [move_group]: Calling PlanningRequestAdapter 'ValidateWorkspaceBounds'
[move_group-8] [INFO] [1787664006.460402343] [move_group.moveit.moveit.planners.ompl.model_based_planning_context]: Planner configuration 'ar_manipulator' will use planner 'geometric::RRTConnect'. Additional configuration parameters will be set when the planner is constructed.
[move_group-8] [INFO] [1787664006.460484674] [move_group]: Calling Planner 'OMPL'
[move_group-8] [INFO] [1787664006.475644107] [move_group]: Calling PlanningResponseAdapter 'AddTimeOptimalParameterization'
[move_group-8] [WARN] [1787664006.475705243] [move_group.moveit.moveit.core.time_optimal_trajectory_generation]: Invalid max_velocity_scaling_factor 0.000000 specified, defaulting to 1.000000 instead.
[move_group-8] [WARN] [1787664006.475722307] [move_group.moveit.moveit.core.time_optimal_trajectory_generation]: Invalid max_acceleration_scaling_factor 0.000000 specified, defaulting to 1.000000 instead.
[move_group-8] [INFO] [1787664006.479718612] [move_group]: Calling PlanningResponseAdapter 'ValidateSolution'
[move_group-8] [WARN] [1787664006.480230273] [move_group.moveit.moveit.ros.planning_pipeline]: The planner plugin did not fill out the 'planner_id' field of the MotionPlanResponse. Setting it to the planner ID name of the MotionPlanRequest assuming that the planner plugin does warn you if it does not use the requested planner.
[move_group-8] [INFO] [1787664006.480398283] [move_group.moveit.moveit.plugins.simple_controller_manager]: Returned 2 controllers in list
[move_group-8] [INFO] [1787664006.480430773] [move_group.moveit.moveit.plugins.simple_controller_manager]: Returned 2 controllers in list
[move_group-8] [INFO] [1787664006.480507389] [move_group.moveit.moveit.ros.trajectory_execution_manager]: Validating trajectory with allowed_start_tolerance 0.01
[move_group-8] [INFO] [1787664006.498678918] [move_group.moveit.moveit.ros.trajectory_execution_manager]: Starting trajectory execution ...
[move_group-8] [INFO] [1787664006.498782596] [move_group.moveit.moveit.plugins.simple_controller_manager]: Returned 2 controllers in list
[move_group-8] [INFO] [1787664006.498823429] [move_group.moveit.moveit.plugins.simple_controller_manager]: Returned 2 controllers in list
[move_group-8] [INFO] [1787664006.498939662] [moveit.simple_controller_manager.follow_joint_trajectory_controller_handle]: sending trajectory to joint_trajectory_controller
[gazebo-2] [INFO] [1787664006.499208125] [joint_trajectory_controller]: Received new action goal
[gazebo-2] [INFO] [1787664006.499246465] [joint_trajectory_controller]: Accepted new action goal
[move_group-8] [INFO] [1787664006.499458038] [moveit.simple_controller_manager.follow_joint_trajectory_controller_handle]: joint_trajectory_controller started execution
[move_group-8] [INFO] [1787664006.499501724] [moveit.simple_controller_manager.follow_joint_trajectory_controller_handle]: Goal request accepted!
[gazebo-2] [INFO] [1787664014.707680780] [joint_trajectory_controller]: Goal reached, success!
[move_group-8] [INFO] [1787664014.750500931] [moveit.simple_controller_manager.follow_joint_trajectory_controller_handle]: Controller 'joint_trajectory_controller' successfully finished
[move_group-8] [INFO] [1787664014.789420018] [move_group.moveit.moveit.ros.trajectory_execution_manager]: Completed trajectory execution with status SUCCEEDED ...
[move_group-8] [INFO] [1787664014.798842703] [move_group.moveit.moveit.ros.move_group.move_action]: Solution was found and executed.
[move_group-8] [INFO] [1787664015.472644384] [move_group.moveit.moveit.ros.move_group.move_action]: MoveGroupMoveAction: Received request
[move_group-8] [INFO] [1787664015.473073623] [move_group.moveit.moveit.ros.move_group.move_action]: executing..
[move_group-8] [INFO] [1787664015.495816876] [move_group.moveit.moveit.ros.move_group.move_action]: Combined planning and execution request received for MoveGroup action. Forwarding to planning and execution pipeline.
[move_group-8] [WARN] [1787664015.495928856] [move_group.moveit.moveit.ros.move_group.capability]: Execution of motions should always start at the robot's current state. Ignoring the state supplied as start state in the motion planning request
[move_group-8] [WARN] [1787664015.495952441] [move_group.moveit.moveit.ros.move_group.capability]: Execution of motions should always start at the robot's current state. Ignoring the state supplied as difference in the planning scene diff
[move_group-8] [INFO] [1787664015.495965186] [move_group.moveit.moveit.ros.plan_execution]: Planning attempt 1 of at most 1
[move_group-8] [INFO] [1787664015.496173790] [move_group]: Calling PlanningRequestAdapter 'CheckStartStateBounds'
[move_group-8] [INFO] [1787664015.496219731] [move_group]: Calling PlanningRequestAdapter 'CheckStartStateCollision'
[move_group-8] [INFO] [1787664015.496309842] [move_group]: Calling PlanningRequestAdapter 'ResolveConstraintFrames'
[move_group-8] [INFO] [1787664015.496327077] [move_group]: Calling PlanningRequestAdapter 'ValidateWorkspaceBounds'
[move_group-8] [INFO] [1787664015.496655103] [move_group.moveit.moveit.planners.ompl.model_based_planning_context]: Planner configuration 'ar_manipulator' will use planner 'geometric::RRTConnect'. Additional configuration parameters will be set when the planner is constructed.
[move_group-8] [INFO] [1787664015.496761148] [move_group]: Calling Planner 'OMPL'
[move_group-8] [INFO] [1787664015.510056655] [move_group]: Calling PlanningResponseAdapter 'AddTimeOptimalParameterization'
[move_group-8] [WARN] [1787664015.510129830] [move_group.moveit.moveit.core.time_optimal_trajectory_generation]: Invalid max_velocity_scaling_factor 0.000000 specified, defaulting to 1.000000 instead.
[move_group-8] [WARN] [1787664015.510151256] [move_group.moveit.moveit.core.time_optimal_trajectory_generation]: Invalid max_acceleration_scaling_factor 0.000000 specified, defaulting to 1.000000 instead.
[move_group-8] [INFO] [1787664015.515227229] [move_group]: Calling PlanningResponseAdapter 'ValidateSolution'
[move_group-8] [WARN] [1787664015.515805166] [move_group.moveit.moveit.ros.planning_pipeline]: The planner plugin did not fill out the 'planner_id' field of the MotionPlanResponse. Setting it to the planner ID name of the MotionPlanRequest assuming that the planner plugin does warn you if it does not use the requested planner.
[move_group-8] [INFO] [1787664015.515947595] [move_group.moveit.moveit.plugins.simple_controller_manager]: Returned 2 controllers in list
[move_group-8] [INFO] [1787664015.515974820] [move_group.moveit.moveit.plugins.simple_controller_manager]: Returned 2 controllers in list
[move_group-8] [INFO] [1787664015.516065564] [move_group.moveit.moveit.ros.trajectory_execution_manager]: Validating trajectory with allowed_start_tolerance 0.01
[move_group-8] [INFO] [1787664015.532265971] [move_group.moveit.moveit.ros.trajectory_execution_manager]: Starting trajectory execution ...
[move_group-8] [INFO] [1787664015.532352126] [move_group.moveit.moveit.plugins.simple_controller_manager]: Returned 2 controllers in list
[move_group-8] [INFO] [1787664015.532459779] [move_group.moveit.moveit.plugins.simple_controller_manager]: Returned 2 controllers in list
[move_group-8] [INFO] [1787664015.532557333] [moveit.simple_controller_manager.follow_joint_trajectory_controller_handle]: sending trajectory to joint_trajectory_controller
[gazebo-2] [INFO] [1787664015.532984058] [joint_trajectory_controller]: Received new action goal
[gazebo-2] [INFO] [1787664015.533017525] [joint_trajectory_controller]: Accepted new action goal
[move_group-8] [INFO] [1787664015.533275136] [moveit.simple_controller_manager.follow_joint_trajectory_controller_handle]: joint_trajectory_controller started execution
[move_group-8] [INFO] [1787664015.533312812] [moveit.simple_controller_manager.follow_joint_trajectory_controller_handle]: Goal request accepted!
[gazebo-2] [INFO] [1787664026.627804394] [joint_trajectory_controller]: Goal reached, success!
[move_group-8] [INFO] [1787664026.676853081] [moveit.simple_controller_manager.follow_joint_trajectory_controller_handle]: Controller 'joint_trajectory_controller' successfully finished
[move_group-8] [INFO] [1787664026.729903744] [move_group.moveit.moveit.ros.trajectory_execution_manager]: Completed trajectory execution with status SUCCEEDED ...
[move_group-8] [INFO] [1787664026.735600909] [move_group.moveit.moveit.ros.move_group.move_action]: Solution was found and executed.
[move_group-8] [INFO] [1787664027.429703955] [move_group.moveit.moveit.ros.move_group.move_action]: MoveGroupMoveAction: Received request
[move_group-8] [INFO] [1787664027.429982332] [move_group.moveit.moveit.ros.move_group.move_action]: executing..
[move_group-8] [INFO] [1787664027.437204892] [move_group.moveit.moveit.ros.move_group.move_action]: Combined planning and execution request received for MoveGroup action. Forwarding to planning and execution pipeline.
[move_group-8] [WARN] [1787664027.437265512] [move_group.moveit.moveit.ros.move_group.capability]: Execution of motions should always start at the robot's current state. Ignoring the state supplied as start state in the motion planning request
[move_group-8] [WARN] [1787664027.437328388] [move_group.moveit.moveit.ros.move_group.capability]: Execution of motions should always start at the robot's current state. Ignoring the state supplied as difference in the planning scene diff
[move_group-8] [INFO] [1787664027.437346484] [move_group.moveit.moveit.ros.plan_execution]: Planning attempt 1 of at most 1
[move_group-8] [INFO] [1787664027.437491498] [move_group]: Calling PlanningRequestAdapter 'CheckStartStateBounds'
[move_group-8] [INFO] [1787664027.437532412] [move_group]: Calling PlanningRequestAdapter 'CheckStartStateCollision'
[move_group-8] [INFO] [1787664027.437590940] [move_group]: Calling PlanningRequestAdapter 'ResolveConstraintFrames'
[move_group-8] [INFO] [1787664027.437605979] [move_group]: Calling PlanningRequestAdapter 'ValidateWorkspaceBounds'
[move_group-8] [INFO] [1787664027.437880876] [move_group.moveit.moveit.planners.ompl.model_based_planning_context]: Planner configuration 'ar_manipulator' will use planner 'geometric::RRTConnect'. Additional configuration parameters will be set when the planner is constructed.
[move_group-8] [INFO] [1787664027.437962422] [move_group]: Calling Planner 'OMPL'
[move_group-8] [INFO] [1787664027.454029501] [move_group]: Calling PlanningResponseAdapter 'AddTimeOptimalParameterization'
[move_group-8] [WARN] [1787664027.454087838] [move_group.moveit.moveit.core.time_optimal_trajectory_generation]: Invalid max_velocity_scaling_factor 0.000000 specified, defaulting to 1.000000 instead.
[move_group-8] [WARN] [1787664027.454102340] [move_group.moveit.moveit.core.time_optimal_trajectory_generation]: Invalid max_acceleration_scaling_factor 0.000000 specified, defaulting to 1.000000 instead.
[move_group-8] [INFO] [1787664027.456289045] [move_group]: Calling PlanningResponseAdapter 'ValidateSolution'
[move_group-8] [WARN] [1787664027.456772588] [move_group.moveit.moveit.ros.planning_pipeline]: The planner plugin did not fill out the 'planner_id' field of the MotionPlanResponse. Setting it to the planner ID name of the MotionPlanRequest assuming that the planner plugin does warn you if it does not use the requested planner.
[move_group-8] [INFO] [1787664027.456947279] [move_group.moveit.moveit.plugins.simple_controller_manager]: Returned 2 controllers in list
[move_group-8] [INFO] [1787664027.456978695] [move_group.moveit.moveit.plugins.simple_controller_manager]: Returned 2 controllers in list
[move_group-8] [INFO] [1787664027.457058839] [move_group.moveit.moveit.ros.trajectory_execution_manager]: Validating trajectory with allowed_start_tolerance 0.01
[move_group-8] [INFO] [1787664027.482495692] [move_group.moveit.moveit.ros.trajectory_execution_manager]: Starting trajectory execution ...
[move_group-8] [INFO] [1787664027.482583979] [move_group.moveit.moveit.plugins.simple_controller_manager]: Returned 2 controllers in list
[move_group-8] [INFO] [1787664027.482624047] [move_group.moveit.moveit.plugins.simple_controller_manager]: Returned 2 controllers in list
[move_group-8] [INFO] [1787664027.482751911] [moveit.simple_controller_manager.follow_joint_trajectory_controller_handle]: sending trajectory to joint_trajectory_controller
[gazebo-2] [INFO] [1787664027.483863901] [joint_trajectory_controller]: Received new action goal
[gazebo-2] [INFO] [1787664027.483906180] [joint_trajectory_controller]: Accepted new action goal
[move_group-8] [INFO] [1787664027.484912650] [moveit.simple_controller_manager.follow_joint_trajectory_controller_handle]: joint_trajectory_controller started execution
[move_group-8] [INFO] [1787664027.484955775] [moveit.simple_controller_manager.follow_joint_trajectory_controller_handle]: Goal request accepted!
[gazebo-2] [INFO] [1787664033.958693445] [joint_trajectory_controller]: Goal reached, success!
[move_group-8] [INFO] [1787664033.986327433] [moveit.simple_controller_manager.follow_joint_trajectory_controller_handle]: Controller 'joint_trajectory_controller' successfully finished
[move_group-8] [INFO] [1787664034.010608990] [move_group.moveit.moveit.ros.trajectory_execution_manager]: Completed trajectory execution with status SUCCEEDED ...
[move_group-8] [INFO] [1787664034.012848563] [move_group.moveit.moveit.ros.move_group.move_action]: Solution was found and executed.
[move_group-8] [INFO] [1787664034.694876891] [move_group.moveit.moveit.ros.move_group.move_action]: MoveGroupMoveAction: Received request
[move_group-8] [INFO] [1787664034.695125945] [move_group.moveit.moveit.ros.move_group.move_action]: executing..
[move_group-8] [INFO] [1787664034.696970731] [move_group.moveit.moveit.ros.move_group.move_action]: Combined planning and execution request received for MoveGroup action. Forwarding to planning and execution pipeline.
[move_group-8] [WARN] [1787664034.697037765] [move_group.moveit.moveit.ros.move_group.capability]: Execution of motions should always start at the robot's current state. Ignoring the state supplied as start state in the motion planning request
[move_group-8] [WARN] [1787664034.697056007] [move_group.moveit.moveit.ros.move_group.capability]: Execution of motions should always start at the robot's current state. Ignoring the state supplied as difference in the planning scene diff
[move_group-8] [INFO] [1787664034.697065623] [move_group.moveit.moveit.ros.plan_execution]: Planning attempt 1 of at most 1
[move_group-8] [INFO] [1787664034.697179094] [move_group]: Calling PlanningRequestAdapter 'CheckStartStateBounds'
[move_group-8] [INFO] [1787664034.697220909] [move_group]: Calling PlanningRequestAdapter 'CheckStartStateCollision'
[move_group-8] [INFO] [1787664034.697275469] [move_group]: Calling PlanningRequestAdapter 'ResolveConstraintFrames'
[move_group-8] [INFO] [1787664034.697287715] [move_group]: Calling PlanningRequestAdapter 'ValidateWorkspaceBounds'
[move_group-8] [INFO] [1787664034.697572921] [move_group.moveit.moveit.planners.ompl.model_based_planning_context]: Planner configuration 'ar_manipulator' will use planner 'geometric::RRTConnect'. Additional configuration parameters will be set when the planner is constructed.
[move_group-8] [INFO] [1787664034.697773797] [move_group]: Calling Planner 'OMPL'
[move_group-8] [INFO] [1787664034.713290805] [move_group]: Calling PlanningResponseAdapter 'AddTimeOptimalParameterization'
[move_group-8] [WARN] [1787664034.713339024] [move_group.moveit.moveit.core.time_optimal_trajectory_generation]: Invalid max_velocity_scaling_factor 0.000000 specified, defaulting to 1.000000 instead.
[move_group-8] [WARN] [1787664034.713362051] [move_group.moveit.moveit.core.time_optimal_trajectory_generation]: Invalid max_acceleration_scaling_factor 0.000000 specified, defaulting to 1.000000 instead.
[move_group-8] [INFO] [1787664034.716207517] [move_group]: Calling PlanningResponseAdapter 'ValidateSolution'
[move_group-8] [WARN] [1787664034.716703137] [move_group.moveit.moveit.ros.planning_pipeline]: The planner plugin did not fill out the 'planner_id' field of the MotionPlanResponse. Setting it to the planner ID name of the MotionPlanRequest assuming that the planner plugin does warn you if it does not use the requested planner.
[move_group-8] [INFO] [1787664034.716845549] [move_group.moveit.moveit.plugins.simple_controller_manager]: Returned 2 controllers in list
[move_group-8] [INFO] [1787664034.716879020] [move_group.moveit.moveit.plugins.simple_controller_manager]: Returned 2 controllers in list
[move_group-8] [INFO] [1787664034.716957373] [move_group.moveit.moveit.ros.trajectory_execution_manager]: Validating trajectory with allowed_start_tolerance 0.01
[move_group-8] [INFO] [1787664034.731034800] [move_group.moveit.moveit.ros.trajectory_execution_manager]: Starting trajectory execution ...
[move_group-8] [INFO] [1787664034.731125653] [move_group.moveit.moveit.plugins.simple_controller_manager]: Returned 2 controllers in list
[move_group-8] [INFO] [1787664034.731153521] [move_group.moveit.moveit.plugins.simple_controller_manager]: Returned 2 controllers in list
[move_group-8] [INFO] [1787664034.731245575] [moveit.simple_controller_manager.follow_joint_trajectory_controller_handle]: sending trajectory to joint_trajectory_controller
[gazebo-2] [INFO] [1787664034.731483789] [joint_trajectory_controller]: Received new action goal
[gazebo-2] [INFO] [1787664034.731515150] [joint_trajectory_controller]: Accepted new action goal
[move_group-8] [INFO] [1787664034.731740153] [moveit.simple_controller_manager.follow_joint_trajectory_controller_handle]: joint_trajectory_controller started execution
[move_group-8] [INFO] [1787664034.731787790] [moveit.simple_controller_manager.follow_joint_trajectory_controller_handle]: Goal request accepted!
[gazebo-2] [INFO] [1787664040.908498030] [joint_trajectory_controller]: Goal reached, success!
[move_group-8] [INFO] [1787664040.933356146] [moveit.simple_controller_manager.follow_joint_trajectory_controller_handle]: Controller 'joint_trajectory_controller' successfully finished
[move_group-8] [INFO] [1787664041.009678051] [move_group.moveit.moveit.ros.trajectory_execution_manager]: Completed trajectory execution with status SUCCEEDED ...
[move_group-8] [INFO] [1787664041.012235649] [move_group.moveit.moveit.ros.move_group.move_action]: Solution was found and executed.
[move_group-8] [INFO] [1787664041.729966222] [move_group.moveit.moveit.ros.move_group.move_action]: MoveGroupMoveAction: Received request
[move_group-8] [INFO] [1787664041.730311269] [move_group.moveit.moveit.ros.move_group.move_action]: executing..
[move_group-8] [INFO] [1787664041.764808838] [move_group.moveit.moveit.ros.move_group.move_action]: Combined planning and execution request received for MoveGroup action. Forwarding to planning and execution pipeline.
[move_group-8] [WARN] [1787664041.764887632] [move_group.moveit.moveit.ros.move_group.capability]: Execution of motions should always start at the robot's current state. Ignoring the state supplied as start state in the motion planning request
[move_group-8] [WARN] [1787664041.764910014] [move_group.moveit.moveit.ros.move_group.capability]: Execution of motions should always start at the robot's current state. Ignoring the state supplied as difference in the planning scene diff
[move_group-8] [INFO] [1787664041.764921093] [move_group.moveit.moveit.ros.plan_execution]: Planning attempt 1 of at most 1
[move_group-8] [INFO] [1787664041.765055110] [move_group]: Calling PlanningRequestAdapter 'CheckStartStateBounds'
[move_group-8] [INFO] [1787664041.765091056] [move_group]: Calling PlanningRequestAdapter 'CheckStartStateCollision'
[move_group-8] [INFO] [1787664041.765142886] [move_group]: Calling PlanningRequestAdapter 'ResolveConstraintFrames'
[move_group-8] [INFO] [1787664041.765157520] [move_group]: Calling PlanningRequestAdapter 'ValidateWorkspaceBounds'
[move_group-8] [INFO] [1787664041.765425618] [move_group.moveit.moveit.planners.ompl.model_based_planning_context]: Planner configuration 'ar_manipulator' will use planner 'geometric::RRTConnect'. Additional configuration parameters will be set when the planner is constructed.
[move_group-8] [INFO] [1787664041.765501811] [move_group]: Calling Planner 'OMPL'
[move_group-8] [INFO] [1787664041.771837873] [move_group]: Calling PlanningResponseAdapter 'AddTimeOptimalParameterization'
[move_group-8] [WARN] [1787664041.771906812] [move_group.moveit.moveit.core.time_optimal_trajectory_generation]: Invalid max_velocity_scaling_factor 0.000000 specified, defaulting to 1.000000 instead.
[move_group-8] [WARN] [1787664041.771926476] [move_group.moveit.moveit.core.time_optimal_trajectory_generation]: Invalid max_acceleration_scaling_factor 0.000000 specified, defaulting to 1.000000 instead.
[move_group-8] [INFO] [1787664041.774713192] [move_group]: Calling PlanningResponseAdapter 'ValidateSolution'
[move_group-8] [WARN] [1787664041.775136330] [move_group.moveit.moveit.ros.planning_pipeline]: The planner plugin did not fill out the 'planner_id' field of the MotionPlanResponse. Setting it to the planner ID name of the MotionPlanRequest assuming that the planner plugin does warn you if it does not use the requested planner.
[move_group-8] [INFO] [1787664041.775277350] [move_group.moveit.moveit.plugins.simple_controller_manager]: Returned 2 controllers in list
[move_group-8] [INFO] [1787664041.775308282] [move_group.moveit.moveit.plugins.simple_controller_manager]: Returned 2 controllers in list
[move_group-8] [INFO] [1787664041.775411655] [move_group.moveit.moveit.ros.trajectory_execution_manager]: Validating trajectory with allowed_start_tolerance 0.01
[move_group-8] [INFO] [1787664041.787534071] [move_group.moveit.moveit.ros.trajectory_execution_manager]: Starting trajectory execution ...
[move_group-8] [INFO] [1787664041.787639685] [move_group.moveit.moveit.plugins.simple_controller_manager]: Returned 2 controllers in list
[move_group-8] [INFO] [1787664041.787674451] [move_group.moveit.moveit.plugins.simple_controller_manager]: Returned 2 controllers in list
[move_group-8] [INFO] [1787664041.787775322] [moveit.simple_controller_manager.follow_joint_trajectory_controller_handle]: sending trajectory to joint_trajectory_controller
[gazebo-2] [INFO] [1787664041.787947310] [joint_trajectory_controller]: Received new action goal
[gazebo-2] [INFO] [1787664041.787978413] [joint_trajectory_controller]: Accepted new action goal
[move_group-8] [INFO] [1787664041.788219839] [moveit.simple_controller_manager.follow_joint_trajectory_controller_handle]: joint_trajectory_controller started execution
[move_group-8] [INFO] [1787664041.788261896] [moveit.simple_controller_manager.follow_joint_trajectory_controller_handle]: Goal request accepted!
[gazebo-2] [INFO] [1787664047.992626824] [joint_trajectory_controller]: Goal reached, success!
[move_group-8] [INFO] [1787664048.038656796] [moveit.simple_controller_manager.follow_joint_trajectory_controller_handle]: Controller 'joint_trajectory_controller' successfully finished
[move_group-8] [INFO] [1787664048.124019063] [move_group.moveit.moveit.ros.trajectory_execution_manager]: Completed trajectory execution with status SUCCEEDED ...
[move_group-8] [INFO] [1787664048.127719023] [move_group.moveit.moveit.ros.move_group.move_action]: Solution was found and executed.
[move_group-8] [INFO] [1787664048.868387752] [move_group.moveit.moveit.ros.move_group.move_action]: MoveGroupMoveAction: Received request
[move_group-8] [INFO] [1787664048.868700819] [move_group.moveit.moveit.ros.move_group.move_action]: executing..
[move_group-8] [INFO] [1787664048.874687170] [move_group.moveit.moveit.ros.move_group.move_action]: Combined planning and execution request received for MoveGroup action. Forwarding to planning and execution pipeline.
[move_group-8] [WARN] [1787664048.874772349] [move_group.moveit.moveit.ros.move_group.capability]: Execution of motions should always start at the robot's current state. Ignoring the state supplied as start state in the motion planning request
[move_group-8] [WARN] [1787664048.874823456] [move_group.moveit.moveit.ros.move_group.capability]: Execution of motions should always start at the robot's current state. Ignoring the state supplied as difference in the planning scene diff
[move_group-8] [INFO] [1787664048.874847661] [move_group.moveit.moveit.ros.plan_execution]: Planning attempt 1 of at most 1
[move_group-8] [INFO] [1787664048.875006568] [move_group]: Calling PlanningRequestAdapter 'CheckStartStateBounds'
[move_group-8] [INFO] [1787664048.875048533] [move_group]: Calling PlanningRequestAdapter 'CheckStartStateCollision'
[move_group-8] [INFO] [1787664048.875151074] [move_group]: Calling PlanningRequestAdapter 'ResolveConstraintFrames'
[move_group-8] [INFO] [1787664048.875168816] [move_group]: Calling PlanningRequestAdapter 'ValidateWorkspaceBounds'
[move_group-8] [INFO] [1787664048.875425647] [move_group.moveit.moveit.planners.ompl.model_based_planning_context]: Planner configuration 'ar_manipulator' will use planner 'geometric::RRTConnect'. Additional configuration parameters will be set when the planner is constructed.
[move_group-8] [INFO] [1787664048.875500081] [move_group]: Calling Planner 'OMPL'
[move_group-8] [INFO] [1787664048.890491405] [move_group]: Calling PlanningResponseAdapter 'AddTimeOptimalParameterization'
[move_group-8] [WARN] [1787664048.890553094] [move_group.moveit.moveit.core.time_optimal_trajectory_generation]: Invalid max_velocity_scaling_factor 0.000000 specified, defaulting to 1.000000 instead.
[move_group-8] [WARN] [1787664048.890572366] [move_group.moveit.moveit.core.time_optimal_trajectory_generation]: Invalid max_acceleration_scaling_factor 0.000000 specified, defaulting to 1.000000 instead.
[move_group-8] [INFO] [1787664048.894112861] [move_group]: Calling PlanningResponseAdapter 'ValidateSolution'
[move_group-8] [WARN] [1787664048.894450590] [move_group.moveit.moveit.ros.planning_pipeline]: The planner plugin did not fill out the 'planner_id' field of the MotionPlanResponse. Setting it to the planner ID name of the MotionPlanRequest assuming that the planner plugin does warn you if it does not use the requested planner.
[move_group-8] [INFO] [1787664048.894558128] [move_group.moveit.moveit.plugins.simple_controller_manager]: Returned 2 controllers in list
[move_group-8] [INFO] [1787664048.895807933] [move_group.moveit.moveit.plugins.simple_controller_manager]: Returned 2 controllers in list
[move_group-8] [INFO] [1787664048.895927038] [move_group.moveit.moveit.ros.trajectory_execution_manager]: Validating trajectory with allowed_start_tolerance 0.01
[move_group-8] [INFO] [1787664048.908263350] [move_group.moveit.moveit.ros.trajectory_execution_manager]: Starting trajectory execution ...
[move_group-8] [INFO] [1787664048.908368452] [move_group.moveit.moveit.plugins.simple_controller_manager]: Returned 2 controllers in list
[move_group-8] [INFO] [1787664048.908402017] [move_group.moveit.moveit.plugins.simple_controller_manager]: Returned 2 controllers in list
[move_group-8] [INFO] [1787664048.908530537] [moveit.simple_controller_manager.follow_joint_trajectory_controller_handle]: sending trajectory to joint_trajectory_controller
[gazebo-2] [INFO] [1787664048.908791514] [joint_trajectory_controller]: Received new action goal
[gazebo-2] [INFO] [1787664048.908825930] [joint_trajectory_controller]: Accepted new action goal
[move_group-8] [INFO] [1787664048.909083318] [moveit.simple_controller_manager.follow_joint_trajectory_controller_handle]: joint_trajectory_controller started execution
[move_group-8] [INFO] [1787664048.909126867] [moveit.simple_controller_manager.follow_joint_trajectory_controller_handle]: Goal request accepted!
[gazebo-2] [INFO] [1787664054.969847808] [joint_trajectory_controller]: Goal reached, success!
[move_group-8] [INFO] [1787664055.009281039] [moveit.simple_controller_manager.follow_joint_trajectory_controller_handle]: Controller 'joint_trajectory_controller' successfully finished
[move_group-8] [INFO] [1787664055.051052462] [move_group.moveit.moveit.ros.trajectory_execution_manager]: Completed trajectory execution with status SUCCEEDED ...
[move_group-8] [INFO] [1787664055.058556461] [move_group.moveit.moveit.ros.move_group.move_action]: Solution was found and executed.
[move_group-8] [INFO] [1787664058.972083022] [move_group.moveit.moveit.ros.move_group.move_action]: MoveGroupMoveAction: Received request
[move_group-8] [INFO] [1787664058.972350707] [move_group.moveit.moveit.ros.move_group.move_action]: executing..
[move_group-8] [INFO] [1787664058.975678331] [move_group.moveit.moveit.ros.move_group.move_action]: Combined planning and execution request received for MoveGroup action. Forwarding to planning and execution pipeline.
[move_group-8] [WARN] [1787664058.975761140] [move_group.moveit.moveit.ros.move_group.capability]: Execution of motions should always start at the robot's current state. Ignoring the state supplied as start state in the motion planning request
[move_group-8] [WARN] [1787664058.975786811] [move_group.moveit.moveit.ros.move_group.capability]: Execution of motions should always start at the robot's current state. Ignoring the state supplied as difference in the planning scene diff
[move_group-8] [INFO] [1787664058.975798516] [move_group.moveit.moveit.ros.plan_execution]: Planning attempt 1 of at most 1
[move_group-8] [INFO] [1787664058.975918297] [move_group]: Calling PlanningRequestAdapter 'CheckStartStateBounds'
[move_group-8] [INFO] [1787664058.975958980] [move_group]: Calling PlanningRequestAdapter 'CheckStartStateCollision'
[move_group-8] [INFO] [1787664058.976013326] [move_group]: Calling PlanningRequestAdapter 'ResolveConstraintFrames'
[move_group-8] [INFO] [1787664058.976026740] [move_group]: Calling PlanningRequestAdapter 'ValidateWorkspaceBounds'
[move_group-8] [INFO] [1787664058.976268167] [move_group.moveit.moveit.planners.ompl.model_based_planning_context]: Planner configuration 'ar_manipulator' will use planner 'geometric::RRTConnect'. Additional configuration parameters will be set when the planner is constructed.
[move_group-8] [INFO] [1787664058.976343699] [move_group]: Calling Planner 'OMPL'
[move_group-8] [INFO] [1787664058.991772519] [move_group]: Calling PlanningResponseAdapter 'AddTimeOptimalParameterization'
[move_group-8] [WARN] [1787664058.991821251] [move_group.moveit.moveit.core.time_optimal_trajectory_generation]: Invalid max_velocity_scaling_factor 0.000000 specified, defaulting to 1.000000 instead.
[move_group-8] [WARN] [1787664058.991841694] [move_group.moveit.moveit.core.time_optimal_trajectory_generation]: Invalid max_acceleration_scaling_factor 0.000000 specified, defaulting to 1.000000 instead.
[move_group-8] [INFO] [1787664058.996856021] [move_group]: Calling PlanningResponseAdapter 'ValidateSolution'
[move_group-8] [WARN] [1787664058.997517480] [move_group.moveit.moveit.ros.planning_pipeline]: The planner plugin did not fill out the 'planner_id' field of the MotionPlanResponse. Setting it to the planner ID name of the MotionPlanRequest assuming that the planner plugin does warn you if it does not use the requested planner.
[move_group-8] [INFO] [1787664058.997779000] [move_group.moveit.moveit.plugins.simple_controller_manager]: Returned 2 controllers in list
[move_group-8] [INFO] [1787664058.998468597] [move_group.moveit.moveit.plugins.simple_controller_manager]: Returned 2 controllers in list
[move_group-8] [INFO] [1787664059.001333745] [move_group.moveit.moveit.ros.trajectory_execution_manager]: Validating trajectory with allowed_start_tolerance 0.01
[move_group-8] [INFO] [1787664059.047811022] [move_group.moveit.moveit.ros.trajectory_execution_manager]: Starting trajectory execution ...
[move_group-8] [INFO] [1787664059.047910728] [move_group.moveit.moveit.plugins.simple_controller_manager]: Returned 2 controllers in list
[move_group-8] [INFO] [1787664059.047951981] [move_group.moveit.moveit.plugins.simple_controller_manager]: Returned 2 controllers in list
[move_group-8] [INFO] [1787664059.048098204] [moveit.simple_controller_manager.follow_joint_trajectory_controller_handle]: sending trajectory to joint_trajectory_controller
[gazebo-2] [INFO] [1787664059.048374342] [joint_trajectory_controller]: Received new action goal
[gazebo-2] [INFO] [1787664059.048407417] [joint_trajectory_controller]: Accepted new action goal
[move_group-8] [INFO] [1787664059.050464810] [moveit.simple_controller_manager.follow_joint_trajectory_controller_handle]: joint_trajectory_controller started execution
[move_group-8] [INFO] [1787664059.050499273] [moveit.simple_controller_manager.follow_joint_trajectory_controller_handle]: Goal request accepted!
[gazebo-2] [INFO] [1787664064.878664809] [joint_trajectory_controller]: Goal reached, success!
[move_group-8] [INFO] [1787664064.898846496] [moveit.simple_controller_manager.follow_joint_trajectory_controller_handle]: Controller 'joint_trajectory_controller' successfully finished
[move_group-8] [INFO] [1787664064.933132379] [move_group.moveit.moveit.ros.trajectory_execution_manager]: Completed trajectory execution with status SUCCEEDED ...
[move_group-8] [INFO] [1787664064.937966049] [move_group.moveit.moveit.ros.move_group.move_action]: Solution was found and executed.
[move_group-8] [INFO] [1787664065.606328572] [move_group.moveit.moveit.ros.move_group.move_action]: MoveGroupMoveAction: Received request
[move_group-8] [INFO] [1787664065.606566551] [move_group.moveit.moveit.ros.move_group.move_action]: executing..
[move_group-8] [INFO] [1787664065.619387216] [move_group.moveit.moveit.ros.move_group.move_action]: Combined planning and execution request received for MoveGroup action. Forwarding to planning and execution pipeline.
[move_group-8] [WARN] [1787664065.619458019] [move_group.moveit.moveit.ros.move_group.capability]: Execution of motions should always start at the robot's current state. Ignoring the state supplied as start state in the motion planning request
[move_group-8] [WARN] [1787664065.619484112] [move_group.moveit.moveit.ros.move_group.capability]: Execution of motions should always start at the robot's current state. Ignoring the state supplied as difference in the planning scene diff
[move_group-8] [INFO] [1787664065.619495417] [move_group.moveit.moveit.ros.plan_execution]: Planning attempt 1 of at most 1
[move_group-8] [INFO] [1787664065.619644317] [move_group]: Calling PlanningRequestAdapter 'CheckStartStateBounds'
[move_group-8] [INFO] [1787664065.619702060] [move_group]: Calling PlanningRequestAdapter 'CheckStartStateCollision'
[move_group-8] [INFO] [1787664065.619756056] [move_group]: Calling PlanningRequestAdapter 'ResolveConstraintFrames'
[move_group-8] [INFO] [1787664065.619768061] [move_group]: Calling PlanningRequestAdapter 'ValidateWorkspaceBounds'
[move_group-8] [INFO] [1787664065.620066925] [move_group.moveit.moveit.planners.ompl.model_based_planning_context]: Planner configuration 'ar_manipulator' will use planner 'geometric::RRTConnect'. Additional configuration parameters will be set when the planner is constructed.
[move_group-8] [INFO] [1787664065.620141039] [move_group]: Calling Planner 'OMPL'
[move_group-8] [INFO] [1787664065.635664249] [move_group]: Calling PlanningResponseAdapter 'AddTimeOptimalParameterization'
[move_group-8] [WARN] [1787664065.635724866] [move_group.moveit.moveit.core.time_optimal_trajectory_generation]: Invalid max_velocity_scaling_factor 0.000000 specified, defaulting to 1.000000 instead.
[move_group-8] [WARN] [1787664065.635740664] [move_group.moveit.moveit.core.time_optimal_trajectory_generation]: Invalid max_acceleration_scaling_factor 0.000000 specified, defaulting to 1.000000 instead.
[move_group-8] [INFO] [1787664065.648912538] [move_group]: Calling PlanningResponseAdapter 'ValidateSolution'
[move_group-8] [WARN] [1787664065.649441655] [move_group.moveit.moveit.ros.planning_pipeline]: The planner plugin did not fill out the 'planner_id' field of the MotionPlanResponse. Setting it to the planner ID name of the MotionPlanRequest assuming that the planner plugin does warn you if it does not use the requested planner.
[move_group-8] [INFO] [1787664065.649599141] [move_group.moveit.moveit.plugins.simple_controller_manager]: Returned 2 controllers in list
[move_group-8] [INFO] [1787664065.649628526] [move_group.moveit.moveit.plugins.simple_controller_manager]: Returned 2 controllers in list
[move_group-8] [INFO] [1787664065.649708506] [move_group.moveit.moveit.ros.trajectory_execution_manager]: Validating trajectory with allowed_start_tolerance 0.01
[move_group-8] [INFO] [1787664065.665037992] [move_group.moveit.moveit.ros.trajectory_execution_manager]: Starting trajectory execution ...
[move_group-8] [INFO] [1787664065.665144783] [move_group.moveit.moveit.plugins.simple_controller_manager]: Returned 2 controllers in list
[move_group-8] [INFO] [1787664065.665175715] [move_group.moveit.moveit.plugins.simple_controller_manager]: Returned 2 controllers in list
[move_group-8] [INFO] [1787664065.665337161] [moveit.simple_controller_manager.follow_joint_trajectory_controller_handle]: sending trajectory to joint_trajectory_controller
[gazebo-2] [INFO] [1787664065.665664592] [joint_trajectory_controller]: Received new action goal
[gazebo-2] [INFO] [1787664065.665703081] [joint_trajectory_controller]: Accepted new action goal
[move_group-8] [INFO] [1787664065.665923412] [moveit.simple_controller_manager.follow_joint_trajectory_controller_handle]: joint_trajectory_controller started execution
[move_group-8] [INFO] [1787664065.665966776] [moveit.simple_controller_manager.follow_joint_trajectory_controller_handle]: Goal request accepted!
[gazebo-2] [INFO] [1787664073.181004611] [joint_trajectory_controller]: Goal reached, success!
[move_group-8] [INFO] [1787664073.216710233] [moveit.simple_controller_manager.follow_joint_trajectory_controller_handle]: Controller 'joint_trajectory_controller' successfully finished
[move_group-8] [INFO] [1787664073.228221625] [move_group.moveit.moveit.ros.trajectory_execution_manager]: Completed trajectory execution with status SUCCEEDED ...
[move_group-8] [INFO] [1787664073.235526739] [move_group.moveit.moveit.ros.move_group.move_action]: Solution was found and executed.
[move_group-8] [INFO] [1787664073.941090724] [move_group.moveit.moveit.ros.move_group.move_action]: MoveGroupMoveAction: Received request
[move_group-8] [INFO] [1787664073.941313953] [move_group.moveit.moveit.ros.move_group.move_action]: executing..
[move_group-8] [INFO] [1787664073.968684256] [move_group.moveit.moveit.ros.move_group.move_action]: Combined planning and execution request received for MoveGroup action. Forwarding to planning and execution pipeline.
[move_group-8] [WARN] [1787664073.968773787] [move_group.moveit.moveit.ros.move_group.capability]: Execution of motions should always start at the robot's current state. Ignoring the state supplied as start state in the motion planning request
[move_group-8] [WARN] [1787664073.968793596] [move_group.moveit.moveit.ros.move_group.capability]: Execution of motions should always start at the robot's current state. Ignoring the state supplied as difference in the planning scene diff
[move_group-8] [INFO] [1787664073.968805116] [move_group.moveit.moveit.ros.plan_execution]: Planning attempt 1 of at most 1
[move_group-8] [INFO] [1787664073.968917056] [move_group]: Calling PlanningRequestAdapter 'CheckStartStateBounds'
[move_group-8] [INFO] [1787664073.968949033] [move_group]: Calling PlanningRequestAdapter 'CheckStartStateCollision'
[move_group-8] [INFO] [1787664073.968999603] [move_group]: Calling PlanningRequestAdapter 'ResolveConstraintFrames'
[move_group-8] [INFO] [1787664073.969013085] [move_group]: Calling PlanningRequestAdapter 'ValidateWorkspaceBounds'
[move_group-8] [INFO] [1787664073.969284926] [move_group.moveit.moveit.planners.ompl.model_based_planning_context]: Planner configuration 'ar_manipulator' will use planner 'geometric::RRTConnect'. Additional configuration parameters will be set when the planner is constructed.
[move_group-8] [INFO] [1787664073.969357663] [move_group]: Calling Planner 'OMPL'
[move_group-8] [INFO] [1787664073.983790960] [move_group]: Calling PlanningResponseAdapter 'AddTimeOptimalParameterization'
[move_group-8] [WARN] [1787664073.983999843] [move_group.moveit.moveit.core.time_optimal_trajectory_generation]: Invalid max_velocity_scaling_factor 0.000000 specified, defaulting to 1.000000 instead.
[move_group-8] [WARN] [1787664073.984023863] [move_group.moveit.moveit.core.time_optimal_trajectory_generation]: Invalid max_acceleration_scaling_factor 0.000000 specified, defaulting to 1.000000 instead.
[move_group-8] [INFO] [1787664073.988497698] [move_group]: Calling PlanningResponseAdapter 'ValidateSolution'
[move_group-8] [WARN] [1787664073.989393879] [move_group.moveit.moveit.ros.planning_pipeline]: The planner plugin did not fill out the 'planner_id' field of the MotionPlanResponse. Setting it to the planner ID name of the MotionPlanRequest assuming that the planner plugin does warn you if it does not use the requested planner.
[move_group-8] [INFO] [1787664073.989537644] [move_group.moveit.moveit.plugins.simple_controller_manager]: Returned 2 controllers in list
[move_group-8] [INFO] [1787664073.989568891] [move_group.moveit.moveit.plugins.simple_controller_manager]: Returned 2 controllers in list
[move_group-8] [INFO] [1787664073.989659313] [move_group.moveit.moveit.ros.trajectory_execution_manager]: Validating trajectory with allowed_start_tolerance 0.01
[move_group-8] [INFO] [1787664074.005390220] [move_group.moveit.moveit.ros.trajectory_execution_manager]: Starting trajectory execution ...
[move_group-8] [INFO] [1787664074.005542768] [move_group.moveit.moveit.plugins.simple_controller_manager]: Returned 2 controllers in list
[move_group-8] [INFO] [1787664074.005682995] [move_group.moveit.moveit.plugins.simple_controller_manager]: Returned 2 controllers in list
[move_group-8] [INFO] [1787664074.006026017] [moveit.simple_controller_manager.follow_joint_trajectory_controller_handle]: sending trajectory to joint_trajectory_controller
[gazebo-2] [INFO] [1787664074.009367554] [joint_trajectory_controller]: Received new action goal
[gazebo-2] [INFO] [1787664074.009413751] [joint_trajectory_controller]: Accepted new action goal
[move_group-8] [INFO] [1787664074.010208148] [moveit.simple_controller_manager.follow_joint_trajectory_controller_handle]: joint_trajectory_controller started execution
[move_group-8] [INFO] [1787664074.010240952] [moveit.simple_controller_manager.follow_joint_trajectory_controller_handle]: Goal request accepted!
[gazebo-2] [INFO] [1787664079.577822929] [joint_trajectory_controller]: Goal reached, success!
[move_group-8] [INFO] [1787664079.610002251] [moveit.simple_controller_manager.follow_joint_trajectory_controller_handle]: Controller 'joint_trajectory_controller' successfully finished
[move_group-8] [INFO] [1787664079.671966272] [move_group.moveit.moveit.ros.trajectory_execution_manager]: Completed trajectory execution with status SUCCEEDED ...
[move_group-8] [INFO] [1787664079.675247179] [move_group.moveit.moveit.ros.move_group.move_action]: Solution was found and executed.
[move_group-8] [INFO] [1787664080.406869016] [move_group.moveit.moveit.ros.move_group.move_action]: MoveGroupMoveAction: Received request
[move_group-8] [INFO] [1787664080.407134170] [move_group.moveit.moveit.ros.move_group.move_action]: executing..
[move_group-8] [INFO] [1787664080.412995366] [move_group.moveit.moveit.ros.move_group.move_action]: Combined planning and execution request received for MoveGroup action. Forwarding to planning and execution pipeline.
[move_group-8] [WARN] [1787664080.413094706] [move_group.moveit.moveit.ros.move_group.capability]: Execution of motions should always start at the robot's current state. Ignoring the state supplied as start state in the motion planning request
[move_group-8] [WARN] [1787664080.413118736] [move_group.moveit.moveit.ros.move_group.capability]: Execution of motions should always start at the robot's current state. Ignoring the state supplied as difference in the planning scene diff
[move_group-8] [INFO] [1787664080.413130765] [move_group.moveit.moveit.ros.plan_execution]: Planning attempt 1 of at most 1
[move_group-8] [INFO] [1787664080.413277221] [move_group]: Calling PlanningRequestAdapter 'CheckStartStateBounds'
[move_group-8] [INFO] [1787664080.413314540] [move_group]: Calling PlanningRequestAdapter 'CheckStartStateCollision'
[move_group-8] [INFO] [1787664080.413375282] [move_group]: Calling PlanningRequestAdapter 'ResolveConstraintFrames'
[move_group-8] [INFO] [1787664080.413390830] [move_group]: Calling PlanningRequestAdapter 'ValidateWorkspaceBounds'
[move_group-8] [INFO] [1787664080.413657572] [move_group.moveit.moveit.planners.ompl.model_based_planning_context]: Planner configuration 'ar_manipulator' will use planner 'geometric::RRTConnect'. Additional configuration parameters will be set when the planner is constructed.
[move_group-8] [INFO] [1787664080.413739685] [move_group]: Calling Planner 'OMPL'
[move_group-8] [INFO] [1787664080.428803243] [move_group]: Calling PlanningResponseAdapter 'AddTimeOptimalParameterization'
[move_group-8] [WARN] [1787664080.428868248] [move_group.moveit.moveit.core.time_optimal_trajectory_generation]: Invalid max_velocity_scaling_factor 0.000000 specified, defaulting to 1.000000 instead.
[move_group-8] [WARN] [1787664080.428891352] [move_group.moveit.moveit.core.time_optimal_trajectory_generation]: Invalid max_acceleration_scaling_factor 0.000000 specified, defaulting to 1.000000 instead.
[move_group-8] [INFO] [1787664080.432740446] [move_group]: Calling PlanningResponseAdapter 'ValidateSolution'
[move_group-8] [WARN] [1787664080.433330435] [move_group.moveit.moveit.ros.planning_pipeline]: The planner plugin did not fill out the 'planner_id' field of the MotionPlanResponse. Setting it to the planner ID name of the MotionPlanRequest assuming that the planner plugin does warn you if it does not use the requested planner.
[move_group-8] [INFO] [1787664080.433473290] [move_group.moveit.moveit.plugins.simple_controller_manager]: Returned 2 controllers in list
[move_group-8] [INFO] [1787664080.433496631] [move_group.moveit.moveit.plugins.simple_controller_manager]: Returned 2 controllers in list
[move_group-8] [INFO] [1787664080.433563785] [move_group.moveit.moveit.ros.trajectory_execution_manager]: Validating trajectory with allowed_start_tolerance 0.01
[move_group-8] [INFO] [1787664080.455240901] [move_group.moveit.moveit.ros.trajectory_execution_manager]: Starting trajectory execution ...
[move_group-8] [INFO] [1787664080.455394270] [move_group.moveit.moveit.plugins.simple_controller_manager]: Returned 2 controllers in list
[move_group-8] [INFO] [1787664080.455443255] [move_group.moveit.moveit.plugins.simple_controller_manager]: Returned 2 controllers in list
[move_group-8] [INFO] [1787664080.455620100] [moveit.simple_controller_manager.follow_joint_trajectory_controller_handle]: sending trajectory to joint_trajectory_controller
[gazebo-2] [INFO] [1787664080.456089831] [joint_trajectory_controller]: Received new action goal
[gazebo-2] [INFO] [1787664080.456135006] [joint_trajectory_controller]: Accepted new action goal
[move_group-8] [INFO] [1787664080.456423737] [moveit.simple_controller_manager.follow_joint_trajectory_controller_handle]: joint_trajectory_controller started execution
[move_group-8] [INFO] [1787664080.456472549] [moveit.simple_controller_manager.follow_joint_trajectory_controller_handle]: Goal request accepted!
[gazebo-2] [INFO] [1787664088.542719050] [joint_trajectory_controller]: Goal reached, success!
[move_group-8] [INFO] [1787664088.556689884] [moveit.simple_controller_manager.follow_joint_trajectory_controller_handle]: Controller 'joint_trajectory_controller' successfully finished
[move_group-8] [INFO] [1787664088.624963871] [move_group.moveit.moveit.ros.trajectory_execution_manager]: Completed trajectory execution with status SUCCEEDED ...
[move_group-8] [INFO] [1787664088.625835568] [move_group.moveit.moveit.ros.move_group.move_action]: Solution was found and executed.
[move_group-8] [INFO] [1787664089.338532295] [move_group.moveit.moveit.ros.move_group.move_action]: MoveGroupMoveAction: Received request
[move_group-8] [INFO] [1787664089.338801873] [move_group.moveit.moveit.ros.move_group.move_action]: executing..
[move_group-8] [INFO] [1787664089.346605596] [move_group.moveit.moveit.ros.move_group.move_action]: Combined planning and execution request received for MoveGroup action. Forwarding to planning and execution pipeline.
[move_group-8] [WARN] [1787664089.346689153] [move_group.moveit.moveit.ros.move_group.capability]: Execution of motions should always start at the robot's current state. Ignoring the state supplied as start state in the motion planning request
[move_group-8] [WARN] [1787664089.346712381] [move_group.moveit.moveit.ros.move_group.capability]: Execution of motions should always start at the robot's current state. Ignoring the state supplied as difference in the planning scene diff
[move_group-8] [INFO] [1787664089.346723509] [move_group.moveit.moveit.ros.plan_execution]: Planning attempt 1 of at most 1
[move_group-8] [INFO] [1787664089.346829442] [move_group]: Calling PlanningRequestAdapter 'CheckStartStateBounds'
[move_group-8] [INFO] [1787664089.346862587] [move_group]: Calling PlanningRequestAdapter 'CheckStartStateCollision'
[move_group-8] [INFO] [1787664089.346913944] [move_group]: Calling PlanningRequestAdapter 'ResolveConstraintFrames'
[move_group-8] [INFO] [1787664089.346928585] [move_group]: Calling PlanningRequestAdapter 'ValidateWorkspaceBounds'
[move_group-8] [INFO] [1787664089.347195834] [move_group.moveit.moveit.planners.ompl.model_based_planning_context]: Planner configuration 'ar_manipulator' will use planner 'geometric::RRTConnect'. Additional configuration parameters will be set when the planner is constructed.
[move_group-8] [INFO] [1787664089.347263309] [move_group]: Calling Planner 'OMPL'
[move_group-8] [INFO] [1787664089.364245109] [move_group]: Calling PlanningResponseAdapter 'AddTimeOptimalParameterization'
[move_group-8] [WARN] [1787664089.364310556] [move_group.moveit.moveit.core.time_optimal_trajectory_generation]: Invalid max_velocity_scaling_factor 0.000000 specified, defaulting to 1.000000 instead.
[move_group-8] [WARN] [1787664089.364330703] [move_group.moveit.moveit.core.time_optimal_trajectory_generation]: Invalid max_acceleration_scaling_factor 0.000000 specified, defaulting to 1.000000 instead.
[move_group-8] [INFO] [1787664089.370379998] [move_group]: Calling PlanningResponseAdapter 'ValidateSolution'
[move_group-8] [WARN] [1787664089.371480298] [move_group.moveit.moveit.ros.planning_pipeline]: The planner plugin did not fill out the 'planner_id' field of the MotionPlanResponse. Setting it to the planner ID name of the MotionPlanRequest assuming that the planner plugin does warn you if it does not use the requested planner.
[move_group-8] [INFO] [1787664089.371652274] [move_group.moveit.moveit.plugins.simple_controller_manager]: Returned 2 controllers in list
[move_group-8] [INFO] [1787664089.371679273] [move_group.moveit.moveit.plugins.simple_controller_manager]: Returned 2 controllers in list
[move_group-8] [INFO] [1787664089.371766399] [move_group.moveit.moveit.ros.trajectory_execution_manager]: Validating trajectory with allowed_start_tolerance 0.01
[move_group-8] [INFO] [1787664089.404659091] [move_group.moveit.moveit.ros.trajectory_execution_manager]: Starting trajectory execution ...
[move_group-8] [INFO] [1787664089.404735309] [move_group.moveit.moveit.plugins.simple_controller_manager]: Returned 2 controllers in list
[move_group-8] [INFO] [1787664089.404764143] [move_group.moveit.moveit.plugins.simple_controller_manager]: Returned 2 controllers in list
[move_group-8] [INFO] [1787664089.404861433] [moveit.simple_controller_manager.follow_joint_trajectory_controller_handle]: sending trajectory to joint_trajectory_controller
[gazebo-2] [INFO] [1787664089.405065335] [joint_trajectory_controller]: Received new action goal
[gazebo-2] [INFO] [1787664089.405099554] [joint_trajectory_controller]: Accepted new action goal
[move_group-8] [INFO] [1787664089.405270971] [moveit.simple_controller_manager.follow_joint_trajectory_controller_handle]: joint_trajectory_controller started execution
[move_group-8] [INFO] [1787664089.405309786] [moveit.simple_controller_manager.follow_joint_trajectory_controller_handle]: Goal request accepted!
[gazebo-2] [INFO] [1787664100.238364968] [joint_trajectory_controller]: Goal reached, success!
[move_group-8] [INFO] [1787664100.247378630] [moveit.simple_controller_manager.follow_joint_trajectory_controller_handle]: Controller 'joint_trajectory_controller' successfully finished
[move_group-8] [INFO] [1787664100.273949620] [move_group.moveit.moveit.ros.trajectory_execution_manager]: Completed trajectory execution with status SUCCEEDED ...
[move_group-8] [INFO] [1787664100.276571226] [move_group.moveit.moveit.ros.move_group.move_action]: Solution was found and executed.
[move_group-8] [INFO] [1787664101.022256701] [move_group.moveit.moveit.ros.move_group.move_action]: MoveGroupMoveAction: Received request
[move_group-8] [INFO] [1787664101.023168042] [move_group.moveit.moveit.ros.move_group.move_action]: executing..
[move_group-8] [INFO] [1787664101.025286860] [move_group.moveit.moveit.ros.move_group.move_action]: Combined planning and execution request received for MoveGroup action. Forwarding to planning and execution pipeline.
[move_group-8] [WARN] [1787664101.025343818] [move_group.moveit.moveit.ros.move_group.capability]: Execution of motions should always start at the robot's current state. Ignoring the state supplied as start state in the motion planning request
[move_group-8] [WARN] [1787664101.025369759] [move_group.moveit.moveit.ros.move_group.capability]: Execution of motions should always start at the robot's current state. Ignoring the state supplied as difference in the planning scene diff
[move_group-8] [INFO] [1787664101.025383048] [move_group.moveit.moveit.ros.plan_execution]: Planning attempt 1 of at most 1
[move_group-8] [INFO] [1787664101.025498627] [move_group]: Calling PlanningRequestAdapter 'CheckStartStateBounds'
[move_group-8] [INFO] [1787664101.025529998] [move_group]: Calling PlanningRequestAdapter 'CheckStartStateCollision'
[move_group-8] [INFO] [1787664101.025629086] [move_group]: Calling PlanningRequestAdapter 'ResolveConstraintFrames'
[move_group-8] [INFO] [1787664101.025649252] [move_group]: Calling PlanningRequestAdapter 'ValidateWorkspaceBounds'
[move_group-8] [INFO] [1787664101.025898610] [move_group.moveit.moveit.planners.ompl.model_based_planning_context]: Planner configuration 'ar_manipulator' will use planner 'geometric::RRTConnect'. Additional configuration parameters will be set when the planner is constructed.
[move_group-8] [INFO] [1787664101.025986984] [move_group]: Calling Planner 'OMPL'
[move_group-8] [INFO] [1787664101.051422405] [move_group]: Calling PlanningResponseAdapter 'AddTimeOptimalParameterization'
[move_group-8] [WARN] [1787664101.051485593] [move_group.moveit.moveit.core.time_optimal_trajectory_generation]: Invalid max_velocity_scaling_factor 0.000000 specified, defaulting to 1.000000 instead.
[move_group-8] [WARN] [1787664101.051504021] [move_group.moveit.moveit.core.time_optimal_trajectory_generation]: Invalid max_acceleration_scaling_factor 0.000000 specified, defaulting to 1.000000 instead.
[move_group-8] [INFO] [1787664101.055930516] [move_group]: Calling PlanningResponseAdapter 'ValidateSolution'
[move_group-8] [WARN] [1787664101.057787097] [move_group.moveit.moveit.ros.planning_pipeline]: The planner plugin did not fill out the 'planner_id' field of the MotionPlanResponse. Setting it to the planner ID name of the MotionPlanRequest assuming that the planner plugin does warn you if it does not use the requested planner.
[move_group-8] [INFO] [1787664101.058078473] [move_group.moveit.moveit.plugins.simple_controller_manager]: Returned 2 controllers in list
[move_group-8] [INFO] [1787664101.058116130] [move_group.moveit.moveit.plugins.simple_controller_manager]: Returned 2 controllers in list
[move_group-8] [INFO] [1787664101.058220976] [move_group.moveit.moveit.ros.trajectory_execution_manager]: Validating trajectory with allowed_start_tolerance 0.01
[move_group-8] [INFO] [1787664101.062055521] [move_group.moveit.moveit.ros.trajectory_execution_manager]: Starting trajectory execution ...
[move_group-8] [INFO] [1787664101.062189037] [move_group.moveit.moveit.plugins.simple_controller_manager]: Returned 2 controllers in list
[move_group-8] [INFO] [1787664101.062230905] [move_group.moveit.moveit.plugins.simple_controller_manager]: Returned 2 controllers in list
[move_group-8] [INFO] [1787664101.062367568] [moveit.simple_controller_manager.follow_joint_trajectory_controller_handle]: sending trajectory to joint_trajectory_controller
[gazebo-2] [INFO] [1787664101.062593578] [joint_trajectory_controller]: Received new action goal
[gazebo-2] [INFO] [1787664101.062631907] [joint_trajectory_controller]: Accepted new action goal
[move_group-8] [INFO] [1787664101.063038022] [moveit.simple_controller_manager.follow_joint_trajectory_controller_handle]: joint_trajectory_controller started execution
[move_group-8] [INFO] [1787664101.063084192] [moveit.simple_controller_manager.follow_joint_trajectory_controller_handle]: Goal request accepted!
[gazebo-2] [INFO] [1787664107.317704879] [joint_trajectory_controller]: Goal reached, success!
[move_group-8] [INFO] [1787664107.363302534] [moveit.simple_controller_manager.follow_joint_trajectory_controller_handle]: Controller 'joint_trajectory_controller' successfully finished
[move_group-8] [INFO] [1787664107.408302511] [move_group.moveit.moveit.ros.trajectory_execution_manager]: Completed trajectory execution with status SUCCEEDED ...
[move_group-8] [INFO] [1787664107.412323116] [move_group.moveit.moveit.ros.move_group.move_action]: Solution was found and executed.
[move_group-8] [INFO] [1787664108.103890890] [move_group.moveit.moveit.ros.move_group.move_action]: MoveGroupMoveAction: Received request
[move_group-8] [INFO] [1787664108.104095192] [move_group.moveit.moveit.ros.move_group.move_action]: executing..
[move_group-8] [INFO] [1787664108.114291781] [move_group.moveit.moveit.ros.move_group.move_action]: Combined planning and execution request received for MoveGroup action. Forwarding to planning and execution pipeline.
[move_group-8] [WARN] [1787664108.114373086] [move_group.moveit.moveit.ros.move_group.capability]: Execution of motions should always start at the robot's current state. Ignoring the state supplied as start state in the motion planning request
[move_group-8] [WARN] [1787664108.114393804] [move_group.moveit.moveit.ros.move_group.capability]: Execution of motions should always start at the robot's current state. Ignoring the state supplied as difference in the planning scene diff
[move_group-8] [INFO] [1787664108.114405656] [move_group.moveit.moveit.ros.plan_execution]: Planning attempt 1 of at most 1
[move_group-8] [INFO] [1787664108.114563695] [move_group]: Calling PlanningRequestAdapter 'CheckStartStateBounds'
[move_group-8] [INFO] [1787664108.114597516] [move_group]: Calling PlanningRequestAdapter 'CheckStartStateCollision'
[move_group-8] [INFO] [1787664108.114644901] [move_group]: Calling PlanningRequestAdapter 'ResolveConstraintFrames'
[move_group-8] [INFO] [1787664108.114655925] [move_group]: Calling PlanningRequestAdapter 'ValidateWorkspaceBounds'
[move_group-8] [INFO] [1787664108.114924590] [move_group.moveit.moveit.planners.ompl.model_based_planning_context]: Planner configuration 'ar_manipulator' will use planner 'geometric::RRTConnect'. Additional configuration parameters will be set when the planner is constructed.
[move_group-8] [INFO] [1787664108.115019719] [move_group]: Calling Planner 'OMPL'
[move_group-8] [INFO] [1787664108.129124158] [move_group]: Calling PlanningResponseAdapter 'AddTimeOptimalParameterization'
[move_group-8] [WARN] [1787664108.129188156] [move_group.moveit.moveit.core.time_optimal_trajectory_generation]: Invalid max_velocity_scaling_factor 0.000000 specified, defaulting to 1.000000 instead.
[move_group-8] [WARN] [1787664108.129210323] [move_group.moveit.moveit.core.time_optimal_trajectory_generation]: Invalid max_acceleration_scaling_factor 0.000000 specified, defaulting to 1.000000 instead.
[move_group-8] [INFO] [1787664108.132984682] [move_group]: Calling PlanningResponseAdapter 'ValidateSolution'
[move_group-8] [WARN] [1787664108.133524234] [move_group.moveit.moveit.ros.planning_pipeline]: The planner plugin did not fill out the 'planner_id' field of the MotionPlanResponse. Setting it to the planner ID name of the MotionPlanRequest assuming that the planner plugin does warn you if it does not use the requested planner.
[move_group-8] [INFO] [1787664108.133657153] [move_group.moveit.moveit.plugins.simple_controller_manager]: Returned 2 controllers in list
[move_group-8] [INFO] [1787664108.133678861] [move_group.moveit.moveit.plugins.simple_controller_manager]: Returned 2 controllers in list
[move_group-8] [INFO] [1787664108.133758150] [move_group.moveit.moveit.ros.trajectory_execution_manager]: Validating trajectory with allowed_start_tolerance 0.01
[move_group-8] [INFO] [1787664108.169402636] [move_group.moveit.moveit.ros.trajectory_execution_manager]: Starting trajectory execution ...
[move_group-8] [INFO] [1787664108.169484283] [move_group.moveit.moveit.plugins.simple_controller_manager]: Returned 2 controllers in list
[move_group-8] [INFO] [1787664108.169520867] [move_group.moveit.moveit.plugins.simple_controller_manager]: Returned 2 controllers in list
[move_group-8] [INFO] [1787664108.169639612] [moveit.simple_controller_manager.follow_joint_trajectory_controller_handle]: sending trajectory to joint_trajectory_controller
[gazebo-2] [INFO] [1787664108.170721115] [joint_trajectory_controller]: Received new action goal
[gazebo-2] [INFO] [1787664108.170763558] [joint_trajectory_controller]: Accepted new action goal
[move_group-8] [INFO] [1787664108.171602563] [moveit.simple_controller_manager.follow_joint_trajectory_controller_handle]: joint_trajectory_controller started execution
[move_group-8] [INFO] [1787664108.171666147] [moveit.simple_controller_manager.follow_joint_trajectory_controller_handle]: Goal request accepted!
[gazebo-2] [INFO] [1787664113.865105039] [joint_trajectory_controller]: Goal reached, success!
[move_group-8] [INFO] [1787664113.871208773] [moveit.simple_controller_manager.follow_joint_trajectory_controller_handle]: Controller 'joint_trajectory_controller' successfully finished
[move_group-8] [INFO] [1787664113.918519491] [move_group.moveit.moveit.ros.trajectory_execution_manager]: Completed trajectory execution with status SUCCEEDED ...
[move_group-8] [INFO] [1787664113.919607743] [move_group.moveit.moveit.ros.move_group.move_action]: Solution was found and executed.
[move_group-8] [INFO] [1787664114.641600040] [move_group.moveit.moveit.ros.move_group.move_action]: MoveGroupMoveAction: Received request
[move_group-8] [INFO] [1787664114.641820637] [move_group.moveit.moveit.ros.move_group.move_action]: executing..
[move_group-8] [INFO] [1787664114.669473441] [move_group.moveit.moveit.ros.move_group.move_action]: Combined planning and execution request received for MoveGroup action. Forwarding to planning and execution pipeline.
[move_group-8] [WARN] [1787664114.670192296] [move_group.moveit.moveit.ros.move_group.capability]: Execution of motions should always start at the robot's current state. Ignoring the state supplied as start state in the motion planning request
[move_group-8] [WARN] [1787664114.670243408] [move_group.moveit.moveit.ros.move_group.capability]: Execution of motions should always start at the robot's current state. Ignoring the state supplied as difference in the planning scene diff
[move_group-8] [INFO] [1787664114.670255471] [move_group.moveit.moveit.ros.plan_execution]: Planning attempt 1 of at most 1
[move_group-8] [INFO] [1787664114.670406199] [move_group]: Calling PlanningRequestAdapter 'CheckStartStateBounds'
[move_group-8] [INFO] [1787664114.670462983] [move_group]: Calling PlanningRequestAdapter 'CheckStartStateCollision'
[move_group-8] [INFO] [1787664114.670518004] [move_group]: Calling PlanningRequestAdapter 'ResolveConstraintFrames'
[move_group-8] [INFO] [1787664114.670531721] [move_group]: Calling PlanningRequestAdapter 'ValidateWorkspaceBounds'
[move_group-8] [INFO] [1787664114.670815934] [move_group.moveit.moveit.planners.ompl.model_based_planning_context]: Planner configuration 'ar_manipulator' will use planner 'geometric::RRTConnect'. Additional configuration parameters will be set when the planner is constructed.
[move_group-8] [INFO] [1787664114.670889534] [move_group]: Calling Planner 'OMPL'
[move_group-8] [INFO] [1787664114.687301469] [move_group]: Calling PlanningResponseAdapter 'AddTimeOptimalParameterization'
[move_group-8] [WARN] [1787664114.687374224] [move_group.moveit.moveit.core.time_optimal_trajectory_generation]: Invalid max_velocity_scaling_factor 0.000000 specified, defaulting to 1.000000 instead.
[move_group-8] [WARN] [1787664114.687396358] [move_group.moveit.moveit.core.time_optimal_trajectory_generation]: Invalid max_acceleration_scaling_factor 0.000000 specified, defaulting to 1.000000 instead.
[move_group-8] [INFO] [1787664114.699609113] [move_group]: Calling PlanningResponseAdapter 'ValidateSolution'
[move_group-8] [WARN] [1787664114.700357299] [move_group.moveit.moveit.ros.planning_pipeline]: The planner plugin did not fill out the 'planner_id' field of the MotionPlanResponse. Setting it to the planner ID name of the MotionPlanRequest assuming that the planner plugin does warn you if it does not use the requested planner.
[move_group-8] [INFO] [1787664114.700510209] [move_group.moveit.moveit.plugins.simple_controller_manager]: Returned 2 controllers in list
[move_group-8] [INFO] [1787664114.700537842] [move_group.moveit.moveit.plugins.simple_controller_manager]: Returned 2 controllers in list
[move_group-8] [INFO] [1787664114.700622178] [move_group.moveit.moveit.ros.trajectory_execution_manager]: Validating trajectory with allowed_start_tolerance 0.01
[move_group-8] [INFO] [1787664114.709400823] [move_group.moveit.moveit.ros.trajectory_execution_manager]: Starting trajectory execution ...
[move_group-8] [INFO] [1787664114.709504783] [move_group.moveit.moveit.plugins.simple_controller_manager]: Returned 2 controllers in list
[move_group-8] [INFO] [1787664114.709545042] [move_group.moveit.moveit.plugins.simple_controller_manager]: Returned 2 controllers in list
[move_group-8] [INFO] [1787664114.709653330] [moveit.simple_controller_manager.follow_joint_trajectory_controller_handle]: sending trajectory to joint_trajectory_controller
[gazebo-2] [INFO] [1787664114.709936579] [joint_trajectory_controller]: Received new action goal
[gazebo-2] [INFO] [1787664114.709972557] [joint_trajectory_controller]: Accepted new action goal
[move_group-8] [INFO] [1787664114.710145678] [moveit.simple_controller_manager.follow_joint_trajectory_controller_handle]: joint_trajectory_controller started execution
[move_group-8] [INFO] [1787664114.710186900] [moveit.simple_controller_manager.follow_joint_trajectory_controller_handle]: Goal request accepted!
[gazebo-2] [INFO] [1787664124.305990548] [joint_trajectory_controller]: Goal reached, success!
[move_group-8] [INFO] [1787664124.310655280] [moveit.simple_controller_manager.follow_joint_trajectory_controller_handle]: Controller 'joint_trajectory_controller' successfully finished
[move_group-8] [INFO] [1787664124.363363687] [move_group.moveit.moveit.ros.trajectory_execution_manager]: Completed trajectory execution with status SUCCEEDED ...
[move_group-8] [INFO] [1787664124.369744527] [move_group.moveit.moveit.ros.move_group.move_action]: Solution was found and executed.
[move_group-8] [INFO] [1787664125.060579878] [move_group.moveit.moveit.ros.move_group.move_action]: MoveGroupMoveAction: Received request
[move_group-8] [INFO] [1787664125.060826516] [move_group.moveit.moveit.ros.move_group.move_action]: executing..
[move_group-8] [INFO] [1787664125.088004824] [move_group.moveit.moveit.ros.move_group.move_action]: Combined planning and execution request received for MoveGroup action. Forwarding to planning and execution pipeline.
[move_group-8] [WARN] [1787664125.088083127] [move_group.moveit.moveit.ros.move_group.capability]: Execution of motions should always start at the robot's current state. Ignoring the state supplied as start state in the motion planning request
[move_group-8] [WARN] [1787664125.088100334] [move_group.moveit.moveit.ros.move_group.capability]: Execution of motions should always start at the robot's current state. Ignoring the state supplied as difference in the planning scene diff
[move_group-8] [INFO] [1787664125.088110185] [move_group.moveit.moveit.ros.plan_execution]: Planning attempt 1 of at most 1
[move_group-8] [INFO] [1787664125.088265249] [move_group]: Calling PlanningRequestAdapter 'CheckStartStateBounds'
[move_group-8] [INFO] [1787664125.088325511] [move_group]: Calling PlanningRequestAdapter 'CheckStartStateCollision'
[move_group-8] [INFO] [1787664125.088376947] [move_group]: Calling PlanningRequestAdapter 'ResolveConstraintFrames'
[move_group-8] [INFO] [1787664125.088387662] [move_group]: Calling PlanningRequestAdapter 'ValidateWorkspaceBounds'
[move_group-8] [INFO] [1787664125.088660571] [move_group.moveit.moveit.planners.ompl.model_based_planning_context]: Planner configuration 'ar_manipulator' will use planner 'geometric::RRTConnect'. Additional configuration parameters will be set when the planner is constructed.
[move_group-8] [INFO] [1787664125.088733881] [move_group]: Calling Planner 'OMPL'
[move_group-8] [INFO] [1787664125.107749038] [move_group]: Calling PlanningResponseAdapter 'AddTimeOptimalParameterization'
[move_group-8] [WARN] [1787664125.107830011] [move_group.moveit.moveit.core.time_optimal_trajectory_generation]: Invalid max_velocity_scaling_factor 0.000000 specified, defaulting to 1.000000 instead.
[move_group-8] [WARN] [1787664125.107859411] [move_group.moveit.moveit.core.time_optimal_trajectory_generation]: Invalid max_acceleration_scaling_factor 0.000000 specified, defaulting to 1.000000 instead.
[move_group-8] [INFO] [1787664125.118201959] [move_group]: Calling PlanningResponseAdapter 'ValidateSolution'
[move_group-8] [WARN] [1787664125.120652695] [move_group.moveit.moveit.ros.planning_pipeline]: The planner plugin did not fill out the 'planner_id' field of the MotionPlanResponse. Setting it to the planner ID name of the MotionPlanRequest assuming that the planner plugin does warn you if it does not use the requested planner.
[move_group-8] [INFO] [1787664125.120991996] [move_group.moveit.moveit.plugins.simple_controller_manager]: Returned 2 controllers in list
[move_group-8] [INFO] [1787664125.121119098] [move_group.moveit.moveit.plugins.simple_controller_manager]: Returned 2 controllers in list
[move_group-8] [INFO] [1787664125.121251581] [move_group.moveit.moveit.ros.trajectory_execution_manager]: Validating trajectory with allowed_start_tolerance 0.01
[move_group-8] [INFO] [1787664125.129213720] [move_group.moveit.moveit.ros.trajectory_execution_manager]: Starting trajectory execution ...
[move_group-8] [INFO] [1787664125.129570190] [move_group.moveit.moveit.plugins.simple_controller_manager]: Returned 2 controllers in list
[move_group-8] [INFO] [1787664125.129613392] [move_group.moveit.moveit.plugins.simple_controller_manager]: Returned 2 controllers in list
[move_group-8] [INFO] [1787664125.129720614] [moveit.simple_controller_manager.follow_joint_trajectory_controller_handle]: sending trajectory to joint_trajectory_controller
[gazebo-2] [INFO] [1787664125.130676914] [joint_trajectory_controller]: Received new action goal
[gazebo-2] [INFO] [1787664125.130718009] [joint_trajectory_controller]: Accepted new action goal
[move_group-8] [INFO] [1787664125.131052561] [moveit.simple_controller_manager.follow_joint_trajectory_controller_handle]: joint_trajectory_controller started execution
[move_group-8] [INFO] [1787664125.131100275] [moveit.simple_controller_manager.follow_joint_trajectory_controller_handle]: Goal request accepted!
[gazebo-2] [INFO] [1787664136.173536618] [joint_trajectory_controller]: Goal reached, success!
[move_group-8] [INFO] [1787664136.218800290] [moveit.simple_controller_manager.follow_joint_trajectory_controller_handle]: Controller 'joint_trajectory_controller' successfully finished
[move_group-8] [INFO] [1787664136.287557583] [move_group.moveit.moveit.ros.trajectory_execution_manager]: Completed trajectory execution with status SUCCEEDED ...
[move_group-8] [INFO] [1787664136.297101890] [move_group.moveit.moveit.ros.move_group.move_action]: Solution was found and executed.
[move_group-8] [INFO] [1787664137.032234584] [move_group.moveit.moveit.ros.move_group.move_action]: MoveGroupMoveAction: Received request
[move_group-8] [INFO] [1787664137.032469601] [move_group.moveit.moveit.ros.move_group.move_action]: executing..
[move_group-8] [INFO] [1787664137.039870141] [move_group.moveit.moveit.ros.move_group.move_action]: Combined planning and execution request received for MoveGroup action. Forwarding to planning and execution pipeline.
[move_group-8] [WARN] [1787664137.040084885] [move_group.moveit.moveit.ros.move_group.capability]: Execution of motions should always start at the robot's current state. Ignoring the state supplied as start state in the motion planning request
[move_group-8] [WARN] [1787664137.040105866] [move_group.moveit.moveit.ros.move_group.capability]: Execution of motions should always start at the robot's current state. Ignoring the state supplied as difference in the planning scene diff
[move_group-8] [INFO] [1787664137.040117377] [move_group.moveit.moveit.ros.plan_execution]: Planning attempt 1 of at most 1
[move_group-8] [INFO] [1787664137.040337278] [move_group]: Calling PlanningRequestAdapter 'CheckStartStateBounds'
[move_group-8] [INFO] [1787664137.040378177] [move_group]: Calling PlanningRequestAdapter 'CheckStartStateCollision'
[move_group-8] [INFO] [1787664137.040434101] [move_group]: Calling PlanningRequestAdapter 'ResolveConstraintFrames'
[move_group-8] [INFO] [1787664137.040453193] [move_group]: Calling PlanningRequestAdapter 'ValidateWorkspaceBounds'
[move_group-8] [INFO] [1787664137.040903144] [move_group.moveit.moveit.planners.ompl.model_based_planning_context]: Planner configuration 'ar_manipulator' will use planner 'geometric::RRTConnect'. Additional configuration parameters will be set when the planner is constructed.
[move_group-8] [INFO] [1787664137.040990707] [move_group]: Calling Planner 'OMPL'
[move_group-8] [INFO] [1787664137.056970116] [move_group]: Calling PlanningResponseAdapter 'AddTimeOptimalParameterization'
[move_group-8] [WARN] [1787664137.057033630] [move_group.moveit.moveit.core.time_optimal_trajectory_generation]: Invalid max_velocity_scaling_factor 0.000000 specified, defaulting to 1.000000 instead.
[move_group-8] [WARN] [1787664137.057053666] [move_group.moveit.moveit.core.time_optimal_trajectory_generation]: Invalid max_acceleration_scaling_factor 0.000000 specified, defaulting to 1.000000 instead.
[move_group-8] [INFO] [1787664137.060718078] [move_group]: Calling PlanningResponseAdapter 'ValidateSolution'
[move_group-8] [WARN] [1787664137.061162564] [move_group.moveit.moveit.ros.planning_pipeline]: The planner plugin did not fill out the 'planner_id' field of the MotionPlanResponse. Setting it to the planner ID name of the MotionPlanRequest assuming that the planner plugin does warn you if it does not use the requested planner.
[move_group-8] [INFO] [1787664137.061327240] [move_group.moveit.moveit.plugins.simple_controller_manager]: Returned 2 controllers in list
[move_group-8] [INFO] [1787664137.061356128] [move_group.moveit.moveit.plugins.simple_controller_manager]: Returned 2 controllers in list
[move_group-8] [INFO] [1787664137.061434358] [move_group.moveit.moveit.ros.trajectory_execution_manager]: Validating trajectory with allowed_start_tolerance 0.01
[move_group-8] [INFO] [1787664137.077722843] [move_group.moveit.moveit.ros.trajectory_execution_manager]: Starting trajectory execution ...
[move_group-8] [INFO] [1787664137.077834818] [move_group.moveit.moveit.plugins.simple_controller_manager]: Returned 2 controllers in list
[move_group-8] [INFO] [1787664137.077871413] [move_group.moveit.moveit.plugins.simple_controller_manager]: Returned 2 controllers in list
[move_group-8] [INFO] [1787664137.077995345] [moveit.simple_controller_manager.follow_joint_trajectory_controller_handle]: sending trajectory to joint_trajectory_controller
[gazebo-2] [INFO] [1787664137.078270202] [joint_trajectory_controller]: Received new action goal
[gazebo-2] [INFO] [1787664137.078306271] [joint_trajectory_controller]: Accepted new action goal
[move_group-8] [INFO] [1787664137.078588251] [moveit.simple_controller_manager.follow_joint_trajectory_controller_handle]: joint_trajectory_controller started execution
[move_group-8] [INFO] [1787664137.078632500] [moveit.simple_controller_manager.follow_joint_trajectory_controller_handle]: Goal request accepted!
[gazebo-2] [INFO] [1787664144.349597608] [joint_trajectory_controller]: Goal reached, success!
[move_group-8] [INFO] [1787664144.378741437] [moveit.simple_controller_manager.follow_joint_trajectory_controller_handle]: Controller 'joint_trajectory_controller' successfully finished
[move_group-8] [INFO] [1787664144.400000332] [move_group.moveit.moveit.ros.trajectory_execution_manager]: Completed trajectory execution with status SUCCEEDED ...
[move_group-8] [INFO] [1787664144.408098233] [move_group.moveit.moveit.ros.move_group.move_action]: Solution was found and executed.
[move_group-8] [INFO] [1787664145.132020823] [move_group.moveit.moveit.ros.move_group.move_action]: MoveGroupMoveAction: Received request
[move_group-8] [INFO] [1787664145.132348015] [move_group.moveit.moveit.ros.move_group.move_action]: executing..
[move_group-8] [INFO] [1787664145.151244930] [move_group.moveit.moveit.ros.move_group.move_action]: Combined planning and execution request received for MoveGroup action. Forwarding to planning and execution pipeline.
[move_group-8] [WARN] [1787664145.151340979] [move_group.moveit.moveit.ros.move_group.capability]: Execution of motions should always start at the robot's current state. Ignoring the state supplied as start state in the motion planning request
[move_group-8] [WARN] [1787664145.151364738] [move_group.moveit.moveit.ros.move_group.capability]: Execution of motions should always start at the robot's current state. Ignoring the state supplied as difference in the planning scene diff
[move_group-8] [INFO] [1787664145.151377671] [move_group.moveit.moveit.ros.plan_execution]: Planning attempt 1 of at most 1
[move_group-8] [INFO] [1787664145.151546888] [move_group]: Calling PlanningRequestAdapter 'CheckStartStateBounds'
[move_group-8] [INFO] [1787664145.151622063] [move_group]: Calling PlanningRequestAdapter 'CheckStartStateCollision'
[move_group-8] [INFO] [1787664145.151695710] [move_group]: Calling PlanningRequestAdapter 'ResolveConstraintFrames'
[move_group-8] [INFO] [1787664145.151713392] [move_group]: Calling PlanningRequestAdapter 'ValidateWorkspaceBounds'
[move_group-8] [INFO] [1787664145.152047493] [move_group.moveit.moveit.planners.ompl.model_based_planning_context]: Planner configuration 'ar_manipulator' will use planner 'geometric::RRTConnect'. Additional configuration parameters will be set when the planner is constructed.
[move_group-8] [INFO] [1787664145.152127978] [move_group]: Calling Planner 'OMPL'
[move_group-8] [INFO] [1787664145.166578195] [move_group]: Calling PlanningResponseAdapter 'AddTimeOptimalParameterization'
[move_group-8] [WARN] [1787664145.166656491] [move_group.moveit.moveit.core.time_optimal_trajectory_generation]: Invalid max_velocity_scaling_factor 0.000000 specified, defaulting to 1.000000 instead.
[move_group-8] [WARN] [1787664145.166677627] [move_group.moveit.moveit.core.time_optimal_trajectory_generation]: Invalid max_acceleration_scaling_factor 0.000000 specified, defaulting to 1.000000 instead.
[move_group-8] [INFO] [1787664145.169507212] [move_group]: Calling PlanningResponseAdapter 'ValidateSolution'
[move_group-8] [WARN] [1787664145.170018163] [move_group.moveit.moveit.ros.planning_pipeline]: The planner plugin did not fill out the 'planner_id' field of the MotionPlanResponse. Setting it to the planner ID name of the MotionPlanRequest assuming that the planner plugin does warn you if it does not use the requested planner.
[move_group-8] [INFO] [1787664145.170196822] [move_group.moveit.moveit.plugins.simple_controller_manager]: Returned 2 controllers in list
[move_group-8] [INFO] [1787664145.170228631] [move_group.moveit.moveit.plugins.simple_controller_manager]: Returned 2 controllers in list
[move_group-8] [INFO] [1787664145.170311503] [move_group.moveit.moveit.ros.trajectory_execution_manager]: Validating trajectory with allowed_start_tolerance 0.01
[move_group-8] [INFO] [1787664145.192435175] [move_group.moveit.moveit.ros.trajectory_execution_manager]: Starting trajectory execution ...
[move_group-8] [INFO] [1787664145.192567554] [move_group.moveit.moveit.plugins.simple_controller_manager]: Returned 2 controllers in list
[move_group-8] [INFO] [1787664145.194365056] [move_group.moveit.moveit.plugins.simple_controller_manager]: Returned 2 controllers in list
[move_group-8] [INFO] [1787664145.194487252] [moveit.simple_controller_manager.follow_joint_trajectory_controller_handle]: sending trajectory to joint_trajectory_controller
[gazebo-2] [INFO] [1787664145.197106356] [joint_trajectory_controller]: Received new action goal
[gazebo-2] [INFO] [1787664145.197168788] [joint_trajectory_controller]: Accepted new action goal
[move_group-8] [INFO] [1787664145.197466880] [moveit.simple_controller_manager.follow_joint_trajectory_controller_handle]: joint_trajectory_controller started execution
[move_group-8] [INFO] [1787664145.197492295] [moveit.simple_controller_manager.follow_joint_trajectory_controller_handle]: Goal request accepted!
[gazebo-2] [INFO] [1787664151.571064406] [joint_trajectory_controller]: Goal reached, success!
[move_group-8] [INFO] [1787664151.602271357] [moveit.simple_controller_manager.follow_joint_trajectory_controller_handle]: Controller 'joint_trajectory_controller' successfully finished
[move_group-8] [INFO] [1787664151.606021613] [move_group.moveit.moveit.ros.trajectory_execution_manager]: Completed trajectory execution with status SUCCEEDED ...
[move_group-8] [INFO] [1787664151.612602990] [move_group.moveit.moveit.ros.move_group.move_action]: Solution was found and executed.
[move_group-8] [INFO] [1787664152.316747726] [move_group.moveit.moveit.ros.move_group.move_action]: MoveGroupMoveAction: Received request
[move_group-8] [INFO] [1787664152.316973122] [move_group.moveit.moveit.ros.move_group.move_action]: executing..
[move_group-8] [INFO] [1787664152.333794738] [move_group.moveit.moveit.ros.move_group.move_action]: Combined planning and execution request received for MoveGroup action. Forwarding to planning and execution pipeline.
[move_group-8] [WARN] [1787664152.333899199] [move_group.moveit.moveit.ros.move_group.capability]: Execution of motions should always start at the robot's current state. Ignoring the state supplied as start state in the motion planning request
[move_group-8] [WARN] [1787664152.333926940] [move_group.moveit.moveit.ros.move_group.capability]: Execution of motions should always start at the robot's current state. Ignoring the state supplied as difference in the planning scene diff
[move_group-8] [INFO] [1787664152.333940793] [move_group.moveit.moveit.ros.plan_execution]: Planning attempt 1 of at most 1
[move_group-8] [INFO] [1787664152.334061456] [move_group]: Calling PlanningRequestAdapter 'CheckStartStateBounds'
[move_group-8] [INFO] [1787664152.334099067] [move_group]: Calling PlanningRequestAdapter 'CheckStartStateCollision'
[move_group-8] [INFO] [1787664152.334165309] [move_group]: Calling PlanningRequestAdapter 'ResolveConstraintFrames'
[move_group-8] [INFO] [1787664152.334179915] [move_group]: Calling PlanningRequestAdapter 'ValidateWorkspaceBounds'
[move_group-8] [INFO] [1787664152.334555693] [move_group.moveit.moveit.planners.ompl.model_based_planning_context]: Planner configuration 'ar_manipulator' will use planner 'geometric::RRTConnect'. Additional configuration parameters will be set when the planner is constructed.
[move_group-8] [INFO] [1787664152.334641049] [move_group]: Calling Planner 'OMPL'
[move_group-8] [INFO] [1787664152.361598584] [move_group]: Calling PlanningResponseAdapter 'AddTimeOptimalParameterization'
[move_group-8] [WARN] [1787664152.361668726] [move_group.moveit.moveit.core.time_optimal_trajectory_generation]: Invalid max_velocity_scaling_factor 0.000000 specified, defaulting to 1.000000 instead.
[move_group-8] [WARN] [1787664152.361692703] [move_group.moveit.moveit.core.time_optimal_trajectory_generation]: Invalid max_acceleration_scaling_factor 0.000000 specified, defaulting to 1.000000 instead.
[move_group-8] [INFO] [1787664152.366620951] [move_group]: Calling PlanningResponseAdapter 'ValidateSolution'
[move_group-8] [WARN] [1787664152.368318635] [move_group.moveit.moveit.ros.planning_pipeline]: The planner plugin did not fill out the 'planner_id' field of the MotionPlanResponse. Setting it to the planner ID name of the MotionPlanRequest assuming that the planner plugin does warn you if it does not use the requested planner.
[move_group-8] [INFO] [1787664152.368716431] [move_group.moveit.moveit.plugins.simple_controller_manager]: Returned 2 controllers in list
[move_group-8] [INFO] [1787664152.368748246] [move_group.moveit.moveit.plugins.simple_controller_manager]: Returned 2 controllers in list
[move_group-8] [INFO] [1787664152.368988484] [move_group.moveit.moveit.ros.trajectory_execution_manager]: Validating trajectory with allowed_start_tolerance 0.01
[move_group-8] [INFO] [1787664152.381641177] [move_group.moveit.moveit.ros.trajectory_execution_manager]: Starting trajectory execution ...
[move_group-8] [INFO] [1787664152.381736584] [move_group.moveit.moveit.plugins.simple_controller_manager]: Returned 2 controllers in list
[move_group-8] [INFO] [1787664152.381772662] [move_group.moveit.moveit.plugins.simple_controller_manager]: Returned 2 controllers in list
[move_group-8] [INFO] [1787664152.381925213] [moveit.simple_controller_manager.follow_joint_trajectory_controller_handle]: sending trajectory to joint_trajectory_controller
[gazebo-2] [INFO] [1787664152.382187631] [joint_trajectory_controller]: Received new action goal
[gazebo-2] [INFO] [1787664152.382221414] [joint_trajectory_controller]: Accepted new action goal
[move_group-8] [INFO] [1787664152.382559694] [moveit.simple_controller_manager.follow_joint_trajectory_controller_handle]: joint_trajectory_controller started execution
[move_group-8] [INFO] [1787664152.382602658] [moveit.simple_controller_manager.follow_joint_trajectory_controller_handle]: Goal request accepted!
[gazebo-2] [INFO] [1787664158.563962140] [joint_trajectory_controller]: Goal reached, success!
[move_group-8] [INFO] [1787664158.582804088] [moveit.simple_controller_manager.follow_joint_trajectory_controller_handle]: Controller 'joint_trajectory_controller' successfully finished
[move_group-8] [INFO] [1787664158.582965396] [move_group.moveit.moveit.ros.trajectory_execution_manager]: Completed trajectory execution with status SUCCEEDED ...
[move_group-8] [INFO] [1787664158.593126146] [move_group.moveit.moveit.ros.move_group.move_action]: Solution was found and executed.
[move_group-8] [INFO] [1787664159.320278357] [move_group.moveit.moveit.ros.move_group.move_action]: MoveGroupMoveAction: Received request
[move_group-8] [INFO] [1787664159.320516275] [move_group.moveit.moveit.ros.move_group.move_action]: executing..
[move_group-8] [INFO] [1787664159.326774919] [move_group.moveit.moveit.ros.move_group.move_action]: Combined planning and execution request received for MoveGroup action. Forwarding to planning and execution pipeline.
[move_group-8] [WARN] [1787664159.326876371] [move_group.moveit.moveit.ros.move_group.capability]: Execution of motions should always start at the robot's current state. Ignoring the state supplied as start state in the motion planning request
[move_group-8] [WARN] [1787664159.326927774] [move_group.moveit.moveit.ros.move_group.capability]: Execution of motions should always start at the robot's current state. Ignoring the state supplied as difference in the planning scene diff
[move_group-8] [INFO] [1787664159.326946953] [move_group.moveit.moveit.ros.plan_execution]: Planning attempt 1 of at most 1
[move_group-8] [INFO] [1787664159.327096106] [move_group]: Calling PlanningRequestAdapter 'CheckStartStateBounds'
[move_group-8] [INFO] [1787664159.327135773] [move_group]: Calling PlanningRequestAdapter 'CheckStartStateCollision'
[move_group-8] [INFO] [1787664159.327196485] [move_group]: Calling PlanningRequestAdapter 'ResolveConstraintFrames'
[move_group-8] [INFO] [1787664159.327211969] [move_group]: Calling PlanningRequestAdapter 'ValidateWorkspaceBounds'
[move_group-8] [INFO] [1787664159.327470217] [move_group.moveit.moveit.planners.ompl.model_based_planning_context]: Planner configuration 'ar_manipulator' will use planner 'geometric::RRTConnect'. Additional configuration parameters will be set when the planner is constructed.
[move_group-8] [INFO] [1787664159.327552909] [move_group]: Calling Planner 'OMPL'
[move_group-8] [INFO] [1787664159.339876436] [move_group]: Calling PlanningResponseAdapter 'AddTimeOptimalParameterization'
[move_group-8] [WARN] [1787664159.339927740] [move_group.moveit.moveit.core.time_optimal_trajectory_generation]: Invalid max_velocity_scaling_factor 0.000000 specified, defaulting to 1.000000 instead.
[move_group-8] [WARN] [1787664159.339941596] [move_group.moveit.moveit.core.time_optimal_trajectory_generation]: Invalid max_acceleration_scaling_factor 0.000000 specified, defaulting to 1.000000 instead.
[move_group-8] [INFO] [1787664159.341080860] [move_group]: Calling PlanningResponseAdapter 'ValidateSolution'
[move_group-8] [WARN] [1787664159.341311185] [move_group.moveit.moveit.ros.planning_pipeline]: The planner plugin did not fill out the 'planner_id' field of the MotionPlanResponse. Setting it to the planner ID name of the MotionPlanRequest assuming that the planner plugin does warn you if it does not use the requested planner.
[move_group-8] [INFO] [1787664159.341432171] [move_group.moveit.moveit.plugins.simple_controller_manager]: Returned 2 controllers in list
[move_group-8] [INFO] [1787664159.341456981] [move_group.moveit.moveit.plugins.simple_controller_manager]: Returned 2 controllers in list
[move_group-8] [INFO] [1787664159.341521604] [move_group.moveit.moveit.ros.trajectory_execution_manager]: Validating trajectory with allowed_start_tolerance 0.01
[move_group-8] [INFO] [1787664159.363628651] [move_group.moveit.moveit.ros.trajectory_execution_manager]: Starting trajectory execution ...
[move_group-8] [INFO] [1787664159.363738973] [move_group.moveit.moveit.plugins.simple_controller_manager]: Returned 2 controllers in list
[move_group-8] [INFO] [1787664159.364352116] [move_group.moveit.moveit.plugins.simple_controller_manager]: Returned 2 controllers in list
[move_group-8] [INFO] [1787664159.364497867] [moveit.simple_controller_manager.follow_joint_trajectory_controller_handle]: sending trajectory to joint_trajectory_controller
[gazebo-2] [INFO] [1787664159.364753926] [joint_trajectory_controller]: Received new action goal
[gazebo-2] [INFO] [1787664159.364788535] [joint_trajectory_controller]: Accepted new action goal
[move_group-8] [INFO] [1787664159.365031752] [moveit.simple_controller_manager.follow_joint_trajectory_controller_handle]: joint_trajectory_controller started execution
[move_group-8] [INFO] [1787664159.365074386] [moveit.simple_controller_manager.follow_joint_trajectory_controller_handle]: Goal request accepted!
[gazebo-2] [INFO] [1787664167.352980801] [joint_trajectory_controller]: Goal reached, success!
[move_group-8] [INFO] [1787664167.366957762] [moveit.simple_controller_manager.follow_joint_trajectory_controller_handle]: Controller 'joint_trajectory_controller' successfully finished
[move_group-8] [INFO] [1787664167.411441692] [move_group.moveit.moveit.ros.trajectory_execution_manager]: Completed trajectory execution with status SUCCEEDED ...
[move_group-8] [INFO] [1787664167.415388910] [move_group.moveit.moveit.ros.move_group.move_action]: Solution was found and executed.
[move_group-8] [INFO] [1787664168.136615316] [move_group.moveit.moveit.ros.move_group.move_action]: MoveGroupMoveAction: Received request
[move_group-8] [INFO] [1787664168.137099756] [move_group.moveit.moveit.ros.move_group.move_action]: executing..
[move_group-8] [INFO] [1787664168.146402839] [move_group.moveit.moveit.ros.move_group.move_action]: Combined planning and execution request received for MoveGroup action. Forwarding to planning and execution pipeline.
[move_group-8] [WARN] [1787664168.146473259] [move_group.moveit.moveit.ros.move_group.capability]: Execution of motions should always start at the robot's current state. Ignoring the state supplied as start state in the motion planning request
[move_group-8] [WARN] [1787664168.146520449] [move_group.moveit.moveit.ros.move_group.capability]: Execution of motions should always start at the robot's current state. Ignoring the state supplied as difference in the planning scene diff
[move_group-8] [INFO] [1787664168.146535927] [move_group.moveit.moveit.ros.plan_execution]: Planning attempt 1 of at most 1
[move_group-8] [INFO] [1787664168.146653264] [move_group]: Calling PlanningRequestAdapter 'CheckStartStateBounds'
[move_group-8] [INFO] [1787664168.146688151] [move_group]: Calling PlanningRequestAdapter 'CheckStartStateCollision'
[move_group-8] [INFO] [1787664168.146735377] [move_group]: Calling PlanningRequestAdapter 'ResolveConstraintFrames'
[move_group-8] [INFO] [1787664168.146748307] [move_group]: Calling PlanningRequestAdapter 'ValidateWorkspaceBounds'
[move_group-8] [INFO] [1787664168.146993400] [move_group.moveit.moveit.planners.ompl.model_based_planning_context]: Planner configuration 'ar_manipulator' will use planner 'geometric::RRTConnect'. Additional configuration parameters will be set when the planner is constructed.
[move_group-8] [INFO] [1787664168.147087352] [move_group]: Calling Planner 'OMPL'
[move_group-8] [INFO] [1787664168.160965437] [move_group]: Calling PlanningResponseAdapter 'AddTimeOptimalParameterization'
[move_group-8] [WARN] [1787664168.161024938] [move_group.moveit.moveit.core.time_optimal_trajectory_generation]: Invalid max_velocity_scaling_factor 0.000000 specified, defaulting to 1.000000 instead.
[move_group-8] [WARN] [1787664168.161037696] [move_group.moveit.moveit.core.time_optimal_trajectory_generation]: Invalid max_acceleration_scaling_factor 0.000000 specified, defaulting to 1.000000 instead.
[move_group-8] [INFO] [1787664168.163374183] [move_group]: Calling PlanningResponseAdapter 'ValidateSolution'
[move_group-8] [WARN] [1787664168.163722200] [move_group.moveit.moveit.ros.planning_pipeline]: The planner plugin did not fill out the 'planner_id' field of the MotionPlanResponse. Setting it to the planner ID name of the MotionPlanRequest assuming that the planner plugin does warn you if it does not use the requested planner.
[move_group-8] [INFO] [1787664168.163866807] [move_group.moveit.moveit.plugins.simple_controller_manager]: Returned 2 controllers in list
[move_group-8] [INFO] [1787664168.163894188] [move_group.moveit.moveit.plugins.simple_controller_manager]: Returned 2 controllers in list
[move_group-8] [INFO] [1787664168.163983043] [move_group.moveit.moveit.ros.trajectory_execution_manager]: Validating trajectory with allowed_start_tolerance 0.01
[move_group-8] [INFO] [1787664168.188478278] [move_group.moveit.moveit.ros.trajectory_execution_manager]: Starting trajectory execution ...
[move_group-8] [INFO] [1787664168.188577662] [move_group.moveit.moveit.plugins.simple_controller_manager]: Returned 2 controllers in list
[move_group-8] [INFO] [1787664168.188615634] [move_group.moveit.moveit.plugins.simple_controller_manager]: Returned 2 controllers in list
[move_group-8] [INFO] [1787664168.188734654] [moveit.simple_controller_manager.follow_joint_trajectory_controller_handle]: sending trajectory to joint_trajectory_controller
[gazebo-2] [INFO] [1787664168.194061984] [joint_trajectory_controller]: Received new action goal
[gazebo-2] [INFO] [1787664168.194128018] [joint_trajectory_controller]: Accepted new action goal
[move_group-8] [INFO] [1787664168.195062146] [moveit.simple_controller_manager.follow_joint_trajectory_controller_handle]: joint_trajectory_controller started execution
[move_group-8] [INFO] [1787664168.195099408] [moveit.simple_controller_manager.follow_joint_trajectory_controller_handle]: Goal request accepted!
[gazebo-2] [INFO] [1787664175.412645661] [joint_trajectory_controller]: Goal reached, success!
[move_group-8] [INFO] [1787664175.444628699] [moveit.simple_controller_manager.follow_joint_trajectory_controller_handle]: Controller 'joint_trajectory_controller' successfully finished
[move_group-8] [INFO] [1787664175.468166661] [move_group.moveit.moveit.ros.trajectory_execution_manager]: Completed trajectory execution with status SUCCEEDED ...
[move_group-8] [INFO] [1787664175.468656383] [move_group.moveit.moveit.ros.move_group.move_action]: Solution was found and executed.
[move_group-8] [INFO] [1787664176.164727307] [move_group.moveit.moveit.ros.move_group.move_action]: MoveGroupMoveAction: Received request
[move_group-8] [INFO] [1787664176.165640404] [move_group.moveit.moveit.ros.move_group.move_action]: executing..
[move_group-8] [INFO] [1787664176.173094975] [move_group.moveit.moveit.ros.move_group.move_action]: Combined planning and execution request received for MoveGroup action. Forwarding to planning and execution pipeline.
[move_group-8] [WARN] [1787664176.173188208] [move_group.moveit.moveit.ros.move_group.capability]: Execution of motions should always start at the robot's current state. Ignoring the state supplied as start state in the motion planning request
[move_group-8] [WARN] [1787664176.173211626] [move_group.moveit.moveit.ros.move_group.capability]: Execution of motions should always start at the robot's current state. Ignoring the state supplied as difference in the planning scene diff
[move_group-8] [INFO] [1787664176.173224524] [move_group.moveit.moveit.ros.plan_execution]: Planning attempt 1 of at most 1
[move_group-8] [INFO] [1787664176.173400599] [move_group]: Calling PlanningRequestAdapter 'CheckStartStateBounds'
[move_group-8] [INFO] [1787664176.173440067] [move_group]: Calling PlanningRequestAdapter 'CheckStartStateCollision'
[move_group-8] [INFO] [1787664176.173495040] [move_group]: Calling PlanningRequestAdapter 'ResolveConstraintFrames'
[move_group-8] [INFO] [1787664176.173506949] [move_group]: Calling PlanningRequestAdapter 'ValidateWorkspaceBounds'
[move_group-8] [INFO] [1787664176.173776093] [move_group.moveit.moveit.planners.ompl.model_based_planning_context]: Planner configuration 'ar_manipulator' will use planner 'geometric::RRTConnect'. Additional configuration parameters will be set when the planner is constructed.
[move_group-8] [INFO] [1787664176.173857363] [move_group]: Calling Planner 'OMPL'
[move_group-8] [INFO] [1787664176.197028299] [move_group]: Calling PlanningResponseAdapter 'AddTimeOptimalParameterization'
[move_group-8] [WARN] [1787664176.197101594] [move_group.moveit.moveit.core.time_optimal_trajectory_generation]: Invalid max_velocity_scaling_factor 0.000000 specified, defaulting to 1.000000 instead.
[move_group-8] [WARN] [1787664176.197120778] [move_group.moveit.moveit.core.time_optimal_trajectory_generation]: Invalid max_acceleration_scaling_factor 0.000000 specified, defaulting to 1.000000 instead.
[move_group-8] [INFO] [1787664176.201513742] [move_group]: Calling PlanningResponseAdapter 'ValidateSolution'
[move_group-8] [WARN] [1787664176.202094423] [move_group.moveit.moveit.ros.planning_pipeline]: The planner plugin did not fill out the 'planner_id' field of the MotionPlanResponse. Setting it to the planner ID name of the MotionPlanRequest assuming that the planner plugin does warn you if it does not use the requested planner.
[move_group-8] [INFO] [1787664176.202283687] [move_group.moveit.moveit.plugins.simple_controller_manager]: Returned 2 controllers in list
[move_group-8] [INFO] [1787664176.202313789] [move_group.moveit.moveit.plugins.simple_controller_manager]: Returned 2 controllers in list
[move_group-8] [INFO] [1787664176.202409648] [move_group.moveit.moveit.ros.trajectory_execution_manager]: Validating trajectory with allowed_start_tolerance 0.01
[move_group-8] [INFO] [1787664176.228634105] [move_group.moveit.moveit.ros.trajectory_execution_manager]: Starting trajectory execution ...
[move_group-8] [INFO] [1787664176.228738456] [move_group.moveit.moveit.plugins.simple_controller_manager]: Returned 2 controllers in list
[move_group-8] [INFO] [1787664176.228777134] [move_group.moveit.moveit.plugins.simple_controller_manager]: Returned 2 controllers in list
[move_group-8] [INFO] [1787664176.228883202] [moveit.simple_controller_manager.follow_joint_trajectory_controller_handle]: sending trajectory to joint_trajectory_controller
[gazebo-2] [INFO] [1787664176.229119532] [joint_trajectory_controller]: Received new action goal
[gazebo-2] [INFO] [1787664176.229153450] [joint_trajectory_controller]: Accepted new action goal
[move_group-8] [INFO] [1787664176.229333630] [moveit.simple_controller_manager.follow_joint_trajectory_controller_handle]: joint_trajectory_controller started execution
[move_group-8] [INFO] [1787664176.229391601] [moveit.simple_controller_manager.follow_joint_trajectory_controller_handle]: Goal request accepted!
[gazebo-2] [INFO] [1787664184.134897321] [joint_trajectory_controller]: Goal reached, success!
[move_group-8] [INFO] [1787664184.180435298] [moveit.simple_controller_manager.follow_joint_trajectory_controller_handle]: Controller 'joint_trajectory_controller' successfully finished
[move_group-8] [INFO] [1787664184.181866618] [move_group.moveit.moveit.ros.trajectory_execution_manager]: Completed trajectory execution with status SUCCEEDED ...
[move_group-8] [INFO] [1787664184.188840333] [move_group.moveit.moveit.ros.move_group.move_action]: Solution was found and executed.
[move_group-8] [INFO] [1787664184.940463321] [move_group.moveit.moveit.ros.move_group.move_action]: MoveGroupMoveAction: Received request
[move_group-8] [INFO] [1787664184.940713399] [move_group.moveit.moveit.ros.move_group.move_action]: executing..
[move_group-8] [INFO] [1787664184.979713498] [move_group.moveit.moveit.ros.move_group.move_action]: Combined planning and execution request received for MoveGroup action. Forwarding to planning and execution pipeline.
[move_group-8] [WARN] [1787664184.979787066] [move_group.moveit.moveit.ros.move_group.capability]: Execution of motions should always start at the robot's current state. Ignoring the state supplied as start state in the motion planning request
[move_group-8] [WARN] [1787664184.979839588] [move_group.moveit.moveit.ros.move_group.capability]: Execution of motions should always start at the robot's current state. Ignoring the state supplied as difference in the planning scene diff
[move_group-8] [INFO] [1787664184.979854569] [move_group.moveit.moveit.ros.plan_execution]: Planning attempt 1 of at most 1
[move_group-8] [INFO] [1787664184.980010539] [move_group]: Calling PlanningRequestAdapter 'CheckStartStateBounds'
[move_group-8] [INFO] [1787664184.980045993] [move_group]: Calling PlanningRequestAdapter 'CheckStartStateCollision'
[move_group-8] [INFO] [1787664184.980101620] [move_group]: Calling PlanningRequestAdapter 'ResolveConstraintFrames'
[move_group-8] [INFO] [1787664184.980114358] [move_group]: Calling PlanningRequestAdapter 'ValidateWorkspaceBounds'
[move_group-8] [INFO] [1787664184.980399433] [move_group.moveit.moveit.planners.ompl.model_based_planning_context]: Planner configuration 'ar_manipulator' will use planner 'geometric::RRTConnect'. Additional configuration parameters will be set when the planner is constructed.
[move_group-8] [INFO] [1787664184.980479520] [move_group]: Calling Planner 'OMPL'
[move_group-8] [INFO] [1787664185.003106137] [move_group]: Calling PlanningResponseAdapter 'AddTimeOptimalParameterization'
[move_group-8] [WARN] [1787664185.003255849] [move_group.moveit.moveit.core.time_optimal_trajectory_generation]: Invalid max_velocity_scaling_factor 0.000000 specified, defaulting to 1.000000 instead.
[move_group-8] [WARN] [1787664185.003333159] [move_group.moveit.moveit.core.time_optimal_trajectory_generation]: Invalid max_acceleration_scaling_factor 0.000000 specified, defaulting to 1.000000 instead.
[move_group-8] [INFO] [1787664185.008698043] [move_group]: Calling PlanningResponseAdapter 'ValidateSolution'
[move_group-8] [WARN] [1787664185.009326144] [move_group.moveit.moveit.ros.planning_pipeline]: The planner plugin did not fill out the 'planner_id' field of the MotionPlanResponse. Setting it to the planner ID name of the MotionPlanRequest assuming that the planner plugin does warn you if it does not use the requested planner.
[move_group-8] [INFO] [1787664185.009474769] [move_group.moveit.moveit.plugins.simple_controller_manager]: Returned 2 controllers in list
[move_group-8] [INFO] [1787664185.009498220] [move_group.moveit.moveit.plugins.simple_controller_manager]: Returned 2 controllers in list
[move_group-8] [INFO] [1787664185.009585461] [move_group.moveit.moveit.ros.trajectory_execution_manager]: Validating trajectory with allowed_start_tolerance 0.01
[move_group-8] [INFO] [1787664185.015447214] [move_group.moveit.moveit.ros.trajectory_execution_manager]: Starting trajectory execution ...
[move_group-8] [INFO] [1787664185.015575574] [move_group.moveit.moveit.plugins.simple_controller_manager]: Returned 2 controllers in list
[move_group-8] [INFO] [1787664185.015614478] [move_group.moveit.moveit.plugins.simple_controller_manager]: Returned 2 controllers in list
[move_group-8] [INFO] [1787664185.015725080] [moveit.simple_controller_manager.follow_joint_trajectory_controller_handle]: sending trajectory to joint_trajectory_controller
[gazebo-2] [INFO] [1787664185.016275646] [joint_trajectory_controller]: Received new action goal
[gazebo-2] [INFO] [1787664185.016332454] [joint_trajectory_controller]: Accepted new action goal
[move_group-8] [INFO] [1787664185.017789930] [moveit.simple_controller_manager.follow_joint_trajectory_controller_handle]: joint_trajectory_controller started execution
[move_group-8] [INFO] [1787664185.017946785] [moveit.simple_controller_manager.follow_joint_trajectory_controller_handle]: Goal request accepted!
[gazebo-2] [INFO] [1787664193.065971159] [joint_trajectory_controller]: Goal reached, success!
[move_group-8] [INFO] [1787664193.068219317] [moveit.simple_controller_manager.follow_joint_trajectory_controller_handle]: Controller 'joint_trajectory_controller' successfully finished
[move_group-8] [INFO] [1787664193.144951357] [move_group.moveit.moveit.ros.trajectory_execution_manager]: Completed trajectory execution with status SUCCEEDED ...
[move_group-8] [INFO] [1787664193.145810421] [move_group.moveit.moveit.ros.move_group.move_action]: Solution was found and executed.
[move_group-8] [INFO] [1787664193.884597041] [move_group.moveit.moveit.ros.move_group.move_action]: MoveGroupMoveAction: Received request
[move_group-8] [INFO] [1787664193.884956526] [move_group.moveit.moveit.ros.move_group.move_action]: executing..
[move_group-8] [INFO] [1787664193.887172027] [move_group.moveit.moveit.ros.move_group.move_action]: Combined planning and execution request received for MoveGroup action. Forwarding to planning and execution pipeline.
[move_group-8] [WARN] [1787664193.887237026] [move_group.moveit.moveit.ros.move_group.capability]: Execution of motions should always start at the robot's current state. Ignoring the state supplied as start state in the motion planning request
[move_group-8] [WARN] [1787664193.887256571] [move_group.moveit.moveit.ros.move_group.capability]: Execution of motions should always start at the robot's current state. Ignoring the state supplied as difference in the planning scene diff
[move_group-8] [INFO] [1787664193.887268257] [move_group.moveit.moveit.ros.plan_execution]: Planning attempt 1 of at most 1
[move_group-8] [INFO] [1787664193.887388689] [move_group]: Calling PlanningRequestAdapter 'CheckStartStateBounds'
[move_group-8] [INFO] [1787664193.887422766] [move_group]: Calling PlanningRequestAdapter 'CheckStartStateCollision'
[move_group-8] [INFO] [1787664193.887468722] [move_group]: Calling PlanningRequestAdapter 'ResolveConstraintFrames'
[move_group-8] [INFO] [1787664193.887478881] [move_group]: Calling PlanningRequestAdapter 'ValidateWorkspaceBounds'
[move_group-8] [INFO] [1787664193.887742171] [move_group.moveit.moveit.planners.ompl.model_based_planning_context]: Planner configuration 'ar_manipulator' will use planner 'geometric::RRTConnect'. Additional configuration parameters will be set when the planner is constructed.
[move_group-8] [INFO] [1787664193.887870288] [move_group]: Calling Planner 'OMPL'
[move_group-8] [INFO] [1787664193.895688962] [move_group]: Calling PlanningResponseAdapter 'AddTimeOptimalParameterization'
[move_group-8] [WARN] [1787664193.895791009] [move_group.moveit.moveit.core.time_optimal_trajectory_generation]: Invalid max_velocity_scaling_factor 0.000000 specified, defaulting to 1.000000 instead.
[move_group-8] [WARN] [1787664193.895993488] [move_group.moveit.moveit.core.time_optimal_trajectory_generation]: Invalid max_acceleration_scaling_factor 0.000000 specified, defaulting to 1.000000 instead.
[move_group-8] [INFO] [1787664193.901853691] [move_group]: Calling PlanningResponseAdapter 'ValidateSolution'
[move_group-8] [WARN] [1787664193.902446372] [move_group.moveit.moveit.ros.planning_pipeline]: The planner plugin did not fill out the 'planner_id' field of the MotionPlanResponse. Setting it to the planner ID name of the MotionPlanRequest assuming that the planner plugin does warn you if it does not use the requested planner.
[move_group-8] [INFO] [1787664193.902610685] [move_group.moveit.moveit.plugins.simple_controller_manager]: Returned 2 controllers in list
[move_group-8] [INFO] [1787664193.902641889] [move_group.moveit.moveit.plugins.simple_controller_manager]: Returned 2 controllers in list
[move_group-8] [INFO] [1787664193.902726469] [move_group.moveit.moveit.ros.trajectory_execution_manager]: Validating trajectory with allowed_start_tolerance 0.01
[move_group-8] [INFO] [1787664193.904112400] [move_group.moveit.moveit.ros.trajectory_execution_manager]: Starting trajectory execution ...
[move_group-8] [INFO] [1787664193.904157773] [move_group.moveit.moveit.plugins.simple_controller_manager]: Returned 2 controllers in list
[move_group-8] [INFO] [1787664193.904189223] [move_group.moveit.moveit.plugins.simple_controller_manager]: Returned 2 controllers in list
[move_group-8] [INFO] [1787664193.904292365] [moveit.simple_controller_manager.follow_joint_trajectory_controller_handle]: sending trajectory to joint_trajectory_controller
[gazebo-2] [INFO] [1787664193.904534765] [joint_trajectory_controller]: Received new action goal
[gazebo-2] [INFO] [1787664193.904567970] [joint_trajectory_controller]: Accepted new action goal
[move_group-8] [INFO] [1787664193.904720983] [moveit.simple_controller_manager.follow_joint_trajectory_controller_handle]: joint_trajectory_controller started execution
[move_group-8] [INFO] [1787664193.904733952] [moveit.simple_controller_manager.follow_joint_trajectory_controller_handle]: Goal request accepted!
[gazebo-2] [INFO] [1787664205.592221269] [joint_trajectory_controller]: Goal reached, success!
[move_group-8] [INFO] [1787664205.635894982] [moveit.simple_controller_manager.follow_joint_trajectory_controller_handle]: Controller 'joint_trajectory_controller' successfully finished
[move_group-8] [INFO] [1787664205.666959198] [move_group.moveit.moveit.ros.trajectory_execution_manager]: Completed trajectory execution with status SUCCEEDED ...
[move_group-8] [INFO] [1787664205.675035818] [move_group.moveit.moveit.ros.move_group.move_action]: Solution was found and executed.
[move_group-8] [INFO] [1787664206.323774737] [move_group.moveit.moveit.ros.move_group.move_action]: MoveGroupMoveAction: Received request
[move_group-8] [INFO] [1787664206.323969707] [move_group.moveit.moveit.ros.move_group.move_action]: executing..
[move_group-8] [INFO] [1787664206.337458266] [move_group.moveit.moveit.ros.move_group.move_action]: Combined planning and execution request received for MoveGroup action. Forwarding to planning and execution pipeline.
[move_group-8] [WARN] [1787664206.337542342] [move_group.moveit.moveit.ros.move_group.capability]: Execution of motions should always start at the robot's current state. Ignoring the state supplied as start state in the motion planning request
[move_group-8] [WARN] [1787664206.337565353] [move_group.moveit.moveit.ros.move_group.capability]: Execution of motions should always start at the robot's current state. Ignoring the state supplied as difference in the planning scene diff
[move_group-8] [INFO] [1787664206.337576640] [move_group.moveit.moveit.ros.plan_execution]: Planning attempt 1 of at most 1
[move_group-8] [INFO] [1787664206.337716915] [move_group]: Calling PlanningRequestAdapter 'CheckStartStateBounds'
[move_group-8] [INFO] [1787664206.337752041] [move_group]: Calling PlanningRequestAdapter 'CheckStartStateCollision'
[move_group-8] [INFO] [1787664206.337803902] [move_group]: Calling PlanningRequestAdapter 'ResolveConstraintFrames'
[move_group-8] [INFO] [1787664206.337816681] [move_group]: Calling PlanningRequestAdapter 'ValidateWorkspaceBounds'
[move_group-8] [INFO] [1787664206.338092120] [move_group.moveit.moveit.planners.ompl.model_based_planning_context]: Planner configuration 'ar_manipulator' will use planner 'geometric::RRTConnect'. Additional configuration parameters will be set when the planner is constructed.
[move_group-8] [INFO] [1787664206.338180171] [move_group]: Calling Planner 'OMPL'
[move_group-8] [INFO] [1787664206.352788975] [move_group]: Calling PlanningResponseAdapter 'AddTimeOptimalParameterization'
[move_group-8] [WARN] [1787664206.353052236] [move_group.moveit.moveit.core.time_optimal_trajectory_generation]: Invalid max_velocity_scaling_factor 0.000000 specified, defaulting to 1.000000 instead.
[move_group-8] [WARN] [1787664206.353142879] [move_group.moveit.moveit.core.time_optimal_trajectory_generation]: Invalid max_acceleration_scaling_factor 0.000000 specified, defaulting to 1.000000 instead.
[move_group-8] [INFO] [1787664206.354754832] [move_group]: Calling PlanningResponseAdapter 'ValidateSolution'
[move_group-8] [WARN] [1787664206.355023632] [move_group.moveit.moveit.ros.planning_pipeline]: The planner plugin did not fill out the 'planner_id' field of the MotionPlanResponse. Setting it to the planner ID name of the MotionPlanRequest assuming that the planner plugin does warn you if it does not use the requested planner.
[move_group-8] [INFO] [1787664206.355124434] [move_group.moveit.moveit.plugins.simple_controller_manager]: Returned 2 controllers in list
[move_group-8] [INFO] [1787664206.355154566] [move_group.moveit.moveit.plugins.simple_controller_manager]: Returned 2 controllers in list
[move_group-8] [INFO] [1787664206.355224763] [move_group.moveit.moveit.ros.trajectory_execution_manager]: Validating trajectory with allowed_start_tolerance 0.01
[move_group-8] [INFO] [1787664206.370320628] [move_group.moveit.moveit.ros.trajectory_execution_manager]: Starting trajectory execution ...
[move_group-8] [INFO] [1787664206.370425378] [move_group.moveit.moveit.plugins.simple_controller_manager]: Returned 2 controllers in list
[move_group-8] [INFO] [1787664206.370464815] [move_group.moveit.moveit.plugins.simple_controller_manager]: Returned 2 controllers in list
[move_group-8] [INFO] [1787664206.370596550] [moveit.simple_controller_manager.follow_joint_trajectory_controller_handle]: sending trajectory to joint_trajectory_controller
[gazebo-2] [INFO] [1787664206.374452050] [joint_trajectory_controller]: Received new action goal
[gazebo-2] [INFO] [1787664206.374506312] [joint_trajectory_controller]: Accepted new action goal
[move_group-8] [INFO] [1787664206.375447115] [moveit.simple_controller_manager.follow_joint_trajectory_controller_handle]: joint_trajectory_controller started execution
[move_group-8] [INFO] [1787664206.375470363] [moveit.simple_controller_manager.follow_joint_trajectory_controller_handle]: Goal request accepted!
[gazebo-2] [INFO] [1787664211.453806901] [joint_trajectory_controller]: Goal reached, success!
[move_group-8] [INFO] [1787664211.474982930] [moveit.simple_controller_manager.follow_joint_trajectory_controller_handle]: Controller 'joint_trajectory_controller' successfully finished
[move_group-8] [INFO] [1787664211.556230103] [move_group.moveit.moveit.ros.trajectory_execution_manager]: Completed trajectory execution with status SUCCEEDED ...
[move_group-8] [INFO] [1787664211.560737006] [move_group.moveit.moveit.ros.move_group.move_action]: Solution was found and executed.
[move_group-8] [INFO] [1787664212.282568413] [move_group.moveit.moveit.ros.move_group.move_action]: MoveGroupMoveAction: Received request
[move_group-8] [INFO] [1787664212.282856285] [move_group.moveit.moveit.ros.move_group.move_action]: executing..
[move_group-8] [INFO] [1787664212.293367306] [move_group.moveit.moveit.ros.move_group.move_action]: Combined planning and execution request received for MoveGroup action. Forwarding to planning and execution pipeline.
[move_group-8] [WARN] [1787664212.293443323] [move_group.moveit.moveit.ros.move_group.capability]: Execution of motions should always start at the robot's current state. Ignoring the state supplied as start state in the motion planning request
[move_group-8] [WARN] [1787664212.293468186] [move_group.moveit.moveit.ros.move_group.capability]: Execution of motions should always start at the robot's current state. Ignoring the state supplied as difference in the planning scene diff
[move_group-8] [INFO] [1787664212.293482271] [move_group.moveit.moveit.ros.plan_execution]: Planning attempt 1 of at most 1
[move_group-8] [INFO] [1787664212.293615629] [move_group]: Calling PlanningRequestAdapter 'CheckStartStateBounds'
[move_group-8] [INFO] [1787664212.293654956] [move_group]: Calling PlanningRequestAdapter 'CheckStartStateCollision'
[move_group-8] [INFO] [1787664212.293707636] [move_group]: Calling PlanningRequestAdapter 'ResolveConstraintFrames'
[move_group-8] [INFO] [1787664212.293723483] [move_group]: Calling PlanningRequestAdapter 'ValidateWorkspaceBounds'
[move_group-8] [INFO] [1787664212.294012958] [move_group.moveit.moveit.planners.ompl.model_based_planning_context]: Planner configuration 'ar_manipulator' will use planner 'geometric::RRTConnect'. Additional configuration parameters will be set when the planner is constructed.
[move_group-8] [INFO] [1787664212.294089426] [move_group]: Calling Planner 'OMPL'
[move_group-8] [INFO] [1787664212.312125176] [move_group]: Calling PlanningResponseAdapter 'AddTimeOptimalParameterization'
[move_group-8] [WARN] [1787664212.312206252] [move_group.moveit.moveit.core.time_optimal_trajectory_generation]: Invalid max_velocity_scaling_factor 0.000000 specified, defaulting to 1.000000 instead.
[move_group-8] [WARN] [1787664212.312231033] [move_group.moveit.moveit.core.time_optimal_trajectory_generation]: Invalid max_acceleration_scaling_factor 0.000000 specified, defaulting to 1.000000 instead.
[move_group-8] [INFO] [1787664212.324147234] [move_group]: Calling PlanningResponseAdapter 'ValidateSolution'
[move_group-8] [WARN] [1787664212.324705892] [move_group.moveit.moveit.ros.planning_pipeline]: The planner plugin did not fill out the 'planner_id' field of the MotionPlanResponse. Setting it to the planner ID name of the MotionPlanRequest assuming that the planner plugin does warn you if it does not use the requested planner.
[move_group-8] [INFO] [1787664212.324871404] [move_group.moveit.moveit.plugins.simple_controller_manager]: Returned 2 controllers in list
[move_group-8] [INFO] [1787664212.324901290] [move_group.moveit.moveit.plugins.simple_controller_manager]: Returned 2 controllers in list
[move_group-8] [INFO] [1787664212.324995927] [move_group.moveit.moveit.ros.trajectory_execution_manager]: Validating trajectory with allowed_start_tolerance 0.01
[move_group-8] [INFO] [1787664212.374746347] [move_group.moveit.moveit.ros.trajectory_execution_manager]: Starting trajectory execution ...
[move_group-8] [INFO] [1787664212.374858167] [move_group.moveit.moveit.plugins.simple_controller_manager]: Returned 2 controllers in list
[move_group-8] [INFO] [1787664212.374895877] [move_group.moveit.moveit.plugins.simple_controller_manager]: Returned 2 controllers in list
[move_group-8] [INFO] [1787664212.375018159] [moveit.simple_controller_manager.follow_joint_trajectory_controller_handle]: sending trajectory to joint_trajectory_controller
[gazebo-2] [INFO] [1787664212.381956330] [joint_trajectory_controller]: Received new action goal
[gazebo-2] [INFO] [1787664212.382027124] [joint_trajectory_controller]: Accepted new action goal
[move_group-8] [INFO] [1787664212.382236987] [moveit.simple_controller_manager.follow_joint_trajectory_controller_handle]: joint_trajectory_controller started execution
[move_group-8] [INFO] [1787664212.382335337] [moveit.simple_controller_manager.follow_joint_trajectory_controller_handle]: Goal request accepted!
[gazebo-2] [INFO] [1787664220.446660005] [joint_trajectory_controller]: Goal reached, success!
[move_group-8] [INFO] [1787664220.482889201] [moveit.simple_controller_manager.follow_joint_trajectory_controller_handle]: Controller 'joint_trajectory_controller' successfully finished
[move_group-8] [INFO] [1787664220.492484990] [move_group.moveit.moveit.ros.trajectory_execution_manager]: Completed trajectory execution with status SUCCEEDED ...
[move_group-8] [INFO] [1787664220.495474476] [move_group.moveit.moveit.ros.move_group.move_action]: Solution was found and executed.
[move_group-8] [INFO] [1787664221.232535253] [move_group.moveit.moveit.ros.move_group.move_action]: MoveGroupMoveAction: Received request
[move_group-8] [INFO] [1787664221.232849523] [move_group.moveit.moveit.ros.move_group.move_action]: executing..
[move_group-8] [INFO] [1787664221.254942022] [move_group.moveit.moveit.ros.move_group.move_action]: Combined planning and execution request received for MoveGroup action. Forwarding to planning and execution pipeline.
[move_group-8] [WARN] [1787664221.255032984] [move_group.moveit.moveit.ros.move_group.capability]: Execution of motions should always start at the robot's current state. Ignoring the state supplied as start state in the motion planning request
[move_group-8] [WARN] [1787664221.255054542] [move_group.moveit.moveit.ros.move_group.capability]: Execution of motions should always start at the robot's current state. Ignoring the state supplied as difference in the planning scene diff
[move_group-8] [INFO] [1787664221.255064779] [move_group.moveit.moveit.ros.plan_execution]: Planning attempt 1 of at most 1
[move_group-8] [INFO] [1787664221.255183032] [move_group]: Calling PlanningRequestAdapter 'CheckStartStateBounds'
[move_group-8] [INFO] [1787664221.255214609] [move_group]: Calling PlanningRequestAdapter 'CheckStartStateCollision'
[move_group-8] [INFO] [1787664221.255267112] [move_group]: Calling PlanningRequestAdapter 'ResolveConstraintFrames'
[move_group-8] [INFO] [1787664221.255279464] [move_group]: Calling PlanningRequestAdapter 'ValidateWorkspaceBounds'
[move_group-8] [INFO] [1787664221.255647842] [move_group.moveit.moveit.planners.ompl.model_based_planning_context]: Planner configuration 'ar_manipulator' will use planner 'geometric::RRTConnect'. Additional configuration parameters will be set when the planner is constructed.
[move_group-8] [INFO] [1787664221.255816193] [move_group]: Calling Planner 'OMPL'
[move_group-8] [INFO] [1787664221.282489606] [move_group]: Calling PlanningResponseAdapter 'AddTimeOptimalParameterization'
[move_group-8] [WARN] [1787664221.282565005] [move_group.moveit.moveit.core.time_optimal_trajectory_generation]: Invalid max_velocity_scaling_factor 0.000000 specified, defaulting to 1.000000 instead.
[move_group-8] [WARN] [1787664221.282588227] [move_group.moveit.moveit.core.time_optimal_trajectory_generation]: Invalid max_acceleration_scaling_factor 0.000000 specified, defaulting to 1.000000 instead.
[move_group-8] [INFO] [1787664221.286129635] [move_group]: Calling PlanningResponseAdapter 'ValidateSolution'
[move_group-8] [WARN] [1787664221.286643552] [move_group.moveit.moveit.ros.planning_pipeline]: The planner plugin did not fill out the 'planner_id' field of the MotionPlanResponse. Setting it to the planner ID name of the MotionPlanRequest assuming that the planner plugin does warn you if it does not use the requested planner.
[move_group-8] [INFO] [1787664221.286786565] [move_group.moveit.moveit.plugins.simple_controller_manager]: Returned 2 controllers in list
[move_group-8] [INFO] [1787664221.286814218] [move_group.moveit.moveit.plugins.simple_controller_manager]: Returned 2 controllers in list
[move_group-8] [INFO] [1787664221.286894319] [move_group.moveit.moveit.ros.trajectory_execution_manager]: Validating trajectory with allowed_start_tolerance 0.01
[move_group-8] [INFO] [1787664221.292166808] [move_group.moveit.moveit.ros.trajectory_execution_manager]: Starting trajectory execution ...
[move_group-8] [INFO] [1787664221.292753064] [move_group.moveit.moveit.plugins.simple_controller_manager]: Returned 2 controllers in list
[move_group-8] [INFO] [1787664221.292799137] [move_group.moveit.moveit.plugins.simple_controller_manager]: Returned 2 controllers in list
[move_group-8] [INFO] [1787664221.293022396] [moveit.simple_controller_manager.follow_joint_trajectory_controller_handle]: sending trajectory to joint_trajectory_controller
[gazebo-2] [INFO] [1787664221.294088120] [joint_trajectory_controller]: Received new action goal
[gazebo-2] [INFO] [1787664221.294124518] [joint_trajectory_controller]: Accepted new action goal
[move_group-8] [INFO] [1787664221.294590676] [moveit.simple_controller_manager.follow_joint_trajectory_controller_handle]: joint_trajectory_controller started execution
[move_group-8] [INFO] [1787664221.294638503] [moveit.simple_controller_manager.follow_joint_trajectory_controller_handle]: Goal request accepted!
[gazebo-2] [INFO] [1787664227.979326450] [joint_trajectory_controller]: Goal reached, success!
[move_group-8] [INFO] [1787664227.994674146] [moveit.simple_controller_manager.follow_joint_trajectory_controller_handle]: Controller 'joint_trajectory_controller' successfully finished
[move_group-8] [INFO] [1787664228.047854187] [move_group.moveit.moveit.ros.trajectory_execution_manager]: Completed trajectory execution with status SUCCEEDED ...
[move_group-8] [INFO] [1787664228.052398783] [move_group.moveit.moveit.ros.move_group.move_action]: Solution was found and executed.
[move_group-8] [INFO] [1787664228.764917218] [move_group.moveit.moveit.ros.move_group.move_action]: MoveGroupMoveAction: Received request
[move_group-8] [INFO] [1787664228.765185133] [move_group.moveit.moveit.ros.move_group.move_action]: executing..
[move_group-8] [INFO] [1787664228.769813961] [move_group.moveit.moveit.ros.move_group.move_action]: Combined planning and execution request received for MoveGroup action. Forwarding to planning and execution pipeline.
[move_group-8] [WARN] [1787664228.769898310] [move_group.moveit.moveit.ros.move_group.capability]: Execution of motions should always start at the robot's current state. Ignoring the state supplied as start state in the motion planning request
[move_group-8] [WARN] [1787664228.769918189] [move_group.moveit.moveit.ros.move_group.capability]: Execution of motions should always start at the robot's current state. Ignoring the state supplied as difference in the planning scene diff
[move_group-8] [INFO] [1787664228.769927701] [move_group.moveit.moveit.ros.plan_execution]: Planning attempt 1 of at most 1
[move_group-8] [INFO] [1787664228.770055321] [move_group]: Calling PlanningRequestAdapter 'CheckStartStateBounds'
[move_group-8] [INFO] [1787664228.770108577] [move_group]: Calling PlanningRequestAdapter 'CheckStartStateCollision'
[move_group-8] [INFO] [1787664228.770173466] [move_group]: Calling PlanningRequestAdapter 'ResolveConstraintFrames'
[move_group-8] [INFO] [1787664228.770191443] [move_group]: Calling PlanningRequestAdapter 'ValidateWorkspaceBounds'
[move_group-8] [INFO] [1787664228.770522503] [move_group.moveit.moveit.planners.ompl.model_based_planning_context]: Planner configuration 'ar_manipulator' will use planner 'geometric::RRTConnect'. Additional configuration parameters will be set when the planner is constructed.
[move_group-8] [INFO] [1787664228.770624792] [move_group]: Calling Planner 'OMPL'
[move_group-8] [INFO] [1787664228.783542306] [move_group]: Calling PlanningResponseAdapter 'AddTimeOptimalParameterization'
[move_group-8] [WARN] [1787664228.783628885] [move_group.moveit.moveit.core.time_optimal_trajectory_generation]: Invalid max_velocity_scaling_factor 0.000000 specified, defaulting to 1.000000 instead.
[move_group-8] [WARN] [1787664228.783654762] [move_group.moveit.moveit.core.time_optimal_trajectory_generation]: Invalid max_acceleration_scaling_factor 0.000000 specified, defaulting to 1.000000 instead.
[move_group-8] [INFO] [1787664228.786890139] [move_group]: Calling PlanningResponseAdapter 'ValidateSolution'
[move_group-8] [WARN] [1787664228.787354800] [move_group.moveit.moveit.ros.planning_pipeline]: The planner plugin did not fill out the 'planner_id' field of the MotionPlanResponse. Setting it to the planner ID name of the MotionPlanRequest assuming that the planner plugin does warn you if it does not use the requested planner.
[move_group-8] [INFO] [1787664228.787512029] [move_group.moveit.moveit.plugins.simple_controller_manager]: Returned 2 controllers in list
[move_group-8] [INFO] [1787664228.787540946] [move_group.moveit.moveit.plugins.simple_controller_manager]: Returned 2 controllers in list
[move_group-8] [INFO] [1787664228.787624194] [move_group.moveit.moveit.ros.trajectory_execution_manager]: Validating trajectory with allowed_start_tolerance 0.01
[move_group-8] [INFO] [1787664228.801502339] [move_group.moveit.moveit.ros.trajectory_execution_manager]: Starting trajectory execution ...
[move_group-8] [INFO] [1787664228.801604137] [move_group.moveit.moveit.plugins.simple_controller_manager]: Returned 2 controllers in list
[move_group-8] [INFO] [1787664228.801634328] [move_group.moveit.moveit.plugins.simple_controller_manager]: Returned 2 controllers in list
[move_group-8] [INFO] [1787664228.801788900] [moveit.simple_controller_manager.follow_joint_trajectory_controller_handle]: sending trajectory to joint_trajectory_controller
[gazebo-2] [INFO] [1787664228.802533336] [joint_trajectory_controller]: Received new action goal
[gazebo-2] [INFO] [1787664228.802583324] [joint_trajectory_controller]: Accepted new action goal
[move_group-8] [INFO] [1787664228.802964619] [moveit.simple_controller_manager.follow_joint_trajectory_controller_handle]: joint_trajectory_controller started execution
[move_group-8] [INFO] [1787664228.803010957] [moveit.simple_controller_manager.follow_joint_trajectory_controller_handle]: Goal request accepted!
[gazebo-2] [INFO] [1787664237.827288803] [joint_trajectory_controller]: Goal reached, success!
[move_group-8] [INFO] [1787664237.867916999] [moveit.simple_controller_manager.follow_joint_trajectory_controller_handle]: Controller 'joint_trajectory_controller' successfully finished
[move_group-8] [INFO] [1787664237.881181756] [move_group.moveit.moveit.ros.trajectory_execution_manager]: Completed trajectory execution with status SUCCEEDED ...
[move_group-8] [INFO] [1787664237.886965360] [move_group.moveit.moveit.ros.move_group.move_action]: Solution was found and executed.
[move_group-8] [INFO] [1787664238.574820396] [move_group.moveit.moveit.ros.move_group.move_action]: MoveGroupMoveAction: Received request
[move_group-8] [INFO] [1787664238.575081048] [move_group.moveit.moveit.ros.move_group.move_action]: executing..
[move_group-8] [INFO] [1787664238.577609872] [move_group.moveit.moveit.ros.move_group.move_action]: Combined planning and execution request received for MoveGroup action. Forwarding to planning and execution pipeline.
[move_group-8] [WARN] [1787664238.578108952] [move_group.moveit.moveit.ros.move_group.capability]: Execution of motions should always start at the robot's current state. Ignoring the state supplied as start state in the motion planning request
[move_group-8] [WARN] [1787664238.578166154] [move_group.moveit.moveit.ros.move_group.capability]: Execution of motions should always start at the robot's current state. Ignoring the state supplied as difference in the planning scene diff
[move_group-8] [INFO] [1787664238.578180144] [move_group.moveit.moveit.ros.plan_execution]: Planning attempt 1 of at most 1
[move_group-8] [INFO] [1787664238.578401802] [move_group]: Calling PlanningRequestAdapter 'CheckStartStateBounds'
[move_group-8] [INFO] [1787664238.578690789] [move_group]: Calling PlanningRequestAdapter 'CheckStartStateCollision'
[move_group-8] [INFO] [1787664238.579335284] [move_group]: Calling PlanningRequestAdapter 'ResolveConstraintFrames'
[move_group-8] [INFO] [1787664238.579395102] [move_group]: Calling PlanningRequestAdapter 'ValidateWorkspaceBounds'
[move_group-8] [INFO] [1787664238.579675920] [move_group.moveit.moveit.planners.ompl.model_based_planning_context]: Planner configuration 'ar_manipulator' will use planner 'geometric::RRTConnect'. Additional configuration parameters will be set when the planner is constructed.
[move_group-8] [INFO] [1787664238.579908100] [move_group]: Calling Planner 'OMPL'
[move_group-8] [INFO] [1787664238.585436200] [move_group]: Calling PlanningResponseAdapter 'AddTimeOptimalParameterization'
[move_group-8] [WARN] [1787664238.585502691] [move_group.moveit.moveit.core.time_optimal_trajectory_generation]: Invalid max_velocity_scaling_factor 0.000000 specified, defaulting to 1.000000 instead.
[move_group-8] [WARN] [1787664238.585521423] [move_group.moveit.moveit.core.time_optimal_trajectory_generation]: Invalid max_acceleration_scaling_factor 0.000000 specified, defaulting to 1.000000 instead.
[move_group-8] [INFO] [1787664238.592491096] [move_group]: Calling PlanningResponseAdapter 'ValidateSolution'
[move_group-8] [WARN] [1787664238.593070916] [move_group.moveit.moveit.ros.planning_pipeline]: The planner plugin did not fill out the 'planner_id' field of the MotionPlanResponse. Setting it to the planner ID name of the MotionPlanRequest assuming that the planner plugin does warn you if it does not use the requested planner.
[move_group-8] [INFO] [1787664238.593216877] [move_group.moveit.moveit.plugins.simple_controller_manager]: Returned 2 controllers in list
[move_group-8] [INFO] [1787664238.593244092] [move_group.moveit.moveit.plugins.simple_controller_manager]: Returned 2 controllers in list
[move_group-8] [INFO] [1787664238.593332318] [move_group.moveit.moveit.ros.trajectory_execution_manager]: Validating trajectory with allowed_start_tolerance 0.01
[move_group-8] [INFO] [1787664238.603941013] [move_group.moveit.moveit.ros.trajectory_execution_manager]: Starting trajectory execution ...
[move_group-8] [INFO] [1787664238.604026272] [move_group.moveit.moveit.plugins.simple_controller_manager]: Returned 2 controllers in list
[move_group-8] [INFO] [1787664238.604062690] [move_group.moveit.moveit.plugins.simple_controller_manager]: Returned 2 controllers in list
[move_group-8] [INFO] [1787664238.604172333] [moveit.simple_controller_manager.follow_joint_trajectory_controller_handle]: sending trajectory to joint_trajectory_controller
[gazebo-2] [INFO] [1787664238.604431783] [joint_trajectory_controller]: Received new action goal
[gazebo-2] [INFO] [1787664238.604466662] [joint_trajectory_controller]: Accepted new action goal
[move_group-8] [INFO] [1787664238.604847725] [moveit.simple_controller_manager.follow_joint_trajectory_controller_handle]: joint_trajectory_controller started execution
[move_group-8] [INFO] [1787664238.604889321] [moveit.simple_controller_manager.follow_joint_trajectory_controller_handle]: Goal request accepted!
[gazebo-2] [INFO] [1787664244.906665750] [joint_trajectory_controller]: Goal reached, success!
[move_group-8] [INFO] [1787664244.955201023] [moveit.simple_controller_manager.follow_joint_trajectory_controller_handle]: Controller 'joint_trajectory_controller' successfully finished
[move_group-8] [INFO] [1787664244.978437191] [move_group.moveit.moveit.ros.trajectory_execution_manager]: Completed trajectory execution with status SUCCEEDED ...
[move_group-8] [INFO] [1787664244.984109786] [move_group.moveit.moveit.ros.move_group.move_action]: Solution was found and executed.
[move_group-8] [INFO] [1787664245.706013422] [move_group.moveit.moveit.ros.move_group.move_action]: MoveGroupMoveAction: Received request
[move_group-8] [INFO] [1787664245.706272837] [move_group.moveit.moveit.ros.move_group.move_action]: executing..
[move_group-8] [INFO] [1787664245.714434816] [move_group.moveit.moveit.ros.move_group.move_action]: Combined planning and execution request received for MoveGroup action. Forwarding to planning and execution pipeline.
[move_group-8] [WARN] [1787664245.714521738] [move_group.moveit.moveit.ros.move_group.capability]: Execution of motions should always start at the robot's current state. Ignoring the state supplied as start state in the motion planning request
[move_group-8] [WARN] [1787664245.714543168] [move_group.moveit.moveit.ros.move_group.capability]: Execution of motions should always start at the robot's current state. Ignoring the state supplied as difference in the planning scene diff
[move_group-8] [INFO] [1787664245.714553378] [move_group.moveit.moveit.ros.plan_execution]: Planning attempt 1 of at most 1
[move_group-8] [INFO] [1787664245.719473572] [move_group]: Calling PlanningRequestAdapter 'CheckStartStateBounds'
[move_group-8] [INFO] [1787664245.719543832] [move_group]: Calling PlanningRequestAdapter 'CheckStartStateCollision'
[move_group-8] [INFO] [1787664245.719596529] [move_group]: Calling PlanningRequestAdapter 'ResolveConstraintFrames'
[move_group-8] [INFO] [1787664245.719615002] [move_group]: Calling PlanningRequestAdapter 'ValidateWorkspaceBounds'
[move_group-8] [INFO] [1787664245.721121942] [move_group.moveit.moveit.planners.ompl.model_based_planning_context]: Planner configuration 'ar_manipulator' will use planner 'geometric::RRTConnect'. Additional configuration parameters will be set when the planner is constructed.
[move_group-8] [INFO] [1787664245.721248203] [move_group]: Calling Planner 'OMPL'
[move_group-8] [INFO] [1787664245.736109263] [move_group]: Calling PlanningResponseAdapter 'AddTimeOptimalParameterization'
[move_group-8] [WARN] [1787664245.736173399] [move_group.moveit.moveit.core.time_optimal_trajectory_generation]: Invalid max_velocity_scaling_factor 0.000000 specified, defaulting to 1.000000 instead.
[move_group-8] [WARN] [1787664245.736192345] [move_group.moveit.moveit.core.time_optimal_trajectory_generation]: Invalid max_acceleration_scaling_factor 0.000000 specified, defaulting to 1.000000 instead.
[move_group-8] [INFO] [1787664245.740022665] [move_group]: Calling PlanningResponseAdapter 'ValidateSolution'
[move_group-8] [WARN] [1787664245.740374994] [move_group.moveit.moveit.ros.planning_pipeline]: The planner plugin did not fill out the 'planner_id' field of the MotionPlanResponse. Setting it to the planner ID name of the MotionPlanRequest assuming that the planner plugin does warn you if it does not use the requested planner.
[move_group-8] [INFO] [1787664245.740482554] [move_group.moveit.moveit.plugins.simple_controller_manager]: Returned 2 controllers in list
[move_group-8] [INFO] [1787664245.740501027] [move_group.moveit.moveit.plugins.simple_controller_manager]: Returned 2 controllers in list
[move_group-8] [INFO] [1787664245.740590816] [move_group.moveit.moveit.ros.trajectory_execution_manager]: Validating trajectory with allowed_start_tolerance 0.01
[move_group-8] [INFO] [1787664245.775458111] [move_group.moveit.moveit.ros.trajectory_execution_manager]: Starting trajectory execution ...
[move_group-8] [INFO] [1787664245.775560393] [move_group.moveit.moveit.plugins.simple_controller_manager]: Returned 2 controllers in list
[move_group-8] [INFO] [1787664245.775598431] [move_group.moveit.moveit.plugins.simple_controller_manager]: Returned 2 controllers in list
[move_group-8] [INFO] [1787664245.775711360] [moveit.simple_controller_manager.follow_joint_trajectory_controller_handle]: sending trajectory to joint_trajectory_controller
[gazebo-2] [INFO] [1787664245.778819686] [joint_trajectory_controller]: Received new action goal
[gazebo-2] [INFO] [1787664245.778875131] [joint_trajectory_controller]: Accepted new action goal
[move_group-8] [INFO] [1787664245.779059674] [moveit.simple_controller_manager.follow_joint_trajectory_controller_handle]: joint_trajectory_controller started execution
[move_group-8] [INFO] [1787664245.779130243] [moveit.simple_controller_manager.follow_joint_trajectory_controller_handle]: Goal request accepted!
[gazebo-2] [INFO] [1787664252.055667123] [joint_trajectory_controller]: Goal reached, success!
[move_group-8] [INFO] [1787664252.080834216] [moveit.simple_controller_manager.follow_joint_trajectory_controller_handle]: Controller 'joint_trajectory_controller' successfully finished
[move_group-8] [INFO] [1787664252.149742302] [move_group.moveit.moveit.ros.trajectory_execution_manager]: Completed trajectory execution with status SUCCEEDED ...
[move_group-8] [INFO] [1787664252.155672712] [move_group.moveit.moveit.ros.move_group.move_action]: Solution was found and executed.
[move_group-8] [INFO] [1787664252.864275922] [move_group.moveit.moveit.ros.move_group.move_action]: MoveGroupMoveAction: Received request
[move_group-8] [INFO] [1787664252.864540400] [move_group.moveit.moveit.ros.move_group.move_action]: executing..
[move_group-8] [INFO] [1787664252.883055606] [move_group.moveit.moveit.ros.move_group.move_action]: Combined planning and execution request received for MoveGroup action. Forwarding to planning and execution pipeline.
[move_group-8] [WARN] [1787664252.883140870] [move_group.moveit.moveit.ros.move_group.capability]: Execution of motions should always start at the robot's current state. Ignoring the state supplied as start state in the motion planning request
[move_group-8] [WARN] [1787664252.883160768] [move_group.moveit.moveit.ros.move_group.capability]: Execution of motions should always start at the robot's current state. Ignoring the state supplied as difference in the planning scene diff
[move_group-8] [INFO] [1787664252.883171683] [move_group.moveit.moveit.ros.plan_execution]: Planning attempt 1 of at most 1
[move_group-8] [INFO] [1787664252.883291111] [move_group]: Calling PlanningRequestAdapter 'CheckStartStateBounds'
[move_group-8] [INFO] [1787664252.883322132] [move_group]: Calling PlanningRequestAdapter 'CheckStartStateCollision'
[move_group-8] [INFO] [1787664252.883371271] [move_group]: Calling PlanningRequestAdapter 'ResolveConstraintFrames'
[move_group-8] [INFO] [1787664252.883383104] [move_group]: Calling PlanningRequestAdapter 'ValidateWorkspaceBounds'
[move_group-8] [INFO] [1787664252.883623739] [move_group.moveit.moveit.planners.ompl.model_based_planning_context]: Planner configuration 'ar_manipulator' will use planner 'geometric::RRTConnect'. Additional configuration parameters will be set when the planner is constructed.
[move_group-8] [INFO] [1787664252.883702892] [move_group]: Calling Planner 'OMPL'
[move_group-8] [INFO] [1787664252.900144957] [move_group]: Calling PlanningResponseAdapter 'AddTimeOptimalParameterization'
[move_group-8] [WARN] [1787664252.900202541] [move_group.moveit.moveit.core.time_optimal_trajectory_generation]: Invalid max_velocity_scaling_factor 0.000000 specified, defaulting to 1.000000 instead.
[move_group-8] [WARN] [1787664252.900218189] [move_group.moveit.moveit.core.time_optimal_trajectory_generation]: Invalid max_acceleration_scaling_factor 0.000000 specified, defaulting to 1.000000 instead.
[move_group-8] [INFO] [1787664252.904437396] [move_group]: Calling PlanningResponseAdapter 'ValidateSolution'
[move_group-8] [WARN] [1787664252.904787679] [move_group.moveit.moveit.ros.planning_pipeline]: The planner plugin did not fill out the 'planner_id' field of the MotionPlanResponse. Setting it to the planner ID name of the MotionPlanRequest assuming that the planner plugin does warn you if it does not use the requested planner.
[move_group-8] [INFO] [1787664252.904943913] [move_group.moveit.moveit.plugins.simple_controller_manager]: Returned 2 controllers in list
[move_group-8] [INFO] [1787664252.904975470] [move_group.moveit.moveit.plugins.simple_controller_manager]: Returned 2 controllers in list
[move_group-8] [INFO] [1787664252.905069761] [move_group.moveit.moveit.ros.trajectory_execution_manager]: Validating trajectory with allowed_start_tolerance 0.01
[move_group-8] [INFO] [1787664252.917021384] [move_group.moveit.moveit.ros.trajectory_execution_manager]: Starting trajectory execution ...
[move_group-8] [INFO] [1787664252.917099274] [move_group.moveit.moveit.plugins.simple_controller_manager]: Returned 2 controllers in list
[move_group-8] [INFO] [1787664252.917133293] [move_group.moveit.moveit.plugins.simple_controller_manager]: Returned 2 controllers in list
[move_group-8] [INFO] [1787664252.917291879] [moveit.simple_controller_manager.follow_joint_trajectory_controller_handle]: sending trajectory to joint_trajectory_controller
[gazebo-2] [INFO] [1787664252.918538686] [joint_trajectory_controller]: Received new action goal
[gazebo-2] [INFO] [1787664252.918604269] [joint_trajectory_controller]: Accepted new action goal
[move_group-8] [INFO] [1787664252.919045991] [moveit.simple_controller_manager.follow_joint_trajectory_controller_handle]: joint_trajectory_controller started execution
[move_group-8] [INFO] [1787664252.919108161] [moveit.simple_controller_manager.follow_joint_trajectory_controller_handle]: Goal request accepted!
[gazebo-2] [INFO] [1787664260.367219070] [joint_trajectory_controller]: Goal reached, success!
[move_group-8] [INFO] [1787664260.370125273] [moveit.simple_controller_manager.follow_joint_trajectory_controller_handle]: Controller 'joint_trajectory_controller' successfully finished
[move_group-8] [INFO] [1787664260.438949132] [move_group.moveit.moveit.ros.trajectory_execution_manager]: Completed trajectory execution with status SUCCEEDED ...
[move_group-8] [INFO] [1787664260.455763350] [move_group.moveit.moveit.ros.move_group.move_action]: Solution was found and executed.
[move_group-8] [INFO] [1787664261.173218411] [move_group.moveit.moveit.ros.move_group.move_action]: MoveGroupMoveAction: Received request
[move_group-8] [INFO] [1787664261.173571213] [move_group.moveit.moveit.ros.move_group.move_action]: executing..
[move_group-8] [INFO] [1787664261.178114853] [move_group.moveit.moveit.ros.move_group.move_action]: Combined planning and execution request received for MoveGroup action. Forwarding to planning and execution pipeline.
[move_group-8] [WARN] [1787664261.178197242] [move_group.moveit.moveit.ros.move_group.capability]: Execution of motions should always start at the robot's current state. Ignoring the state supplied as start state in the motion planning request
[move_group-8] [WARN] [1787664261.178220227] [move_group.moveit.moveit.ros.move_group.capability]: Execution of motions should always start at the robot's current state. Ignoring the state supplied as difference in the planning scene diff
[move_group-8] [INFO] [1787664261.178231896] [move_group.moveit.moveit.ros.plan_execution]: Planning attempt 1 of at most 1
[move_group-8] [INFO] [1787664261.178350307] [move_group]: Calling PlanningRequestAdapter 'CheckStartStateBounds'
[move_group-8] [INFO] [1787664261.178388005] [move_group]: Calling PlanningRequestAdapter 'CheckStartStateCollision'
[move_group-8] [INFO] [1787664261.178444248] [move_group]: Calling PlanningRequestAdapter 'ResolveConstraintFrames'
[move_group-8] [INFO] [1787664261.178460057] [move_group]: Calling PlanningRequestAdapter 'ValidateWorkspaceBounds'
[move_group-8] [INFO] [1787664261.178809266] [move_group.moveit.moveit.planners.ompl.model_based_planning_context]: Planner configuration 'ar_manipulator' will use planner 'geometric::RRTConnect'. Additional configuration parameters will be set when the planner is constructed.
[move_group-8] [INFO] [1787664261.178928339] [move_group]: Calling Planner 'OMPL'
[move_group-8] [INFO] [1787664261.192793505] [move_group]: Calling PlanningResponseAdapter 'AddTimeOptimalParameterization'
[move_group-8] [WARN] [1787664261.192847266] [move_group.moveit.moveit.core.time_optimal_trajectory_generation]: Invalid max_velocity_scaling_factor 0.000000 specified, defaulting to 1.000000 instead.
[move_group-8] [WARN] [1787664261.192864316] [move_group.moveit.moveit.core.time_optimal_trajectory_generation]: Invalid max_acceleration_scaling_factor 0.000000 specified, defaulting to 1.000000 instead.
[move_group-8] [INFO] [1787664261.194426991] [move_group]: Calling PlanningResponseAdapter 'ValidateSolution'
[move_group-8] [WARN] [1787664261.194742905] [move_group.moveit.moveit.ros.planning_pipeline]: The planner plugin did not fill out the 'planner_id' field of the MotionPlanResponse. Setting it to the planner ID name of the MotionPlanRequest assuming that the planner plugin does warn you if it does not use the requested planner.
[move_group-8] [INFO] [1787664261.194877180] [move_group.moveit.moveit.plugins.simple_controller_manager]: Returned 2 controllers in list
[move_group-8] [INFO] [1787664261.194906361] [move_group.moveit.moveit.plugins.simple_controller_manager]: Returned 2 controllers in list
[move_group-8] [INFO] [1787664261.194975261] [move_group.moveit.moveit.ros.trajectory_execution_manager]: Validating trajectory with allowed_start_tolerance 0.01
[move_group-8] [INFO] [1787664261.197375904] [move_group.moveit.moveit.ros.trajectory_execution_manager]: Starting trajectory execution ...
[move_group-8] [INFO] [1787664261.197439585] [move_group.moveit.moveit.plugins.simple_controller_manager]: Returned 2 controllers in list
[move_group-8] [INFO] [1787664261.197476830] [move_group.moveit.moveit.plugins.simple_controller_manager]: Returned 2 controllers in list
[move_group-8] [INFO] [1787664261.197584650] [moveit.simple_controller_manager.follow_joint_trajectory_controller_handle]: sending trajectory to joint_trajectory_controller
[gazebo-2] [INFO] [1787664261.197806582] [joint_trajectory_controller]: Received new action goal
[gazebo-2] [INFO] [1787664261.197838771] [joint_trajectory_controller]: Accepted new action goal
[move_group-8] [INFO] [1787664261.198072509] [moveit.simple_controller_manager.follow_joint_trajectory_controller_handle]: joint_trajectory_controller started execution
[move_group-8] [INFO] [1787664261.198116902] [moveit.simple_controller_manager.follow_joint_trajectory_controller_handle]: Goal request accepted!
[gazebo-2] [INFO] [1787664265.807885289] [joint_trajectory_controller]: Goal reached, success!
[move_group-8] [INFO] [1787664265.849521502] [moveit.simple_controller_manager.follow_joint_trajectory_controller_handle]: Controller 'joint_trajectory_controller' successfully finished
[move_group-8] [INFO] [1787664265.935473539] [move_group.moveit.moveit.ros.trajectory_execution_manager]: Completed trajectory execution with status SUCCEEDED ...
[move_group-8] [INFO] [1787664265.935807274] [move_group.moveit.moveit.ros.move_group.move_action]: Solution was found and executed.
[move_group-8] [INFO] [1787664266.632552619] [move_group.moveit.moveit.ros.move_group.move_action]: MoveGroupMoveAction: Received request
[move_group-8] [INFO] [1787664266.632772739] [move_group.moveit.moveit.ros.move_group.move_action]: executing..
[move_group-8] [INFO] [1787664266.636511915] [move_group.moveit.moveit.ros.move_group.move_action]: Combined planning and execution request received for MoveGroup action. Forwarding to planning and execution pipeline.
[move_group-8] [WARN] [1787664266.636584528] [move_group.moveit.moveit.ros.move_group.capability]: Execution of motions should always start at the robot's current state. Ignoring the state supplied as start state in the motion planning request
[move_group-8] [WARN] [1787664266.636607067] [move_group.moveit.moveit.ros.move_group.capability]: Execution of motions should always start at the robot's current state. Ignoring the state supplied as difference in the planning scene diff
[move_group-8] [INFO] [1787664266.636619592] [move_group.moveit.moveit.ros.plan_execution]: Planning attempt 1 of at most 1
[move_group-8] [INFO] [1787664266.636752492] [move_group]: Calling PlanningRequestAdapter 'CheckStartStateBounds'
[move_group-8] [INFO] [1787664266.636787265] [move_group]: Calling PlanningRequestAdapter 'CheckStartStateCollision'
[move_group-8] [INFO] [1787664266.636834564] [move_group]: Calling PlanningRequestAdapter 'ResolveConstraintFrames'
[move_group-8] [INFO] [1787664266.636847807] [move_group]: Calling PlanningRequestAdapter 'ValidateWorkspaceBounds'
[move_group-8] [INFO] [1787664266.637111332] [move_group.moveit.moveit.planners.ompl.model_based_planning_context]: Planner configuration 'ar_manipulator' will use planner 'geometric::RRTConnect'. Additional configuration parameters will be set when the planner is constructed.
[move_group-8] [INFO] [1787664266.637193304] [move_group]: Calling Planner 'OMPL'
[move_group-8] [INFO] [1787664266.652791511] [move_group]: Calling PlanningResponseAdapter 'AddTimeOptimalParameterization'
[move_group-8] [WARN] [1787664266.652863041] [move_group.moveit.moveit.core.time_optimal_trajectory_generation]: Invalid max_velocity_scaling_factor 0.000000 specified, defaulting to 1.000000 instead.
[move_group-8] [WARN] [1787664266.652887018] [move_group.moveit.moveit.core.time_optimal_trajectory_generation]: Invalid max_acceleration_scaling_factor 0.000000 specified, defaulting to 1.000000 instead.
[move_group-8] [INFO] [1787664266.654710372] [move_group]: Calling PlanningResponseAdapter 'ValidateSolution'
[move_group-8] [WARN] [1787664266.655199129] [move_group.moveit.moveit.ros.planning_pipeline]: The planner plugin did not fill out the 'planner_id' field of the MotionPlanResponse. Setting it to the planner ID name of the MotionPlanRequest assuming that the planner plugin does warn you if it does not use the requested planner.
[move_group-8] [INFO] [1787664266.655366210] [move_group.moveit.moveit.plugins.simple_controller_manager]: Returned 2 controllers in list
[move_group-8] [INFO] [1787664266.655395645] [move_group.moveit.moveit.plugins.simple_controller_manager]: Returned 2 controllers in list
[move_group-8] [INFO] [1787664266.655481882] [move_group.moveit.moveit.ros.trajectory_execution_manager]: Validating trajectory with allowed_start_tolerance 0.01
[move_group-8] [INFO] [1787664266.679061355] [move_group.moveit.moveit.ros.trajectory_execution_manager]: Starting trajectory execution ...
[move_group-8] [INFO] [1787664266.679149457] [move_group.moveit.moveit.plugins.simple_controller_manager]: Returned 2 controllers in list
[move_group-8] [INFO] [1787664266.679181984] [move_group.moveit.moveit.plugins.simple_controller_manager]: Returned 2 controllers in list
[move_group-8] [INFO] [1787664266.679297437] [moveit.simple_controller_manager.follow_joint_trajectory_controller_handle]: sending trajectory to joint_trajectory_controller
[gazebo-2] [INFO] [1787664266.680566263] [joint_trajectory_controller]: Received new action goal
[gazebo-2] [INFO] [1787664266.680634063] [joint_trajectory_controller]: Accepted new action goal
[move_group-8] [INFO] [1787664266.682972160] [moveit.simple_controller_manager.follow_joint_trajectory_controller_handle]: joint_trajectory_controller started execution
[move_group-8] [INFO] [1787664266.683062892] [moveit.simple_controller_manager.follow_joint_trajectory_controller_handle]: Goal request accepted!
[gazebo-2] [INFO] [1787664274.381306205] [joint_trajectory_controller]: Goal reached, success!
[move_group-8] [INFO] [1787664274.430869767] [moveit.simple_controller_manager.follow_joint_trajectory_controller_handle]: Controller 'joint_trajectory_controller' successfully finished
[move_group-8] [INFO] [1787664274.497658005] [move_group.moveit.moveit.ros.trajectory_execution_manager]: Completed trajectory execution with status SUCCEEDED ...
[move_group-8] [INFO] [1787664274.498957531] [move_group.moveit.moveit.ros.move_group.move_action]: Solution was found and executed.
[move_group-8] [INFO] [1787664275.190129543] [move_group.moveit.moveit.ros.move_group.move_action]: MoveGroupMoveAction: Received request
[move_group-8] [INFO] [1787664275.190382726] [move_group.moveit.moveit.ros.move_group.move_action]: executing..
[move_group-8] [INFO] [1787664275.192862709] [move_group.moveit.moveit.ros.move_group.move_action]: Combined planning and execution request received for MoveGroup action. Forwarding to planning and execution pipeline.
[move_group-8] [WARN] [1787664275.192928723] [move_group.moveit.moveit.ros.move_group.capability]: Execution of motions should always start at the robot's current state. Ignoring the state supplied as start state in the motion planning request
[move_group-8] [WARN] [1787664275.192950152] [move_group.moveit.moveit.ros.move_group.capability]: Execution of motions should always start at the robot's current state. Ignoring the state supplied as difference in the planning scene diff
[move_group-8] [INFO] [1787664275.192962713] [move_group.moveit.moveit.ros.plan_execution]: Planning attempt 1 of at most 1
[move_group-8] [INFO] [1787664275.193097879] [move_group]: Calling PlanningRequestAdapter 'CheckStartStateBounds'
[move_group-8] [INFO] [1787664275.193138298] [move_group]: Calling PlanningRequestAdapter 'CheckStartStateCollision'
[move_group-8] [INFO] [1787664275.193210888] [move_group]: Calling PlanningRequestAdapter 'ResolveConstraintFrames'
[move_group-8] [INFO] [1787664275.193235173] [move_group]: Calling PlanningRequestAdapter 'ValidateWorkspaceBounds'
[move_group-8] [INFO] [1787664275.193515128] [move_group.moveit.moveit.planners.ompl.model_based_planning_context]: Planner configuration 'ar_manipulator' will use planner 'geometric::RRTConnect'. Additional configuration parameters will be set when the planner is constructed.
[move_group-8] [INFO] [1787664275.193593511] [move_group]: Calling Planner 'OMPL'
[move_group-8] [INFO] [1787664275.206722216] [move_group]: Calling PlanningResponseAdapter 'AddTimeOptimalParameterization'
[move_group-8] [WARN] [1787664275.206773668] [move_group.moveit.moveit.core.time_optimal_trajectory_generation]: Invalid max_velocity_scaling_factor 0.000000 specified, defaulting to 1.000000 instead.
[move_group-8] [WARN] [1787664275.206786611] [move_group.moveit.moveit.core.time_optimal_trajectory_generation]: Invalid max_acceleration_scaling_factor 0.000000 specified, defaulting to 1.000000 instead.
[move_group-8] [INFO] [1787664275.207623583] [move_group]: Calling PlanningResponseAdapter 'ValidateSolution'
[move_group-8] [WARN] [1787664275.207877352] [move_group.moveit.moveit.ros.planning_pipeline]: The planner plugin did not fill out the 'planner_id' field of the MotionPlanResponse. Setting it to the planner ID name of the MotionPlanRequest assuming that the planner plugin does warn you if it does not use the requested planner.
[move_group-8] [INFO] [1787664275.208004069] [move_group.moveit.moveit.plugins.simple_controller_manager]: Returned 2 controllers in list
[move_group-8] [INFO] [1787664275.208029054] [move_group.moveit.moveit.plugins.simple_controller_manager]: Returned 2 controllers in list
[move_group-8] [INFO] [1787664275.208096441] [move_group.moveit.moveit.ros.trajectory_execution_manager]: Validating trajectory with allowed_start_tolerance 0.01
[move_group-8] [INFO] [1787664275.225648309] [move_group.moveit.moveit.ros.trajectory_execution_manager]: Starting trajectory execution ...
[move_group-8] [INFO] [1787664275.225736061] [move_group.moveit.moveit.plugins.simple_controller_manager]: Returned 2 controllers in list
[move_group-8] [INFO] [1787664275.225773707] [move_group.moveit.moveit.plugins.simple_controller_manager]: Returned 2 controllers in list
[move_group-8] [INFO] [1787664275.225895220] [moveit.simple_controller_manager.follow_joint_trajectory_controller_handle]: sending trajectory to joint_trajectory_controller
[gazebo-2] [INFO] [1787664275.226170173] [joint_trajectory_controller]: Received new action goal
[gazebo-2] [INFO] [1787664275.226201816] [joint_trajectory_controller]: Accepted new action goal
[move_group-8] [INFO] [1787664275.226316918] [moveit.simple_controller_manager.follow_joint_trajectory_controller_handle]: joint_trajectory_controller started execution
[move_group-8] [INFO] [1787664275.226360166] [moveit.simple_controller_manager.follow_joint_trajectory_controller_handle]: Goal request accepted!
[gazebo-2] [INFO] [1787664279.313568740] [joint_trajectory_controller]: Goal reached, success!
[move_group-8] [INFO] [1787664279.326849441] [moveit.simple_controller_manager.follow_joint_trajectory_controller_handle]: Controller 'joint_trajectory_controller' successfully finished
[move_group-8] [INFO] [1787664279.369383674] [move_group.moveit.moveit.ros.trajectory_execution_manager]: Completed trajectory execution with status SUCCEEDED ...
[move_group-8] [INFO] [1787664279.375935473] [move_group.moveit.moveit.ros.move_group.move_action]: Solution was found and executed.
[WARNING] [launch]: user interrupted with ctrl-c (SIGINT)
[move_group-8] [INFO] [1787664286.407545950] [rclcpp]: signal_handler(SIGINT/SIGTERM)
[robot_state_publisher-1] [INFO] [1787664286.407582869] [rclcpp]: signal_handler(SIGINT/SIGTERM)
[parameter_bridge-4] [INFO] [1787664286.407629134] [rclcpp]: signal_handler(SIGINT/SIGTERM)
[move_group-8] Stack trace (most recent call last):
[move_group-8] #6    Object "", at 0xffffffffffffffff, in 
[INFO] [parameter_bridge-4]: process has finished cleanly [pid 1287981]
[INFO] [robot_state_publisher-1]: process has finished cleanly [pid 1287978]
[INFO] [ground_truth-9]: process has finished cleanly [pid 1287986]
[ERROR] [move_group-8]: process[move_group-8] failed to terminate '5' seconds after receiving 'SIGINT', escalating to 'SIGTERM'
[ERROR] [gazebo-2]: process[gazebo-2] failed to terminate '5' seconds after receiving 'SIGINT', escalating to 'SIGTERM'
[INFO] [move_group-8]: sending signal 'SIGTERM' to process[move_group-8]
[INFO] [gazebo-2]: sending signal 'SIGTERM' to process[gazebo-2]
[ERROR] [gazebo-2]: process has died [pid 1287979, exit code -15, cmd 'ruby /opt/ros/jazzy/opt/gz_tools_vendor/bin/gz sim -s --headless-rendering -r -v 4 --physics-engine gz-physics-bullet-featherstone-plugin /home/jonas/Documents/Bachelorarbeit/robocal/install/annin_ar4_gazebo/share/annin_ar4_gazebo/worlds/calibration.world --force-version 8'].
[INFO] [launch]: process[gazebo-2] was required: shutting down launched system
[ERROR] [move_group-8]: process has died [pid 1287985, exit code -15, cmd '/opt/ros/jazzy/lib/moveit_ros_move_group/move_group --ros-args -p use_sim_time:=True --params-file /tmp/launch_params_1rsqw638 --params-file /tmp/launch_params_3rkv4g1v --params-file /tmp/launch_params_4io_4dnd --params-file /tmp/launch_params_izx0d1dy --params-file /tmp/launch_params_ioaqs49i --params-file /tmp/launch_params_zy02cvnh --params-file /tmp/launch_params_nlyav_9w --params-file /tmp/launch_params_811zg5hn --params-file /tmp/launch_params_p5u6echl --params-file /tmp/launch_params_t_dwurnr'].
