[INFO] [launch]: All log files can be found below /home/jonas/benchmarks/runs/sim_wp2-s002-d62a833ea4/ros_home/log/2026-08-20-17-32-47-117886-Feanor-128293
[INFO] [launch]: Default logging verbosity is set to INFO
[INFO] [robot_state_publisher-1]: process started with pid [128426]
[INFO] [gazebo-2]: process started with pid [128427]
[INFO] [create-3]: process started with pid [128428]
[INFO] [parameter_bridge-4]: process started with pid [128429]
[INFO] [spawner-5]: process started with pid [128430]
[INFO] [spawner-6]: process started with pid [128431]
[INFO] [spawner-7]: process started with pid [128432]
[INFO] [move_group-8]: process started with pid [128433]
[INFO] [ground_truth-9]: process started with pid [128434]
[create-3] [INFO] [1787239983.697084142] [ros_gz_sim]: Requesting list of world names.
[parameter_bridge-4] [INFO] [1787239983.735599803] [gz_bridge]: Creating GZ->ROS Bridge: [/clock (gz.msgs.Clock) -> /clock (rosgraph_msgs/msg/Clock)] (Lazy 0)
[parameter_bridge-4] [INFO] [1787239983.737300741] [gz_bridge]: Creating GZ->ROS Bridge: [/sim_camera/color/image_raw (gz.msgs.Image) -> /sim_camera/color/image_raw (sensor_msgs/msg/Image)] (Lazy 0)
[parameter_bridge-4] [INFO] [1787239983.745124992] [gz_bridge]: Creating GZ->ROS Bridge: [/sim_camera/color/camera_info (gz.msgs.CameraInfo) -> /sim_camera/color/camera_info (sensor_msgs/msg/CameraInfo)] (Lazy 0)
[robot_state_publisher-1] [INFO] [1787239983.835108351] [robot_state_publisher]: Robot initialized
[move_group-8] [INFO] [1787239983.932144956] [move_group.moveit.moveit.ros.rdf_loader]: Loaded robot model in 0 seconds
[move_group-8] [INFO] [1787239983.932275985] [move_group.moveit.moveit.core.robot_model]: Loading robot model 'mk5'...
[move_group-8] [INFO] [1787239983.932341624] [move_group.moveit.moveit.core.robot_model]: No root/virtual joint specified in SRDF. Assuming fixed joint
[move_group-8] [WARN] [1787239983.932375283] [move_group.moveit.moveit.core.robot_model]: Link base_link_aluminum has visual geometry but no collision geometry. Collision geometry will be left empty. Fix your URDF file by explicitly specifying collision geometry.
[move_group-8] [WARN] [1787239983.932387003] [move_group.moveit.moveit.core.robot_model]: Link base_link_enclosure has visual geometry but no collision geometry. Collision geometry will be left empty. Fix your URDF file by explicitly specifying collision geometry.
[move_group-8] [WARN] [1787239983.932394783] [move_group.moveit.moveit.core.robot_model]: Link base_link_motor has visual geometry but no collision geometry. Collision geometry will be left empty. Fix your URDF file by explicitly specifying collision geometry.
[move_group-8] Error:   Error retrieving file [file:///home/jonas/Documents/Bachelorarbeit/robocal/install/annin_ar4_description/share/annin_ar4_description/meshes/ar4_mk5/Link_6_Col.STL]: Couldn't open file /home/jonas/Documents/Bachelorarbeit/robocal/install/annin_ar4_description/share/annin_ar4_description/meshes/ar4_mk5/Link_6_Col.STL
[move_group-8]          at line 289 in ./src/mesh_operations.cpp
[move_group-8] [WARN] [1787239983.988527251] [move_group.moveit.moveit.core.robot_model]: Link link_6_aluminum has visual geometry but no collision geometry. Collision geometry will be left empty. Fix your URDF file by explicitly specifying collision geometry.
[move_group-8] Error:   Error retrieving file [file:///home/jonas/Documents/Bachelorarbeit/robocal/install/annin_ar4_description/share/annin_ar4_description/meshes/ar4_mk5/Link_5_Col.STL]: Couldn't open file /home/jonas/Documents/Bachelorarbeit/robocal/install/annin_ar4_description/share/annin_ar4_description/meshes/ar4_mk5/Link_5_Col.STL
[move_group-8]          at line 289 in ./src/mesh_operations.cpp
[move_group-8] [WARN] [1787239984.015187646] [move_group.moveit.moveit.core.robot_model]: Link link_5_aluminum has visual geometry but no collision geometry. Collision geometry will be left empty. Fix your URDF file by explicitly specifying collision geometry.
[move_group-8] [WARN] [1787239984.015242935] [move_group.moveit.moveit.core.robot_model]: Link link_5_motor has visual geometry but no collision geometry. Collision geometry will be left empty. Fix your URDF file by explicitly specifying collision geometry.
[move_group-8] [WARN] [1787239984.055442070] [move_group.moveit.moveit.core.robot_model]: Link link_4_cover has visual geometry but no collision geometry. Collision geometry will be left empty. Fix your URDF file by explicitly specifying collision geometry.
[move_group-8] [WARN] [1787239984.055518059] [move_group.moveit.moveit.core.robot_model]: Link link_4_logo has visual geometry but no collision geometry. Collision geometry will be left empty. Fix your URDF file by explicitly specifying collision geometry.
[move_group-8] [WARN] [1787239984.055534898] [move_group.moveit.moveit.core.robot_model]: Link link_4_motor has visual geometry but no collision geometry. Collision geometry will be left empty. Fix your URDF file by explicitly specifying collision geometry.
[move_group-8] [WARN] [1787239984.087161831] [move_group.moveit.moveit.core.robot_model]: Link link_3_motor has visual geometry but no collision geometry. Collision geometry will be left empty. Fix your URDF file by explicitly specifying collision geometry.
[move_group-8] [WARN] [1787239984.119458939] [move_group.moveit.moveit.core.robot_model]: Link link_2_cover has visual geometry but no collision geometry. Collision geometry will be left empty. Fix your URDF file by explicitly specifying collision geometry.
[move_group-8] [WARN] [1787239984.119525978] [move_group.moveit.moveit.core.robot_model]: Link link_2_logo has visual geometry but no collision geometry. Collision geometry will be left empty. Fix your URDF file by explicitly specifying collision geometry.
[move_group-8] [WARN] [1787239984.119536938] [move_group.moveit.moveit.core.robot_model]: Link link_2_motor has visual geometry but no collision geometry. Collision geometry will be left empty. Fix your URDF file by explicitly specifying collision geometry.
[gazebo-2] [1;32m[Msg] [0m[1;32mGazebo Sim Server v[0m[1;32m8.11.0[0m[1;32m[0m
[gazebo-2] [1;32m[Msg] [0m[1;32mLoading SDF world file[[0m[1;32m/home/jonas/Documents/Bachelorarbeit/robocal/install/annin_ar4_gazebo/share/annin_ar4_gazebo/worlds/calibration.world[0m[1;32m].[0m
[gazebo-2] [1;32m[Msg] [0m[1;32mServing entity system service on [[0m[1;32m/[0m[1;32mentity/system/add[0m[1;32m][0m[1;32m[0m
[gazebo-2] [1;36m[Dbg] [Physics.cc:906] [0m[1;36mLoaded [[0m[1;36mgz::physics::bullet_featherstone::Plugin[0m[1;36m] from library [[0m[1;36m/opt/ros/jazzy/opt/gz_physics_vendor/lib/gz-physics-7/engine-plugins/libgz-physics-bullet-featherstone-plugin.so[0m[1;36m][0m[1;36m[0m
[gazebo-2] [1;36m[Dbg] [SystemManager.cc:80] [0m[1;36mLoaded system [[0m[1;36mgz::sim::systems::Physics[0m[1;36m] for entity [[0m[1;36m1[0m[1;36m][0m[1;36m[0m
[gazebo-2] [1;32m[Msg] [0m[1;32mCreate[0m[1;32m service on [[0m[1;32m/world/default/create_multiple[0m[1;32m] (async)[0m[1;32m[0m
[gazebo-2] [1;32m[Msg] [0m[1;32mCreate[0m[1;32m service on [[0m[1;32m/world/default/create_multiple/blocking[0m[1;32m] (blocking)[0m[1;32m[0m
[gazebo-2] [1;32m[Msg] [0m[1;32mRemove[0m[1;32m service on [[0m[1;32m/world/default/remove[0m[1;32m] (async)[0m[1;32m[0m
[gazebo-2] [1;32m[Msg] [0m[1;32mRemove[0m[1;32m service on [[0m[1;32m/world/default/remove/blocking[0m[1;32m] (blocking)[0m[1;32m[0m
[gazebo-2] [1;32m[Msg] [0m[1;32mPose[0m[1;32m service on [[0m[1;32m/world/default/set_pose[0m[1;32m] (async)[0m[1;32m[0m
[gazebo-2] [1;32m[Msg] [0m[1;32mPose[0m[1;32m service on [[0m[1;32m/world/default/set_pose/blocking[0m[1;32m] (blocking)[0m[1;32m[0m
[gazebo-2] [1;32m[Msg] [0m[1;32mPose[0m[1;32m service on [[0m[1;32m/world/default/set_pose_vector[0m[1;32m] (async)[0m[1;32m[0m
[gazebo-2] [1;32m[Msg] [0m[1;32mPose[0m[1;32m service on [[0m[1;32m/world/default/set_pose_vector/blocking[0m[1;32m] (blocking)[0m[1;32m[0m
[gazebo-2] [1;32m[Msg] [0m[1;32mLight configuration[0m[1;32m service on [[0m[1;32m/world/default/light_config[0m[1;32m] (async)[0m[1;32m[0m
[gazebo-2] [1;32m[Msg] [0m[1;32mLight configuration[0m[1;32m service on [[0m[1;32m/world/default/light_config/blocking[0m[1;32m] (blocking)[0m[1;32m[0m
[gazebo-2] [1;32m[Msg] [0m[1;32mPhysics[0m[1;32m service on [[0m[1;32m/world/default/set_physics[0m[1;32m] (async)[0m[1;32m[0m
[gazebo-2] [1;32m[Msg] [0m[1;32mPhysics[0m[1;32m service on [[0m[1;32m/world/default/set_physics/blocking[0m[1;32m] (blocking)[0m[1;32m[0m
[gazebo-2] [1;32m[Msg] [0m[1;32mSphericalCoordinates[0m[1;32m service on [[0m[1;32m/world/default/set_spherical_coordinates[0m[1;32m] (async)[0m[1;32m[0m
[gazebo-2] [1;32m[Msg] [0m[1;32mSphericalCoordinates[0m[1;32m service on [[0m[1;32m/world/default/set_spherical_coordinates/blocking[0m[1;32m] (blocking)[0m[1;32m[0m
[gazebo-2] [1;32m[Msg] [0m[1;32mEnable collision[0m[1;32m service on [[0m[1;32m/world/default/enable_collision[0m[1;32m] (async)[0m[1;32m[0m
[gazebo-2] [1;32m[Msg] [0m[1;32mEnable collision[0m[1;32m service on [[0m[1;32m/world/default/enable_collision/blocking[0m[1;32m] (blocking)[0m[1;32m[0m
[gazebo-2] [1;32m[Msg] [0m[1;32mDisable collision[0m[1;32m service on [[0m[1;32m/world/default/disable_collision[0m[1;32m] (async)[0m[1;32m[0m
[gazebo-2] [1;32m[Msg] [0m[1;32mDisable collision[0m[1;32m service on [[0m[1;32m/world/default/disable_collision/blocking[0m[1;32m] (blocking)[0m[1;32m[0m
[gazebo-2] [1;32m[Msg] [0m[1;32mMaterial[0m[1;32m service on [[0m[1;32m/world/default/visual_config[0m[1;32m] (async)[0m[1;32m[0m
[gazebo-2] [1;32m[Msg] [0m[1;32mMaterial[0m[1;32m service on [[0m[1;32m/world/default/visual_config/blocking[0m[1;32m] (blocking)[0m[1;32m[0m
[gazebo-2] [1;32m[Msg] [0m[1;32mMaterial[0m[1;32m service on [[0m[1;32m/world/default/wheel_slip[0m[1;32m] (async)[0m[1;32m[0m
[gazebo-2] [1;32m[Msg] [0m[1;32mMaterial[0m[1;32m service on [[0m[1;32m/world/default/wheel_slip/blocking[0m[1;32m] (blocking)[0m[1;32m[0m
[gazebo-2] [1;36m[Dbg] [SystemManager.cc:80] [0m[1;36mLoaded system [[0m[1;36mgz::sim::systems::UserCommands[0m[1;36m] for entity [[0m[1;36m1[0m[1;36m][0m[1;36m[0m
[move_group-8] [WARN] [1787239984.154611228] [move_group.moveit.moveit.core.robot_model]: Link link_1_motor has visual geometry but no collision geometry. Collision geometry will be left empty. Fix your URDF file by explicitly specifying collision geometry.
[create-3] [INFO] [1787239984.271194685] [ros_gz_sim]: Entity creation successful.
[move_group-8] [INFO] [1787239984.344484107] [move_group.moveit.moveit.kinematics.kdl_kinematics_plugin]: Joint weights for group 'ar_manipulator': 1 1 1 1 1 1
[INFO] [create-3]: process has finished cleanly [pid 128428]
[move_group-8] [INFO] [1787239984.647501546] [move_group.moveit.moveit.ros.planning_scene_monitor]: Publishing maintained planning scene on 'monitored_planning_scene'
[move_group-8] [INFO] [1787239984.647732813] [move_group.moveit.moveit.ros.moveit_cpp]: Listening to 'joint_states' for joint states
[move_group-8] [INFO] [1787239984.648875289] [move_group.moveit.moveit.ros.current_state_monitor]: Listening to joint states on topic 'joint_states'
[move_group-8] [INFO] [1787239984.649612509] [move_group.moveit.moveit.ros.planning_scene_monitor]: Listening to '/attached_collision_object' for attached collision objects
[move_group-8] [INFO] [1787239984.649641659] [move_group.moveit.moveit.ros.planning_scene_monitor]: Stopping existing planning scene publisher.
[move_group-8] [INFO] [1787239984.649783777] [move_group.moveit.moveit.ros.planning_scene_monitor]: Stopped publishing maintained planning scene.
[move_group-8] [INFO] [1787239984.650306290] [move_group.moveit.moveit.ros.planning_scene_monitor]: Publishing maintained planning scene on 'monitored_planning_scene'
[move_group-8] [INFO] [1787239984.650406509] [move_group.moveit.moveit.ros.planning_scene_monitor]: Starting planning scene monitor
[move_group-8] [INFO] [1787239984.651047791] [move_group.moveit.moveit.ros.planning_scene_monitor]: Listening to '/planning_scene'
[move_group-8] [INFO] [1787239984.651082560] [move_group.moveit.moveit.ros.planning_scene_monitor]: Starting world geometry update monitor for collision objects, attached objects, octomap updates.
[move_group-8] [INFO] [1787239984.651831610] [move_group.moveit.moveit.ros.planning_scene_monitor]: Listening to 'collision_object'
[move_group-8] [INFO] [1787239984.652500682] [move_group.moveit.moveit.ros.planning_scene_monitor]: Listening to 'planning_scene_world' for planning scene world geometry
[move_group-8] [WARN] [1787239984.690736353] [move_group.moveit.moveit.ros.occupancy_map_monitor]: Resolution not specified for Octomap. Assuming resolution = 0.1 instead
[move_group-8] [ERROR] [1787239984.690812952] [move_group.moveit.moveit.ros.occupancy_map_monitor]: No 3D sensor plugin(s) defined for octomap updates
[move_group-8] [INFO] [1787239984.934985417] [move_group.moveit.moveit.ros.planning_pipeline]: Successfully loaded planner 'OMPL'
[move_group-8] [INFO] [1787239985.106734936] [move_group]: Try loading adapter 'default_planning_request_adapters/CheckStartStateBounds'
[move_group-8] [INFO] [1787239985.128709887] [move_group]: Loaded adapter 'default_planning_request_adapters/CheckStartStateBounds'
[move_group-8] [INFO] [1787239985.128755506] [move_group]: Try loading adapter 'default_planning_request_adapters/CheckStartStateCollision'
[move_group-8] [INFO] [1787239985.128782896] [move_group]: Loaded adapter 'default_planning_request_adapters/CheckStartStateCollision'
[move_group-8] [INFO] [1787239985.128793786] [move_group]: Try loading adapter 'default_planning_request_adapters/ResolveConstraintFrames'
[move_group-8] [INFO] [1787239985.128817296] [move_group]: Loaded adapter 'default_planning_request_adapters/ResolveConstraintFrames'
[move_group-8] [INFO] [1787239985.128824796] [move_group]: Try loading adapter 'default_planning_request_adapters/ValidateWorkspaceBounds'
[move_group-8] [INFO] [1787239985.128840845] [move_group]: Loaded adapter 'default_planning_request_adapters/ValidateWorkspaceBounds'
[move_group-8] [INFO] [1787239985.291201665] [move_group]: Try loading adapter 'default_planning_response_adapters/AddTimeOptimalParameterization'
[move_group-8] [INFO] [1787239985.319508812] [move_group]: Loaded adapter 'default_planning_response_adapters/AddTimeOptimalParameterization'
[move_group-8] [INFO] [1787239985.319579791] [move_group]: Try loading adapter 'default_planning_response_adapters/ValidateSolution'
[move_group-8] [INFO] [1787239985.324408899] [move_group]: Loaded adapter 'default_planning_response_adapters/ValidateSolution'
[spawner-5] [INFO] [1787239985.529691121] [spawner_joint_state_broadcaster]: waiting for service /controller_manager/list_controllers to become available...
[move_group-8] [INFO] [1787239985.647607881] [move_group.moveit.moveit.planners.pilz.joint_limits_aggregator]: Reading limits from namespace robot_description_planning
[move_group-8] [INFO] [1787239985.731300729] [move_group.moveit.moveit.planners.pilz.command_planner]: Available plugins: pilz_industrial_motion_planner/PlanningContextLoaderCIRC pilz_industrial_motion_planner/PlanningContextLoaderLIN pilz_industrial_motion_planner/PlanningContextLoaderPTP 
[move_group-8] [INFO] [1787239985.731441387] [move_group.moveit.moveit.planners.pilz.command_planner]: About to load: pilz_industrial_motion_planner/PlanningContextLoaderCIRC
[move_group-8] [INFO] [1787239985.756949855] [move_group.moveit.moveit.planners.pilz.command_planner]: Registered Algorithm [CIRC]
[move_group-8] [INFO] [1787239985.757024934] [move_group.moveit.moveit.planners.pilz.command_planner]: About to load: pilz_industrial_motion_planner/PlanningContextLoaderLIN
[move_group-8] [INFO] [1787239985.777078243] [move_group.moveit.moveit.planners.pilz.command_planner]: Registered Algorithm [LIN]
[move_group-8] [INFO] [1787239985.777144262] [move_group.moveit.moveit.planners.pilz.command_planner]: About to load: pilz_industrial_motion_planner/PlanningContextLoaderPTP
[move_group-8] [INFO] [1787239985.796593334] [move_group.moveit.moveit.planners.pilz.command_planner]: Registered Algorithm [PTP]
[move_group-8] [INFO] [1787239985.796685223] [move_group.moveit.moveit.ros.planning_pipeline]: Successfully loaded planner 'Pilz Industrial Motion Planner'
[gazebo-2] [1;36m[Dbg] [SystemManager.cc:80] [0m[1;36mLoaded system [[0m[1;36mgz::sim::systems::SceneBroadcaster[0m[1;36m] for entity [[0m[1;36m1[0m[1;36m][0m[1;36m[0m
[gazebo-2] [1;36m[Dbg] [Sensors.cc:697] [0m[1;36mConfiguring Sensors system[0m[1;36m[0m
[gazebo-2] [1;36m[Dbg] [Sensors.cc:557] [0m[1;36mSensorsPrivate::Run[0m[1;36m[0m
[gazebo-2] [1;36m[Dbg] [SystemManager.cc:80] [0m[1;36mLoaded system [[0m[1;36mgz::sim::systems::Sensors[0m[1;36m] for entity [[0m[1;36m1[0m[1;36m][0m[1;36m[0m
[gazebo-2] [1;36m[Dbg] [Sensors.cc:532] [0m[1;36mSensorsPrivate::RenderThread started[0m[1;36m[0m
[gazebo-2] [1;36m[Dbg] [Sensors.cc:337] [0m[1;36mWaiting for init[0m[1;36m[0m
[gazebo-2] [1;32m[Msg] [0m[1;32mLoaded level [[0m[1;32mdefault[0m[1;32m][0m[1;32m[0m
[gazebo-2] [1;32m[Msg] [0m[1;32mServing world controls on [[0m[1;32m/world/default[0m[1;32m/control], [[0m[1;32m/world/default[0m[1;32m/control/state] and [[0m[1;32m/world/default[0m[1;32m/playback/control][0m[1;32m[0m
[gazebo-2] [1;32m[Msg] [0m[1;32mServing GUI information on [[0m[1;32m/world/default[0m[1;32m/[0m[1;32mgui/info[0m[1;32m][0m[1;32m[0m
[gazebo-2] [1;32m[Msg] [0m[1;32mWorld [[0m[1;32mdefault[0m[1;32m] initialized with [[0m[1;32m1ms[0m[1;32m] physics profile.[0m[1;32m[0m
[gazebo-2] [1;32m[Msg] [0m[1;32mServing world SDF generation service on [[0m[1;32m/world/default[0m[1;32m/[0m[1;32mgenerate_world_sdf[0m[1;32m][0m[1;32m[0m
[gazebo-2] [1;32m[Msg] [0m[1;32mServing world names on [[0m[1;32m/gazebo/worlds[0m[1;32m][0m[1;32m[0m
[gazebo-2] [1;32m[Msg] [0m[1;32mResource path add service on [[0m[1;32m/gazebo/resource_paths/add[0m[1;32m].[0m[1;32m[0m
[gazebo-2] [1;32m[Msg] [0m[1;32mResource path get service on [[0m[1;32m/gazebo/resource_paths/get[0m[1;32m].[0m[1;32m[0m
[gazebo-2] [1;32m[Msg] [0m[1;32mResource path resolve service on [[0m[1;32m/gazebo/resource_paths/resolve[0m[1;32m].[0m[1;32m[0m
[gazebo-2] [1;32m[Msg] [0m[1;32mResource paths published on [[0m[1;32m/gazebo/resource_paths[0m[1;32m].[0m[1;32m[0m
[gazebo-2] [1;32m[Msg] [0m[1;32mServer control service on [[0m[1;32m/server_control[0m[1;32m].[0m[1;32m[0m
[gazebo-2] [1;32m[Msg] [0m[1;32mFound no publishers on /stats, adding root stats topic[0m[1;32m[0m
[gazebo-2] [1;32m[Msg] [0m[1;32mFound no publishers on /clock, adding root clock topic[0m[1;32m[0m
[gazebo-2] [1;36m[Dbg] [SimulationRunner.cc:551] [0m[1;36mCreating PostUpdate worker threads: [0m[1;36m3[0m[1;36m[0m
[gazebo-2] [1;36m[Dbg] [SimulationRunner.cc:562] [0m[1;36mCreating postupdate worker thread ([0m[1;36m0[0m[1;36m)[0m[1;36m[0m
[gazebo-2] [1;36m[Dbg] [SimulationRunner.cc:562] [0m[1;36mCreating postupdate worker thread ([0m[1;36m1[0m[1;36m)[0m[1;36m[0m
[gazebo-2] [1;33mWarning [Utils.cc:132][0m [/sdf/model[@name="mk5"]/link[@name="base_link"]/sensor[@name="sim_color"]/gz_frame_id:/home/jonas/benchmarks/runs/sim_wp2-s002-d62a833ea4/perturbed_robot.urdf:L0]: XML Element[gz_frame_id], child of element[sensor], not defined in SDF. Copying[gz_frame_id] as children of [sensor].
[move_group-8] [INFO] [1787239985.982306871] [move_group]: Try loading adapter 'default_planning_request_adapters/CheckStartStateBounds'
[move_group-8] [INFO] [1787239986.001766780] [move_group]: Loaded adapter 'default_planning_request_adapters/CheckStartStateBounds'
[move_group-8] [INFO] [1787239986.001816040] [move_group]: Try loading adapter 'default_planning_request_adapters/CheckStartStateCollision'
[move_group-8] [INFO] [1787239986.001838579] [move_group]: Loaded adapter 'default_planning_request_adapters/CheckStartStateCollision'
[move_group-8] [INFO] [1787239986.001844379] [move_group]: Try loading adapter 'default_planning_request_adapters/ResolveConstraintFrames'
[move_group-8] [INFO] [1787239986.001857379] [move_group]: Loaded adapter 'default_planning_request_adapters/ResolveConstraintFrames'
[move_group-8] [INFO] [1787239986.001862809] [move_group]: Try loading adapter 'default_planning_request_adapters/ValidateWorkspaceBounds'
[move_group-8] [INFO] [1787239986.001882869] [move_group]: Loaded adapter 'default_planning_request_adapters/ValidateWorkspaceBounds'
[move_group-8] [INFO] [1787239986.207763527] [move_group]: Try loading adapter 'default_planning_response_adapters/AddTimeOptimalParameterization'
[move_group-8] [INFO] [1787239986.230638774] [move_group]: Loaded adapter 'default_planning_response_adapters/AddTimeOptimalParameterization'
[move_group-8] [INFO] [1787239986.230730933] [move_group]: Try loading adapter 'default_planning_response_adapters/ValidateSolution'
[move_group-8] [INFO] [1787239986.231431804] [move_group]: Loaded adapter 'default_planning_response_adapters/ValidateSolution'
[gazebo-2] [INFO] [1787239986.327487285] [gz_ros_control]: [gz_ros2_control] Fixed joint ['base_joint'] (Entity='63') is skipped.
[ground_truth-9] [INFO] [1787239986.502213528] [ground_truth]: Ground truth ready: calibration_type=eye_to_hand, perturbation_file=/home/jonas/benchmarks/runs/sim_wp2-s002-d62a833ea4/perturbation.yaml, output_file=/home/jonas/benchmarks/runs/sim_wp2-s002-d62a833ea4/ros_home/annin_ar4_calibration/ground_truth.yaml
[move_group-8] [INFO] [1787239986.521224065] [move_group.moveit.moveit.plugins.simple_controller_manager]: Added FollowJointTrajectory controller for joint_trajectory_controller
[move_group-8] [INFO] [1787239986.521305924] [move_group.moveit.moveit.plugins.simple_controller_manager]: gripper_controller will command a max effort of: 0
[move_group-8] [INFO] [1787239986.526437429] [move_group.moveit.moveit.plugins.simple_controller_manager]: Added GripperCommand controller for gripper_controller
[move_group-8] [INFO] [1787239986.526648496] [move_group.moveit.moveit.plugins.simple_controller_manager]: Returned 2 controllers in list
[move_group-8] [INFO] [1787239986.526676626] [move_group.moveit.moveit.plugins.simple_controller_manager]: Returned 2 controllers in list
[move_group-8] [INFO] [1787239986.527307198] [move_group.moveit.moveit.ros.trajectory_execution_manager]: Trajectory execution is not managing controllers
[move_group-8] [INFO] [1787239986.527342907] [move_group]: MoveGroup debug mode is ON
[move_group-8] [INFO] [1787239986.653616300] [move_group.moveit.moveit.planners.pilz.move_group_sequence_action]: initialize move group sequence action
[move_group-8] [INFO] [1787239986.659141539] [move_group.moveit.moveit.planners.pilz.joint_limits_aggregator]: Reading limits from namespace robot_description_planning
[move_group-8] [INFO] [1787239986.659405425] [move_group.moveit.moveit.planners.pilz.joint_limits_aggregator]: Reading limits from namespace robot_description_planning
[move_group-8] [INFO] [1787239986.660956406] [move_group.moveit.moveit.ros.move_group.executable]: 
[move_group-8] 
[move_group-8] ********************************************************
[move_group-8] * MoveGroup using: 
[move_group-8] *     - apply_planning_scene_service
[move_group-8] *     - clear_octomap_service
[move_group-8] *     - get_group_urdf
[move_group-8] *     - load_geometry_from_file
[move_group-8] *     - CartesianPathService
[move_group-8] *     - execute_trajectory_action
[move_group-8] *     - get_planning_scene_service
[move_group-8] *     - kinematics_service
[move_group-8] *     - move_action
[move_group-8] *     - motion_plan_service
[move_group-8] *     - query_planners_service
[move_group-8] *     - state_validation_service
[move_group-8] *     - save_geometry_to_file
[move_group-8] *     - SequenceAction
[move_group-8] *     - SequenceService
[move_group-8] ********************************************************
[move_group-8] 
[move_group-8] [INFO] [1787239986.661021765] [move_group.moveit.moveit.ros.move_group.context]: MoveGroup context using pipeline ompl
[move_group-8] [INFO] [1787239986.661031485] [move_group.moveit.moveit.ros.move_group.context]: MoveGroup context initialization complete
[move_group-8] [96mLoading 'move_group/ApplyPlanningSceneService'...[0m
[move_group-8] [96mLoading 'move_group/ClearOctomapService'...[0m
[move_group-8] [96mLoading 'move_group/GetUrdfService'...[0m
[move_group-8] [96mLoading 'move_group/LoadGeometryFromFileService'...[0m
[move_group-8] [96mLoading 'move_group/MoveGroupCartesianPathService'...[0m
[move_group-8] [96mLoading 'move_group/MoveGroupExecuteTrajectoryAction'...[0m
[move_group-8] [96mLoading 'move_group/MoveGroupGetPlanningSceneService'...[0m
[move_group-8] [96mLoading 'move_group/MoveGroupKinematicsService'...[0m
[move_group-8] [96mLoading 'move_group/MoveGroupMoveAction'...[0m
[move_group-8] [96mLoading 'move_group/MoveGroupPlanService'...[0m
[move_group-8] [96mLoading 'move_group/MoveGroupQueryPlannersService'...[0m
[move_group-8] [96mLoading 'move_group/MoveGroupStateValidationService'...[0m
[move_group-8] [96mLoading 'move_group/SaveGeometryToFileService'...[0m
[move_group-8] [96mLoading 'pilz_industrial_motion_planner/MoveGroupSequenceAction'...[0m
[move_group-8] [96mLoading 'pilz_industrial_motion_planner/MoveGroupSequenceService'...[0m
[move_group-8] 
[move_group-8] [92mYou can start planning now![0m
[move_group-8] 
[gazebo-2] [INFO] [1787239986.681407843] [gz_ros_control]: Loading controller_manager
[gazebo-2] [INFO] [1787239987.001802819] [controller_manager]: Using ROS clock for triggering controller manager cycles.
[gazebo-2] [INFO] [1787239987.013452800] [controller_manager]: Subscribing to '/robot_description' topic for robot description.
[gazebo-2] [WARN] [1787239987.022665187] [gz_ros_control]: Waiting RM to load and initialize hardware...
[gazebo-2] [INFO] [1787239987.024377680] [controller_manager]: Received robot description from topic.
[gazebo-2] [INFO] [1787239987.024494579] [controller_manager]: Enforcing command limits is disabled. Command limits from URDF will be ignored.
[gazebo-2] text not specified in the tf_prefix tag
[gazebo-2] text not specified in the tf_prefix tag
[gazebo-2] [INFO] [1787239987.199413159] [gz_ros_control]: The position_proportional_gain has been set to: 0.1
[gazebo-2] [INFO] [1787239987.199508147] [gz_ros_control]: Loading joint: joint_1
[gazebo-2] [INFO] [1787239987.199518467] [gz_ros_control]: 	State:
[gazebo-2] [INFO] [1787239987.199524447] [gz_ros_control]: 		 position
[gazebo-2] [INFO] [1787239987.199533207] [gz_ros_control]: 			 found initial value: 0.000000
[gazebo-2] [INFO] [1787239987.199544177] [gz_ros_control]: 		 velocity
[gazebo-2] [INFO] [1787239987.199551237] [gz_ros_control]: 			 found initial value: 0.000000
[gazebo-2] [INFO] [1787239987.199554997] [gz_ros_control]: 	Command:
[gazebo-2] [INFO] [1787239987.199558707] [gz_ros_control]: 		 position
[gazebo-2] [INFO] [1787239987.199566947] [gz_ros_control]: 		 velocity
[gazebo-2] [INFO] [1787239987.199575347] [gz_ros_control]: Loading joint: joint_2
[gazebo-2] [INFO] [1787239987.199579197] [gz_ros_control]: 	State:
[gazebo-2] [INFO] [1787239987.199582727] [gz_ros_control]: 		 position
[gazebo-2] [INFO] [1787239987.199586446] [gz_ros_control]: 			 found initial value: 0.000000
[gazebo-2] [INFO] [1787239987.199590286] [gz_ros_control]: 		 velocity
[gazebo-2] [INFO] [1787239987.199593846] [gz_ros_control]: 			 found initial value: 0.000000
[gazebo-2] [INFO] [1787239987.199601706] [gz_ros_control]: 	Command:
[gazebo-2] [INFO] [1787239987.199605186] [gz_ros_control]: 		 position
[gazebo-2] [INFO] [1787239987.199610756] [gz_ros_control]: 		 velocity
[gazebo-2] [INFO] [1787239987.199617836] [gz_ros_control]: Loading joint: joint_3
[gazebo-2] [INFO] [1787239987.199621546] [gz_ros_control]: 	State:
[gazebo-2] [INFO] [1787239987.199624876] [gz_ros_control]: 		 position
[gazebo-2] [INFO] [1787239987.199628836] [gz_ros_control]: 			 found initial value: 0.000000
[gazebo-2] [INFO] [1787239987.199632626] [gz_ros_control]: 		 velocity
[gazebo-2] [INFO] [1787239987.199635786] [gz_ros_control]: 			 found initial value: 0.000000
[gazebo-2] [INFO] [1787239987.199639996] [gz_ros_control]: 	Command:
[gazebo-2] [INFO] [1787239987.199643296] [gz_ros_control]: 		 position
[gazebo-2] [INFO] [1787239987.199648786] [gz_ros_control]: 		 velocity
[gazebo-2] [INFO] [1787239987.199656406] [gz_ros_control]: Loading joint: joint_4
[gazebo-2] [INFO] [1787239987.199689885] [gz_ros_control]: 	State:
[gazebo-2] [INFO] [1787239987.199694385] [gz_ros_control]: 		 position
[gazebo-2] [INFO] [1787239987.199697915] [gz_ros_control]: 			 found initial value: 0.000000
[gazebo-2] [INFO] [1787239987.199701925] [gz_ros_control]: 		 velocity
[gazebo-2] [INFO] [1787239987.199705305] [gz_ros_control]: 			 found initial value: 0.000000
[gazebo-2] [INFO] [1787239987.199709405] [gz_ros_control]: 	Command:
[gazebo-2] [INFO] [1787239987.199712825] [gz_ros_control]: 		 position
[gazebo-2] [INFO] [1787239987.199718585] [gz_ros_control]: 		 velocity
[gazebo-2] [INFO] [1787239987.199726315] [gz_ros_control]: Loading joint: joint_5
[gazebo-2] [INFO] [1787239987.199729855] [gz_ros_control]: 	State:
[gazebo-2] [INFO] [1787239987.199733345] [gz_ros_control]: 		 position
[gazebo-2] [INFO] [1787239987.199737755] [gz_ros_control]: 			 found initial value: 0.000000
[gazebo-2] [INFO] [1787239987.199741634] [gz_ros_control]: 		 velocity
[gazebo-2] [INFO] [1787239987.199745164] [gz_ros_control]: 			 found initial value: 0.000000
[gazebo-2] [INFO] [1787239987.199749294] [gz_ros_control]: 	Command:
[gazebo-2] [INFO] [1787239987.199752664] [gz_ros_control]: 		 position
[gazebo-2] [INFO] [1787239987.199758354] [gz_ros_control]: 		 velocity
[gazebo-2] [INFO] [1787239987.199765494] [gz_ros_control]: Loading joint: joint_6
[gazebo-2] [INFO] [1787239987.199769094] [gz_ros_control]: 	State:
[gazebo-2] [INFO] [1787239987.199772704] [gz_ros_control]: 		 position
[gazebo-2] [INFO] [1787239987.199776134] [gz_ros_control]: 			 found initial value: 0.000000
[gazebo-2] [INFO] [1787239987.199783894] [gz_ros_control]: 		 velocity
[gazebo-2] [INFO] [1787239987.199857243] [gz_ros_control]: 			 found initial value: 0.000000
[gazebo-2] [INFO] [1787239987.199868563] [gz_ros_control]: 	Command:
[gazebo-2] [INFO] [1787239987.199873043] [gz_ros_control]: 		 position
[gazebo-2] [INFO] [1787239987.199880553] [gz_ros_control]: 		 velocity
[gazebo-2] [INFO] [1787239987.199992311] [controller_manager]: Initialize hardware 'mk5' 
[gazebo-2] [WARN] [1787239987.200010311] [controller_manager.hardware_component.system.mk5]: Executor is not available during hardware component initialization for 'mk5'. Skipping node creation!
[gazebo-2] [INFO] [1787239987.200090190] [controller_manager]: Successful initialization of hardware 'mk5'
[gazebo-2] [INFO] [1787239987.200202859] [gz_ros_control]: The position_proportional_gain has been set to: 0.1
[gazebo-2] [INFO] [1787239987.200216048] [gz_ros_control]: Loading joint: gripper_jaw1_joint
[gazebo-2] [INFO] [1787239987.200220808] [gz_ros_control]: 	State:
[gazebo-2] [INFO] [1787239987.200224598] [gz_ros_control]: 		 position
[gazebo-2] [INFO] [1787239987.200228478] [gz_ros_control]: 			 found initial value: 0.000000
[gazebo-2] [INFO] [1787239987.200232598] [gz_ros_control]: 		 velocity
[gazebo-2] [INFO] [1787239987.200236488] [gz_ros_control]: 			 found initial value: 0.000000
[gazebo-2] [INFO] [1787239987.200240448] [gz_ros_control]: 	Command:
[gazebo-2] [INFO] [1787239987.200243838] [gz_ros_control]: 		 position
[gazebo-2] [INFO] [1787239987.200253648] [gz_ros_control]: Loading joint: gripper_jaw2_joint
[gazebo-2] [INFO] [1787239987.200258428] [gz_ros_control]: Joint 'gripper_jaw2_joint'is mimicking joint 'gripper_jaw1_joint' with multiplier: 1 and offset: 0
[gazebo-2] [INFO] [1787239987.200263098] [gz_ros_control]: 	State:
[gazebo-2] [INFO] [1787239987.200266498] [gz_ros_control]: 		 position
[gazebo-2] [INFO] [1787239987.200270108] [gz_ros_control]: 			 found initial value: 0.000000
[gazebo-2] [INFO] [1787239987.200273908] [gz_ros_control]: 		 velocity
[gazebo-2] [INFO] [1787239987.200277548] [gz_ros_control]: 			 found initial value: 0.000000
[gazebo-2] [INFO] [1787239987.200281188] [gz_ros_control]: 	Command:
[gazebo-2] [INFO] [1787239987.200299937] [controller_manager]: Initialize hardware 'ARGripperGazeboSystem' 
[gazebo-2] [WARN] [1787239987.200307317] [controller_manager.hardware_component.system.ARGripperGazeboSystem]: Executor is not available during hardware component initialization for 'ARGripperGazeboSystem'. Skipping node creation!
[gazebo-2] [INFO] [1787239987.200320917] [controller_manager]: Successful initialization of hardware 'ARGripperGazeboSystem'
[gazebo-2] [INFO] [1787239987.200366057] [controller_manager]: Activating component 'ARGripperGazeboSystem'.
[gazebo-2] [INFO] [1787239987.200376296] [resource_manager]: 'configure' hardware 'ARGripperGazeboSystem' 
[gazebo-2] [INFO] [1787239987.200381726] [gz_ros_control]: System Successfully configured!
[gazebo-2] [INFO] [1787239987.200386316] [resource_manager]: Successful 'configure' of hardware 'ARGripperGazeboSystem'
[gazebo-2] [INFO] [1787239987.200392626] [resource_manager]: 'activate' hardware 'ARGripperGazeboSystem' 
[gazebo-2] [INFO] [1787239987.200405996] [resource_manager]: Successful 'activate' of hardware 'ARGripperGazeboSystem'
[gazebo-2] [INFO] [1787239987.200467995] [controller_manager]: Activating component 'mk5'.
[gazebo-2] [INFO] [1787239987.200477485] [resource_manager]: 'configure' hardware 'mk5' 
[gazebo-2] [INFO] [1787239987.200480135] [gz_ros_control]: System Successfully configured!
[gazebo-2] [INFO] [1787239987.200483855] [resource_manager]: Successful 'configure' of hardware 'mk5'
[gazebo-2] [INFO] [1787239987.200488055] [resource_manager]: 'activate' hardware 'mk5' 
[gazebo-2] [INFO] [1787239987.200491055] [resource_manager]: Successful 'activate' of hardware 'mk5'
[gazebo-2] [WARN] [1787239987.200508075] [controller_manager]: Component 'ARGripperGazeboSystem' does not have read or write statistics initialized, skipping registration.
[gazebo-2] [WARN] [1787239987.200513395] [controller_manager]: Component 'mk5' does not have read or write statistics initialized, skipping registration.
[gazebo-2] [INFO] [1787239987.200519425] [controller_manager]: Resource Manager has been successfully initialized. Starting Controller Manager services...
[gazebo-2] [INFO] [1787239987.282978581] [controller_manager]: Loading controller : 'joint_state_broadcaster' of type 'joint_state_broadcaster/JointStateBroadcaster'
[gazebo-2] [INFO] [1787239987.283036030] [controller_manager]: Loading controller 'joint_state_broadcaster'
[gazebo-2] [INFO] [1787239987.415462102] [controller_manager]: Controller 'joint_state_broadcaster' node arguments: --ros-args --params-file /tmp/tmppy9tyyln.yaml -p use_sim_time:=true --param use_sim_time:=true 
[spawner-5] [INFO] [1787239987.439199709] [spawner_joint_state_broadcaster]: Loaded joint_state_broadcaster
[gazebo-2] [INFO] [1787239987.440697385] [controller_manager]: Configuring controller: 'joint_state_broadcaster'
[gazebo-2] [INFO] [1787239987.440852483] [joint_state_broadcaster]: 'joints' or 'interfaces' parameter is empty. All available state interfaces will be published
[gazebo-2] [INFO] [1787239987.511245643] [controller_manager]: Activating controllers: [ joint_state_broadcaster ]
[gazebo-2] [1;31m[Err] [SystemPaths.cc:426] [0m[1;31mUnable to find file with URI [[0m[1;31mmodel://annin_ar4_description/meshes/ar4_mk5/Link_6_Col.STL[0m[1;31m][0m[1;31m[0m
[gazebo-2] [1;31m[Err] [SystemPaths.cc:526] [0m[1;31mCould not resolve file [[0m[1;31mmodel://annin_ar4_description/meshes/ar4_mk5/Link_6_Col.STL[0m[1;31m][0m[1;31m[0m
[gazebo-2] [1;31m[Err] [MeshManager.cc:211] [0m[1;31mUnable to find file[[0m[1;31mmodel://annin_ar4_description/meshes/ar4_mk5/Link_6_Col.STL[0m[1;31m][0m
[gazebo-2] [1;33m[Wrn] [SDFFeatures.cc:1094] [0m[1;33mFailed to load mesh from [[0m[1;33mmodel://annin_ar4_description/meshes/ar4_mk5/Link_6_Col.STL[0m[1;33m].[0m[1;33m[0m
[gazebo-2] [1;31m[Err] [SystemPaths.cc:426] [0m[1;31mUnable to find file with URI [[0m[1;31mmodel://annin_ar4_description/meshes/ar4_mk5/Link_5_Col.STL[0m[1;31m][0m[1;31m[0m
[gazebo-2] [1;31m[Err] [SystemPaths.cc:526] [0m[1;31mCould not resolve file [[0m[1;31mmodel://annin_ar4_description/meshes/ar4_mk5/Link_5_Col.STL[0m[1;31m][0m[1;31m[0m
[gazebo-2] [1;31m[Err] [MeshManager.cc:211] [0m[1;31mUnable to find file[[0m[1;31mmodel://annin_ar4_description/meshes/ar4_mk5/Link_5_Col.STL[0m[1;31m][0m
[gazebo-2] [1;33m[Wrn] [SDFFeatures.cc:1094] [0m[1;33mFailed to load mesh from [[0m[1;33mmodel://annin_ar4_description/meshes/ar4_mk5/Link_5_Col.STL[0m[1;33m].[0m[1;33m[0m
[gazebo-2] [1;31m[Err] [SystemPaths.cc:426] [0m[1;31mUnable to find file with URI [[0m[1;31mmodel://annin_ar4_description/meshes/ar4_mk5/Link_5_Col.STL[0m[1;31m][0m[1;31m[0m
[gazebo-2] [1;31m[Err] [SystemPaths.cc:526] [0m[1;31mCould not resolve file [[0m[1;31mmodel://annin_ar4_description/meshes/ar4_mk5/Link_5_Col.STL[0m[1;31m][0m[1;31m[0m
[gazebo-2] [1;31m[Err] [MeshManager.cc:211] [0m[1;31mUnable to find file[[0m[1;31mmodel://annin_ar4_description/meshes/ar4_mk5/Link_5_Col.STL[0m[1;31m][0m
[gazebo-2] [1;33m[Wrn] [Util.cc:859] [0m[1;33mFailed to load mesh from [[0m[1;33mmodel://annin_ar4_description/meshes/ar4_mk5/Link_5_Col.STL[0m[1;33m].[0m[1;33m[0m
[gazebo-2] [1;31m[Err] [SystemPaths.cc:426] [0m[1;31mUnable to find file with URI [[0m[1;31mmodel://annin_ar4_description/meshes/ar4_mk5/Link_6_Col.STL[0m[1;31m][0m[1;31m[0m
[gazebo-2] [1;31m[Err] [SystemPaths.cc:526] [0m[1;31mCould not resolve file [[0m[1;31mmodel://annin_ar4_description/meshes/ar4_mk5/Link_6_Col.STL[0m[1;31m][0m[1;31m[0m
[gazebo-2] [1;31m[Err] [MeshManager.cc:211] [0m[1;31mUnable to find file[[0m[1;31mmodel://annin_ar4_description/meshes/ar4_mk5/Link_6_Col.STL[0m[1;31m][0m
[gazebo-2] [1;33m[Wrn] [Util.cc:859] [0m[1;33mFailed to load mesh from [[0m[1;33mmodel://annin_ar4_description/meshes/ar4_mk5/Link_6_Col.STL[0m[1;33m].[0m[1;33m[0m
[gazebo-2] [WARN] [1787239989.353759003] [gz_ros_control]:  Desired controller update period (0.0166667 s) is slower than the gazebo simulation period (0.001 s).
[gazebo-2] [1;36m[Dbg] [SystemManager.cc:80] [0m[1;36mLoaded system [[0m[1;36mgz_ros2_control::GazeboSimROS2ControlPlugin[0m[1;36m] for entity [[0m[1;36m19[0m[1;36m][0m[1;36m[0m
[gazebo-2] [1;36m[Dbg] [UserCommands.cc:1094] [0m[1;36mCreated entity [[0m[1;36m19[0m[1;36m] named [[0m[1;36mmk5[0m[1;36m][0m[1;36m[0m
[gazebo-2] [1;36m[Dbg] [Physics.cc:1086] [0m[1;36mAttempting to set physics options, but the [0m[1;36mphyiscs engine doesn't support feature [0m[1;36m[CollisionPairMaxContacts]. [0m[1;36mOptions will be ignored.[0m[1;36m[0m
[gazebo-2] [1;36m[Dbg] [Sensors.cc:953] [0m[1;36mInitialization needed[0m[1;36m[0m
[gazebo-2] [1;36m[Dbg] [Sensors.cc:349] [0m[1;36mInitializing render context[0m[1;36m[0m
[gazebo-2] [1;32m[Msg] [0m[1;32mLoading plugin [[0m[1;32mgz-rendering-ogre2[0m[1;32m][0m[1;32m[0m
[gazebo-2] [1;32m[Msg] [0m[1;32mServing scene information on [[0m[1;32m/world/default[0m[1;32m/[0m[1;32mscene/info[0m[1;32m][0m[1;32m[0m
[gazebo-2] [1;32m[Msg] [0m[1;32mServing graph information on [[0m[1;32m/world/default[0m[1;32m/[0m[1;32mscene/graph[0m[1;32m][0m[1;32m[0m
[gazebo-2] [1;32m[Msg] [0m[1;32mServing full state on [[0m[1;32m/world/default[0m[1;32m/[0m[1;32mstate[0m[1;32m][0m[1;32m[0m
[gazebo-2] [1;32m[Msg] [0m[1;32mServing full state (async) on [[0m[1;32m/world/default[0m[1;32m/[0m[1;32mstate_async[0m[1;32m][0m[1;32m[0m
[gazebo-2] [1;32m[Msg] [0m[1;32mPublishing scene information on [[0m[1;32m/world/default/scene/info[0m[1;32m][0m[1;32m[0m
[gazebo-2] [1;32m[Msg] [0m[1;32mPublishing entity deletions on [[0m[1;32m/world/default/scene/deletion[0m[1;32m][0m[1;32m[0m
[gazebo-2] [1;32m[Msg] [0m[1;32mPublishing state changes on [[0m[1;32m/world/default/state[0m[1;32m][0m[1;32m[0m
[gazebo-2] [1;32m[Msg] [0m[1;32mPublishing pose messages on [[0m[1;32m/world/default[0m[1;32m/[0m[1;32mpose/info[0m[1;32m][0m[1;32m[0m
[gazebo-2] [1;32m[Msg] [0m[1;32mPublishing dynamic pose messages on [[0m[1;32m/world/default[0m[1;32m/[0m[1;32mdynamic_pose/info[0m[1;32m][0m[1;32m[0m
[gazebo-2] [1;36m[Dbg] [SimulationRunner.cc:578] [0m[1;36mExiting postupdate worker thread ([0m[1;36m0[0m[1;36m)[0m[1;36m[0m
[gazebo-2] [1;36m[Dbg] [SimulationRunner.cc:578] [0m[1;36mExiting postupdate worker thread ([0m[1;36m1[0m[1;36m)[0m[1;36m[0m
[gazebo-2] [1;36m[Dbg] [SimulationRunner.cc:551] [0m[1;36mCreating PostUpdate worker threads: [0m[1;36m4[0m[1;36m[0m
[gazebo-2] [1;36m[Dbg] [SimulationRunner.cc:562] [0m[1;36mCreating postupdate worker thread ([0m[1;36m0[0m[1;36m)[0m[1;36m[0m
[gazebo-2] [1;36m[Dbg] [SimulationRunner.cc:562] [0m[1;36mCreating postupdate worker thread ([0m[1;36m1[0m[1;36m)[0m[1;36m[0m
[gazebo-2] [1;36m[Dbg] [SimulationRunner.cc:562] [0m[1;36mCreating postupdate worker thread ([0m[1;36m2[0m[1;36m)[0m[1;36m[0m
[gazebo-2]  dllPath = /usr/lib/wsl/drivers/iigd_dch_d.inf_amd64_090b7c5495907f9a, dllName = libigdgmm_w.so.12 
[gazebo-2]  IsWddmLinux = 1, dllWslName = /usr/lib/wsl/drivers/iigd_dch_d.inf_amd64_090b7c5495907f9a/libigdgmm_w.so.12  flags = 2
[gazebo-2]  dllPath = /usr/lib/wsl/drivers/iigd_dch_d.inf_amd64_090b7c5495907f9a, dllName = libigdgmm_w.so.12 
[gazebo-2]  IsWddmLinux = 1, dllWslName = /usr/lib/wsl/drivers/iigd_dch_d.inf_amd64_090b7c5495907f9a/libigdgmm_w.so.12  flags = 2
[gazebo-2]  dllPath = /usr/lib/wsl/drivers/iigd_dch_d.inf_amd64_090b7c5495907f9a, dllName = libigdgmm_w.so.12 
[gazebo-2]  IsWddmLinux = 1, dllWslName = /usr/lib/wsl/drivers/iigd_dch_d.inf_amd64_090b7c5495907f9a/libigdgmm_w.so.12  flags = 2
[gazebo-2]  dllPath = /usr/lib/wsl/drivers/iigd_dch_d.inf_amd64_090b7c5495907f9a, dllName = libigdgmm_w.so.12 
[gazebo-2]  IsWddmLinux = 1, dllWslName = /usr/lib/wsl/drivers/iigd_dch_d.inf_amd64_090b7c5495907f9a/libigdgmm_w.so.12  flags = 2
[gazebo-2]  dllPath = /usr/lib/wsl/drivers/iigd_dch_d.inf_amd64_090b7c5495907f9a, dllName = libigdgmm_w.so.12 
[gazebo-2]  IsWddmLinux = 1, dllWslName = /usr/lib/wsl/drivers/iigd_dch_d.inf_amd64_090b7c5495907f9a/libigdgmm_w.so.12  flags = 2
[gazebo-2]  dllPath = /usr/lib/wsl/drivers/iigd_dch_d.inf_amd64_090b7c5495907f9a, dllName = libigdgmm_w.so.12 
[gazebo-2]  IsWddmLinux = 1, dllWslName = /usr/lib/wsl/drivers/iigd_dch_d.inf_amd64_090b7c5495907f9a/libigdgmm_w.so.12  flags = 2
[gazebo-2] [1;36m[Dbg] [RenderUtil.cc:2646] [0m[1;36mCreate scene [[0m[1;36mscene[0m[1;36m][0m[1;36m[0m
[gazebo-2] [1;36m[Dbg] [Sensors.cc:953] [0m[1;36mInitialization needed[0m[1;36m[Dbg] [Sensors.cc:391] [0m
[gazebo-2] [1;36mRendering Thread initialized[0m[1;36m[0m
[gazebo-2] [1;33m[Wrn] [Ogre2Camera.cc:423] [0m[1;33mOgre2Camera::SetVisibilityMask: Mask bits [0m[1;33mc0000000[0m[1;33m are set but will be ignored as they conflict with the [0m[1;33mreserved bits used internally by the ogre2 backend.[0m[1;33m[0m
[gazebo-2] [INFO] [1787239993.773974385] [controller_manager]: Successfully switched controllers!
[spawner-5] [INFO] [1787239993.792096975] [spawner_joint_state_broadcaster]: Configured and activated joint_state_broadcaster
[INFO] [spawner-5]: process has finished cleanly [pid 128430]
[spawner-7] [INFO] [1787239994.859502497] [spawner_gripper_controller]: waiting for service /controller_manager/list_controllers to become available...
[gazebo-2] [INFO] [1787239994.862767925] [controller_manager]: Loading controller : 'gripper_controller' of type 'position_controllers/GripperActionController'
[gazebo-2] [INFO] [1787239994.862863664] [controller_manager]: Loading controller 'gripper_controller'
[gazebo-2] [INFO] [1787239994.892899547] [controller_manager]: Controller 'gripper_controller' node arguments: --ros-args --params-file /tmp/tmppy9tyyln.yaml -p use_sim_time:=true --param use_sim_time:=true 
[gazebo-2] [WARN] [1787239994.917117855] [gripper_controller]: [Deprecated]: the `position_controllers/GripperActionController` and `effort_controllers::GripperActionController` controllers are replaced by 'parallel_gripper_controllers/GripperActionController' controller
[spawner-7] [INFO] [1787239994.933054864] [spawner_gripper_controller]: Loaded gripper_controller
[gazebo-2] [INFO] [1787239994.934853392] [controller_manager]: Configuring controller: 'gripper_controller'
[gazebo-2] [INFO] [1787239994.935021280] [gripper_controller]: Action status changes will be monitored at 20.000000 Hz.
[gazebo-2] [INFO] [1787239994.952013252] [controller_manager]: Activating controllers: [ gripper_controller ]
[gazebo-2] [INFO] [1787239994.977765112] [controller_manager]: Successfully switched controllers!
[spawner-7] [INFO] [1787239995.027767462] [spawner_gripper_controller]: Configured and activated gripper_controller
[INFO] [spawner-7]: process has finished cleanly [pid 128432]
[gazebo-2] [INFO] [1787239995.295475669] [controller_manager]: Loading controller : 'joint_trajectory_controller' of type 'joint_trajectory_controller/JointTrajectoryController'
[gazebo-2] [INFO] [1787239995.295534678] [controller_manager]: Loading controller 'joint_trajectory_controller'
[gazebo-2] [INFO] [1787239995.333372958] [controller_manager]: Controller 'joint_trajectory_controller' node arguments: --ros-args --params-file /tmp/tmppy9tyyln.yaml -p use_sim_time:=true --param use_sim_time:=true 
[spawner-6] [INFO] [1787239995.555069887] [spawner_joint_trajectory_controller]: Loaded joint_trajectory_controller
[gazebo-2] [INFO] [1787239995.556635748] [controller_manager]: Configuring controller: 'joint_trajectory_controller'
[gazebo-2] [INFO] [1787239995.556837225] [joint_trajectory_controller]: No specific joint names are used for command interfaces. Using 'joints' parameter.
[gazebo-2] [INFO] [1787239995.556881495] [joint_trajectory_controller]: Command interfaces are [position velocity] and state interfaces are [position velocity].
[gazebo-2] [INFO] [1787239995.556913644] [joint_trajectory_controller]: Using 'splines' interpolation method.
[gazebo-2] [INFO] [1787239995.559716128] [joint_trajectory_controller]: Action status changes will be monitored at 20.00 Hz.
[gazebo-2] [INFO] [1787239995.566677220] [joint_trajectory_controller]: No scaling interface set. This controller will not read speed scaling from the hardware.
[gazebo-2] [INFO] [1787239995.592472515] [controller_manager]: Activating controllers: [ joint_trajectory_controller ]
[gazebo-2] [INFO] [1787239995.607544306] [controller_manager]: Successfully switched controllers!
[spawner-6] [INFO] [1787239995.625781085] [spawner_joint_trajectory_controller]: Configured and activated joint_trajectory_controller
[INFO] [spawner-6]: process has finished cleanly [pid 128431]
[gazebo-2] [1;36m[Dbg] [CameraSensor.cc:405] [0m[1;36mCamera images for [[0m[1;36mmk5::base_link::sim_color[0m[1;36m] advertised on [[0m[1;36msim_camera/color/image_raw[0m[1;36m][0m[1;36m[0m
[gazebo-2] [1;36m[Dbg] [CameraSensor.cc:695] [0m[1;36mCamera info for [[0m[1;36mmk5::base_link::sim_color[0m[1;36m] advertised on [[0m[1;36msim_camera/color/camera_info[0m[1;36m][0m[1;36m[0m
[gazebo-2] [1;36m[Dbg] [CameraSensor.cc:504] [0m[1;36mEnabling camera sensor: '[0m[1;36mmk5::base_link::sim_color[0m[1;36m' data [0m[1;36mgeneration.[0m[1;36m[0m
[ground_truth-9] [INFO] [1787239998.402801123] [ground_truth]: Wrote ground truth to /home/jonas/benchmarks/runs/sim_wp2-s002-d62a833ea4/ros_home/annin_ar4_calibration/ground_truth.yaml
[move_group-8] [INFO] [1787240001.121947601] [move_group.moveit.moveit.ros.move_group.move_action]: MoveGroupMoveAction: Received request
[move_group-8] [INFO] [1787240001.122298285] [move_group.moveit.moveit.ros.move_group.move_action]: executing..
[move_group-8] [INFO] [1787240001.144279591] [move_group.moveit.moveit.ros.move_group.move_action]: Combined planning and execution request received for MoveGroup action. Forwarding to planning and execution pipeline.
[move_group-8] [WARN] [1787240001.144405937] [move_group.moveit.moveit.ros.move_group.capability]: Execution of motions should always start at the robot's current state. Ignoring the state supplied as start state in the motion planning request
[move_group-8] [WARN] [1787240001.144435380] [move_group.moveit.moveit.ros.move_group.capability]: Execution of motions should always start at the robot's current state. Ignoring the state supplied as difference in the planning scene diff
[move_group-8] [INFO] [1787240001.144519135] [move_group.moveit.moveit.ros.plan_execution]: Planning attempt 1 of at most 1
[move_group-8] [INFO] [1787240001.145007850] [move_group]: Calling PlanningRequestAdapter 'CheckStartStateBounds'
[move_group-8] [INFO] [1787240001.145109525] [move_group]: Calling PlanningRequestAdapter 'CheckStartStateCollision'
[move_group-8] [INFO] [1787240001.145348946] [move_group]: Calling PlanningRequestAdapter 'ResolveConstraintFrames'
[move_group-8] [INFO] [1787240001.145386896] [move_group]: Calling PlanningRequestAdapter 'ValidateWorkspaceBounds'
[move_group-8] [INFO] [1787240001.146306066] [move_group.moveit.moveit.planners.ompl.model_based_planning_context]: Planner configuration 'ar_manipulator' will use planner 'geometric::RRTConnect'. Additional configuration parameters will be set when the planner is constructed.
[move_group-8] [INFO] [1787240001.146618013] [move_group]: Calling Planner 'OMPL'
[move_group-8] [INFO] [1787240001.162197290] [move_group]: Calling PlanningResponseAdapter 'AddTimeOptimalParameterization'
[move_group-8] [WARN] [1787240001.162290175] [move_group.moveit.moveit.core.time_optimal_trajectory_generation]: Invalid max_velocity_scaling_factor 0.000000 specified, defaulting to 1.000000 instead.
[move_group-8] [WARN] [1787240001.162315740] [move_group.moveit.moveit.core.time_optimal_trajectory_generation]: Invalid max_acceleration_scaling_factor 0.000000 specified, defaulting to 1.000000 instead.
[move_group-8] [INFO] [1787240001.165744566] [move_group]: Calling PlanningResponseAdapter 'ValidateSolution'
[move_group-8] [WARN] [1787240001.166168372] [move_group.moveit.moveit.ros.planning_pipeline]: The planner plugin did not fill out the 'planner_id' field of the MotionPlanResponse. Setting it to the planner ID name of the MotionPlanRequest assuming that the planner plugin does warn you if it does not use the requested planner.
[move_group-8] [INFO] [1787240001.166294632] [move_group.moveit.moveit.plugins.simple_controller_manager]: Returned 2 controllers in list
[move_group-8] [INFO] [1787240001.166313048] [move_group.moveit.moveit.plugins.simple_controller_manager]: Returned 2 controllers in list
[move_group-8] [INFO] [1787240001.166382310] [move_group.moveit.moveit.ros.trajectory_execution_manager]: Validating trajectory with allowed_start_tolerance 0.01
[move_group-8] [INFO] [1787240001.177961656] [move_group.moveit.moveit.ros.trajectory_execution_manager]: Starting trajectory execution ...
[move_group-8] [INFO] [1787240001.178084396] [move_group.moveit.moveit.plugins.simple_controller_manager]: Returned 2 controllers in list
[move_group-8] [INFO] [1787240001.178124765] [move_group.moveit.moveit.plugins.simple_controller_manager]: Returned 2 controllers in list
[move_group-8] [INFO] [1787240001.178279579] [moveit.simple_controller_manager.follow_joint_trajectory_controller_handle]: sending trajectory to joint_trajectory_controller
[gazebo-2] [INFO] [1787240001.178900256] [joint_trajectory_controller]: Received new action goal
[gazebo-2] [INFO] [1787240001.178978649] [joint_trajectory_controller]: Accepted new action goal
[move_group-8] [INFO] [1787240001.179222332] [moveit.simple_controller_manager.follow_joint_trajectory_controller_handle]: joint_trajectory_controller started execution
[move_group-8] [INFO] [1787240001.179247100] [moveit.simple_controller_manager.follow_joint_trajectory_controller_handle]: Goal request accepted!
[gazebo-2] [INFO] [1787240006.142475615] [joint_trajectory_controller]: Goal reached, success!
[move_group-8] [INFO] [1787240006.179941748] [moveit.simple_controller_manager.follow_joint_trajectory_controller_handle]: Controller 'joint_trajectory_controller' successfully finished
[move_group-8] [INFO] [1787240006.223706815] [move_group.moveit.moveit.ros.trajectory_execution_manager]: Completed trajectory execution with status SUCCEEDED ...
[move_group-8] [INFO] [1787240006.228204237] [move_group.moveit.moveit.ros.move_group.move_action]: Solution was found and executed.
[move_group-8] [INFO] [1787240008.952280326] [move_group.moveit.moveit.ros.move_group.move_action]: MoveGroupMoveAction: Received request
[move_group-8] [INFO] [1787240008.952552087] [move_group.moveit.moveit.ros.move_group.move_action]: executing..
[move_group-8] [INFO] [1787240008.961754134] [move_group.moveit.moveit.ros.move_group.move_action]: Combined planning and execution request received for MoveGroup action. Forwarding to planning and execution pipeline.
[move_group-8] [WARN] [1787240008.961831939] [move_group.moveit.moveit.ros.move_group.capability]: Execution of motions should always start at the robot's current state. Ignoring the state supplied as start state in the motion planning request
[move_group-8] [WARN] [1787240008.961852252] [move_group.moveit.moveit.ros.move_group.capability]: Execution of motions should always start at the robot's current state. Ignoring the state supplied as difference in the planning scene diff
[move_group-8] [INFO] [1787240008.961861941] [move_group.moveit.moveit.ros.plan_execution]: Planning attempt 1 of at most 1
[move_group-8] [INFO] [1787240008.962006012] [move_group]: Calling PlanningRequestAdapter 'CheckStartStateBounds'
[move_group-8] [INFO] [1787240008.962055181] [move_group]: Calling PlanningRequestAdapter 'CheckStartStateCollision'
[move_group-8] [INFO] [1787240008.962091875] [move_group]: Calling PlanningRequestAdapter 'ResolveConstraintFrames'
[move_group-8] [INFO] [1787240008.962098952] [move_group]: Calling PlanningRequestAdapter 'ValidateWorkspaceBounds'
[move_group-8] [INFO] [1787240008.962344468] [move_group.moveit.moveit.planners.ompl.model_based_planning_context]: Planner configuration 'ar_manipulator' will use planner 'geometric::RRTConnect'. Additional configuration parameters will be set when the planner is constructed.
[move_group-8] [INFO] [1787240008.962483004] [move_group]: Calling Planner 'OMPL'
[move_group-8] [INFO] [1787240008.965137511] [move_group]: Calling PlanningResponseAdapter 'AddTimeOptimalParameterization'
[move_group-8] [WARN] [1787240008.965175451] [move_group.moveit.moveit.core.time_optimal_trajectory_generation]: Invalid max_velocity_scaling_factor 0.000000 specified, defaulting to 1.000000 instead.
[move_group-8] [WARN] [1787240008.965188404] [move_group.moveit.moveit.core.time_optimal_trajectory_generation]: Invalid max_acceleration_scaling_factor 0.000000 specified, defaulting to 1.000000 instead.
[move_group-8] [INFO] [1787240008.965942096] [move_group]: Calling PlanningResponseAdapter 'ValidateSolution'
[move_group-8] [WARN] [1787240008.966141679] [move_group.moveit.moveit.ros.planning_pipeline]: The planner plugin did not fill out the 'planner_id' field of the MotionPlanResponse. Setting it to the planner ID name of the MotionPlanRequest assuming that the planner plugin does warn you if it does not use the requested planner.
[move_group-8] [INFO] [1787240008.966212802] [move_group.moveit.moveit.plugins.simple_controller_manager]: Returned 2 controllers in list
[move_group-8] [INFO] [1787240008.966229696] [move_group.moveit.moveit.plugins.simple_controller_manager]: Returned 2 controllers in list
[move_group-8] [INFO] [1787240008.966281313] [move_group.moveit.moveit.ros.trajectory_execution_manager]: Validating trajectory with allowed_start_tolerance 0.01
[move_group-8] [INFO] [1787240008.979191945] [move_group.moveit.moveit.ros.trajectory_execution_manager]: Starting trajectory execution ...
[move_group-8] [INFO] [1787240008.979274912] [move_group.moveit.moveit.plugins.simple_controller_manager]: Returned 2 controllers in list
[move_group-8] [INFO] [1787240008.979309845] [move_group.moveit.moveit.plugins.simple_controller_manager]: Returned 2 controllers in list
[move_group-8] [INFO] [1787240008.979491536] [moveit.simple_controller_manager.follow_joint_trajectory_controller_handle]: sending trajectory to joint_trajectory_controller
[gazebo-2] [INFO] [1787240008.979727799] [joint_trajectory_controller]: Received new action goal
[gazebo-2] [INFO] [1787240008.979756297] [joint_trajectory_controller]: Accepted new action goal
[move_group-8] [INFO] [1787240008.979977643] [moveit.simple_controller_manager.follow_joint_trajectory_controller_handle]: joint_trajectory_controller started execution
[move_group-8] [INFO] [1787240008.980013750] [moveit.simple_controller_manager.follow_joint_trajectory_controller_handle]: Goal request accepted!
[gazebo-2] [INFO] [1787240011.513895354] [joint_trajectory_controller]: Goal reached, success!
[move_group-8] [INFO] [1787240011.530175457] [moveit.simple_controller_manager.follow_joint_trajectory_controller_handle]: Controller 'joint_trajectory_controller' successfully finished
[move_group-8] [INFO] [1787240011.545841132] [move_group.moveit.moveit.ros.trajectory_execution_manager]: Completed trajectory execution with status SUCCEEDED ...
[move_group-8] [INFO] [1787240011.549637620] [move_group.moveit.moveit.ros.move_group.move_action]: Solution was found and executed.
[move_group-8] [INFO] [1787240014.168921904] [move_group.moveit.moveit.ros.move_group.move_action]: MoveGroupMoveAction: Received request
[move_group-8] [INFO] [1787240014.169157805] [move_group.moveit.moveit.ros.move_group.move_action]: executing..
[move_group-8] [INFO] [1787240014.197503048] [move_group.moveit.moveit.ros.move_group.move_action]: Combined planning and execution request received for MoveGroup action. Forwarding to planning and execution pipeline.
[move_group-8] [WARN] [1787240014.197576042] [move_group.moveit.moveit.ros.move_group.capability]: Execution of motions should always start at the robot's current state. Ignoring the state supplied as start state in the motion planning request
[move_group-8] [WARN] [1787240014.197601268] [move_group.moveit.moveit.ros.move_group.capability]: Execution of motions should always start at the robot's current state. Ignoring the state supplied as difference in the planning scene diff
[move_group-8] [INFO] [1787240014.197613982] [move_group.moveit.moveit.ros.plan_execution]: Planning attempt 1 of at most 1
[move_group-8] [INFO] [1787240014.197738867] [move_group]: Calling PlanningRequestAdapter 'CheckStartStateBounds'
[move_group-8] [INFO] [1787240014.197771775] [move_group]: Calling PlanningRequestAdapter 'CheckStartStateCollision'
[move_group-8] [INFO] [1787240014.197824098] [move_group]: Calling PlanningRequestAdapter 'ResolveConstraintFrames'
[move_group-8] [INFO] [1787240014.197851634] [move_group]: Calling PlanningRequestAdapter 'ValidateWorkspaceBounds'
[move_group-8] [INFO] [1787240014.198111249] [move_group.moveit.moveit.planners.ompl.model_based_planning_context]: Planner configuration 'ar_manipulator' will use planner 'geometric::RRTConnect'. Additional configuration parameters will be set when the planner is constructed.
[move_group-8] [INFO] [1787240014.198188862] [move_group]: Calling Planner 'OMPL'
[move_group-8] [INFO] [1787240014.212846085] [move_group]: Calling PlanningResponseAdapter 'AddTimeOptimalParameterization'
[move_group-8] [WARN] [1787240014.212903019] [move_group.moveit.moveit.core.time_optimal_trajectory_generation]: Invalid max_velocity_scaling_factor 0.000000 specified, defaulting to 1.000000 instead.
[move_group-8] [WARN] [1787240014.212920792] [move_group.moveit.moveit.core.time_optimal_trajectory_generation]: Invalid max_acceleration_scaling_factor 0.000000 specified, defaulting to 1.000000 instead.
[move_group-8] [INFO] [1787240014.215854135] [move_group]: Calling PlanningResponseAdapter 'ValidateSolution'
[move_group-8] [WARN] [1787240014.216300445] [move_group.moveit.moveit.ros.planning_pipeline]: The planner plugin did not fill out the 'planner_id' field of the MotionPlanResponse. Setting it to the planner ID name of the MotionPlanRequest assuming that the planner plugin does warn you if it does not use the requested planner.
[move_group-8] [INFO] [1787240014.216428383] [move_group.moveit.moveit.plugins.simple_controller_manager]: Returned 2 controllers in list
[move_group-8] [INFO] [1787240014.216455268] [move_group.moveit.moveit.plugins.simple_controller_manager]: Returned 2 controllers in list
[move_group-8] [INFO] [1787240014.216534128] [move_group.moveit.moveit.ros.trajectory_execution_manager]: Validating trajectory with allowed_start_tolerance 0.01
[move_group-8] [INFO] [1787240014.231922755] [move_group.moveit.moveit.ros.trajectory_execution_manager]: Starting trajectory execution ...
[move_group-8] [INFO] [1787240014.231998929] [move_group.moveit.moveit.plugins.simple_controller_manager]: Returned 2 controllers in list
[move_group-8] [INFO] [1787240014.232032433] [move_group.moveit.moveit.plugins.simple_controller_manager]: Returned 2 controllers in list
[move_group-8] [INFO] [1787240014.232162635] [moveit.simple_controller_manager.follow_joint_trajectory_controller_handle]: sending trajectory to joint_trajectory_controller
[gazebo-2] [INFO] [1787240014.232449611] [joint_trajectory_controller]: Received new action goal
[gazebo-2] [INFO] [1787240014.232488266] [joint_trajectory_controller]: Accepted new action goal
[move_group-8] [INFO] [1787240014.232682159] [moveit.simple_controller_manager.follow_joint_trajectory_controller_handle]: joint_trajectory_controller started execution
[move_group-8] [INFO] [1787240014.232696285] [moveit.simple_controller_manager.follow_joint_trajectory_controller_handle]: Goal request accepted!
[gazebo-2] [INFO] [1787240019.963044514] [joint_trajectory_controller]: Goal reached, success!
[move_group-8] [INFO] [1787240019.982866399] [moveit.simple_controller_manager.follow_joint_trajectory_controller_handle]: Controller 'joint_trajectory_controller' successfully finished
[move_group-8] [INFO] [1787240020.047477639] [move_group.moveit.moveit.ros.trajectory_execution_manager]: Completed trajectory execution with status SUCCEEDED ...
[move_group-8] [INFO] [1787240020.052049770] [move_group.moveit.moveit.ros.move_group.move_action]: Solution was found and executed.
[move_group-8] [INFO] [1787240022.584567299] [move_group.moveit.moveit.ros.move_group.move_action]: MoveGroupMoveAction: Received request
[move_group-8] [INFO] [1787240022.584824033] [move_group.moveit.moveit.ros.move_group.move_action]: executing..
[move_group-8] [INFO] [1787240022.585949729] [move_group.moveit.moveit.ros.move_group.move_action]: Combined planning and execution request received for MoveGroup action. Forwarding to planning and execution pipeline.
[move_group-8] [WARN] [1787240022.586006855] [move_group.moveit.moveit.ros.move_group.capability]: Execution of motions should always start at the robot's current state. Ignoring the state supplied as start state in the motion planning request
[move_group-8] [WARN] [1787240022.586032146] [move_group.moveit.moveit.ros.move_group.capability]: Execution of motions should always start at the robot's current state. Ignoring the state supplied as difference in the planning scene diff
[move_group-8] [INFO] [1787240022.586043017] [move_group.moveit.moveit.ros.plan_execution]: Planning attempt 1 of at most 1
[move_group-8] [INFO] [1787240022.586203221] [move_group]: Calling PlanningRequestAdapter 'CheckStartStateBounds'
[move_group-8] [INFO] [1787240022.586243132] [move_group]: Calling PlanningRequestAdapter 'CheckStartStateCollision'
[move_group-8] [INFO] [1787240022.586290120] [move_group]: Calling PlanningRequestAdapter 'ResolveConstraintFrames'
[move_group-8] [INFO] [1787240022.586300102] [move_group]: Calling PlanningRequestAdapter 'ValidateWorkspaceBounds'
[move_group-8] [INFO] [1787240022.586544803] [move_group.moveit.moveit.planners.ompl.model_based_planning_context]: Planner configuration 'ar_manipulator' will use planner 'geometric::RRTConnect'. Additional configuration parameters will be set when the planner is constructed.
[move_group-8] [INFO] [1787240022.586635076] [move_group]: Calling Planner 'OMPL'
[move_group-8] [INFO] [1787240022.600540072] [move_group]: Calling PlanningResponseAdapter 'AddTimeOptimalParameterization'
[move_group-8] [WARN] [1787240022.600600663] [move_group.moveit.moveit.core.time_optimal_trajectory_generation]: Invalid max_velocity_scaling_factor 0.000000 specified, defaulting to 1.000000 instead.
[move_group-8] [WARN] [1787240022.600625413] [move_group.moveit.moveit.core.time_optimal_trajectory_generation]: Invalid max_acceleration_scaling_factor 0.000000 specified, defaulting to 1.000000 instead.
[move_group-8] [INFO] [1787240022.602550836] [move_group]: Calling PlanningResponseAdapter 'ValidateSolution'
[move_group-8] [WARN] [1787240022.603036389] [move_group.moveit.moveit.ros.planning_pipeline]: The planner plugin did not fill out the 'planner_id' field of the MotionPlanResponse. Setting it to the planner ID name of the MotionPlanRequest assuming that the planner plugin does warn you if it does not use the requested planner.
[move_group-8] [INFO] [1787240022.603135332] [move_group.moveit.moveit.plugins.simple_controller_manager]: Returned 2 controllers in list
[move_group-8] [INFO] [1787240022.603164821] [move_group.moveit.moveit.plugins.simple_controller_manager]: Returned 2 controllers in list
[move_group-8] [INFO] [1787240022.603245432] [move_group.moveit.moveit.ros.trajectory_execution_manager]: Validating trajectory with allowed_start_tolerance 0.01
[move_group-8] [INFO] [1787240022.603341288] [move_group.moveit.moveit.ros.trajectory_execution_manager]: Starting trajectory execution ...
[move_group-8] [INFO] [1787240022.603389660] [move_group.moveit.moveit.plugins.simple_controller_manager]: Returned 2 controllers in list
[move_group-8] [INFO] [1787240022.603410303] [move_group.moveit.moveit.plugins.simple_controller_manager]: Returned 2 controllers in list
[move_group-8] [INFO] [1787240022.603500749] [moveit.simple_controller_manager.follow_joint_trajectory_controller_handle]: sending trajectory to joint_trajectory_controller
[gazebo-2] [INFO] [1787240022.603726520] [joint_trajectory_controller]: Received new action goal
[gazebo-2] [INFO] [1787240022.603761215] [joint_trajectory_controller]: Accepted new action goal
[move_group-8] [INFO] [1787240022.603928195] [moveit.simple_controller_manager.follow_joint_trajectory_controller_handle]: joint_trajectory_controller started execution
[move_group-8] [INFO] [1787240022.603970902] [moveit.simple_controller_manager.follow_joint_trajectory_controller_handle]: Goal request accepted!
[gazebo-2] [INFO] [1787240029.733054157] [joint_trajectory_controller]: Goal reached, success!
[move_group-8] [INFO] [1787240029.772840452] [moveit.simple_controller_manager.follow_joint_trajectory_controller_handle]: Controller 'joint_trajectory_controller' successfully finished
[move_group-8] [INFO] [1787240029.811052859] [move_group.moveit.moveit.ros.trajectory_execution_manager]: Completed trajectory execution with status SUCCEEDED ...
[move_group-8] [INFO] [1787240029.812166603] [move_group.moveit.moveit.ros.move_group.move_action]: Solution was found and executed.
[move_group-8] [INFO] [1787240032.230717025] [move_group.moveit.moveit.ros.move_group.move_action]: MoveGroupMoveAction: Received request
[move_group-8] [INFO] [1787240032.230951745] [move_group.moveit.moveit.ros.move_group.move_action]: executing..
[move_group-8] [INFO] [1787240032.240605168] [move_group.moveit.moveit.ros.move_group.move_action]: Combined planning and execution request received for MoveGroup action. Forwarding to planning and execution pipeline.
[move_group-8] [WARN] [1787240032.240677969] [move_group.moveit.moveit.ros.move_group.capability]: Execution of motions should always start at the robot's current state. Ignoring the state supplied as start state in the motion planning request
[move_group-8] [WARN] [1787240032.240697274] [move_group.moveit.moveit.ros.move_group.capability]: Execution of motions should always start at the robot's current state. Ignoring the state supplied as difference in the planning scene diff
[move_group-8] [INFO] [1787240032.240707513] [move_group.moveit.moveit.ros.plan_execution]: Planning attempt 1 of at most 1
[move_group-8] [INFO] [1787240032.240834625] [move_group]: Calling PlanningRequestAdapter 'CheckStartStateBounds'
[move_group-8] [INFO] [1787240032.240870008] [move_group]: Calling PlanningRequestAdapter 'CheckStartStateCollision'
[move_group-8] [INFO] [1787240032.240921579] [move_group]: Calling PlanningRequestAdapter 'ResolveConstraintFrames'
[move_group-8] [INFO] [1787240032.240934706] [move_group]: Calling PlanningRequestAdapter 'ValidateWorkspaceBounds'
[move_group-8] [INFO] [1787240032.241200609] [move_group.moveit.moveit.planners.ompl.model_based_planning_context]: Planner configuration 'ar_manipulator' will use planner 'geometric::RRTConnect'. Additional configuration parameters will be set when the planner is constructed.
[move_group-8] [INFO] [1787240032.241281595] [move_group]: Calling Planner 'OMPL'
[move_group-8] [INFO] [1787240032.253935291] [move_group]: Calling PlanningResponseAdapter 'AddTimeOptimalParameterization'
[move_group-8] [WARN] [1787240032.253982462] [move_group.moveit.moveit.core.time_optimal_trajectory_generation]: Invalid max_velocity_scaling_factor 0.000000 specified, defaulting to 1.000000 instead.
[move_group-8] [WARN] [1787240032.253994323] [move_group.moveit.moveit.core.time_optimal_trajectory_generation]: Invalid max_acceleration_scaling_factor 0.000000 specified, defaulting to 1.000000 instead.
[move_group-8] [INFO] [1787240032.254546672] [move_group]: Calling PlanningResponseAdapter 'ValidateSolution'
[move_group-8] [WARN] [1787240032.254736099] [move_group.moveit.moveit.ros.planning_pipeline]: The planner plugin did not fill out the 'planner_id' field of the MotionPlanResponse. Setting it to the planner ID name of the MotionPlanRequest assuming that the planner plugin does warn you if it does not use the requested planner.
[move_group-8] [INFO] [1787240032.254842898] [move_group.moveit.moveit.plugins.simple_controller_manager]: Returned 2 controllers in list
[move_group-8] [INFO] [1787240032.254862863] [move_group.moveit.moveit.plugins.simple_controller_manager]: Returned 2 controllers in list
[move_group-8] [INFO] [1787240032.254906212] [move_group.moveit.moveit.ros.trajectory_execution_manager]: Validating trajectory with allowed_start_tolerance 0.01
[move_group-8] [INFO] [1787240032.278719705] [move_group.moveit.moveit.ros.trajectory_execution_manager]: Starting trajectory execution ...
[move_group-8] [INFO] [1787240032.278797804] [move_group.moveit.moveit.plugins.simple_controller_manager]: Returned 2 controllers in list
[move_group-8] [INFO] [1787240032.278821509] [move_group.moveit.moveit.plugins.simple_controller_manager]: Returned 2 controllers in list
[move_group-8] [INFO] [1787240032.278906015] [moveit.simple_controller_manager.follow_joint_trajectory_controller_handle]: sending trajectory to joint_trajectory_controller
[gazebo-2] [INFO] [1787240032.279107542] [joint_trajectory_controller]: Received new action goal
[gazebo-2] [INFO] [1787240032.279135087] [joint_trajectory_controller]: Accepted new action goal
[move_group-8] [INFO] [1787240032.279312719] [moveit.simple_controller_manager.follow_joint_trajectory_controller_handle]: joint_trajectory_controller started execution
[move_group-8] [INFO] [1787240032.279325498] [moveit.simple_controller_manager.follow_joint_trajectory_controller_handle]: Goal request accepted!
[gazebo-2] [INFO] [1787240035.265174108] [joint_trajectory_controller]: Goal reached, success!
[move_group-8] [INFO] [1787240035.279537332] [moveit.simple_controller_manager.follow_joint_trajectory_controller_handle]: Controller 'joint_trajectory_controller' successfully finished
[move_group-8] [INFO] [1787240035.315975637] [move_group.moveit.moveit.ros.trajectory_execution_manager]: Completed trajectory execution with status SUCCEEDED ...
[move_group-8] [INFO] [1787240035.318877971] [move_group.moveit.moveit.ros.move_group.move_action]: Solution was found and executed.
[move_group-8] [INFO] [1787240037.706729964] [move_group.moveit.moveit.ros.move_group.move_action]: MoveGroupMoveAction: Received request
[move_group-8] [INFO] [1787240037.706960706] [move_group.moveit.moveit.ros.move_group.move_action]: executing..
[move_group-8] [INFO] [1787240037.707369381] [move_group.moveit.moveit.ros.move_group.move_action]: Combined planning and execution request received for MoveGroup action. Forwarding to planning and execution pipeline.
[move_group-8] [WARN] [1787240037.707402453] [move_group.moveit.moveit.ros.move_group.capability]: Execution of motions should always start at the robot's current state. Ignoring the state supplied as start state in the motion planning request
[move_group-8] [WARN] [1787240037.707418767] [move_group.moveit.moveit.ros.move_group.capability]: Execution of motions should always start at the robot's current state. Ignoring the state supplied as difference in the planning scene diff
[move_group-8] [INFO] [1787240037.707426268] [move_group.moveit.moveit.ros.plan_execution]: Planning attempt 1 of at most 1
[move_group-8] [INFO] [1787240037.707518521] [move_group]: Calling PlanningRequestAdapter 'CheckStartStateBounds'
[move_group-8] [INFO] [1787240037.707544290] [move_group]: Calling PlanningRequestAdapter 'CheckStartStateCollision'
[move_group-8] [INFO] [1787240037.707589129] [move_group]: Calling PlanningRequestAdapter 'ResolveConstraintFrames'
[move_group-8] [INFO] [1787240037.707603178] [move_group]: Calling PlanningRequestAdapter 'ValidateWorkspaceBounds'
[move_group-8] [INFO] [1787240037.707802743] [move_group.moveit.moveit.planners.ompl.model_based_planning_context]: Planner configuration 'ar_manipulator' will use planner 'geometric::RRTConnect'. Additional configuration parameters will be set when the planner is constructed.
[move_group-8] [INFO] [1787240037.707859801] [move_group]: Calling Planner 'OMPL'
[move_group-8] [INFO] [1787240037.720273961] [move_group]: Calling PlanningResponseAdapter 'AddTimeOptimalParameterization'
[move_group-8] [WARN] [1787240037.720325518] [move_group.moveit.moveit.core.time_optimal_trajectory_generation]: Invalid max_velocity_scaling_factor 0.000000 specified, defaulting to 1.000000 instead.
[move_group-8] [WARN] [1787240037.720338105] [move_group.moveit.moveit.core.time_optimal_trajectory_generation]: Invalid max_acceleration_scaling_factor 0.000000 specified, defaulting to 1.000000 instead.
[move_group-8] [INFO] [1787240037.720807342] [move_group]: Calling PlanningResponseAdapter 'ValidateSolution'
[move_group-8] [WARN] [1787240037.720960569] [move_group.moveit.moveit.ros.planning_pipeline]: The planner plugin did not fill out the 'planner_id' field of the MotionPlanResponse. Setting it to the planner ID name of the MotionPlanRequest assuming that the planner plugin does warn you if it does not use the requested planner.
[move_group-8] [INFO] [1787240037.721038253] [move_group.moveit.moveit.plugins.simple_controller_manager]: Returned 2 controllers in list
[move_group-8] [INFO] [1787240037.721055492] [move_group.moveit.moveit.plugins.simple_controller_manager]: Returned 2 controllers in list
[move_group-8] [INFO] [1787240037.721098783] [move_group.moveit.moveit.ros.trajectory_execution_manager]: Validating trajectory with allowed_start_tolerance 0.01
[move_group-8] [INFO] [1787240037.743527135] [move_group.moveit.moveit.ros.trajectory_execution_manager]: Starting trajectory execution ...
[move_group-8] [INFO] [1787240037.743613293] [move_group.moveit.moveit.plugins.simple_controller_manager]: Returned 2 controllers in list
[move_group-8] [INFO] [1787240037.743652838] [move_group.moveit.moveit.plugins.simple_controller_manager]: Returned 2 controllers in list
[move_group-8] [INFO] [1787240037.743790797] [moveit.simple_controller_manager.follow_joint_trajectory_controller_handle]: sending trajectory to joint_trajectory_controller
[gazebo-2] [INFO] [1787240037.744037813] [joint_trajectory_controller]: Received new action goal
[gazebo-2] [INFO] [1787240037.744078575] [joint_trajectory_controller]: Accepted new action goal
[move_group-8] [INFO] [1787240037.744228066] [moveit.simple_controller_manager.follow_joint_trajectory_controller_handle]: joint_trajectory_controller started execution
[move_group-8] [INFO] [1787240037.744243739] [moveit.simple_controller_manager.follow_joint_trajectory_controller_handle]: Goal request accepted!
[gazebo-2] [INFO] [1787240040.503820973] [joint_trajectory_controller]: Goal reached, success!
[move_group-8] [INFO] [1787240040.544609874] [moveit.simple_controller_manager.follow_joint_trajectory_controller_handle]: Controller 'joint_trajectory_controller' successfully finished
[move_group-8] [INFO] [1787240040.592226951] [move_group.moveit.moveit.ros.trajectory_execution_manager]: Completed trajectory execution with status SUCCEEDED ...
[move_group-8] [INFO] [1787240040.593735822] [move_group.moveit.moveit.ros.move_group.move_action]: Solution was found and executed.
[move_group-8] [INFO] [1787240043.077242967] [move_group.moveit.moveit.ros.move_group.move_action]: MoveGroupMoveAction: Received request
[move_group-8] [INFO] [1787240043.077487365] [move_group.moveit.moveit.ros.move_group.move_action]: executing..
[move_group-8] [INFO] [1787240043.082260099] [move_group.moveit.moveit.ros.move_group.move_action]: Combined planning and execution request received for MoveGroup action. Forwarding to planning and execution pipeline.
[move_group-8] [WARN] [1787240043.082311473] [move_group.moveit.moveit.ros.move_group.capability]: Execution of motions should always start at the robot's current state. Ignoring the state supplied as start state in the motion planning request
[move_group-8] [WARN] [1787240043.082325865] [move_group.moveit.moveit.ros.move_group.capability]: Execution of motions should always start at the robot's current state. Ignoring the state supplied as difference in the planning scene diff
[move_group-8] [INFO] [1787240043.082333764] [move_group.moveit.moveit.ros.plan_execution]: Planning attempt 1 of at most 1
[move_group-8] [INFO] [1787240043.082412375] [move_group]: Calling PlanningRequestAdapter 'CheckStartStateBounds'
[move_group-8] [INFO] [1787240043.082440902] [move_group]: Calling PlanningRequestAdapter 'CheckStartStateCollision'
[move_group-8] [INFO] [1787240043.082482303] [move_group]: Calling PlanningRequestAdapter 'ResolveConstraintFrames'
[move_group-8] [INFO] [1787240043.082494634] [move_group]: Calling PlanningRequestAdapter 'ValidateWorkspaceBounds'
[move_group-8] [INFO] [1787240043.082735512] [move_group.moveit.moveit.planners.ompl.model_based_planning_context]: Planner configuration 'ar_manipulator' will use planner 'geometric::RRTConnect'. Additional configuration parameters will be set when the planner is constructed.
[move_group-8] [INFO] [1787240043.082823668] [move_group]: Calling Planner 'OMPL'
[move_group-8] [INFO] [1787240043.095716040] [move_group]: Calling PlanningResponseAdapter 'AddTimeOptimalParameterization'
[move_group-8] [WARN] [1787240043.095775570] [move_group.moveit.moveit.core.time_optimal_trajectory_generation]: Invalid max_velocity_scaling_factor 0.000000 specified, defaulting to 1.000000 instead.
[move_group-8] [WARN] [1787240043.095793719] [move_group.moveit.moveit.core.time_optimal_trajectory_generation]: Invalid max_acceleration_scaling_factor 0.000000 specified, defaulting to 1.000000 instead.
[move_group-8] [INFO] [1787240043.097447324] [move_group]: Calling PlanningResponseAdapter 'ValidateSolution'
[move_group-8] [WARN] [1787240043.097891049] [move_group.moveit.moveit.ros.planning_pipeline]: The planner plugin did not fill out the 'planner_id' field of the MotionPlanResponse. Setting it to the planner ID name of the MotionPlanRequest assuming that the planner plugin does warn you if it does not use the requested planner.
[move_group-8] [INFO] [1787240043.098035831] [move_group.moveit.moveit.plugins.simple_controller_manager]: Returned 2 controllers in list
[move_group-8] [INFO] [1787240043.098066280] [move_group.moveit.moveit.plugins.simple_controller_manager]: Returned 2 controllers in list
[move_group-8] [INFO] [1787240043.098170213] [move_group.moveit.moveit.ros.trajectory_execution_manager]: Validating trajectory with allowed_start_tolerance 0.01
[move_group-8] [INFO] [1787240043.099331089] [move_group.moveit.moveit.ros.trajectory_execution_manager]: Starting trajectory execution ...
[move_group-8] [INFO] [1787240043.099385714] [move_group.moveit.moveit.plugins.simple_controller_manager]: Returned 2 controllers in list
[move_group-8] [INFO] [1787240043.099434212] [move_group.moveit.moveit.plugins.simple_controller_manager]: Returned 2 controllers in list
[move_group-8] [INFO] [1787240043.099575357] [moveit.simple_controller_manager.follow_joint_trajectory_controller_handle]: sending trajectory to joint_trajectory_controller
[gazebo-2] [INFO] [1787240043.099838864] [joint_trajectory_controller]: Received new action goal
[gazebo-2] [INFO] [1787240043.099890367] [joint_trajectory_controller]: Accepted new action goal
[move_group-8] [INFO] [1787240043.100052813] [moveit.simple_controller_manager.follow_joint_trajectory_controller_handle]: joint_trajectory_controller started execution
[move_group-8] [INFO] [1787240043.100066829] [moveit.simple_controller_manager.follow_joint_trajectory_controller_handle]: Goal request accepted!
[gazebo-2] [INFO] [1787240048.117137334] [joint_trajectory_controller]: Goal reached, success!
[move_group-8] [INFO] [1787240048.150632901] [moveit.simple_controller_manager.follow_joint_trajectory_controller_handle]: Controller 'joint_trajectory_controller' successfully finished
[move_group-8] [INFO] [1787240048.214328853] [move_group.moveit.moveit.ros.trajectory_execution_manager]: Completed trajectory execution with status SUCCEEDED ...
[move_group-8] [INFO] [1787240048.220125083] [move_group.moveit.moveit.ros.move_group.move_action]: Solution was found and executed.
[move_group-8] [INFO] [1787240053.327921081] [move_group.moveit.moveit.ros.move_group.move_action]: MoveGroupMoveAction: Received request
[move_group-8] [INFO] [1787240053.328139785] [move_group.moveit.moveit.ros.move_group.move_action]: executing..
[move_group-8] [INFO] [1787240053.348046203] [move_group.moveit.moveit.ros.move_group.move_action]: Combined planning and execution request received for MoveGroup action. Forwarding to planning and execution pipeline.
[move_group-8] [WARN] [1787240053.348130462] [move_group.moveit.moveit.ros.move_group.capability]: Execution of motions should always start at the robot's current state. Ignoring the state supplied as start state in the motion planning request
[move_group-8] [WARN] [1787240053.348146146] [move_group.moveit.moveit.ros.move_group.capability]: Execution of motions should always start at the robot's current state. Ignoring the state supplied as difference in the planning scene diff
[move_group-8] [INFO] [1787240053.348153030] [move_group.moveit.moveit.ros.plan_execution]: Planning attempt 1 of at most 1
[move_group-8] [INFO] [1787240053.348252368] [move_group]: Calling PlanningRequestAdapter 'CheckStartStateBounds'
[move_group-8] [INFO] [1787240053.348290592] [move_group]: Calling PlanningRequestAdapter 'CheckStartStateCollision'
[move_group-8] [INFO] [1787240053.348329642] [move_group]: Calling PlanningRequestAdapter 'ResolveConstraintFrames'
[move_group-8] [INFO] [1787240053.348336755] [move_group]: Calling PlanningRequestAdapter 'ValidateWorkspaceBounds'
[move_group-8] [INFO] [1787240053.348529638] [move_group.moveit.moveit.planners.ompl.model_based_planning_context]: Planner configuration 'ar_manipulator' will use planner 'geometric::RRTConnect'. Additional configuration parameters will be set when the planner is constructed.
[move_group-8] [INFO] [1787240053.348583445] [move_group]: Calling Planner 'OMPL'
[move_group-8] [INFO] [1787240053.362665045] [move_group]: Calling PlanningResponseAdapter 'AddTimeOptimalParameterization'
[move_group-8] [WARN] [1787240053.362751586] [move_group.moveit.moveit.core.time_optimal_trajectory_generation]: Invalid max_velocity_scaling_factor 0.000000 specified, defaulting to 1.000000 instead.
[move_group-8] [WARN] [1787240053.362774934] [move_group.moveit.moveit.core.time_optimal_trajectory_generation]: Invalid max_acceleration_scaling_factor 0.000000 specified, defaulting to 1.000000 instead.
[move_group-8] [INFO] [1787240053.365436670] [move_group]: Calling PlanningResponseAdapter 'ValidateSolution'
[move_group-8] [WARN] [1787240053.365905906] [move_group.moveit.moveit.ros.planning_pipeline]: The planner plugin did not fill out the 'planner_id' field of the MotionPlanResponse. Setting it to the planner ID name of the MotionPlanRequest assuming that the planner plugin does warn you if it does not use the requested planner.
[move_group-8] [INFO] [1787240053.366052644] [move_group.moveit.moveit.plugins.simple_controller_manager]: Returned 2 controllers in list
[move_group-8] [INFO] [1787240053.366079621] [move_group.moveit.moveit.plugins.simple_controller_manager]: Returned 2 controllers in list
[move_group-8] [INFO] [1787240053.366161671] [move_group.moveit.moveit.ros.trajectory_execution_manager]: Validating trajectory with allowed_start_tolerance 0.01
[move_group-8] [INFO] [1787240053.383972515] [move_group.moveit.moveit.ros.trajectory_execution_manager]: Starting trajectory execution ...
[move_group-8] [INFO] [1787240053.384073054] [move_group.moveit.moveit.plugins.simple_controller_manager]: Returned 2 controllers in list
[move_group-8] [INFO] [1787240053.384134653] [move_group.moveit.moveit.plugins.simple_controller_manager]: Returned 2 controllers in list
[move_group-8] [INFO] [1787240053.384241535] [moveit.simple_controller_manager.follow_joint_trajectory_controller_handle]: sending trajectory to joint_trajectory_controller
[gazebo-2] [INFO] [1787240053.384474879] [joint_trajectory_controller]: Received new action goal
[gazebo-2] [INFO] [1787240053.384511114] [joint_trajectory_controller]: Accepted new action goal
[move_group-8] [INFO] [1787240053.384726920] [moveit.simple_controller_manager.follow_joint_trajectory_controller_handle]: joint_trajectory_controller started execution
[move_group-8] [INFO] [1787240053.384740194] [moveit.simple_controller_manager.follow_joint_trajectory_controller_handle]: Goal request accepted!
[gazebo-2] [INFO] [1787240059.528665820] [joint_trajectory_controller]: Goal reached, success!
[move_group-8] [INFO] [1787240059.534938498] [moveit.simple_controller_manager.follow_joint_trajectory_controller_handle]: Controller 'joint_trajectory_controller' successfully finished
[move_group-8] [INFO] [1787240059.599599221] [move_group.moveit.moveit.ros.trajectory_execution_manager]: Completed trajectory execution with status SUCCEEDED ...
[move_group-8] [INFO] [1787240059.604104789] [move_group.moveit.moveit.ros.move_group.move_action]: Solution was found and executed.
[move_group-8] [INFO] [1787240064.014474175] [move_group.moveit.moveit.ros.move_group.move_action]: MoveGroupMoveAction: Received request
[move_group-8] [INFO] [1787240064.014658946] [move_group.moveit.moveit.ros.move_group.move_action]: executing..
[move_group-8] [INFO] [1787240064.027130285] [move_group.moveit.moveit.ros.move_group.move_action]: Combined planning and execution request received for MoveGroup action. Forwarding to planning and execution pipeline.
[move_group-8] [WARN] [1787240064.027198658] [move_group.moveit.moveit.ros.move_group.capability]: Execution of motions should always start at the robot's current state. Ignoring the state supplied as start state in the motion planning request
[move_group-8] [WARN] [1787240064.027215341] [move_group.moveit.moveit.ros.move_group.capability]: Execution of motions should always start at the robot's current state. Ignoring the state supplied as difference in the planning scene diff
[move_group-8] [INFO] [1787240064.027224086] [move_group.moveit.moveit.ros.plan_execution]: Planning attempt 1 of at most 1
[move_group-8] [INFO] [1787240064.027352280] [move_group]: Calling PlanningRequestAdapter 'CheckStartStateBounds'
[move_group-8] [INFO] [1787240064.027385023] [move_group]: Calling PlanningRequestAdapter 'CheckStartStateCollision'
[move_group-8] [INFO] [1787240064.027424622] [move_group]: Calling PlanningRequestAdapter 'ResolveConstraintFrames'
[move_group-8] [INFO] [1787240064.027432130] [move_group]: Calling PlanningRequestAdapter 'ValidateWorkspaceBounds'
[move_group-8] [INFO] [1787240064.027617147] [move_group.moveit.moveit.planners.ompl.model_based_planning_context]: Planner configuration 'ar_manipulator' will use planner 'geometric::RRTConnect'. Additional configuration parameters will be set when the planner is constructed.
[move_group-8] [INFO] [1787240064.027672413] [move_group]: Calling Planner 'OMPL'
[move_group-8] [INFO] [1787240064.041244518] [move_group]: Calling PlanningResponseAdapter 'AddTimeOptimalParameterization'
[move_group-8] [WARN] [1787240064.041310737] [move_group.moveit.moveit.core.time_optimal_trajectory_generation]: Invalid max_velocity_scaling_factor 0.000000 specified, defaulting to 1.000000 instead.
[move_group-8] [WARN] [1787240064.041332287] [move_group.moveit.moveit.core.time_optimal_trajectory_generation]: Invalid max_acceleration_scaling_factor 0.000000 specified, defaulting to 1.000000 instead.
[move_group-8] [INFO] [1787240064.042189946] [move_group]: Calling PlanningResponseAdapter 'ValidateSolution'
[move_group-8] [WARN] [1787240064.042400053] [move_group.moveit.moveit.ros.planning_pipeline]: The planner plugin did not fill out the 'planner_id' field of the MotionPlanResponse. Setting it to the planner ID name of the MotionPlanRequest assuming that the planner plugin does warn you if it does not use the requested planner.
[move_group-8] [INFO] [1787240064.042500362] [move_group.moveit.moveit.plugins.simple_controller_manager]: Returned 2 controllers in list
[move_group-8] [INFO] [1787240064.042518219] [move_group.moveit.moveit.plugins.simple_controller_manager]: Returned 2 controllers in list
[move_group-8] [INFO] [1787240064.042566792] [move_group.moveit.moveit.ros.trajectory_execution_manager]: Validating trajectory with allowed_start_tolerance 0.01
[move_group-8] [INFO] [1787240064.044038764] [move_group.moveit.moveit.ros.trajectory_execution_manager]: Starting trajectory execution ...
[move_group-8] [INFO] [1787240064.044083900] [move_group.moveit.moveit.plugins.simple_controller_manager]: Returned 2 controllers in list
[move_group-8] [INFO] [1787240064.044104424] [move_group.moveit.moveit.plugins.simple_controller_manager]: Returned 2 controllers in list
[move_group-8] [INFO] [1787240064.044182248] [moveit.simple_controller_manager.follow_joint_trajectory_controller_handle]: sending trajectory to joint_trajectory_controller
[gazebo-2] [INFO] [1787240064.044366221] [joint_trajectory_controller]: Received new action goal
[gazebo-2] [INFO] [1787240064.044394216] [joint_trajectory_controller]: Accepted new action goal
[move_group-8] [INFO] [1787240064.044565621] [moveit.simple_controller_manager.follow_joint_trajectory_controller_handle]: joint_trajectory_controller started execution
[move_group-8] [INFO] [1787240064.044581956] [moveit.simple_controller_manager.follow_joint_trajectory_controller_handle]: Goal request accepted!
[gazebo-2] [INFO] [1787240067.768500841] [joint_trajectory_controller]: Goal reached, success!
[move_group-8] [INFO] [1787240067.794966614] [moveit.simple_controller_manager.follow_joint_trajectory_controller_handle]: Controller 'joint_trajectory_controller' successfully finished
[move_group-8] [INFO] [1787240067.798293357] [move_group.moveit.moveit.ros.trajectory_execution_manager]: Completed trajectory execution with status SUCCEEDED ...
[move_group-8] [INFO] [1787240067.804206176] [move_group.moveit.moveit.ros.move_group.move_action]: Solution was found and executed.
[move_group-8] [INFO] [1787240070.280731412] [move_group.moveit.moveit.ros.move_group.move_action]: MoveGroupMoveAction: Received request
[move_group-8] [INFO] [1787240070.280986788] [move_group.moveit.moveit.ros.move_group.move_action]: executing..
[move_group-8] [INFO] [1787240070.301943048] [move_group.moveit.moveit.ros.move_group.move_action]: Combined planning and execution request received for MoveGroup action. Forwarding to planning and execution pipeline.
[move_group-8] [WARN] [1787240070.302016225] [move_group.moveit.moveit.ros.move_group.capability]: Execution of motions should always start at the robot's current state. Ignoring the state supplied as start state in the motion planning request
[move_group-8] [WARN] [1787240070.302029599] [move_group.moveit.moveit.ros.move_group.capability]: Execution of motions should always start at the robot's current state. Ignoring the state supplied as difference in the planning scene diff
[move_group-8] [INFO] [1787240070.302036528] [move_group.moveit.moveit.ros.plan_execution]: Planning attempt 1 of at most 1
[move_group-8] [INFO] [1787240070.302142750] [move_group]: Calling PlanningRequestAdapter 'CheckStartStateBounds'
[move_group-8] [INFO] [1787240070.302165887] [move_group]: Calling PlanningRequestAdapter 'CheckStartStateCollision'
[move_group-8] [INFO] [1787240070.302199070] [move_group]: Calling PlanningRequestAdapter 'ResolveConstraintFrames'
[move_group-8] [INFO] [1787240070.302206137] [move_group]: Calling PlanningRequestAdapter 'ValidateWorkspaceBounds'
[move_group-8] [INFO] [1787240070.302398488] [move_group.moveit.moveit.planners.ompl.model_based_planning_context]: Planner configuration 'ar_manipulator' will use planner 'geometric::RRTConnect'. Additional configuration parameters will be set when the planner is constructed.
[move_group-8] [INFO] [1787240070.302452497] [move_group]: Calling Planner 'OMPL'
[move_group-8] [INFO] [1787240070.315422427] [move_group]: Calling PlanningResponseAdapter 'AddTimeOptimalParameterization'
[move_group-8] [WARN] [1787240070.315479086] [move_group.moveit.moveit.core.time_optimal_trajectory_generation]: Invalid max_velocity_scaling_factor 0.000000 specified, defaulting to 1.000000 instead.
[move_group-8] [WARN] [1787240070.315506017] [move_group.moveit.moveit.core.time_optimal_trajectory_generation]: Invalid max_acceleration_scaling_factor 0.000000 specified, defaulting to 1.000000 instead.
[move_group-8] [INFO] [1787240070.317744140] [move_group]: Calling PlanningResponseAdapter 'ValidateSolution'
[move_group-8] [WARN] [1787240070.318127293] [move_group.moveit.moveit.ros.planning_pipeline]: The planner plugin did not fill out the 'planner_id' field of the MotionPlanResponse. Setting it to the planner ID name of the MotionPlanRequest assuming that the planner plugin does warn you if it does not use the requested planner.
[move_group-8] [INFO] [1787240070.318217684] [move_group.moveit.moveit.plugins.simple_controller_manager]: Returned 2 controllers in list
[move_group-8] [INFO] [1787240070.318234825] [move_group.moveit.moveit.plugins.simple_controller_manager]: Returned 2 controllers in list
[move_group-8] [INFO] [1787240070.318294894] [move_group.moveit.moveit.ros.trajectory_execution_manager]: Validating trajectory with allowed_start_tolerance 0.01
[move_group-8] [INFO] [1787240070.318770044] [move_group.moveit.moveit.ros.trajectory_execution_manager]: Starting trajectory execution ...
[move_group-8] [INFO] [1787240070.318809451] [move_group.moveit.moveit.plugins.simple_controller_manager]: Returned 2 controllers in list
[move_group-8] [INFO] [1787240070.318840214] [move_group.moveit.moveit.plugins.simple_controller_manager]: Returned 2 controllers in list
[move_group-8] [INFO] [1787240070.318942238] [moveit.simple_controller_manager.follow_joint_trajectory_controller_handle]: sending trajectory to joint_trajectory_controller
[gazebo-2] [INFO] [1787240070.319235256] [joint_trajectory_controller]: Received new action goal
[gazebo-2] [INFO] [1787240070.319270199] [joint_trajectory_controller]: Accepted new action goal
[move_group-8] [INFO] [1787240070.319478987] [moveit.simple_controller_manager.follow_joint_trajectory_controller_handle]: joint_trajectory_controller started execution
[move_group-8] [INFO] [1787240070.319492178] [moveit.simple_controller_manager.follow_joint_trajectory_controller_handle]: Goal request accepted!
[gazebo-2] [INFO] [1787240075.815404332] [joint_trajectory_controller]: Goal reached, success!
[move_group-8] [INFO] [1787240075.819656502] [moveit.simple_controller_manager.follow_joint_trajectory_controller_handle]: Controller 'joint_trajectory_controller' successfully finished
[move_group-8] [INFO] [1787240075.881420165] [move_group.moveit.moveit.ros.trajectory_execution_manager]: Completed trajectory execution with status SUCCEEDED ...
[move_group-8] [INFO] [1787240075.888977324] [move_group.moveit.moveit.ros.move_group.move_action]: Solution was found and executed.
[WARNING] [launch]: user interrupted with ctrl-c (SIGINT)
[parameter_bridge-4] [INFO] [1787240081.302159609] [rclcpp]: signal_handler(SIGINT/SIGTERM)
[move_group-8] [INFO] [1787240081.302167571] [rclcpp]: signal_handler(SIGINT/SIGTERM)
[robot_state_publisher-1] [INFO] [1787240081.302163100] [rclcpp]: signal_handler(SIGINT/SIGTERM)
[move_group-8] Stack trace (most recent call last):
[move_group-8] #6    Object "", at 0xffffffffffffffff, in 
[INFO] [parameter_bridge-4]: process has finished cleanly [pid 128429]
[INFO] [robot_state_publisher-1]: process has finished cleanly [pid 128426]
[INFO] [ground_truth-9]: process has finished cleanly [pid 128434]
[gazebo-2] Segmentation fault (core dumped)
[ERROR] [gazebo-2]: process has died [pid 128427, exit code -2, cmd 'ruby /opt/ros/jazzy/opt/gz_tools_vendor/bin/gz sim -s --headless-rendering -r -v 4 --physics-engine gz-physics-bullet-featherstone-plugin /home/jonas/Documents/Bachelorarbeit/robocal/install/annin_ar4_gazebo/share/annin_ar4_gazebo/worlds/calibration.world --force-version 8'].
[INFO] [launch]: process[gazebo-2] was required: shutting down launched system
[ERROR] [move_group-8]: process[move_group-8] failed to terminate '5' seconds after receiving 'SIGINT', escalating to 'SIGTERM'
[INFO] [move_group-8]: sending signal 'SIGTERM' to process[move_group-8]
[ERROR] [move_group-8]: process has died [pid 128433, exit code -15, cmd '/opt/ros/jazzy/lib/moveit_ros_move_group/move_group --ros-args -p use_sim_time:=True --params-file /tmp/launch_params_4_c7jz11 --params-file /tmp/launch_params_pxi6gw6y --params-file /tmp/launch_params_97ew7qco --params-file /tmp/launch_params_jvh2__i0 --params-file /tmp/launch_params_p3dr5sig --params-file /tmp/launch_params_rcmtf5ix --params-file /tmp/launch_params_g2u1x0yh --params-file /tmp/launch_params_m56h5ira --params-file /tmp/launch_params_6w93rahn --params-file /tmp/launch_params_ndsoj4o5'].
