[INFO] [launch]: All log files can be found below /home/jonas/benchmarks/runs/sim_wp2-s004-d4c502c497/ros_home/log/2026-08-20-17-16-33-249057-Feanor-120089
[INFO] [launch]: Default logging verbosity is set to INFO
[INFO] [robot_state_publisher-1]: process started with pid [120134]
[INFO] [gazebo-2]: process started with pid [120135]
[INFO] [create-3]: process started with pid [120136]
[INFO] [parameter_bridge-4]: process started with pid [120137]
[INFO] [spawner-5]: process started with pid [120138]
[INFO] [spawner-6]: process started with pid [120139]
[INFO] [spawner-7]: process started with pid [120140]
[INFO] [move_group-8]: process started with pid [120141]
[INFO] [ground_truth-9]: process started with pid [120142]
[create-3] [INFO] [1787239005.249389580] [ros_gz_sim]: Requesting list of world names.
[parameter_bridge-4] [INFO] [1787239005.281534766] [gz_bridge]: Creating GZ->ROS Bridge: [/clock (gz.msgs.Clock) -> /clock (rosgraph_msgs/msg/Clock)] (Lazy 0)
[parameter_bridge-4] [INFO] [1787239005.282269427] [gz_bridge]: Creating GZ->ROS Bridge: [/sim_camera/color/image_raw (gz.msgs.Image) -> /sim_camera/color/image_raw (sensor_msgs/msg/Image)] (Lazy 0)
[parameter_bridge-4] [INFO] [1787239005.288313642] [gz_bridge]: Creating GZ->ROS Bridge: [/sim_camera/color/camera_info (gz.msgs.CameraInfo) -> /sim_camera/color/camera_info (sensor_msgs/msg/CameraInfo)] (Lazy 0)
[robot_state_publisher-1] [INFO] [1787239005.348983279] [robot_state_publisher]: Robot initialized
[move_group-8] [INFO] [1787239005.428744188] [move_group.moveit.moveit.ros.rdf_loader]: Loaded robot model in 0 seconds
[move_group-8] [INFO] [1787239005.428868674] [move_group.moveit.moveit.core.robot_model]: Loading robot model 'mk5'...
[move_group-8] [INFO] [1787239005.428882561] [move_group.moveit.moveit.core.robot_model]: No root/virtual joint specified in SRDF. Assuming fixed joint
[move_group-8] [WARN] [1787239005.428908247] [move_group.moveit.moveit.core.robot_model]: Link base_link_aluminum has visual geometry but no collision geometry. Collision geometry will be left empty. Fix your URDF file by explicitly specifying collision geometry.
[move_group-8] [WARN] [1787239005.428919793] [move_group.moveit.moveit.core.robot_model]: Link base_link_enclosure has visual geometry but no collision geometry. Collision geometry will be left empty. Fix your URDF file by explicitly specifying collision geometry.
[move_group-8] [WARN] [1787239005.428927065] [move_group.moveit.moveit.core.robot_model]: Link base_link_motor has visual geometry but no collision geometry. Collision geometry will be left empty. Fix your URDF file by explicitly specifying collision geometry.
[move_group-8] Error:   Error retrieving file [file:///home/jonas/Documents/Bachelorarbeit/robocal/install/annin_ar4_description/share/annin_ar4_description/meshes/ar4_mk5/Link_6_Col.STL]: Couldn't open file /home/jonas/Documents/Bachelorarbeit/robocal/install/annin_ar4_description/share/annin_ar4_description/meshes/ar4_mk5/Link_6_Col.STL
[move_group-8]          at line 289 in ./src/mesh_operations.cpp
[move_group-8] [WARN] [1787239005.474273178] [move_group.moveit.moveit.core.robot_model]: Link link_6_aluminum has visual geometry but no collision geometry. Collision geometry will be left empty. Fix your URDF file by explicitly specifying collision geometry.
[move_group-8] Error:   Error retrieving file [file:///home/jonas/Documents/Bachelorarbeit/robocal/install/annin_ar4_description/share/annin_ar4_description/meshes/ar4_mk5/Link_5_Col.STL]: Couldn't open file /home/jonas/Documents/Bachelorarbeit/robocal/install/annin_ar4_description/share/annin_ar4_description/meshes/ar4_mk5/Link_5_Col.STL
[move_group-8]          at line 289 in ./src/mesh_operations.cpp
[move_group-8] [WARN] [1787239005.495870397] [move_group.moveit.moveit.core.robot_model]: Link link_5_aluminum has visual geometry but no collision geometry. Collision geometry will be left empty. Fix your URDF file by explicitly specifying collision geometry.
[move_group-8] [WARN] [1787239005.495914964] [move_group.moveit.moveit.core.robot_model]: Link link_5_motor has visual geometry but no collision geometry. Collision geometry will be left empty. Fix your URDF file by explicitly specifying collision geometry.
[move_group-8] [WARN] [1787239005.534706091] [move_group.moveit.moveit.core.robot_model]: Link link_4_cover has visual geometry but no collision geometry. Collision geometry will be left empty. Fix your URDF file by explicitly specifying collision geometry.
[move_group-8] [WARN] [1787239005.534779998] [move_group.moveit.moveit.core.robot_model]: Link link_4_logo has visual geometry but no collision geometry. Collision geometry will be left empty. Fix your URDF file by explicitly specifying collision geometry.
[move_group-8] [WARN] [1787239005.534797719] [move_group.moveit.moveit.core.robot_model]: Link link_4_motor has visual geometry but no collision geometry. Collision geometry will be left empty. Fix your URDF file by explicitly specifying collision geometry.
[move_group-8] [WARN] [1787239005.564387753] [move_group.moveit.moveit.core.robot_model]: Link link_3_motor has visual geometry but no collision geometry. Collision geometry will be left empty. Fix your URDF file by explicitly specifying collision geometry.
[move_group-8] [WARN] [1787239005.595211581] [move_group.moveit.moveit.core.robot_model]: Link link_2_cover has visual geometry but no collision geometry. Collision geometry will be left empty. Fix your URDF file by explicitly specifying collision geometry.
[move_group-8] [WARN] [1787239005.595283527] [move_group.moveit.moveit.core.robot_model]: Link link_2_logo has visual geometry but no collision geometry. Collision geometry will be left empty. Fix your URDF file by explicitly specifying collision geometry.
[move_group-8] [WARN] [1787239005.595300653] [move_group.moveit.moveit.core.robot_model]: Link link_2_motor has visual geometry but no collision geometry. Collision geometry will be left empty. Fix your URDF file by explicitly specifying collision geometry.
[gazebo-2] [1;32m[Msg] [0m[1;32mGazebo Sim Server v[0m[1;32m8.11.0[0m[1;32m[0m
[gazebo-2] [1;32m[Msg] [0m[1;32mLoading SDF world file[[0m[1;32m/home/jonas/Documents/Bachelorarbeit/robocal/install/annin_ar4_gazebo/share/annin_ar4_gazebo/worlds/calibration.world[0m[1;32m].[0m
[gazebo-2] [1;32m[Msg] [0m[1;32mServing entity system service on [[0m[1;32m/[0m[1;32mentity/system/add[0m[1;32m][0m[1;32m[0m
[gazebo-2] [1;36m[Dbg] [Physics.cc:906] [0m[1;36mLoaded [[0m[1;36mgz::physics::bullet_featherstone::Plugin[0m[1;36m] from library [[0m[1;36m/opt/ros/jazzy/opt/gz_physics_vendor/lib/gz-physics-7/engine-plugins/libgz-physics-bullet-featherstone-plugin.so[0m[1;36m][0m[1;36m[0m
[gazebo-2] [1;36m[Dbg] [SystemManager.cc:80] [0m[1;36mLoaded system [[0m[1;36mgz::sim::systems::Physics[0m[1;36m] for entity [[0m[1;36m1[0m[1;36m][0m[1;36m[0m
[gazebo-2] [1;32m[Msg] [0m[1;32mCreate[0m[1;32m service on [[0m[1;32m/world/default/create_multiple[0m[1;32m] (async)[0m[1;32m[0m
[gazebo-2] [1;32m[Msg] [0m[1;32mCreate[0m[1;32m service on [[0m[1;32m/world/default/create_multiple/blocking[0m[1;32m] (blocking)[0m[1;32m[0m
[gazebo-2] [1;32m[Msg] [0m[1;32mRemove[0m[1;32m service on [[0m[1;32m/world/default/remove[0m[1;32m] (async)[0m[1;32m[0m
[gazebo-2] [1;32m[Msg] [0m[1;32mRemove[0m[1;32m service on [[0m[1;32m/world/default/remove/blocking[0m[1;32m] (blocking)[0m[1;32m[0m
[gazebo-2] [1;32m[Msg] [0m[1;32mPose[0m[1;32m service on [[0m[1;32m/world/default/set_pose[0m[1;32m] (async)[0m[1;32m[0m
[gazebo-2] [1;32m[Msg] [0m[1;32mPose[0m[1;32m service on [[0m[1;32m/world/default/set_pose/blocking[0m[1;32m] (blocking)[0m[1;32m[0m
[gazebo-2] [1;32m[Msg] [0m[1;32mPose[0m[1;32m service on [[0m[1;32m/world/default/set_pose_vector[0m[1;32m] (async)[0m[1;32m[0m
[gazebo-2] [1;32m[Msg] [0m[1;32mPose[0m[1;32m service on [[0m[1;32m/world/default/set_pose_vector/blocking[0m[1;32m] (blocking)[0m[1;32m[0m
[gazebo-2] [1;32m[Msg] [0m[1;32mLight configuration[0m[1;32m service on [[0m[1;32m/world/default/light_config[0m[1;32m] (async)[0m[1;32m[0m
[gazebo-2] [1;32m[Msg] [0m[1;32mLight configuration[0m[1;32m service on [[0m[1;32m/world/default/light_config/blocking[0m[1;32m] (blocking)[0m[1;32m[0m
[gazebo-2] [1;32m[Msg] [0m[1;32mPhysics[0m[1;32m service on [[0m[1;32m/world/default/set_physics[0m[1;32m] (async)[0m[1;32m[0m
[gazebo-2] [1;32m[Msg] [0m[1;32mPhysics[0m[1;32m service on [[0m[1;32m/world/default/set_physics/blocking[0m[1;32m] (blocking)[0m[1;32m[0m
[gazebo-2] [1;32m[Msg] [0m[1;32mSphericalCoordinates[0m[1;32m service on [[0m[1;32m/world/default/set_spherical_coordinates[0m[1;32m] (async)[0m[1;32m[0m
[gazebo-2] [1;32m[Msg] [0m[1;32mSphericalCoordinates[0m[1;32m service on [[0m[1;32m/world/default/set_spherical_coordinates/blocking[0m[1;32m] (blocking)[0m[1;32m[0m
[gazebo-2] [1;32m[Msg] [0m[1;32mEnable collision[0m[1;32m service on [[0m[1;32m/world/default/enable_collision[0m[1;32m] (async)[0m[1;32m[0m
[gazebo-2] [1;32m[Msg] [0m[1;32mEnable collision[0m[1;32m service on [[0m[1;32m/world/default/enable_collision/blocking[0m[1;32m] (blocking)[0m[1;32m[0m
[gazebo-2] [1;32m[Msg] [0m[1;32mDisable collision[0m[1;32m service on [[0m[1;32m/world/default/disable_collision[0m[1;32m] (async)[0m[1;32m[0m
[gazebo-2] [1;32m[Msg] [0m[1;32mDisable collision[0m[1;32m service on [[0m[1;32m/world/default/disable_collision/blocking[0m[1;32m] (blocking)[0m[1;32m[0m
[gazebo-2] [1;32m[Msg] [0m[1;32mMaterial[0m[1;32m service on [[0m[1;32m/world/default/visual_config[0m[1;32m] (async)[0m[1;32m[0m
[gazebo-2] [1;32m[Msg] [0m[1;32mMaterial[0m[1;32m service on [[0m[1;32m/world/default/visual_config/blocking[0m[1;32m] (blocking)[0m[1;32m[0m
[gazebo-2] [1;32m[Msg] [0m[1;32mMaterial[0m[1;32m service on [[0m[1;32m/world/default/wheel_slip[0m[1;32m] (async)[0m[1;32m[0m
[gazebo-2] [1;32m[Msg] [0m[1;32mMaterial[0m[1;32m service on [[0m[1;32m/world/default/wheel_slip/blocking[0m[1;32m] (blocking)[0m[1;32m[0m
[gazebo-2] [1;36m[Dbg] [SystemManager.cc:80] [0m[1;36mLoaded system [[0m[1;36mgz::sim::systems::UserCommands[0m[1;36m] for entity [[0m[1;36m1[0m[1;36m][0m[1;36m[0m
[move_group-8] [WARN] [1787239005.625181467] [move_group.moveit.moveit.core.robot_model]: Link link_1_motor has visual geometry but no collision geometry. Collision geometry will be left empty. Fix your URDF file by explicitly specifying collision geometry.
[create-3] [INFO] [1787239005.744340289] [ros_gz_sim]: Entity creation successful.
[move_group-8] [INFO] [1787239005.802714413] [move_group.moveit.moveit.kinematics.kdl_kinematics_plugin]: Joint weights for group 'ar_manipulator': 1 1 1 1 1 1
[INFO] [create-3]: process has finished cleanly [pid 120136]
[move_group-8] [INFO] [1787239006.021860735] [move_group.moveit.moveit.ros.planning_scene_monitor]: Publishing maintained planning scene on 'monitored_planning_scene'
[move_group-8] [INFO] [1787239006.022004958] [move_group.moveit.moveit.ros.moveit_cpp]: Listening to 'joint_states' for joint states
[move_group-8] [INFO] [1787239006.022720791] [move_group.moveit.moveit.ros.current_state_monitor]: Listening to joint states on topic 'joint_states'
[move_group-8] [INFO] [1787239006.023203229] [move_group.moveit.moveit.ros.planning_scene_monitor]: Listening to '/attached_collision_object' for attached collision objects
[move_group-8] [INFO] [1787239006.023225963] [move_group.moveit.moveit.ros.planning_scene_monitor]: Stopping existing planning scene publisher.
[move_group-8] [INFO] [1787239006.023340640] [move_group.moveit.moveit.ros.planning_scene_monitor]: Stopped publishing maintained planning scene.
[move_group-8] [INFO] [1787239006.023756569] [move_group.moveit.moveit.ros.planning_scene_monitor]: Publishing maintained planning scene on 'monitored_planning_scene'
[move_group-8] [INFO] [1787239006.023828523] [move_group.moveit.moveit.ros.planning_scene_monitor]: Starting planning scene monitor
[move_group-8] [INFO] [1787239006.024239668] [move_group.moveit.moveit.ros.planning_scene_monitor]: Listening to '/planning_scene'
[move_group-8] [INFO] [1787239006.024271375] [move_group.moveit.moveit.ros.planning_scene_monitor]: Starting world geometry update monitor for collision objects, attached objects, octomap updates.
[move_group-8] [INFO] [1787239006.024930929] [move_group.moveit.moveit.ros.planning_scene_monitor]: Listening to 'collision_object'
[move_group-8] [INFO] [1787239006.025418803] [move_group.moveit.moveit.ros.planning_scene_monitor]: Listening to 'planning_scene_world' for planning scene world geometry
[move_group-8] [WARN] [1787239006.053351938] [move_group.moveit.moveit.ros.occupancy_map_monitor]: Resolution not specified for Octomap. Assuming resolution = 0.1 instead
[move_group-8] [ERROR] [1787239006.053397432] [move_group.moveit.moveit.ros.occupancy_map_monitor]: No 3D sensor plugin(s) defined for octomap updates
[spawner-5] [INFO] [1787239006.145832599] [spawner_joint_state_broadcaster]: waiting for service /controller_manager/list_controllers to become available...
[move_group-8] [INFO] [1787239006.240182844] [move_group.moveit.moveit.ros.planning_pipeline]: Successfully loaded planner 'OMPL'
[move_group-8] [INFO] [1787239006.366824560] [move_group]: Try loading adapter 'default_planning_request_adapters/CheckStartStateBounds'
[move_group-8] [INFO] [1787239006.382425209] [move_group]: Loaded adapter 'default_planning_request_adapters/CheckStartStateBounds'
[move_group-8] [INFO] [1787239006.382447114] [move_group]: Try loading adapter 'default_planning_request_adapters/CheckStartStateCollision'
[move_group-8] [INFO] [1787239006.382460596] [move_group]: Loaded adapter 'default_planning_request_adapters/CheckStartStateCollision'
[move_group-8] [INFO] [1787239006.382464223] [move_group]: Try loading adapter 'default_planning_request_adapters/ResolveConstraintFrames'
[move_group-8] [INFO] [1787239006.382473898] [move_group]: Loaded adapter 'default_planning_request_adapters/ResolveConstraintFrames'
[move_group-8] [INFO] [1787239006.382477453] [move_group]: Try loading adapter 'default_planning_request_adapters/ValidateWorkspaceBounds'
[move_group-8] [INFO] [1787239006.382488802] [move_group]: Loaded adapter 'default_planning_request_adapters/ValidateWorkspaceBounds'
[move_group-8] [INFO] [1787239006.512401357] [move_group]: Try loading adapter 'default_planning_response_adapters/AddTimeOptimalParameterization'
[move_group-8] [INFO] [1787239006.532987635] [move_group]: Loaded adapter 'default_planning_response_adapters/AddTimeOptimalParameterization'
[move_group-8] [INFO] [1787239006.533018289] [move_group]: Try loading adapter 'default_planning_response_adapters/ValidateSolution'
[move_group-8] [INFO] [1787239006.536021525] [move_group]: Loaded adapter 'default_planning_response_adapters/ValidateSolution'
[move_group-8] [INFO] [1787239006.706223883] [move_group.moveit.moveit.planners.pilz.joint_limits_aggregator]: Reading limits from namespace robot_description_planning
[move_group-8] [INFO] [1787239006.754405536] [move_group.moveit.moveit.planners.pilz.command_planner]: Available plugins: pilz_industrial_motion_planner/PlanningContextLoaderCIRC pilz_industrial_motion_planner/PlanningContextLoaderLIN pilz_industrial_motion_planner/PlanningContextLoaderPTP 
[move_group-8] [INFO] [1787239006.754460021] [move_group.moveit.moveit.planners.pilz.command_planner]: About to load: pilz_industrial_motion_planner/PlanningContextLoaderCIRC
[move_group-8] [INFO] [1787239006.771748382] [move_group.moveit.moveit.planners.pilz.command_planner]: Registered Algorithm [CIRC]
[move_group-8] [INFO] [1787239006.771789601] [move_group.moveit.moveit.planners.pilz.command_planner]: About to load: pilz_industrial_motion_planner/PlanningContextLoaderLIN
[move_group-8] [INFO] [1787239006.786392250] [move_group.moveit.moveit.planners.pilz.command_planner]: Registered Algorithm [LIN]
[move_group-8] [INFO] [1787239006.786422814] [move_group.moveit.moveit.planners.pilz.command_planner]: About to load: pilz_industrial_motion_planner/PlanningContextLoaderPTP
[move_group-8] [INFO] [1787239006.802781729] [move_group.moveit.moveit.planners.pilz.command_planner]: Registered Algorithm [PTP]
[move_group-8] [INFO] [1787239006.802822552] [move_group.moveit.moveit.ros.planning_pipeline]: Successfully loaded planner 'Pilz Industrial Motion Planner'
[move_group-8] [INFO] [1787239006.942801080] [move_group]: Try loading adapter 'default_planning_request_adapters/CheckStartStateBounds'
[move_group-8] [INFO] [1787239006.959811475] [move_group]: Loaded adapter 'default_planning_request_adapters/CheckStartStateBounds'
[move_group-8] [INFO] [1787239006.959847718] [move_group]: Try loading adapter 'default_planning_request_adapters/CheckStartStateCollision'
[move_group-8] [INFO] [1787239006.959869453] [move_group]: Loaded adapter 'default_planning_request_adapters/CheckStartStateCollision'
[move_group-8] [INFO] [1787239006.959877903] [move_group]: Try loading adapter 'default_planning_request_adapters/ResolveConstraintFrames'
[move_group-8] [INFO] [1787239006.959892600] [move_group]: Loaded adapter 'default_planning_request_adapters/ResolveConstraintFrames'
[move_group-8] [INFO] [1787239006.959898693] [move_group]: Try loading adapter 'default_planning_request_adapters/ValidateWorkspaceBounds'
[move_group-8] [INFO] [1787239006.959921733] [move_group]: Loaded adapter 'default_planning_request_adapters/ValidateWorkspaceBounds'
[move_group-8] [INFO] [1787239007.117325532] [move_group]: Try loading adapter 'default_planning_response_adapters/AddTimeOptimalParameterization'
[move_group-8] [INFO] [1787239007.135774294] [move_group]: Loaded adapter 'default_planning_response_adapters/AddTimeOptimalParameterization'
[move_group-8] [INFO] [1787239007.135809708] [move_group]: Try loading adapter 'default_planning_response_adapters/ValidateSolution'
[move_group-8] [INFO] [1787239007.136392262] [move_group]: Loaded adapter 'default_planning_response_adapters/ValidateSolution'
[move_group-8] [INFO] [1787239007.352757860] [move_group.moveit.moveit.plugins.simple_controller_manager]: Added FollowJointTrajectory controller for joint_trajectory_controller
[move_group-8] [INFO] [1787239007.352813650] [move_group.moveit.moveit.plugins.simple_controller_manager]: gripper_controller will command a max effort of: 0
[move_group-8] [INFO] [1787239007.356000581] [move_group.moveit.moveit.plugins.simple_controller_manager]: Added GripperCommand controller for gripper_controller
[move_group-8] [INFO] [1787239007.356169833] [move_group.moveit.moveit.plugins.simple_controller_manager]: Returned 2 controllers in list
[move_group-8] [INFO] [1787239007.356191100] [move_group.moveit.moveit.plugins.simple_controller_manager]: Returned 2 controllers in list
[move_group-8] [INFO] [1787239007.356626388] [move_group.moveit.moveit.ros.trajectory_execution_manager]: Trajectory execution is not managing controllers
[move_group-8] [INFO] [1787239007.356663468] [move_group]: MoveGroup debug mode is ON
[gazebo-2] [1;36m[Dbg] [SystemManager.cc:80] [0m[1;36mLoaded system [[0m[1;36mgz::sim::systems::SceneBroadcaster[0m[1;36m] for entity [[0m[1;36m1[0m[1;36m][0m[1;36m[0m
[gazebo-2] [1;36m[Dbg] [Sensors.cc:697] [0m[1;36mConfiguring Sensors system[0m[1;36m[0m
[gazebo-2] [1;36m[Dbg] [Sensors.cc:557] [0m[1;36mSensorsPrivate::Run[0m[1;36m[0m
[gazebo-2] [1;36m[Dbg] [SystemManager.cc:80] [0m[1;36mLoaded system [[0m[1;36mgz::sim::systems::Sensors[0m[1;36m] for entity [[0m[1;36m1[0m[1;36m][0m[1;36m[0m
[gazebo-2] [1;36m[Dbg] [Sensors.cc:532] [0m[1;36mSensorsPrivate::RenderThread started[0m[1;36m[0m
[gazebo-2] [1;36m[Dbg] [Sensors.cc:337] [0m[1;36mWaiting for init[0m[1;36m[0m
[gazebo-2] [1;32m[Msg] [0m[1;32mLoaded level [[0m[1;32mdefault[0m[1;32m][0m[1;32m[0m
[gazebo-2] [1;32m[Msg] [0m[1;32mServing world controls on [[0m[1;32m/world/default[0m[1;32m/control], [[0m[1;32m/world/default[0m[1;32m/control/state] and [[0m[1;32m/world/default[0m[1;32m/playback/control][0m[1;32m[0m
[gazebo-2] [1;32m[Msg] [0m[1;32mServing GUI information on [[0m[1;32m/world/default[0m[1;32m/[0m[1;32mgui/info[0m[1;32m][0m[1;32m[0m
[gazebo-2] [1;32m[Msg] [0m[1;32mWorld [[0m[1;32mdefault[0m[1;32m] initialized with [[0m[1;32m1ms[0m[1;32m] physics profile.[0m[1;32m[0m
[gazebo-2] [1;32m[Msg] [0m[1;32mServing world SDF generation service on [[0m[1;32m/world/default[0m[1;32m/[0m[1;32mgenerate_world_sdf[0m[1;32m][0m[1;32m[0m
[gazebo-2] [1;32m[Msg] [0m[1;32mServing world names on [[0m[1;32m/gazebo/worlds[0m[1;32m][0m[1;32m[0m
[gazebo-2] [1;32m[Msg] [0m[1;32mResource path add service on [[0m[1;32m/gazebo/resource_paths/add[0m[1;32m].[0m[1;32m[0m
[gazebo-2] [1;32m[Msg] [0m[1;32mResource path get service on [[0m[1;32m/gazebo/resource_paths/get[0m[1;32m].[0m[1;32m[0m
[gazebo-2] [1;32m[Msg] [0m[1;32mResource path resolve service on [[0m[1;32m/gazebo/resource_paths/resolve[0m[1;32m].[0m[1;32m[0m
[gazebo-2] [1;32m[Msg] [0m[1;32mResource paths published on [[0m[1;32m/gazebo/resource_paths[0m[1;32m].[0m[1;32m[0m
[gazebo-2] [1;32m[Msg] [0m[1;32mServer control service on [[0m[1;32m/server_control[0m[1;32m].[0m[1;32m[0m
[gazebo-2] [1;32m[Msg] [0m[1;32mFound no publishers on /stats, adding root stats topic[0m[1;32m[0m
[gazebo-2] [1;32m[Msg] [0m[1;32mFound no publishers on /clock, adding root clock topic[0m[1;32m[0m
[gazebo-2] [1;36m[Dbg] [SimulationRunner.cc:551] [0m[1;36mCreating PostUpdate worker threads: [0m[1;36m3[0m[1;36m[0m
[gazebo-2] [1;36m[Dbg] [SimulationRunner.cc:562] [0m[1;36mCreating postupdate worker thread ([0m[1;36m0[0m[1;36m)[0m[1;36m[0m
[gazebo-2] [1;36m[Dbg] [SimulationRunner.cc:562] [0m[1;36mCreating postupdate worker thread ([0m[1;36m1[0m[1;36m)[0m[1;36m[0m
[gazebo-2] [1;33mWarning [Utils.cc:132][0m [/sdf/model[@name="mk5"]/link[@name="base_link"]/sensor[@name="sim_color"]/gz_frame_id:/home/jonas/benchmarks/runs/sim_wp2-s004-d4c502c497/perturbed_robot.urdf:L0]: XML Element[gz_frame_id], child of element[sensor], not defined in SDF. Copying[gz_frame_id] as children of [sensor].
[move_group-8] [INFO] [1787239007.467799882] [move_group.moveit.moveit.planners.pilz.move_group_sequence_action]: initialize move group sequence action
[move_group-8] [INFO] [1787239007.471559332] [move_group.moveit.moveit.planners.pilz.joint_limits_aggregator]: Reading limits from namespace robot_description_planning
[move_group-8] [INFO] [1787239007.471704707] [move_group.moveit.moveit.planners.pilz.joint_limits_aggregator]: Reading limits from namespace robot_description_planning
[move_group-8] [INFO] [1787239007.472649722] [move_group.moveit.moveit.ros.move_group.executable]: 
[move_group-8] 
[move_group-8] ********************************************************
[move_group-8] * MoveGroup using: 
[move_group-8] *     - apply_planning_scene_service
[move_group-8] *     - clear_octomap_service
[move_group-8] *     - get_group_urdf
[move_group-8] *     - load_geometry_from_file
[move_group-8] *     - CartesianPathService
[move_group-8] *     - execute_trajectory_action
[move_group-8] *     - get_planning_scene_service
[move_group-8] *     - kinematics_service
[move_group-8] *     - move_action
[move_group-8] *     - motion_plan_service
[move_group-8] *     - query_planners_service
[move_group-8] *     - state_validation_service
[move_group-8] *     - save_geometry_to_file
[move_group-8] *     - SequenceAction
[move_group-8] *     - SequenceService
[move_group-8] ********************************************************
[move_group-8] 
[move_group-8] [INFO] [1787239007.472750125] [move_group.moveit.moveit.ros.move_group.context]: MoveGroup context using pipeline ompl
[move_group-8] [INFO] [1787239007.472764219] [move_group.moveit.moveit.ros.move_group.context]: MoveGroup context initialization complete
[move_group-8] [96mLoading 'move_group/ApplyPlanningSceneService'...[0m
[move_group-8] [96mLoading 'move_group/ClearOctomapService'...[0m
[move_group-8] [96mLoading 'move_group/GetUrdfService'...[0m
[move_group-8] [96mLoading 'move_group/LoadGeometryFromFileService'...[0m
[move_group-8] [96mLoading 'move_group/MoveGroupCartesianPathService'...[0m
[move_group-8] [96mLoading 'move_group/MoveGroupExecuteTrajectoryAction'...[0m
[move_group-8] [96mLoading 'move_group/MoveGroupGetPlanningSceneService'...[0m
[move_group-8] [96mLoading 'move_group/MoveGroupKinematicsService'...[0m
[move_group-8] [96mLoading 'move_group/MoveGroupMoveAction'...[0m
[move_group-8] [96mLoading 'move_group/MoveGroupPlanService'...[0m
[move_group-8] [96mLoading 'move_group/MoveGroupQueryPlannersService'...[0m
[move_group-8] [96mLoading 'move_group/MoveGroupStateValidationService'...[0m
[move_group-8] [96mLoading 'move_group/SaveGeometryToFileService'...[0m
[move_group-8] [96mLoading 'pilz_industrial_motion_planner/MoveGroupSequenceAction'...[0m
[move_group-8] [96mLoading 'pilz_industrial_motion_planner/MoveGroupSequenceService'...[0m
[move_group-8] 
[move_group-8] [92mYou can start planning now![0m
[move_group-8] 
[ground_truth-9] [INFO] [1787239007.565625335] [ground_truth]: Ground truth ready: calibration_type=eye_to_hand, perturbation_file=/home/jonas/benchmarks/runs/sim_wp2-s004-d4c502c497/perturbation.yaml, output_file=/home/jonas/benchmarks/runs/sim_wp2-s004-d4c502c497/ros_home/annin_ar4_calibration/ground_truth.yaml
[gazebo-2] [INFO] [1787239007.715409416] [gz_ros_control]: [gz_ros2_control] Fixed joint ['base_joint'] (Entity='63') is skipped.
[gazebo-2] [INFO] [1787239008.016054042] [gz_ros_control]: Loading controller_manager
[gazebo-2] [INFO] [1787239008.366817378] [controller_manager]: Using ROS clock for triggering controller manager cycles.
[gazebo-2] [INFO] [1787239008.375701806] [controller_manager]: Subscribing to '/robot_description' topic for robot description.
[gazebo-2] [WARN] [1787239008.382074949] [gz_ros_control]: Waiting RM to load and initialize hardware...
[gazebo-2] [INFO] [1787239008.386044328] [controller_manager]: Received robot description from topic.
[gazebo-2] [INFO] [1787239008.386092441] [controller_manager]: Enforcing command limits is disabled. Command limits from URDF will be ignored.
[gazebo-2] text not specified in the tf_prefix tag
[gazebo-2] text not specified in the tf_prefix tag
[gazebo-2] [INFO] [1787239008.517008369] [gz_ros_control]: The position_proportional_gain has been set to: 0.1
[gazebo-2] [INFO] [1787239008.517088387] [gz_ros_control]: Loading joint: joint_1
[gazebo-2] [INFO] [1787239008.517096874] [gz_ros_control]: 	State:
[gazebo-2] [INFO] [1787239008.517102346] [gz_ros_control]: 		 position
[gazebo-2] [INFO] [1787239008.517110040] [gz_ros_control]: 			 found initial value: 0.000000
[gazebo-2] [INFO] [1787239008.517118671] [gz_ros_control]: 		 velocity
[gazebo-2] [INFO] [1787239008.517124935] [gz_ros_control]: 			 found initial value: 0.000000
[gazebo-2] [INFO] [1787239008.517128922] [gz_ros_control]: 	Command:
[gazebo-2] [INFO] [1787239008.517132135] [gz_ros_control]: 		 position
[gazebo-2] [INFO] [1787239008.517140307] [gz_ros_control]: 		 velocity
[gazebo-2] [INFO] [1787239008.517148803] [gz_ros_control]: Loading joint: joint_2
[gazebo-2] [INFO] [1787239008.517152277] [gz_ros_control]: 	State:
[gazebo-2] [INFO] [1787239008.517158730] [gz_ros_control]: 		 position
[gazebo-2] [INFO] [1787239008.517162276] [gz_ros_control]: 			 found initial value: 0.000000
[gazebo-2] [INFO] [1787239008.517165714] [gz_ros_control]: 		 velocity
[gazebo-2] [INFO] [1787239008.517168657] [gz_ros_control]: 			 found initial value: 0.000000
[gazebo-2] [INFO] [1787239008.517172032] [gz_ros_control]: 	Command:
[gazebo-2] [INFO] [1787239008.517174957] [gz_ros_control]: 		 position
[gazebo-2] [INFO] [1787239008.517179880] [gz_ros_control]: 		 velocity
[gazebo-2] [INFO] [1787239008.517186683] [gz_ros_control]: Loading joint: joint_3
[gazebo-2] [INFO] [1787239008.517190022] [gz_ros_control]: 	State:
[gazebo-2] [INFO] [1787239008.517193019] [gz_ros_control]: 		 position
[gazebo-2] [INFO] [1787239008.517196349] [gz_ros_control]: 			 found initial value: 0.000000
[gazebo-2] [INFO] [1787239008.517199859] [gz_ros_control]: 		 velocity
[gazebo-2] [INFO] [1787239008.517202847] [gz_ros_control]: 			 found initial value: 0.000000
[gazebo-2] [INFO] [1787239008.517206060] [gz_ros_control]: 	Command:
[gazebo-2] [INFO] [1787239008.517208922] [gz_ros_control]: 		 position
[gazebo-2] [INFO] [1787239008.517213512] [gz_ros_control]: 		 velocity
[gazebo-2] [INFO] [1787239008.517219551] [gz_ros_control]: Loading joint: joint_4
[gazebo-2] [INFO] [1787239008.517223763] [gz_ros_control]: 	State:
[gazebo-2] [INFO] [1787239008.517229424] [gz_ros_control]: 		 position
[gazebo-2] [INFO] [1787239008.517235103] [gz_ros_control]: 			 found initial value: 0.000000
[gazebo-2] [INFO] [1787239008.517241700] [gz_ros_control]: 		 velocity
[gazebo-2] [INFO] [1787239008.517247262] [gz_ros_control]: 			 found initial value: 0.000000
[gazebo-2] [INFO] [1787239008.517253301] [gz_ros_control]: 	Command:
[gazebo-2] [INFO] [1787239008.517261077] [gz_ros_control]: 		 position
[gazebo-2] [INFO] [1787239008.517269797] [gz_ros_control]: 		 velocity
[gazebo-2] [INFO] [1787239008.517277672] [gz_ros_control]: Loading joint: joint_5
[gazebo-2] [INFO] [1787239008.517281182] [gz_ros_control]: 	State:
[gazebo-2] [INFO] [1787239008.517284368] [gz_ros_control]: 		 position
[gazebo-2] [INFO] [1787239008.517288229] [gz_ros_control]: 			 found initial value: 0.000000
[gazebo-2] [INFO] [1787239008.517291775] [gz_ros_control]: 		 velocity
[gazebo-2] [INFO] [1787239008.517294754] [gz_ros_control]: 			 found initial value: 0.000000
[gazebo-2] [INFO] [1787239008.517298084] [gz_ros_control]: 	Command:
[gazebo-2] [INFO] [1787239008.517301135] [gz_ros_control]: 		 position
[gazebo-2] [INFO] [1787239008.517306229] [gz_ros_control]: 		 velocity
[gazebo-2] [INFO] [1787239008.517326416] [gz_ros_control]: Loading joint: joint_6
[gazebo-2] [INFO] [1787239008.517333535] [gz_ros_control]: 	State:
[gazebo-2] [INFO] [1787239008.517336928] [gz_ros_control]: 		 position
[gazebo-2] [INFO] [1787239008.517340375] [gz_ros_control]: 			 found initial value: 0.000000
[gazebo-2] [INFO] [1787239008.517343768] [gz_ros_control]: 		 velocity
[gazebo-2] [INFO] [1787239008.517366159] [gz_ros_control]: 			 found initial value: 0.000000
[gazebo-2] [INFO] [1787239008.517370623] [gz_ros_control]: 	Command:
[gazebo-2] [INFO] [1787239008.517374241] [gz_ros_control]: 		 position
[gazebo-2] [INFO] [1787239008.517379560] [gz_ros_control]: 		 velocity
[gazebo-2] [INFO] [1787239008.517484454] [controller_manager]: Initialize hardware 'mk5' 
[gazebo-2] [WARN] [1787239008.517501806] [controller_manager.hardware_component.system.mk5]: Executor is not available during hardware component initialization for 'mk5'. Skipping node creation!
[gazebo-2] [INFO] [1787239008.517563041] [controller_manager]: Successful initialization of hardware 'mk5'
[gazebo-2] [INFO] [1787239008.517680930] [gz_ros_control]: The position_proportional_gain has been set to: 0.1
[gazebo-2] [INFO] [1787239008.517696338] [gz_ros_control]: Loading joint: gripper_jaw1_joint
[gazebo-2] [INFO] [1787239008.517700775] [gz_ros_control]: 	State:
[gazebo-2] [INFO] [1787239008.517704987] [gz_ros_control]: 		 position
[gazebo-2] [INFO] [1787239008.517708506] [gz_ros_control]: 			 found initial value: 0.000000
[gazebo-2] [INFO] [1787239008.517712277] [gz_ros_control]: 		 velocity
[gazebo-2] [INFO] [1787239008.517715787] [gz_ros_control]: 			 found initial value: 0.000000
[gazebo-2] [INFO] [1787239008.517719171] [gz_ros_control]: 	Command:
[gazebo-2] [INFO] [1787239008.517722249] [gz_ros_control]: 		 position
[gazebo-2] [INFO] [1787239008.517731447] [gz_ros_control]: Loading joint: gripper_jaw2_joint
[gazebo-2] [INFO] [1787239008.517735911] [gz_ros_control]: Joint 'gripper_jaw2_joint'is mimicking joint 'gripper_jaw1_joint' with multiplier: 1 and offset: 0
[gazebo-2] [INFO] [1787239008.517740141] [gz_ros_control]: 	State:
[gazebo-2] [INFO] [1787239008.517743228] [gz_ros_control]: 		 position
[gazebo-2] [INFO] [1787239008.517747044] [gz_ros_control]: 			 found initial value: 0.000000
[gazebo-2] [INFO] [1787239008.517750464] [gz_ros_control]: 		 velocity
[gazebo-2] [INFO] [1787239008.517754090] [gz_ros_control]: 			 found initial value: 0.000000
[gazebo-2] [INFO] [1787239008.517757339] [gz_ros_control]: 	Command:
[gazebo-2] [INFO] [1787239008.517776482] [controller_manager]: Initialize hardware 'ARGripperGazeboSystem' 
[gazebo-2] [WARN] [1787239008.517783196] [controller_manager.hardware_component.system.ARGripperGazeboSystem]: Executor is not available during hardware component initialization for 'ARGripperGazeboSystem'. Skipping node creation!
[gazebo-2] [INFO] [1787239008.517796030] [controller_manager]: Successful initialization of hardware 'ARGripperGazeboSystem'
[gazebo-2] [INFO] [1787239008.517838599] [controller_manager]: Activating component 'ARGripperGazeboSystem'.
[gazebo-2] [INFO] [1787239008.517855465] [resource_manager]: 'configure' hardware 'ARGripperGazeboSystem' 
[gazebo-2] [INFO] [1787239008.517860496] [gz_ros_control]: System Successfully configured!
[gazebo-2] [INFO] [1787239008.517864483] [resource_manager]: Successful 'configure' of hardware 'ARGripperGazeboSystem'
[gazebo-2] [INFO] [1787239008.517870639] [resource_manager]: 'activate' hardware 'ARGripperGazeboSystem' 
[gazebo-2] [INFO] [1787239008.517883365] [resource_manager]: Successful 'activate' of hardware 'ARGripperGazeboSystem'
[gazebo-2] [INFO] [1787239008.517940073] [controller_manager]: Activating component 'mk5'.
[gazebo-2] [INFO] [1787239008.517944240] [resource_manager]: 'configure' hardware 'mk5' 
[gazebo-2] [INFO] [1787239008.517946562] [gz_ros_control]: System Successfully configured!
[gazebo-2] [INFO] [1787239008.517950306] [resource_manager]: Successful 'configure' of hardware 'mk5'
[gazebo-2] [INFO] [1787239008.517954032] [resource_manager]: 'activate' hardware 'mk5' 
[gazebo-2] [INFO] [1787239008.517956597] [resource_manager]: Successful 'activate' of hardware 'mk5'
[gazebo-2] [WARN] [1787239008.517972149] [controller_manager]: Component 'ARGripperGazeboSystem' does not have read or write statistics initialized, skipping registration.
[gazebo-2] [WARN] [1787239008.517976820] [controller_manager]: Component 'mk5' does not have read or write statistics initialized, skipping registration.
[gazebo-2] [INFO] [1787239008.517982481] [controller_manager]: Resource Manager has been successfully initialized. Starting Controller Manager services...
[gazebo-2] [INFO] [1787239008.648774673] [controller_manager]: Loading controller : 'joint_state_broadcaster' of type 'joint_state_broadcaster/JointStateBroadcaster'
[gazebo-2] [INFO] [1787239008.648822354] [controller_manager]: Loading controller 'joint_state_broadcaster'
[gazebo-2] [INFO] [1787239008.750256081] [controller_manager]: Controller 'joint_state_broadcaster' node arguments: --ros-args --params-file /tmp/tmp1ph1kajt.yaml -p use_sim_time:=true --param use_sim_time:=true 
[spawner-5] [INFO] [1787239008.769697160] [spawner_joint_state_broadcaster]: Loaded joint_state_broadcaster
[gazebo-2] [INFO] [1787239008.771107928] [controller_manager]: Configuring controller: 'joint_state_broadcaster'
[gazebo-2] [INFO] [1787239008.771248173] [joint_state_broadcaster]: 'joints' or 'interfaces' parameter is empty. All available state interfaces will be published
[gazebo-2] [INFO] [1787239008.830536560] [controller_manager]: Activating controllers: [ joint_state_broadcaster ]
[gazebo-2] [1;31m[Err] [SystemPaths.cc:426] [0m[1;31mUnable to find file with URI [[0m[1;31mmodel://annin_ar4_description/meshes/ar4_mk5/Link_6_Col.STL[0m[1;31m][0m[1;31m[0m
[gazebo-2] [1;31m[Err] [SystemPaths.cc:526] [0m[1;31mCould not resolve file [[0m[1;31mmodel://annin_ar4_description/meshes/ar4_mk5/Link_6_Col.STL[0m[1;31m][0m[1;31m[0m
[gazebo-2] [1;31m[Err] [MeshManager.cc:211] [0m[1;31mUnable to find file[[0m[1;31mmodel://annin_ar4_description/meshes/ar4_mk5/Link_6_Col.STL[0m[1;31m][0m
[gazebo-2] [1;33m[Wrn] [SDFFeatures.cc:1094] [0m[1;33mFailed to load mesh from [[0m[1;33mmodel://annin_ar4_description/meshes/ar4_mk5/Link_6_Col.STL[0m[1;33m].[0m[1;33m[0m
[gazebo-2] [1;31m[Err] [SystemPaths.cc:426] [0m[1;31mUnable to find file with URI [[0m[1;31mmodel://annin_ar4_description/meshes/ar4_mk5/Link_5_Col.STL[0m[1;31m][0m[1;31m[0m
[gazebo-2] [1;31m[Err] [SystemPaths.cc:526] [0m[1;31mCould not resolve file [[0m[1;31mmodel://annin_ar4_description/meshes/ar4_mk5/Link_5_Col.STL[0m[1;31m][0m[1;31m[0m
[gazebo-2] [1;31m[Err] [MeshManager.cc:211] [0m[1;31mUnable to find file[[0m[1;31mmodel://annin_ar4_description/meshes/ar4_mk5/Link_5_Col.STL[0m[1;31m][0m
[gazebo-2] [1;33m[Wrn] [SDFFeatures.cc:1094] [0m[1;33mFailed to load mesh from [[0m[1;33mmodel://annin_ar4_description/meshes/ar4_mk5/Link_5_Col.STL[0m[1;33m].[0m[1;33m[0m
[gazebo-2] [1;31m[Err] [SystemPaths.cc:426] [0m[1;31mUnable to find file with URI [[0m[1;31mmodel://annin_ar4_description/meshes/ar4_mk5/Link_5_Col.STL[0m[1;31m][0m[1;31m[0m
[gazebo-2] [1;31m[Err] [SystemPaths.cc:526] [0m[1;31mCould not resolve file [[0m[1;31mmodel://annin_ar4_description/meshes/ar4_mk5/Link_5_Col.STL[0m[1;31m][0m[1;31m[0m
[gazebo-2] [1;31m[Err] [MeshManager.cc:211] [0m[1;31mUnable to find file[[0m[1;31mmodel://annin_ar4_description/meshes/ar4_mk5/Link_5_Col.STL[0m[1;31m][0m
[gazebo-2] [1;33m[Wrn] [Util.cc:859] [0m[1;33mFailed to load mesh from [[0m[1;33mmodel://annin_ar4_description/meshes/ar4_mk5/Link_5_Col.STL[0m[1;33m].[0m[1;33m[0m
[gazebo-2] [1;31m[Err] [SystemPaths.cc:426] [0m[1;31mUnable to find file with URI [[0m[1;31mmodel://annin_ar4_description/meshes/ar4_mk5/Link_6_Col.STL[0m[1;31m][0m[1;31m[0m
[gazebo-2] [1;31m[Err] [SystemPaths.cc:526] [0m[1;31mCould not resolve file [[0m[1;31mmodel://annin_ar4_description/meshes/ar4_mk5/Link_6_Col.STL[0m[1;31m][0m[1;31m[0m
[gazebo-2] [1;31m[Err] [MeshManager.cc:211] [0m[1;31mUnable to find file[[0m[1;31mmodel://annin_ar4_description/meshes/ar4_mk5/Link_6_Col.STL[0m[1;31m][0m
[gazebo-2] [1;33m[Wrn] [Util.cc:859] [0m[1;33mFailed to load mesh from [[0m[1;33mmodel://annin_ar4_description/meshes/ar4_mk5/Link_6_Col.STL[0m[1;33m].[0m[1;33m[0m
[gazebo-2] [WARN] [1787239010.658463039] [gz_ros_control]:  Desired controller update period (0.0166667 s) is slower than the gazebo simulation period (0.001 s).
[gazebo-2] [1;36m[Dbg] [SystemManager.cc:80] [0m[1;36mLoaded system [[0m[1;36mgz_ros2_control::GazeboSimROS2ControlPlugin[0m[1;36m] for entity [[0m[1;36m19[0m[1;36m][0m[1;36m[0m
[gazebo-2] [1;36m[Dbg] [UserCommands.cc:1094] [0m[1;36mCreated entity [[0m[1;36m19[0m[1;36m] named [[0m[1;36mmk5[0m[1;36m][0m[1;36m[0m
[gazebo-2] [1;36m[Dbg] [Physics.cc:1086] [0m[1;36mAttempting to set physics options, but the [0m[1;36mphyiscs engine doesn't support feature [0m[1;36m[CollisionPairMaxContacts]. [0m[1;36mOptions will be ignored.[0m[1;36m[0m
[gazebo-2] [1;36m[Dbg] [Sensors.cc:953] [0m[1;36mInitialization needed[0m[1;36m[0m
[gazebo-2] [1;36m[Dbg] [Sensors.cc:349] [0m[1;36mInitializing render context[0m[1;36m[0m
[gazebo-2] [1;32m[Msg] [0m[1;32mLoading plugin [[0m[1;32mgz-rendering-ogre2[0m[1;32m][0m[1;32m[0m
[gazebo-2] [1;32m[Msg] [0m[1;32mServing scene information on [[0m[1;32m/world/default[0m[1;32m/[0m[1;32mscene/info[0m[1;32m][0m[1;32m[0m
[gazebo-2] [1;32m[Msg] [0m[1;32mServing graph information on [[0m[1;32m/world/default[0m[1;32m/[0m[1;32mscene/graph[0m[1;32m][0m[1;32m[0m
[gazebo-2] [1;32m[Msg] [0m[1;32mServing full state on [[0m[1;32m/world/default[0m[1;32m/[0m[1;32mstate[0m[1;32m][0m[1;32m[0m
[gazebo-2] [1;32m[Msg] [0m[1;32mServing full state (async) on [[0m[1;32m/world/default[0m[1;32m/[0m[1;32mstate_async[0m[1;32m][0m[1;32m[0m
[gazebo-2] [1;32m[Msg] [0m[1;32mPublishing scene information on [[0m[1;32m/world/default/scene/info[0m[1;32m][0m[1;32m[0m
[gazebo-2] [1;32m[Msg] [0m[1;32mPublishing entity deletions on [[0m[1;32m/world/default/scene/deletion[0m[1;32m][0m[1;32m[0m
[gazebo-2] [1;32m[Msg] [0m[1;32mPublishing state changes on [[0m[1;32m/world/default/state[0m[1;32m][0m[1;32m[0m
[gazebo-2] [1;32m[Msg] [0m[1;32mPublishing pose messages on [[0m[1;32m/world/default[0m[1;32m/[0m[1;32mpose/info[0m[1;32m][0m[1;32m[0m
[gazebo-2] [1;32m[Msg] [0m[1;32mPublishing dynamic pose messages on [[0m[1;32m/world/default[0m[1;32m/[0m[1;32mdynamic_pose/info[0m[1;32m][0m[1;32m[0m
[gazebo-2] [1;36m[Dbg] [SimulationRunner.cc:578] [0m[1;36mExiting postupdate worker thread ([0m[1;36m0[0m[1;36m)[0m[1;36m[0m
[gazebo-2] [1;36m[Dbg] [SimulationRunner.cc:578] [0m[1;36mExiting postupdate worker thread ([0m[1;36m1[0m[1;36m)[0m[1;36m[0m
[gazebo-2] [1;36m[Dbg] [SimulationRunner.cc:551] [0m[1;36mCreating PostUpdate worker threads: [0m[1;36m4[0m[1;36m[0m
[gazebo-2] [1;36m[Dbg] [SimulationRunner.cc:562] [0m[1;36mCreating postupdate worker thread ([0m[1;36m0[0m[1;36m)[0m[1;36m[0m
[gazebo-2] [1;36m[Dbg] [SimulationRunner.cc:562] [0m[1;36mCreating postupdate worker thread ([0m[1;36m1[0m[1;36m)[0m[1;36m[0m
[gazebo-2] [1;36m[Dbg] [SimulationRunner.cc:562] [0m[1;36mCreating postupdate worker thread ([0m[1;36m2[0m[1;36m)[0m[1;36m[0m
[gazebo-2]  dllPath = /usr/lib/wsl/drivers/iigd_dch_d.inf_amd64_090b7c5495907f9a, dllName = libigdgmm_w.so.12 
[gazebo-2]  IsWddmLinux = 1, dllWslName = /usr/lib/wsl/drivers/iigd_dch_d.inf_amd64_090b7c5495907f9a/libigdgmm_w.so.12  flags = 2
[gazebo-2]  dllPath = /usr/lib/wsl/drivers/iigd_dch_d.inf_amd64_090b7c5495907f9a, dllName = libigdgmm_w.so.12 
[gazebo-2]  IsWddmLinux = 1, dllWslName = /usr/lib/wsl/drivers/iigd_dch_d.inf_amd64_090b7c5495907f9a/libigdgmm_w.so.12  flags = 2
[gazebo-2]  dllPath = /usr/lib/wsl/drivers/iigd_dch_d.inf_amd64_090b7c5495907f9a, dllName = libigdgmm_w.so.12 
[gazebo-2]  IsWddmLinux = 1, dllWslName = /usr/lib/wsl/drivers/iigd_dch_d.inf_amd64_090b7c5495907f9a/libigdgmm_w.so.12  flags = 2
[gazebo-2]  dllPath = /usr/lib/wsl/drivers/iigd_dch_d.inf_amd64_090b7c5495907f9a, dllName = libigdgmm_w.so.12 
[gazebo-2]  IsWddmLinux = 1, dllWslName = /usr/lib/wsl/drivers/iigd_dch_d.inf_amd64_090b7c5495907f9a/libigdgmm_w.so.12  flags = 2
[gazebo-2]  dllPath = /usr/lib/wsl/drivers/iigd_dch_d.inf_amd64_090b7c5495907f9a, dllName = libigdgmm_w.so.12 
[gazebo-2]  IsWddmLinux = 1, dllWslName = /usr/lib/wsl/drivers/iigd_dch_d.inf_amd64_090b7c5495907f9a/libigdgmm_w.so.12  flags = 2
[gazebo-2]  dllPath = /usr/lib/wsl/drivers/iigd_dch_d.inf_amd64_090b7c5495907f9a, dllName = libigdgmm_w.so.12 
[gazebo-2]  IsWddmLinux = 1, dllWslName = /usr/lib/wsl/drivers/iigd_dch_d.inf_amd64_090b7c5495907f9a/libigdgmm_w.so.12  flags = 2
[gazebo-2] [1;36m[Dbg] [RenderUtil.cc:2646] [0m[1;36mCreate scene [[0m[1;36mscene[0m[1;36m][0m[1;36m[0m
[gazebo-2] [1;36m[Dbg] [Sensors.cc:391] [0m[1;36mRendering Thread initialized[0m[1;36m[0m
[gazebo-2] [1;36m[Dbg] [Sensors.cc:953] [0m[1;36mInitialization needed[0m[1;36m[0m
[gazebo-2] [1;33m[Wrn] [Ogre2Camera.cc:423] [0m[1;33mOgre2Camera::SetVisibilityMask: Mask bits [0m[1;33mc0000000[0m[1;33m are set but will be ignored as they conflict with the [0m[1;33mreserved bits used internally by the ogre2 backend.[0m[1;33m[0m
[gazebo-2] [INFO] [1787239014.206104200] [controller_manager]: Successfully switched controllers!
[spawner-5] [INFO] [1787239014.223767395] [spawner_joint_state_broadcaster]: Configured and activated joint_state_broadcaster
[INFO] [spawner-5]: process has finished cleanly [pid 120138]
[spawner-6] [INFO] [1787239015.115918238] [spawner_joint_trajectory_controller]: waiting for service /controller_manager/list_controllers to become available...
[gazebo-2] [INFO] [1787239015.368252189] [controller_manager]: Loading controller : 'joint_trajectory_controller' of type 'joint_trajectory_controller/JointTrajectoryController'
[gazebo-2] [INFO] [1787239015.368324467] [controller_manager]: Loading controller 'joint_trajectory_controller'
[gazebo-2] [INFO] [1787239015.398433690] [controller_manager]: Controller 'joint_trajectory_controller' node arguments: --ros-args --params-file /tmp/tmp1ph1kajt.yaml -p use_sim_time:=true --param use_sim_time:=true 
[spawner-6] [INFO] [1787239015.567472462] [spawner_joint_trajectory_controller]: Loaded joint_trajectory_controller
[gazebo-2] [INFO] [1787239015.568991480] [controller_manager]: Configuring controller: 'joint_trajectory_controller'
[gazebo-2] [INFO] [1787239015.569266274] [joint_trajectory_controller]: No specific joint names are used for command interfaces. Using 'joints' parameter.
[gazebo-2] [INFO] [1787239015.569315989] [joint_trajectory_controller]: Command interfaces are [position velocity] and state interfaces are [position velocity].
[gazebo-2] [INFO] [1787239015.569358424] [joint_trajectory_controller]: Using 'splines' interpolation method.
[gazebo-2] [INFO] [1787239015.572606340] [joint_trajectory_controller]: Action status changes will be monitored at 20.00 Hz.
[gazebo-2] [INFO] [1787239015.583963703] [joint_trajectory_controller]: No scaling interface set. This controller will not read speed scaling from the hardware.
[gazebo-2] [INFO] [1787239015.602062598] [controller_manager]: Activating controllers: [ joint_trajectory_controller ]
[gazebo-2] [INFO] [1787239015.617456027] [controller_manager]: Successfully switched controllers!
[spawner-6] [INFO] [1787239015.644093292] [spawner_joint_trajectory_controller]: Configured and activated joint_trajectory_controller
[INFO] [spawner-6]: process has finished cleanly [pid 120139]
[spawner-7] [INFO] [1787239016.204310231] [spawner_gripper_controller]: waiting for service /controller_manager/list_controllers to become available...
[gazebo-2] [INFO] [1787239016.707088529] [controller_manager]: Loading controller : 'gripper_controller' of type 'position_controllers/GripperActionController'
[gazebo-2] [INFO] [1787239016.707148315] [controller_manager]: Loading controller 'gripper_controller'
[gazebo-2] [INFO] [1787239016.732919069] [controller_manager]: Controller 'gripper_controller' node arguments: --ros-args --params-file /tmp/tmp1ph1kajt.yaml -p use_sim_time:=true --param use_sim_time:=true 
[gazebo-2] [WARN] [1787239016.748671619] [gripper_controller]: [Deprecated]: the `position_controllers/GripperActionController` and `effort_controllers::GripperActionController` controllers are replaced by 'parallel_gripper_controllers/GripperActionController' controller
[spawner-7] [INFO] [1787239016.758602013] [spawner_gripper_controller]: Loaded gripper_controller
[gazebo-2] [INFO] [1787239016.760112795] [controller_manager]: Configuring controller: 'gripper_controller'
[gazebo-2] [INFO] [1787239016.760208824] [gripper_controller]: Action status changes will be monitored at 20.000000 Hz.
[gazebo-2] [INFO] [1787239016.857904016] [controller_manager]: Activating controllers: [ gripper_controller ]
[gazebo-2] [INFO] [1787239016.877561172] [controller_manager]: Successfully switched controllers!
[spawner-7] [INFO] [1787239016.895404632] [spawner_gripper_controller]: Configured and activated gripper_controller
[INFO] [spawner-7]: process has finished cleanly [pid 120140]
[ground_truth-9] [INFO] [1787239017.571082661] [ground_truth]: Wrote ground truth to /home/jonas/benchmarks/runs/sim_wp2-s004-d4c502c497/ros_home/annin_ar4_calibration/ground_truth.yaml
[gazebo-2] [1;36m[Dbg] [CameraSensor.cc:405] [0m[1;36mCamera images for [[0m[1;36mmk5::base_link::sim_color[0m[1;36m] advertised on [[0m[1;36msim_camera/color/image_raw[0m[1;36m][0m[1;36m[0m
[gazebo-2] [1;36m[Dbg] [CameraSensor.cc:695] [0m[1;36mCamera info for [[0m[1;36mmk5::base_link::sim_color[0m[1;36m] advertised on [[0m[1;36msim_camera/color/camera_info[0m[1;36m][0m[1;36m[0m
[gazebo-2] [1;36m[Dbg] [CameraSensor.cc:504] [0m[1;36mEnabling camera sensor: '[0m[1;36mmk5::base_link::sim_color[0m[1;36m' data [0m[1;36mgeneration.[0m[1;36m[0m
[move_group-8] [INFO] [1787239024.618186661] [move_group.moveit.moveit.ros.move_group.move_action]: MoveGroupMoveAction: Received request
[move_group-8] [INFO] [1787239024.618583655] [move_group.moveit.moveit.ros.move_group.move_action]: executing..
[move_group-8] [INFO] [1787239024.638995388] [move_group.moveit.moveit.ros.move_group.move_action]: Combined planning and execution request received for MoveGroup action. Forwarding to planning and execution pipeline.
[move_group-8] [WARN] [1787239024.639070305] [move_group.moveit.moveit.ros.move_group.capability]: Execution of motions should always start at the robot's current state. Ignoring the state supplied as start state in the motion planning request
[move_group-8] [WARN] [1787239024.639091448] [move_group.moveit.moveit.ros.move_group.capability]: Execution of motions should always start at the robot's current state. Ignoring the state supplied as difference in the planning scene diff
[move_group-8] [INFO] [1787239024.639107279] [move_group.moveit.moveit.ros.plan_execution]: Planning attempt 1 of at most 1
[move_group-8] [INFO] [1787239024.639332700] [move_group]: Calling PlanningRequestAdapter 'CheckStartStateBounds'
[move_group-8] [INFO] [1787239024.639407874] [move_group]: Calling PlanningRequestAdapter 'CheckStartStateCollision'
[move_group-8] [INFO] [1787239024.639547299] [move_group]: Calling PlanningRequestAdapter 'ResolveConstraintFrames'
[move_group-8] [INFO] [1787239024.639575574] [move_group]: Calling PlanningRequestAdapter 'ValidateWorkspaceBounds'
[move_group-8] [INFO] [1787239024.640304487] [move_group.moveit.moveit.planners.ompl.model_based_planning_context]: Planner configuration 'ar_manipulator' will use planner 'geometric::RRTConnect'. Additional configuration parameters will be set when the planner is constructed.
[move_group-8] [INFO] [1787239024.640558229] [move_group]: Calling Planner 'OMPL'
[move_group-8] [INFO] [1787239024.654280723] [move_group]: Calling PlanningResponseAdapter 'AddTimeOptimalParameterization'
[move_group-8] [WARN] [1787239024.654340908] [move_group.moveit.moveit.core.time_optimal_trajectory_generation]: Invalid max_velocity_scaling_factor 0.000000 specified, defaulting to 1.000000 instead.
[move_group-8] [WARN] [1787239024.654359486] [move_group.moveit.moveit.core.time_optimal_trajectory_generation]: Invalid max_acceleration_scaling_factor 0.000000 specified, defaulting to 1.000000 instead.
[move_group-8] [INFO] [1787239024.656680229] [move_group]: Calling PlanningResponseAdapter 'ValidateSolution'
[move_group-8] [WARN] [1787239024.657076720] [move_group.moveit.moveit.ros.planning_pipeline]: The planner plugin did not fill out the 'planner_id' field of the MotionPlanResponse. Setting it to the planner ID name of the MotionPlanRequest assuming that the planner plugin does warn you if it does not use the requested planner.
[move_group-8] [INFO] [1787239024.657188876] [move_group.moveit.moveit.plugins.simple_controller_manager]: Returned 2 controllers in list
[move_group-8] [INFO] [1787239024.657206393] [move_group.moveit.moveit.plugins.simple_controller_manager]: Returned 2 controllers in list
[move_group-8] [INFO] [1787239024.657259280] [move_group.moveit.moveit.ros.trajectory_execution_manager]: Validating trajectory with allowed_start_tolerance 0.01
[move_group-8] [INFO] [1787239024.672890129] [move_group.moveit.moveit.ros.trajectory_execution_manager]: Starting trajectory execution ...
[move_group-8] [INFO] [1787239024.672971886] [move_group.moveit.moveit.plugins.simple_controller_manager]: Returned 2 controllers in list
[move_group-8] [INFO] [1787239024.673008237] [move_group.moveit.moveit.plugins.simple_controller_manager]: Returned 2 controllers in list
[move_group-8] [INFO] [1787239024.673132819] [moveit.simple_controller_manager.follow_joint_trajectory_controller_handle]: sending trajectory to joint_trajectory_controller
[gazebo-2] [INFO] [1787239024.673680089] [joint_trajectory_controller]: Received new action goal
[gazebo-2] [INFO] [1787239024.673744129] [joint_trajectory_controller]: Accepted new action goal
[move_group-8] [INFO] [1787239024.673957934] [moveit.simple_controller_manager.follow_joint_trajectory_controller_handle]: joint_trajectory_controller started execution
[move_group-8] [INFO] [1787239024.673978975] [moveit.simple_controller_manager.follow_joint_trajectory_controller_handle]: Goal request accepted!
[gazebo-2] [INFO] [1787239028.803241607] [joint_trajectory_controller]: Goal reached, success!
[move_group-8] [INFO] [1787239028.824472320] [moveit.simple_controller_manager.follow_joint_trajectory_controller_handle]: Controller 'joint_trajectory_controller' successfully finished
[move_group-8] [INFO] [1787239028.826170803] [move_group.moveit.moveit.ros.trajectory_execution_manager]: Completed trajectory execution with status SUCCEEDED ...
[move_group-8] [INFO] [1787239028.833056842] [move_group.moveit.moveit.ros.move_group.move_action]: Solution was found and executed.
[move_group-8] [INFO] [1787239037.934412892] [move_group.moveit.moveit.ros.move_group.move_action]: MoveGroupMoveAction: Received request
[move_group-8] [INFO] [1787239037.934583596] [move_group.moveit.moveit.ros.move_group.move_action]: executing..
[move_group-8] [INFO] [1787239037.945236878] [move_group.moveit.moveit.ros.move_group.move_action]: Combined planning and execution request received for MoveGroup action. Forwarding to planning and execution pipeline.
[move_group-8] [WARN] [1787239037.945299233] [move_group.moveit.moveit.ros.move_group.capability]: Execution of motions should always start at the robot's current state. Ignoring the state supplied as start state in the motion planning request
[move_group-8] [WARN] [1787239037.945311997] [move_group.moveit.moveit.ros.move_group.capability]: Execution of motions should always start at the robot's current state. Ignoring the state supplied as difference in the planning scene diff
[move_group-8] [INFO] [1787239037.945318837] [move_group.moveit.moveit.ros.plan_execution]: Planning attempt 1 of at most 1
[move_group-8] [INFO] [1787239037.945420336] [move_group]: Calling PlanningRequestAdapter 'CheckStartStateBounds'
[move_group-8] [INFO] [1787239037.945458564] [move_group]: Calling PlanningRequestAdapter 'CheckStartStateCollision'
[move_group-8] [INFO] [1787239037.945494649] [move_group]: Calling PlanningRequestAdapter 'ResolveConstraintFrames'
[move_group-8] [INFO] [1787239037.945501700] [move_group]: Calling PlanningRequestAdapter 'ValidateWorkspaceBounds'
[move_group-8] [INFO] [1787239037.945705429] [move_group.moveit.moveit.planners.ompl.model_based_planning_context]: Planner configuration 'ar_manipulator' will use planner 'geometric::RRTConnect'. Additional configuration parameters will be set when the planner is constructed.
[move_group-8] [INFO] [1787239037.945758024] [move_group]: Calling Planner 'OMPL'
[move_group-8] [INFO] [1787239037.958710496] [move_group]: Calling PlanningResponseAdapter 'AddTimeOptimalParameterization'
[move_group-8] [WARN] [1787239037.958755710] [move_group.moveit.moveit.core.time_optimal_trajectory_generation]: Invalid max_velocity_scaling_factor 0.000000 specified, defaulting to 1.000000 instead.
[move_group-8] [WARN] [1787239037.958768236] [move_group.moveit.moveit.core.time_optimal_trajectory_generation]: Invalid max_acceleration_scaling_factor 0.000000 specified, defaulting to 1.000000 instead.
[move_group-8] [INFO] [1787239037.961229716] [move_group]: Calling PlanningResponseAdapter 'ValidateSolution'
[move_group-8] [WARN] [1787239037.961502623] [move_group.moveit.moveit.ros.planning_pipeline]: The planner plugin did not fill out the 'planner_id' field of the MotionPlanResponse. Setting it to the planner ID name of the MotionPlanRequest assuming that the planner plugin does warn you if it does not use the requested planner.
[move_group-8] [INFO] [1787239037.961610778] [move_group.moveit.moveit.plugins.simple_controller_manager]: Returned 2 controllers in list
[move_group-8] [INFO] [1787239037.961629320] [move_group.moveit.moveit.plugins.simple_controller_manager]: Returned 2 controllers in list
[move_group-8] [INFO] [1787239037.961682528] [move_group.moveit.moveit.ros.trajectory_execution_manager]: Validating trajectory with allowed_start_tolerance 0.01
[move_group-8] [INFO] [1787239037.962159048] [move_group.moveit.moveit.ros.trajectory_execution_manager]: Starting trajectory execution ...
[move_group-8] [INFO] [1787239037.962199062] [move_group.moveit.moveit.plugins.simple_controller_manager]: Returned 2 controllers in list
[move_group-8] [INFO] [1787239037.962234561] [move_group.moveit.moveit.plugins.simple_controller_manager]: Returned 2 controllers in list
[move_group-8] [INFO] [1787239037.962368428] [moveit.simple_controller_manager.follow_joint_trajectory_controller_handle]: sending trajectory to joint_trajectory_controller
[gazebo-2] [INFO] [1787239037.962636088] [joint_trajectory_controller]: Received new action goal
[gazebo-2] [INFO] [1787239037.962667595] [joint_trajectory_controller]: Accepted new action goal
[move_group-8] [INFO] [1787239037.962845783] [moveit.simple_controller_manager.follow_joint_trajectory_controller_handle]: joint_trajectory_controller started execution
[move_group-8] [INFO] [1787239037.962858190] [moveit.simple_controller_manager.follow_joint_trajectory_controller_handle]: Goal request accepted!
[gazebo-2] [INFO] [1787239043.332124579] [joint_trajectory_controller]: Goal reached, success!
[move_group-8] [INFO] [1787239043.363150689] [moveit.simple_controller_manager.follow_joint_trajectory_controller_handle]: Controller 'joint_trajectory_controller' successfully finished
[move_group-8] [INFO] [1787239043.403382402] [move_group.moveit.moveit.ros.trajectory_execution_manager]: Completed trajectory execution with status SUCCEEDED ...
[move_group-8] [INFO] [1787239043.412289379] [move_group.moveit.moveit.ros.move_group.move_action]: Solution was found and executed.
[move_group-8] [INFO] [1787239046.450490915] [move_group.moveit.moveit.ros.move_group.move_action]: MoveGroupMoveAction: Received request
[move_group-8] [INFO] [1787239046.450732286] [move_group.moveit.moveit.ros.move_group.move_action]: executing..
[move_group-8] [INFO] [1787239046.462532465] [move_group.moveit.moveit.ros.move_group.move_action]: Combined planning and execution request received for MoveGroup action. Forwarding to planning and execution pipeline.
[move_group-8] [WARN] [1787239046.462611844] [move_group.moveit.moveit.ros.move_group.capability]: Execution of motions should always start at the robot's current state. Ignoring the state supplied as start state in the motion planning request
[move_group-8] [WARN] [1787239046.462632877] [move_group.moveit.moveit.ros.move_group.capability]: Execution of motions should always start at the robot's current state. Ignoring the state supplied as difference in the planning scene diff
[move_group-8] [INFO] [1787239046.462644838] [move_group.moveit.moveit.ros.plan_execution]: Planning attempt 1 of at most 1
[move_group-8] [INFO] [1787239046.462764284] [move_group]: Calling PlanningRequestAdapter 'CheckStartStateBounds'
[move_group-8] [INFO] [1787239046.462796963] [move_group]: Calling PlanningRequestAdapter 'CheckStartStateCollision'
[move_group-8] [INFO] [1787239046.462874371] [move_group]: Calling PlanningRequestAdapter 'ResolveConstraintFrames'
[move_group-8] [INFO] [1787239046.462888996] [move_group]: Calling PlanningRequestAdapter 'ValidateWorkspaceBounds'
[move_group-8] [INFO] [1787239046.463129122] [move_group.moveit.moveit.planners.ompl.model_based_planning_context]: Planner configuration 'ar_manipulator' will use planner 'geometric::RRTConnect'. Additional configuration parameters will be set when the planner is constructed.
[move_group-8] [INFO] [1787239046.463204820] [move_group]: Calling Planner 'OMPL'
[move_group-8] [INFO] [1787239046.476791519] [move_group]: Calling PlanningResponseAdapter 'AddTimeOptimalParameterization'
[move_group-8] [WARN] [1787239046.476849748] [move_group.moveit.moveit.core.time_optimal_trajectory_generation]: Invalid max_velocity_scaling_factor 0.000000 specified, defaulting to 1.000000 instead.
[move_group-8] [WARN] [1787239046.476896079] [move_group.moveit.moveit.core.time_optimal_trajectory_generation]: Invalid max_acceleration_scaling_factor 0.000000 specified, defaulting to 1.000000 instead.
[move_group-8] [INFO] [1787239046.479781199] [move_group]: Calling PlanningResponseAdapter 'ValidateSolution'
[move_group-8] [WARN] [1787239046.480164270] [move_group.moveit.moveit.ros.planning_pipeline]: The planner plugin did not fill out the 'planner_id' field of the MotionPlanResponse. Setting it to the planner ID name of the MotionPlanRequest assuming that the planner plugin does warn you if it does not use the requested planner.
[move_group-8] [INFO] [1787239046.480267346] [move_group.moveit.moveit.plugins.simple_controller_manager]: Returned 2 controllers in list
[move_group-8] [INFO] [1787239046.480290035] [move_group.moveit.moveit.plugins.simple_controller_manager]: Returned 2 controllers in list
[move_group-8] [INFO] [1787239046.480353043] [move_group.moveit.moveit.ros.trajectory_execution_manager]: Validating trajectory with allowed_start_tolerance 0.01
[move_group-8] [INFO] [1787239046.496696389] [move_group.moveit.moveit.ros.trajectory_execution_manager]: Starting trajectory execution ...
[move_group-8] [INFO] [1787239046.496783904] [move_group.moveit.moveit.plugins.simple_controller_manager]: Returned 2 controllers in list
[move_group-8] [INFO] [1787239046.496821613] [move_group.moveit.moveit.plugins.simple_controller_manager]: Returned 2 controllers in list
[move_group-8] [INFO] [1787239046.496937001] [moveit.simple_controller_manager.follow_joint_trajectory_controller_handle]: sending trajectory to joint_trajectory_controller
[gazebo-2] [INFO] [1787239046.497196117] [joint_trajectory_controller]: Received new action goal
[gazebo-2] [INFO] [1787239046.497227409] [joint_trajectory_controller]: Accepted new action goal
[move_group-8] [INFO] [1787239046.497599511] [moveit.simple_controller_manager.follow_joint_trajectory_controller_handle]: joint_trajectory_controller started execution
[move_group-8] [INFO] [1787239046.497610265] [moveit.simple_controller_manager.follow_joint_trajectory_controller_handle]: Goal request accepted!
[gazebo-2] [INFO] [1787239051.809128767] [joint_trajectory_controller]: Goal reached, success!
[move_group-8] [INFO] [1787239051.847671887] [moveit.simple_controller_manager.follow_joint_trajectory_controller_handle]: Controller 'joint_trajectory_controller' successfully finished
[move_group-8] [INFO] [1787239051.850117347] [move_group.moveit.moveit.ros.trajectory_execution_manager]: Completed trajectory execution with status SUCCEEDED ...
[move_group-8] [INFO] [1787239051.856812910] [move_group.moveit.moveit.ros.move_group.move_action]: Solution was found and executed.
[move_group-8] [INFO] [1787239054.569146084] [move_group.moveit.moveit.ros.move_group.move_action]: MoveGroupMoveAction: Received request
[move_group-8] [INFO] [1787239054.569356915] [move_group.moveit.moveit.ros.move_group.move_action]: executing..
[move_group-8] [INFO] [1787239054.577974147] [move_group.moveit.moveit.ros.move_group.move_action]: Combined planning and execution request received for MoveGroup action. Forwarding to planning and execution pipeline.
[move_group-8] [WARN] [1787239054.578036408] [move_group.moveit.moveit.ros.move_group.capability]: Execution of motions should always start at the robot's current state. Ignoring the state supplied as start state in the motion planning request
[move_group-8] [WARN] [1787239054.578052878] [move_group.moveit.moveit.ros.move_group.capability]: Execution of motions should always start at the robot's current state. Ignoring the state supplied as difference in the planning scene diff
[move_group-8] [INFO] [1787239054.578061527] [move_group.moveit.moveit.ros.plan_execution]: Planning attempt 1 of at most 1
[move_group-8] [INFO] [1787239054.578167968] [move_group]: Calling PlanningRequestAdapter 'CheckStartStateBounds'
[move_group-8] [INFO] [1787239054.578195040] [move_group]: Calling PlanningRequestAdapter 'CheckStartStateCollision'
[move_group-8] [INFO] [1787239054.578235971] [move_group]: Calling PlanningRequestAdapter 'ResolveConstraintFrames'
[move_group-8] [INFO] [1787239054.578245817] [move_group]: Calling PlanningRequestAdapter 'ValidateWorkspaceBounds'
[move_group-8] [INFO] [1787239054.578497049] [move_group.moveit.moveit.planners.ompl.model_based_planning_context]: Planner configuration 'ar_manipulator' will use planner 'geometric::RRTConnect'. Additional configuration parameters will be set when the planner is constructed.
[move_group-8] [INFO] [1787239054.578562514] [move_group]: Calling Planner 'OMPL'
[move_group-8] [INFO] [1787239054.591891901] [move_group]: Calling PlanningResponseAdapter 'AddTimeOptimalParameterization'
[move_group-8] [WARN] [1787239054.591945019] [move_group.moveit.moveit.core.time_optimal_trajectory_generation]: Invalid max_velocity_scaling_factor 0.000000 specified, defaulting to 1.000000 instead.
[move_group-8] [WARN] [1787239054.591960822] [move_group.moveit.moveit.core.time_optimal_trajectory_generation]: Invalid max_acceleration_scaling_factor 0.000000 specified, defaulting to 1.000000 instead.
[move_group-8] [INFO] [1787239054.594425658] [move_group]: Calling PlanningResponseAdapter 'ValidateSolution'
[move_group-8] [WARN] [1787239054.594798271] [move_group.moveit.moveit.ros.planning_pipeline]: The planner plugin did not fill out the 'planner_id' field of the MotionPlanResponse. Setting it to the planner ID name of the MotionPlanRequest assuming that the planner plugin does warn you if it does not use the requested planner.
[move_group-8] [INFO] [1787239054.594901041] [move_group.moveit.moveit.plugins.simple_controller_manager]: Returned 2 controllers in list
[move_group-8] [INFO] [1787239054.594926573] [move_group.moveit.moveit.plugins.simple_controller_manager]: Returned 2 controllers in list
[move_group-8] [INFO] [1787239054.594998914] [move_group.moveit.moveit.ros.trajectory_execution_manager]: Validating trajectory with allowed_start_tolerance 0.01
[move_group-8] [INFO] [1787239054.612090732] [move_group.moveit.moveit.ros.trajectory_execution_manager]: Starting trajectory execution ...
[move_group-8] [INFO] [1787239054.612177014] [move_group.moveit.moveit.plugins.simple_controller_manager]: Returned 2 controllers in list
[move_group-8] [INFO] [1787239054.612210331] [move_group.moveit.moveit.plugins.simple_controller_manager]: Returned 2 controllers in list
[move_group-8] [INFO] [1787239054.612305253] [moveit.simple_controller_manager.follow_joint_trajectory_controller_handle]: sending trajectory to joint_trajectory_controller
[gazebo-2] [INFO] [1787239054.612593663] [joint_trajectory_controller]: Received new action goal
[gazebo-2] [INFO] [1787239054.612626864] [joint_trajectory_controller]: Accepted new action goal
[move_group-8] [INFO] [1787239054.612988957] [moveit.simple_controller_manager.follow_joint_trajectory_controller_handle]: joint_trajectory_controller started execution
[move_group-8] [INFO] [1787239054.613001412] [moveit.simple_controller_manager.follow_joint_trajectory_controller_handle]: Goal request accepted!
[gazebo-2] [INFO] [1787239063.572297297] [joint_trajectory_controller]: Goal reached, success!
[move_group-8] [INFO] [1787239063.593259977] [moveit.simple_controller_manager.follow_joint_trajectory_controller_handle]: Controller 'joint_trajectory_controller' successfully finished
[move_group-8] [INFO] [1787239063.630702263] [move_group.moveit.moveit.ros.trajectory_execution_manager]: Completed trajectory execution with status SUCCEEDED ...
[move_group-8] [INFO] [1787239063.632524943] [move_group.moveit.moveit.ros.move_group.move_action]: Solution was found and executed.
[move_group-8] [INFO] [1787239066.394275795] [move_group.moveit.moveit.ros.move_group.move_action]: MoveGroupMoveAction: Received request
[move_group-8] [INFO] [1787239066.394491549] [move_group.moveit.moveit.ros.move_group.move_action]: executing..
[move_group-8] [INFO] [1787239066.396148915] [move_group.moveit.moveit.ros.move_group.move_action]: Combined planning and execution request received for MoveGroup action. Forwarding to planning and execution pipeline.
[move_group-8] [WARN] [1787239066.396190926] [move_group.moveit.moveit.ros.move_group.capability]: Execution of motions should always start at the robot's current state. Ignoring the state supplied as start state in the motion planning request
[move_group-8] [WARN] [1787239066.396211347] [move_group.moveit.moveit.ros.move_group.capability]: Execution of motions should always start at the robot's current state. Ignoring the state supplied as difference in the planning scene diff
[move_group-8] [INFO] [1787239066.396220878] [move_group.moveit.moveit.ros.plan_execution]: Planning attempt 1 of at most 1
[move_group-8] [INFO] [1787239066.396296810] [move_group]: Calling PlanningRequestAdapter 'CheckStartStateBounds'
[move_group-8] [INFO] [1787239066.396339514] [move_group]: Calling PlanningRequestAdapter 'CheckStartStateCollision'
[move_group-8] [INFO] [1787239066.396374497] [move_group]: Calling PlanningRequestAdapter 'ResolveConstraintFrames'
[move_group-8] [INFO] [1787239066.396381742] [move_group]: Calling PlanningRequestAdapter 'ValidateWorkspaceBounds'
[move_group-8] [INFO] [1787239066.396567662] [move_group.moveit.moveit.planners.ompl.model_based_planning_context]: Planner configuration 'ar_manipulator' will use planner 'geometric::RRTConnect'. Additional configuration parameters will be set when the planner is constructed.
[move_group-8] [INFO] [1787239066.396646618] [move_group]: Calling Planner 'OMPL'
[move_group-8] [INFO] [1787239066.409645547] [move_group]: Calling PlanningResponseAdapter 'AddTimeOptimalParameterization'
[move_group-8] [WARN] [1787239066.409674715] [move_group.moveit.moveit.core.time_optimal_trajectory_generation]: Invalid max_velocity_scaling_factor 0.000000 specified, defaulting to 1.000000 instead.
[move_group-8] [WARN] [1787239066.409684831] [move_group.moveit.moveit.core.time_optimal_trajectory_generation]: Invalid max_acceleration_scaling_factor 0.000000 specified, defaulting to 1.000000 instead.
[move_group-8] [INFO] [1787239066.410502686] [move_group]: Calling PlanningResponseAdapter 'ValidateSolution'
[move_group-8] [WARN] [1787239066.410683665] [move_group.moveit.moveit.ros.planning_pipeline]: The planner plugin did not fill out the 'planner_id' field of the MotionPlanResponse. Setting it to the planner ID name of the MotionPlanRequest assuming that the planner plugin does warn you if it does not use the requested planner.
[move_group-8] [INFO] [1787239066.410759138] [move_group.moveit.moveit.plugins.simple_controller_manager]: Returned 2 controllers in list
[move_group-8] [INFO] [1787239066.410782987] [move_group.moveit.moveit.plugins.simple_controller_manager]: Returned 2 controllers in list
[move_group-8] [INFO] [1787239066.410843746] [move_group.moveit.moveit.ros.trajectory_execution_manager]: Validating trajectory with allowed_start_tolerance 0.01
[move_group-8] [INFO] [1787239066.413137112] [move_group.moveit.moveit.ros.trajectory_execution_manager]: Starting trajectory execution ...
[move_group-8] [INFO] [1787239066.413205988] [move_group.moveit.moveit.plugins.simple_controller_manager]: Returned 2 controllers in list
[move_group-8] [INFO] [1787239066.413233564] [move_group.moveit.moveit.plugins.simple_controller_manager]: Returned 2 controllers in list
[move_group-8] [INFO] [1787239066.413326631] [moveit.simple_controller_manager.follow_joint_trajectory_controller_handle]: sending trajectory to joint_trajectory_controller
[gazebo-2] [INFO] [1787239066.413497501] [joint_trajectory_controller]: Received new action goal
[gazebo-2] [INFO] [1787239066.413522485] [joint_trajectory_controller]: Accepted new action goal
[move_group-8] [INFO] [1787239066.413676123] [moveit.simple_controller_manager.follow_joint_trajectory_controller_handle]: joint_trajectory_controller started execution
[move_group-8] [INFO] [1787239066.413713823] [moveit.simple_controller_manager.follow_joint_trajectory_controller_handle]: Goal request accepted!
[gazebo-2] [INFO] [1787239069.071715134] [joint_trajectory_controller]: Goal reached, success!
[move_group-8] [INFO] [1787239069.113861672] [moveit.simple_controller_manager.follow_joint_trajectory_controller_handle]: Controller 'joint_trajectory_controller' successfully finished
[move_group-8] [INFO] [1787239069.167873240] [move_group.moveit.moveit.ros.trajectory_execution_manager]: Completed trajectory execution with status SUCCEEDED ...
[move_group-8] [INFO] [1787239069.173272928] [move_group.moveit.moveit.ros.move_group.move_action]: Solution was found and executed.
[move_group-8] [INFO] [1787239072.051559880] [move_group.moveit.moveit.ros.move_group.move_action]: MoveGroupMoveAction: Received request
[move_group-8] [INFO] [1787239072.051753026] [move_group.moveit.moveit.ros.move_group.move_action]: executing..
[move_group-8] [INFO] [1787239072.076090214] [move_group.moveit.moveit.ros.move_group.move_action]: Combined planning and execution request received for MoveGroup action. Forwarding to planning and execution pipeline.
[move_group-8] [WARN] [1787239072.076150549] [move_group.moveit.moveit.ros.move_group.capability]: Execution of motions should always start at the robot's current state. Ignoring the state supplied as start state in the motion planning request
[move_group-8] [WARN] [1787239072.076175344] [move_group.moveit.moveit.ros.move_group.capability]: Execution of motions should always start at the robot's current state. Ignoring the state supplied as difference in the planning scene diff
[move_group-8] [INFO] [1787239072.076186774] [move_group.moveit.moveit.ros.plan_execution]: Planning attempt 1 of at most 1
[move_group-8] [INFO] [1787239072.076310189] [move_group]: Calling PlanningRequestAdapter 'CheckStartStateBounds'
[move_group-8] [INFO] [1787239072.076343426] [move_group]: Calling PlanningRequestAdapter 'CheckStartStateCollision'
[move_group-8] [INFO] [1787239072.076402015] [move_group]: Calling PlanningRequestAdapter 'ResolveConstraintFrames'
[move_group-8] [INFO] [1787239072.076417900] [move_group]: Calling PlanningRequestAdapter 'ValidateWorkspaceBounds'
[move_group-8] [INFO] [1787239072.076671580] [move_group.moveit.moveit.planners.ompl.model_based_planning_context]: Planner configuration 'ar_manipulator' will use planner 'geometric::RRTConnect'. Additional configuration parameters will be set when the planner is constructed.
[move_group-8] [INFO] [1787239072.076747809] [move_group]: Calling Planner 'OMPL'
[move_group-8] [INFO] [1787239072.089066879] [move_group]: Calling PlanningResponseAdapter 'AddTimeOptimalParameterization'
[move_group-8] [WARN] [1787239072.089105605] [move_group.moveit.moveit.core.time_optimal_trajectory_generation]: Invalid max_velocity_scaling_factor 0.000000 specified, defaulting to 1.000000 instead.
[move_group-8] [WARN] [1787239072.089129032] [move_group.moveit.moveit.core.time_optimal_trajectory_generation]: Invalid max_acceleration_scaling_factor 0.000000 specified, defaulting to 1.000000 instead.
[move_group-8] [INFO] [1787239072.090145664] [move_group]: Calling PlanningResponseAdapter 'ValidateSolution'
[move_group-8] [WARN] [1787239072.090354722] [move_group.moveit.moveit.ros.planning_pipeline]: The planner plugin did not fill out the 'planner_id' field of the MotionPlanResponse. Setting it to the planner ID name of the MotionPlanRequest assuming that the planner plugin does warn you if it does not use the requested planner.
[move_group-8] [INFO] [1787239072.090441562] [move_group.moveit.moveit.plugins.simple_controller_manager]: Returned 2 controllers in list
[move_group-8] [INFO] [1787239072.090457807] [move_group.moveit.moveit.plugins.simple_controller_manager]: Returned 2 controllers in list
[move_group-8] [INFO] [1787239072.090501456] [move_group.moveit.moveit.ros.trajectory_execution_manager]: Validating trajectory with allowed_start_tolerance 0.01
[move_group-8] [INFO] [1787239072.093085053] [move_group.moveit.moveit.ros.trajectory_execution_manager]: Starting trajectory execution ...
[move_group-8] [INFO] [1787239072.093138207] [move_group.moveit.moveit.plugins.simple_controller_manager]: Returned 2 controllers in list
[move_group-8] [INFO] [1787239072.093189821] [move_group.moveit.moveit.plugins.simple_controller_manager]: Returned 2 controllers in list
[move_group-8] [INFO] [1787239072.093271153] [moveit.simple_controller_manager.follow_joint_trajectory_controller_handle]: sending trajectory to joint_trajectory_controller
[gazebo-2] [INFO] [1787239072.093450660] [joint_trajectory_controller]: Received new action goal
[gazebo-2] [INFO] [1787239072.093474690] [joint_trajectory_controller]: Accepted new action goal
[move_group-8] [INFO] [1787239072.093633227] [moveit.simple_controller_manager.follow_joint_trajectory_controller_handle]: joint_trajectory_controller started execution
[move_group-8] [INFO] [1787239072.093671693] [moveit.simple_controller_manager.follow_joint_trajectory_controller_handle]: Goal request accepted!
[gazebo-2] [INFO] [1787239075.940110067] [joint_trajectory_controller]: Goal reached, success!
[move_group-8] [INFO] [1787239075.943841590] [moveit.simple_controller_manager.follow_joint_trajectory_controller_handle]: Controller 'joint_trajectory_controller' successfully finished
[move_group-8] [INFO] [1787239075.998438221] [move_group.moveit.moveit.ros.trajectory_execution_manager]: Completed trajectory execution with status SUCCEEDED ...
[move_group-8] [INFO] [1787239076.003247884] [move_group.moveit.moveit.ros.move_group.move_action]: Solution was found and executed.
[move_group-8] [INFO] [1787239078.774533693] [move_group.moveit.moveit.ros.move_group.move_action]: MoveGroupMoveAction: Received request
[move_group-8] [INFO] [1787239078.774753191] [move_group.moveit.moveit.ros.move_group.move_action]: executing..
[move_group-8] [INFO] [1787239078.787780894] [move_group.moveit.moveit.ros.move_group.move_action]: Combined planning and execution request received for MoveGroup action. Forwarding to planning and execution pipeline.
[move_group-8] [WARN] [1787239078.787833327] [move_group.moveit.moveit.ros.move_group.capability]: Execution of motions should always start at the robot's current state. Ignoring the state supplied as start state in the motion planning request
[move_group-8] [WARN] [1787239078.787845522] [move_group.moveit.moveit.ros.move_group.capability]: Execution of motions should always start at the robot's current state. Ignoring the state supplied as difference in the planning scene diff
[move_group-8] [INFO] [1787239078.787853064] [move_group.moveit.moveit.ros.plan_execution]: Planning attempt 1 of at most 1
[move_group-8] [INFO] [1787239078.787943783] [move_group]: Calling PlanningRequestAdapter 'CheckStartStateBounds'
[move_group-8] [INFO] [1787239078.787966580] [move_group]: Calling PlanningRequestAdapter 'CheckStartStateCollision'
[move_group-8] [INFO] [1787239078.787998286] [move_group]: Calling PlanningRequestAdapter 'ResolveConstraintFrames'
[move_group-8] [INFO] [1787239078.788005486] [move_group]: Calling PlanningRequestAdapter 'ValidateWorkspaceBounds'
[move_group-8] [INFO] [1787239078.788183477] [move_group.moveit.moveit.planners.ompl.model_based_planning_context]: Planner configuration 'ar_manipulator' will use planner 'geometric::RRTConnect'. Additional configuration parameters will be set when the planner is constructed.
[move_group-8] [INFO] [1787239078.788234290] [move_group]: Calling Planner 'OMPL'
[move_group-8] [INFO] [1787239078.801425718] [move_group]: Calling PlanningResponseAdapter 'AddTimeOptimalParameterization'
[move_group-8] [WARN] [1787239078.801475226] [move_group.moveit.moveit.core.time_optimal_trajectory_generation]: Invalid max_velocity_scaling_factor 0.000000 specified, defaulting to 1.000000 instead.
[move_group-8] [WARN] [1787239078.801495854] [move_group.moveit.moveit.core.time_optimal_trajectory_generation]: Invalid max_acceleration_scaling_factor 0.000000 specified, defaulting to 1.000000 instead.
[move_group-8] [INFO] [1787239078.802479992] [move_group]: Calling PlanningResponseAdapter 'ValidateSolution'
[move_group-8] [WARN] [1787239078.802693271] [move_group.moveit.moveit.ros.planning_pipeline]: The planner plugin did not fill out the 'planner_id' field of the MotionPlanResponse. Setting it to the planner ID name of the MotionPlanRequest assuming that the planner plugin does warn you if it does not use the requested planner.
[move_group-8] [INFO] [1787239078.802783027] [move_group.moveit.moveit.plugins.simple_controller_manager]: Returned 2 controllers in list
[move_group-8] [INFO] [1787239078.802798417] [move_group.moveit.moveit.plugins.simple_controller_manager]: Returned 2 controllers in list
[move_group-8] [INFO] [1787239078.802839726] [move_group.moveit.moveit.ros.trajectory_execution_manager]: Validating trajectory with allowed_start_tolerance 0.01
[move_group-8] [INFO] [1787239078.805015701] [move_group.moveit.moveit.ros.trajectory_execution_manager]: Starting trajectory execution ...
[move_group-8] [INFO] [1787239078.805056210] [move_group.moveit.moveit.plugins.simple_controller_manager]: Returned 2 controllers in list
[move_group-8] [INFO] [1787239078.805095548] [move_group.moveit.moveit.plugins.simple_controller_manager]: Returned 2 controllers in list
[move_group-8] [INFO] [1787239078.805240167] [moveit.simple_controller_manager.follow_joint_trajectory_controller_handle]: sending trajectory to joint_trajectory_controller
[gazebo-2] [INFO] [1787239078.805410067] [joint_trajectory_controller]: Received new action goal
[gazebo-2] [INFO] [1787239078.805437481] [joint_trajectory_controller]: Accepted new action goal
[move_group-8] [INFO] [1787239078.805623473] [moveit.simple_controller_manager.follow_joint_trajectory_controller_handle]: joint_trajectory_controller started execution
[move_group-8] [INFO] [1787239078.805634606] [moveit.simple_controller_manager.follow_joint_trajectory_controller_handle]: Goal request accepted!
[gazebo-2] [INFO] [1787239082.453541064] [joint_trajectory_controller]: Goal reached, success!
[move_group-8] [INFO] [1787239082.455952178] [moveit.simple_controller_manager.follow_joint_trajectory_controller_handle]: Controller 'joint_trajectory_controller' successfully finished
[move_group-8] [INFO] [1787239082.511639520] [move_group.moveit.moveit.ros.trajectory_execution_manager]: Completed trajectory execution with status SUCCEEDED ...
[move_group-8] [INFO] [1787239082.515138137] [move_group.moveit.moveit.ros.move_group.move_action]: Solution was found and executed.
[move_group-8] [INFO] [1787239086.813113271] [move_group.moveit.moveit.ros.move_group.move_action]: MoveGroupMoveAction: Received request
[move_group-8] [INFO] [1787239086.813370299] [move_group.moveit.moveit.ros.move_group.move_action]: executing..
[move_group-8] [INFO] [1787239086.827243007] [move_group.moveit.moveit.ros.move_group.move_action]: Combined planning and execution request received for MoveGroup action. Forwarding to planning and execution pipeline.
[move_group-8] [WARN] [1787239086.827296610] [move_group.moveit.moveit.ros.move_group.capability]: Execution of motions should always start at the robot's current state. Ignoring the state supplied as start state in the motion planning request
[move_group-8] [WARN] [1787239086.827309570] [move_group.moveit.moveit.ros.move_group.capability]: Execution of motions should always start at the robot's current state. Ignoring the state supplied as difference in the planning scene diff
[move_group-8] [INFO] [1787239086.827316635] [move_group.moveit.moveit.ros.plan_execution]: Planning attempt 1 of at most 1
[move_group-8] [INFO] [1787239086.827429799] [move_group]: Calling PlanningRequestAdapter 'CheckStartStateBounds'
[move_group-8] [INFO] [1787239086.827464296] [move_group]: Calling PlanningRequestAdapter 'CheckStartStateCollision'
[move_group-8] [INFO] [1787239086.827516711] [move_group]: Calling PlanningRequestAdapter 'ResolveConstraintFrames'
[move_group-8] [INFO] [1787239086.827532299] [move_group]: Calling PlanningRequestAdapter 'ValidateWorkspaceBounds'
[move_group-8] [INFO] [1787239086.827763713] [move_group.moveit.moveit.planners.ompl.model_based_planning_context]: Planner configuration 'ar_manipulator' will use planner 'geometric::RRTConnect'. Additional configuration parameters will be set when the planner is constructed.
[move_group-8] [INFO] [1787239086.827827828] [move_group]: Calling Planner 'OMPL'
[move_group-8] [INFO] [1787239086.840695320] [move_group]: Calling PlanningResponseAdapter 'AddTimeOptimalParameterization'
[move_group-8] [WARN] [1787239086.840750372] [move_group.moveit.moveit.core.time_optimal_trajectory_generation]: Invalid max_velocity_scaling_factor 0.000000 specified, defaulting to 1.000000 instead.
[move_group-8] [WARN] [1787239086.840767742] [move_group.moveit.moveit.core.time_optimal_trajectory_generation]: Invalid max_acceleration_scaling_factor 0.000000 specified, defaulting to 1.000000 instead.
[move_group-8] [INFO] [1787239086.843442130] [move_group]: Calling PlanningResponseAdapter 'ValidateSolution'
[move_group-8] [WARN] [1787239086.843696097] [move_group.moveit.moveit.ros.planning_pipeline]: The planner plugin did not fill out the 'planner_id' field of the MotionPlanResponse. Setting it to the planner ID name of the MotionPlanRequest assuming that the planner plugin does warn you if it does not use the requested planner.
[move_group-8] [INFO] [1787239086.843784917] [move_group.moveit.moveit.plugins.simple_controller_manager]: Returned 2 controllers in list
[move_group-8] [INFO] [1787239086.843801909] [move_group.moveit.moveit.plugins.simple_controller_manager]: Returned 2 controllers in list
[move_group-8] [INFO] [1787239086.843845207] [move_group.moveit.moveit.ros.trajectory_execution_manager]: Validating trajectory with allowed_start_tolerance 0.01
[move_group-8] [INFO] [1787239086.844629669] [move_group.moveit.moveit.ros.trajectory_execution_manager]: Starting trajectory execution ...
[move_group-8] [INFO] [1787239086.844684937] [move_group.moveit.moveit.plugins.simple_controller_manager]: Returned 2 controllers in list
[move_group-8] [INFO] [1787239086.844709839] [move_group.moveit.moveit.plugins.simple_controller_manager]: Returned 2 controllers in list
[move_group-8] [INFO] [1787239086.844793097] [moveit.simple_controller_manager.follow_joint_trajectory_controller_handle]: sending trajectory to joint_trajectory_controller
[gazebo-2] [INFO] [1787239086.844987324] [joint_trajectory_controller]: Received new action goal
[gazebo-2] [INFO] [1787239086.845040155] [joint_trajectory_controller]: Accepted new action goal
[move_group-8] [INFO] [1787239086.845248564] [moveit.simple_controller_manager.follow_joint_trajectory_controller_handle]: joint_trajectory_controller started execution
[move_group-8] [INFO] [1787239086.845283880] [moveit.simple_controller_manager.follow_joint_trajectory_controller_handle]: Goal request accepted!
[gazebo-2] [INFO] [1787239095.922396675] [joint_trajectory_controller]: Goal reached, success!
[move_group-8] [INFO] [1787239095.930914769] [moveit.simple_controller_manager.follow_joint_trajectory_controller_handle]: Controller 'joint_trajectory_controller' successfully finished
[move_group-8] [INFO] [1787239095.981885128] [move_group.moveit.moveit.ros.trajectory_execution_manager]: Completed trajectory execution with status SUCCEEDED ...
[move_group-8] [INFO] [1787239095.990226548] [move_group.moveit.moveit.ros.move_group.move_action]: Solution was found and executed.
[move_group-8] [INFO] [1787239098.669300296] [move_group.moveit.moveit.ros.move_group.move_action]: MoveGroupMoveAction: Received request
[move_group-8] [INFO] [1787239098.669489718] [move_group.moveit.moveit.ros.move_group.move_action]: executing..
[move_group-8] [INFO] [1787239098.676793414] [move_group.moveit.moveit.ros.move_group.move_action]: Combined planning and execution request received for MoveGroup action. Forwarding to planning and execution pipeline.
[move_group-8] [WARN] [1787239098.676847773] [move_group.moveit.moveit.ros.move_group.capability]: Execution of motions should always start at the robot's current state. Ignoring the state supplied as start state in the motion planning request
[move_group-8] [WARN] [1787239098.676859905] [move_group.moveit.moveit.ros.move_group.capability]: Execution of motions should always start at the robot's current state. Ignoring the state supplied as difference in the planning scene diff
[move_group-8] [INFO] [1787239098.676867231] [move_group.moveit.moveit.ros.plan_execution]: Planning attempt 1 of at most 1
[move_group-8] [INFO] [1787239098.676969785] [move_group]: Calling PlanningRequestAdapter 'CheckStartStateBounds'
[move_group-8] [INFO] [1787239098.676994273] [move_group]: Calling PlanningRequestAdapter 'CheckStartStateCollision'
[move_group-8] [INFO] [1787239098.677027438] [move_group]: Calling PlanningRequestAdapter 'ResolveConstraintFrames'
[move_group-8] [INFO] [1787239098.677034764] [move_group]: Calling PlanningRequestAdapter 'ValidateWorkspaceBounds'
[move_group-8] [INFO] [1787239098.677243669] [move_group.moveit.moveit.planners.ompl.model_based_planning_context]: Planner configuration 'ar_manipulator' will use planner 'geometric::RRTConnect'. Additional configuration parameters will be set when the planner is constructed.
[move_group-8] [INFO] [1787239098.677306875] [move_group]: Calling Planner 'OMPL'
[move_group-8] [INFO] [1787239098.690063693] [move_group]: Calling PlanningResponseAdapter 'AddTimeOptimalParameterization'
[move_group-8] [WARN] [1787239098.690106632] [move_group.moveit.moveit.core.time_optimal_trajectory_generation]: Invalid max_velocity_scaling_factor 0.000000 specified, defaulting to 1.000000 instead.
[move_group-8] [WARN] [1787239098.690118089] [move_group.moveit.moveit.core.time_optimal_trajectory_generation]: Invalid max_acceleration_scaling_factor 0.000000 specified, defaulting to 1.000000 instead.
[move_group-8] [INFO] [1787239098.691662217] [move_group]: Calling PlanningResponseAdapter 'ValidateSolution'
[move_group-8] [WARN] [1787239098.691935391] [move_group.moveit.moveit.ros.planning_pipeline]: The planner plugin did not fill out the 'planner_id' field of the MotionPlanResponse. Setting it to the planner ID name of the MotionPlanRequest assuming that the planner plugin does warn you if it does not use the requested planner.
[move_group-8] [INFO] [1787239098.692026245] [move_group.moveit.moveit.plugins.simple_controller_manager]: Returned 2 controllers in list
[move_group-8] [INFO] [1787239098.692042283] [move_group.moveit.moveit.plugins.simple_controller_manager]: Returned 2 controllers in list
[move_group-8] [INFO] [1787239098.692086949] [move_group.moveit.moveit.ros.trajectory_execution_manager]: Validating trajectory with allowed_start_tolerance 0.01
[move_group-8] [INFO] [1787239098.693671766] [move_group.moveit.moveit.ros.trajectory_execution_manager]: Starting trajectory execution ...
[move_group-8] [INFO] [1787239098.693716154] [move_group.moveit.moveit.plugins.simple_controller_manager]: Returned 2 controllers in list
[move_group-8] [INFO] [1787239098.693735369] [move_group.moveit.moveit.plugins.simple_controller_manager]: Returned 2 controllers in list
[move_group-8] [INFO] [1787239098.693813911] [moveit.simple_controller_manager.follow_joint_trajectory_controller_handle]: sending trajectory to joint_trajectory_controller
[gazebo-2] [INFO] [1787239098.694023508] [joint_trajectory_controller]: Received new action goal
[gazebo-2] [INFO] [1787239098.694068769] [joint_trajectory_controller]: Accepted new action goal
[move_group-8] [INFO] [1787239098.694277298] [moveit.simple_controller_manager.follow_joint_trajectory_controller_handle]: joint_trajectory_controller started execution
[move_group-8] [INFO] [1787239098.694320120] [moveit.simple_controller_manager.follow_joint_trajectory_controller_handle]: Goal request accepted!
[gazebo-2] [INFO] [1787239103.194331579] [joint_trajectory_controller]: Goal reached, success!
[move_group-8] [INFO] [1787239103.244593969] [moveit.simple_controller_manager.follow_joint_trajectory_controller_handle]: Controller 'joint_trajectory_controller' successfully finished
[move_group-8] [INFO] [1787239103.286758903] [move_group.moveit.moveit.ros.trajectory_execution_manager]: Completed trajectory execution with status SUCCEEDED ...
[move_group-8] [INFO] [1787239103.293814140] [move_group.moveit.moveit.ros.move_group.move_action]: Solution was found and executed.
[WARNING] [launch]: user interrupted with ctrl-c (SIGINT)
[move_group-8] [INFO] [1787239108.609036424] [rclcpp]: signal_handler(SIGINT/SIGTERM)
[parameter_bridge-4] [INFO] [1787239108.609043308] [rclcpp]: signal_handler(SIGINT/SIGTERM)
[robot_state_publisher-1] [INFO] [1787239108.609065241] [rclcpp]: signal_handler(SIGINT/SIGTERM)
[move_group-8] Stack trace (most recent call last):
[move_group-8] #6    Object "", at 0xffffffffffffffff, in 
[INFO] [parameter_bridge-4]: process has finished cleanly [pid 120137]
[INFO] [robot_state_publisher-1]: process has finished cleanly [pid 120134]
[INFO] [ground_truth-9]: process has finished cleanly [pid 120142]
[gazebo-2] Segmentation fault (core dumped)
[ERROR] [gazebo-2]: process has died [pid 120135, exit code -2, cmd 'ruby /opt/ros/jazzy/opt/gz_tools_vendor/bin/gz sim -s --headless-rendering -r -v 4 --physics-engine gz-physics-bullet-featherstone-plugin /home/jonas/Documents/Bachelorarbeit/robocal/install/annin_ar4_gazebo/share/annin_ar4_gazebo/worlds/calibration.world --force-version 8'].
[INFO] [launch]: process[gazebo-2] was required: shutting down launched system
[ERROR] [move_group-8]: process[move_group-8] failed to terminate '5' seconds after receiving 'SIGINT', escalating to 'SIGTERM'
[INFO] [move_group-8]: sending signal 'SIGTERM' to process[move_group-8]
[ERROR] [move_group-8]: process has died [pid 120141, exit code -15, cmd '/opt/ros/jazzy/lib/moveit_ros_move_group/move_group --ros-args -p use_sim_time:=True --params-file /tmp/launch_params_n6rupb_0 --params-file /tmp/launch_params_v5kjry7x --params-file /tmp/launch_params_68eu3ovf --params-file /tmp/launch_params_th_lscis --params-file /tmp/launch_params_tn0ab2j7 --params-file /tmp/launch_params_zkvn2ur2 --params-file /tmp/launch_params_seurxdvs --params-file /tmp/launch_params_3thei9zo --params-file /tmp/launch_params_2lcnv0_u --params-file /tmp/launch_params_d6p3od_z'].
[INFO] [launch]: All log files can be found below /home/jonas/benchmarks/runs/sim_wp2-s004-d4c502c497/ros_home/log/2026-08-20-23-22-26-408665-Feanor-246325
[INFO] [launch]: Default logging verbosity is set to INFO
[INFO] [robot_state_publisher-1]: process started with pid [246369]
[INFO] [gazebo-2]: process started with pid [246370]
[INFO] [create-3]: process started with pid [246371]
[INFO] [parameter_bridge-4]: process started with pid [246372]
[INFO] [spawner-5]: process started with pid [246373]
[INFO] [spawner-6]: process started with pid [246374]
[INFO] [spawner-7]: process started with pid [246375]
[INFO] [move_group-8]: process started with pid [246376]
[INFO] [ground_truth-9]: process started with pid [246377]
[create-3] [INFO] [1787260959.553555775] [ros_gz_sim]: Requesting list of world names.
[parameter_bridge-4] [INFO] [1787260959.580747386] [gz_bridge]: Creating GZ->ROS Bridge: [/clock (gz.msgs.Clock) -> /clock (rosgraph_msgs/msg/Clock)] (Lazy 0)
[parameter_bridge-4] [INFO] [1787260959.581439636] [gz_bridge]: Creating GZ->ROS Bridge: [/sim_camera/color/image_raw (gz.msgs.Image) -> /sim_camera/color/image_raw (sensor_msgs/msg/Image)] (Lazy 0)
[parameter_bridge-4] [INFO] [1787260959.586676630] [gz_bridge]: Creating GZ->ROS Bridge: [/sim_camera/color/camera_info (gz.msgs.CameraInfo) -> /sim_camera/color/camera_info (sensor_msgs/msg/CameraInfo)] (Lazy 0)
[robot_state_publisher-1] [INFO] [1787260959.662675125] [robot_state_publisher]: Robot initialized
[move_group-8] [INFO] [1787260959.762499189] [move_group.moveit.moveit.ros.rdf_loader]: Loaded robot model in 0 seconds
[move_group-8] [INFO] [1787260959.762675229] [move_group.moveit.moveit.core.robot_model]: Loading robot model 'mk5'...
[move_group-8] [INFO] [1787260959.762709763] [move_group.moveit.moveit.core.robot_model]: No root/virtual joint specified in SRDF. Assuming fixed joint
[move_group-8] [WARN] [1787260959.762755155] [move_group.moveit.moveit.core.robot_model]: Link base_link_aluminum has visual geometry but no collision geometry. Collision geometry will be left empty. Fix your URDF file by explicitly specifying collision geometry.
[move_group-8] [WARN] [1787260959.762781380] [move_group.moveit.moveit.core.robot_model]: Link base_link_enclosure has visual geometry but no collision geometry. Collision geometry will be left empty. Fix your URDF file by explicitly specifying collision geometry.
[move_group-8] [WARN] [1787260959.762814245] [move_group.moveit.moveit.core.robot_model]: Link base_link_motor has visual geometry but no collision geometry. Collision geometry will be left empty. Fix your URDF file by explicitly specifying collision geometry.
[move_group-8] Error:   Error retrieving file [file:///home/jonas/Documents/Bachelorarbeit/robocal/install/annin_ar4_description/share/annin_ar4_description/meshes/ar4_mk5/Link_6_Col.STL]: Couldn't open file /home/jonas/Documents/Bachelorarbeit/robocal/install/annin_ar4_description/share/annin_ar4_description/meshes/ar4_mk5/Link_6_Col.STL
[move_group-8]          at line 289 in ./src/mesh_operations.cpp
[move_group-8] [WARN] [1787260959.823190487] [move_group.moveit.moveit.core.robot_model]: Link link_6_aluminum has visual geometry but no collision geometry. Collision geometry will be left empty. Fix your URDF file by explicitly specifying collision geometry.
[move_group-8] Error:   Error retrieving file [file:///home/jonas/Documents/Bachelorarbeit/robocal/install/annin_ar4_description/share/annin_ar4_description/meshes/ar4_mk5/Link_5_Col.STL]: Couldn't open file /home/jonas/Documents/Bachelorarbeit/robocal/install/annin_ar4_description/share/annin_ar4_description/meshes/ar4_mk5/Link_5_Col.STL
[move_group-8]          at line 289 in ./src/mesh_operations.cpp
[move_group-8] [WARN] [1787260959.847901672] [move_group.moveit.moveit.core.robot_model]: Link link_5_aluminum has visual geometry but no collision geometry. Collision geometry will be left empty. Fix your URDF file by explicitly specifying collision geometry.
[move_group-8] [WARN] [1787260959.847952443] [move_group.moveit.moveit.core.robot_model]: Link link_5_motor has visual geometry but no collision geometry. Collision geometry will be left empty. Fix your URDF file by explicitly specifying collision geometry.
[move_group-8] [WARN] [1787260959.892479439] [move_group.moveit.moveit.core.robot_model]: Link link_4_cover has visual geometry but no collision geometry. Collision geometry will be left empty. Fix your URDF file by explicitly specifying collision geometry.
[move_group-8] [WARN] [1787260959.892559865] [move_group.moveit.moveit.core.robot_model]: Link link_4_logo has visual geometry but no collision geometry. Collision geometry will be left empty. Fix your URDF file by explicitly specifying collision geometry.
[move_group-8] [WARN] [1787260959.892570513] [move_group.moveit.moveit.core.robot_model]: Link link_4_motor has visual geometry but no collision geometry. Collision geometry will be left empty. Fix your URDF file by explicitly specifying collision geometry.
[move_group-8] [WARN] [1787260959.922930467] [move_group.moveit.moveit.core.robot_model]: Link link_3_motor has visual geometry but no collision geometry. Collision geometry will be left empty. Fix your URDF file by explicitly specifying collision geometry.
[move_group-8] [WARN] [1787260959.956730199] [move_group.moveit.moveit.core.robot_model]: Link link_2_cover has visual geometry but no collision geometry. Collision geometry will be left empty. Fix your URDF file by explicitly specifying collision geometry.
[move_group-8] [WARN] [1787260959.956819833] [move_group.moveit.moveit.core.robot_model]: Link link_2_logo has visual geometry but no collision geometry. Collision geometry will be left empty. Fix your URDF file by explicitly specifying collision geometry.
[move_group-8] [WARN] [1787260959.956843739] [move_group.moveit.moveit.core.robot_model]: Link link_2_motor has visual geometry but no collision geometry. Collision geometry will be left empty. Fix your URDF file by explicitly specifying collision geometry.
[move_group-8] [WARN] [1787260959.988507536] [move_group.moveit.moveit.core.robot_model]: Link link_1_motor has visual geometry but no collision geometry. Collision geometry will be left empty. Fix your URDF file by explicitly specifying collision geometry.
[gazebo-2] [1;32m[Msg] [0m[1;32mGazebo Sim Server v[0m[1;32m8.11.0[0m[1;32m[0m
[gazebo-2] [1;32m[Msg] [0m[1;32mLoading SDF world file[[0m[1;32m/home/jonas/Documents/Bachelorarbeit/robocal/install/annin_ar4_gazebo/share/annin_ar4_gazebo/worlds/calibration.world[0m[1;32m].[0m
[gazebo-2] [1;32m[Msg] [0m[1;32mServing entity system service on [[0m[1;32m/[0m[1;32mentity/system/add[0m[1;32m][0m[1;32m[0m
[gazebo-2] [1;36m[Dbg] [Physics.cc:906] [0m[1;36mLoaded [[0m[1;36mgz::physics::bullet_featherstone::Plugin[0m[1;36m] from library [[0m[1;36m/opt/ros/jazzy/opt/gz_physics_vendor/lib/gz-physics-7/engine-plugins/libgz-physics-bullet-featherstone-plugin.so[0m[1;36m][0m[1;36m[0m
[gazebo-2] [1;36m[Dbg] [SystemManager.cc:80] [0m[1;36mLoaded system [[0m[1;36mgz::sim::systems::Physics[0m[1;36m] for entity [[0m[1;36m1[0m[1;36m][0m[1;36m[0m
[gazebo-2] [1;32m[Msg] [0m[1;32mCreate[0m[1;32m service on [[0m[1;32m/world/default/create_multiple[0m[1;32m] (async)[0m[1;32m[0m
[gazebo-2] [1;32m[Msg] [0m[1;32mCreate[0m[1;32m service on [[0m[1;32m/world/default/create_multiple/blocking[0m[1;32m] (blocking)[0m[1;32m[0m
[gazebo-2] [1;32m[Msg] [0m[1;32mRemove[0m[1;32m service on [[0m[1;32m/world/default/remove[0m[1;32m] (async)[0m[1;32m[0m
[gazebo-2] [1;32m[Msg] [0m[1;32mRemove[0m[1;32m service on [[0m[1;32m/world/default/remove/blocking[0m[1;32m] (blocking)[0m[1;32m[0m
[gazebo-2] [1;32m[Msg] [0m[1;32mPose[0m[1;32m service on [[0m[1;32m/world/default/set_pose[0m[1;32m] (async)[0m[1;32m[0m
[gazebo-2] [1;32m[Msg] [0m[1;32mPose[0m[1;32m service on [[0m[1;32m/world/default/set_pose/blocking[0m[1;32m] (blocking)[0m[1;32m[0m
[gazebo-2] [1;32m[Msg] [0m[1;32mPose[0m[1;32m service on [[0m[1;32m/world/default/set_pose_vector[0m[1;32m] (async)[0m[1;32m[0m
[gazebo-2] [1;32m[Msg] [0m[1;32mPose[0m[1;32m service on [[0m[1;32m/world/default/set_pose_vector/blocking[0m[1;32m] (blocking)[0m[1;32m[0m
[gazebo-2] [1;32m[Msg] [0m[1;32mLight configuration[0m[1;32m service on [[0m[1;32m/world/default/light_config[0m[1;32m] (async)[0m[1;32m[0m
[gazebo-2] [1;32m[Msg] [0m[1;32mLight configuration[0m[1;32m service on [[0m[1;32m/world/default/light_config/blocking[0m[1;32m] (blocking)[0m[1;32m[0m
[gazebo-2] [1;32m[Msg] [0m[1;32mPhysics[0m[1;32m service on [[0m[1;32m/world/default/set_physics[0m[1;32m] (async)[0m[1;32m[0m
[gazebo-2] [1;32m[Msg] [0m[1;32mPhysics[0m[1;32m service on [[0m[1;32m/world/default/set_physics/blocking[0m[1;32m] (blocking)[0m[1;32m[0m
[gazebo-2] [1;32m[Msg] [0m[1;32mSphericalCoordinates[0m[1;32m service on [[0m[1;32m/world/default/set_spherical_coordinates[0m[1;32m] (async)[0m[1;32m[0m
[gazebo-2] [1;32m[Msg] [0m[1;32mSphericalCoordinates[0m[1;32m service on [[0m[1;32m/world/default/set_spherical_coordinates/blocking[0m[1;32m] (blocking)[0m[1;32m[0m
[gazebo-2] [1;32m[Msg] [0m[1;32mEnable collision[0m[1;32m service on [[0m[1;32m/world/default/enable_collision[0m[1;32m] (async)[0m[1;32m[0m
[gazebo-2] [1;32m[Msg] [0m[1;32mEnable collision[0m[1;32m service on [[0m[1;32m/world/default/enable_collision/blocking[0m[1;32m] (blocking)[0m[1;32m[0m
[gazebo-2] [1;32m[Msg] [0m[1;32mDisable collision[0m[1;32m service on [[0m[1;32m/world/default/disable_collision[0m[1;32m] (async)[0m[1;32m[0m
[gazebo-2] [1;32m[Msg] [0m[1;32mDisable collision[0m[1;32m service on [[0m[1;32m/world/default/disable_collision/blocking[0m[1;32m] (blocking)[0m[1;32m[0m
[gazebo-2] [1;32m[Msg] [0m[1;32mMaterial[0m[1;32m service on [[0m[1;32m/world/default/visual_config[0m[1;32m] (async)[0m[1;32m[0m
[gazebo-2] [1;32m[Msg] [0m[1;32mMaterial[0m[1;32m service on [[0m[1;32m/world/default/visual_config/blocking[0m[1;32m] (blocking)[0m[1;32m[0m
[gazebo-2] [1;32m[Msg] [0m[1;32mMaterial[0m[1;32m service on [[0m[1;32m/world/default/wheel_slip[0m[1;32m] (async)[0m[1;32m[0m
[gazebo-2] [1;32m[Msg] [0m[1;32mMaterial[0m[1;32m service on [[0m[1;32m/world/default/wheel_slip/blocking[0m[1;32m] (blocking)[0m[1;32m[0m
[gazebo-2] [1;36m[Dbg] [SystemManager.cc:80] [0m[1;36mLoaded system [[0m[1;36mgz::sim::systems::UserCommands[0m[1;36m] for entity [[0m[1;36m1[0m[1;36m][0m[1;36m[0m
[create-3] [INFO] [1787260960.128991730] [ros_gz_sim]: Entity creation successful.
[move_group-8] [INFO] [1787260960.174910322] [move_group.moveit.moveit.kinematics.kdl_kinematics_plugin]: Joint weights for group 'ar_manipulator': 1 1 1 1 1 1
[INFO] [create-3]: process has finished cleanly [pid 246371]
[move_group-8] [INFO] [1787260960.429819746] [move_group.moveit.moveit.ros.planning_scene_monitor]: Publishing maintained planning scene on 'monitored_planning_scene'
[move_group-8] [INFO] [1787260960.429965070] [move_group.moveit.moveit.ros.moveit_cpp]: Listening to 'joint_states' for joint states
[move_group-8] [INFO] [1787260960.430927018] [move_group.moveit.moveit.ros.current_state_monitor]: Listening to joint states on topic 'joint_states'
[move_group-8] [INFO] [1787260960.431603628] [move_group.moveit.moveit.ros.planning_scene_monitor]: Listening to '/attached_collision_object' for attached collision objects
[move_group-8] [INFO] [1787260960.431634032] [move_group.moveit.moveit.ros.planning_scene_monitor]: Stopping existing planning scene publisher.
[move_group-8] [INFO] [1787260960.431768688] [move_group.moveit.moveit.ros.planning_scene_monitor]: Stopped publishing maintained planning scene.
[move_group-8] [INFO] [1787260960.432350645] [move_group.moveit.moveit.ros.planning_scene_monitor]: Publishing maintained planning scene on 'monitored_planning_scene'
[move_group-8] [INFO] [1787260960.432454286] [move_group.moveit.moveit.ros.planning_scene_monitor]: Starting planning scene monitor
[move_group-8] [INFO] [1787260960.433060748] [move_group.moveit.moveit.ros.planning_scene_monitor]: Listening to '/planning_scene'
[move_group-8] [INFO] [1787260960.433098341] [move_group.moveit.moveit.ros.planning_scene_monitor]: Starting world geometry update monitor for collision objects, attached objects, octomap updates.
[move_group-8] [INFO] [1787260960.433773891] [move_group.moveit.moveit.ros.planning_scene_monitor]: Listening to 'collision_object'
[move_group-8] [INFO] [1787260960.434369655] [move_group.moveit.moveit.ros.planning_scene_monitor]: Listening to 'planning_scene_world' for planning scene world geometry
[move_group-8] [WARN] [1787260960.466538539] [move_group.moveit.moveit.ros.occupancy_map_monitor]: Resolution not specified for Octomap. Assuming resolution = 0.1 instead
[move_group-8] [ERROR] [1787260960.466598818] [move_group.moveit.moveit.ros.occupancy_map_monitor]: No 3D sensor plugin(s) defined for octomap updates
[spawner-6] [INFO] [1787260960.570023310] [spawner_joint_trajectory_controller]: waiting for service /controller_manager/list_controllers to become available...
[move_group-8] [INFO] [1787260960.695081747] [move_group.moveit.moveit.ros.planning_pipeline]: Successfully loaded planner 'OMPL'
[move_group-8] [INFO] [1787260960.841136749] [move_group]: Try loading adapter 'default_planning_request_adapters/CheckStartStateBounds'
[move_group-8] [INFO] [1787260960.860758275] [move_group]: Loaded adapter 'default_planning_request_adapters/CheckStartStateBounds'
[move_group-8] [INFO] [1787260960.860796429] [move_group]: Try loading adapter 'default_planning_request_adapters/CheckStartStateCollision'
[move_group-8] [INFO] [1787260960.860813885] [move_group]: Loaded adapter 'default_planning_request_adapters/CheckStartStateCollision'
[move_group-8] [INFO] [1787260960.860818265] [move_group]: Try loading adapter 'default_planning_request_adapters/ResolveConstraintFrames'
[move_group-8] [INFO] [1787260960.860829303] [move_group]: Loaded adapter 'default_planning_request_adapters/ResolveConstraintFrames'
[move_group-8] [INFO] [1787260960.860832992] [move_group]: Try loading adapter 'default_planning_request_adapters/ValidateWorkspaceBounds'
[move_group-8] [INFO] [1787260960.860845710] [move_group]: Loaded adapter 'default_planning_request_adapters/ValidateWorkspaceBounds'
[move_group-8] [INFO] [1787260961.011038136] [move_group]: Try loading adapter 'default_planning_response_adapters/AddTimeOptimalParameterization'
[move_group-8] [INFO] [1787260961.032411751] [move_group]: Loaded adapter 'default_planning_response_adapters/AddTimeOptimalParameterization'
[move_group-8] [INFO] [1787260961.032450504] [move_group]: Try loading adapter 'default_planning_response_adapters/ValidateSolution'
[move_group-8] [INFO] [1787260961.035367670] [move_group]: Loaded adapter 'default_planning_response_adapters/ValidateSolution'
[move_group-8] [INFO] [1787260961.222286012] [move_group.moveit.moveit.planners.pilz.joint_limits_aggregator]: Reading limits from namespace robot_description_planning
[move_group-8] [INFO] [1787260961.282428994] [move_group.moveit.moveit.planners.pilz.command_planner]: Available plugins: pilz_industrial_motion_planner/PlanningContextLoaderCIRC pilz_industrial_motion_planner/PlanningContextLoaderLIN pilz_industrial_motion_planner/PlanningContextLoaderPTP 
[move_group-8] [INFO] [1787260961.282514798] [move_group.moveit.moveit.planners.pilz.command_planner]: About to load: pilz_industrial_motion_planner/PlanningContextLoaderCIRC
[move_group-8] [INFO] [1787260961.301848248] [move_group.moveit.moveit.planners.pilz.command_planner]: Registered Algorithm [CIRC]
[move_group-8] [INFO] [1787260961.301900089] [move_group.moveit.moveit.planners.pilz.command_planner]: About to load: pilz_industrial_motion_planner/PlanningContextLoaderLIN
[move_group-8] [INFO] [1787260961.318397164] [move_group.moveit.moveit.planners.pilz.command_planner]: Registered Algorithm [LIN]
[move_group-8] [INFO] [1787260961.318438647] [move_group.moveit.moveit.planners.pilz.command_planner]: About to load: pilz_industrial_motion_planner/PlanningContextLoaderPTP
[move_group-8] [INFO] [1787260961.335391202] [move_group.moveit.moveit.planners.pilz.command_planner]: Registered Algorithm [PTP]
[move_group-8] [INFO] [1787260961.335448202] [move_group.moveit.moveit.ros.planning_pipeline]: Successfully loaded planner 'Pilz Industrial Motion Planner'
[move_group-8] [INFO] [1787260961.482930837] [move_group]: Try loading adapter 'default_planning_request_adapters/CheckStartStateBounds'
[move_group-8] [INFO] [1787260961.501340175] [move_group]: Loaded adapter 'default_planning_request_adapters/CheckStartStateBounds'
[move_group-8] [INFO] [1787260961.501378078] [move_group]: Try loading adapter 'default_planning_request_adapters/CheckStartStateCollision'
[move_group-8] [INFO] [1787260961.501393786] [move_group]: Loaded adapter 'default_planning_request_adapters/CheckStartStateCollision'
[move_group-8] [INFO] [1787260961.501397755] [move_group]: Try loading adapter 'default_planning_request_adapters/ResolveConstraintFrames'
[move_group-8] [INFO] [1787260961.501406573] [move_group]: Loaded adapter 'default_planning_request_adapters/ResolveConstraintFrames'
[move_group-8] [INFO] [1787260961.501410133] [move_group]: Try loading adapter 'default_planning_request_adapters/ValidateWorkspaceBounds'
[move_group-8] [INFO] [1787260961.501423860] [move_group]: Loaded adapter 'default_planning_request_adapters/ValidateWorkspaceBounds'
[move_group-8] [INFO] [1787260961.671784504] [move_group]: Try loading adapter 'default_planning_response_adapters/AddTimeOptimalParameterization'
[move_group-8] [INFO] [1787260961.692065861] [move_group]: Loaded adapter 'default_planning_response_adapters/AddTimeOptimalParameterization'
[move_group-8] [INFO] [1787260961.692116314] [move_group]: Try loading adapter 'default_planning_response_adapters/ValidateSolution'
[move_group-8] [INFO] [1787260961.692770201] [move_group]: Loaded adapter 'default_planning_response_adapters/ValidateSolution'
[gazebo-2] [1;36m[Dbg] [SystemManager.cc:80] [0m[1;36mLoaded system [[0m[1;36mgz::sim::systems::SceneBroadcaster[0m[1;36m] for entity [[0m[1;36m1[0m[1;36m][0m[1;36m[0m
[gazebo-2] [1;36m[Dbg] [Sensors.cc:697] [0m[1;36mConfiguring Sensors system[0m[1;36m[0m
[gazebo-2] [1;36m[Dbg] [Sensors.cc:557] [0m[1;36mSensorsPrivate::Run[0m[1;36m[0m
[gazebo-2] [1;36m[Dbg] [SystemManager.cc:80] [0m[1;36mLoaded system [[0m[1;36mgz::sim::systems::Sensors[0m[1;36m] for entity [[0m[1;36m1[0m[1;36m][0m[1;36m[0m
[gazebo-2] [1;36m[Dbg] [Sensors.cc:532] [0m[1;36mSensorsPrivate::RenderThread started[0m[1;36m[0m
[gazebo-2] [1;36m[Dbg] [Sensors.cc:337] [0m[1;36mWaiting for init[0m[1;36m[0m
[gazebo-2] [1;32m[Msg] [0m[1;32mLoaded level [[0m[1;32mdefault[0m[1;32m][0m[1;32m[0m
[gazebo-2] [1;32m[Msg] [0m[1;32mServing world controls on [[0m[1;32m/world/default[0m[1;32m/control], [[0m[1;32m/world/default[0m[1;32m/control/state] and [[0m[1;32m/world/default[0m[1;32m/playback/control][0m[1;32m[0m
[gazebo-2] [1;32m[Msg] [0m[1;32mServing GUI information on [[0m[1;32m/world/default[0m[1;32m/[0m[1;32mgui/info[0m[1;32m][0m[1;32m[0m
[gazebo-2] [1;32m[Msg] [0m[1;32mWorld [[0m[1;32mdefault[0m[1;32m] initialized with [[0m[1;32m1ms[0m[1;32m] physics profile.[0m[1;32m[0m
[gazebo-2] [1;32m[Msg] [0m[1;32mServing world SDF generation service on [[0m[1;32m/world/default[0m[1;32m/[0m[1;32mgenerate_world_sdf[0m[1;32m][0m[1;32m[0m
[gazebo-2] [1;32m[Msg] [0m[1;32mServing world names on [[0m[1;32m/gazebo/worlds[0m[1;32m][0m[1;32m[0m
[gazebo-2] [1;32m[Msg] [0m[1;32mResource path add service on [[0m[1;32m/gazebo/resource_paths/add[0m[1;32m].[0m[1;32m[0m
[gazebo-2] [1;32m[Msg] [0m[1;32mResource path get service on [[0m[1;32m/gazebo/resource_paths/get[0m[1;32m].[0m[1;32m[0m
[gazebo-2] [1;32m[Msg] [0m[1;32mResource path resolve service on [[0m[1;32m/gazebo/resource_paths/resolve[0m[1;32m].[0m[1;32m[0m
[gazebo-2] [1;32m[Msg] [0m[1;32mResource paths published on [[0m[1;32m/gazebo/resource_paths[0m[1;32m].[0m[1;32m[0m
[gazebo-2] [1;32m[Msg] [0m[1;32mServer control service on [[0m[1;32m/server_control[0m[1;32m].[0m[1;32m[0m
[gazebo-2] [1;32m[Msg] [0m[1;32mFound no publishers on /stats, adding root stats topic[0m[1;32m[0m
[gazebo-2] [1;32m[Msg] [0m[1;32mFound no publishers on /clock, adding root clock topic[0m[1;32m[0m
[gazebo-2] [1;36m[Dbg] [SimulationRunner.cc:551] [0m[1;36mCreating PostUpdate worker threads: [0m[1;36m3[0m[1;36m[0m
[gazebo-2] [1;36m[Dbg] [SimulationRunner.cc:562] [0m[1;36mCreating postupdate worker thread ([0m[1;36m0[0m[1;36m)[0m[1;36m[0m
[gazebo-2] [1;36m[Dbg] [SimulationRunner.cc:562] [0m[1;36mCreating postupdate worker thread ([0m[1;36m1[0m[1;36m)[0m[1;36m[0m
[gazebo-2] [1;33mWarning [Utils.cc:132][0m [/sdf/model[@name="mk5"]/link[@name="base_link"]/sensor[@name="sim_color"]/gz_frame_id:/home/jonas/benchmarks/runs/sim_wp2-s004-d4c502c497/perturbed_robot.urdf:L0]: XML Element[gz_frame_id], child of element[sensor], not defined in SDF. Copying[gz_frame_id] as children of [sensor].
[move_group-8] [INFO] [1787260961.923189379] [move_group.moveit.moveit.plugins.simple_controller_manager]: Added FollowJointTrajectory controller for joint_trajectory_controller
[move_group-8] [INFO] [1787260961.923251525] [move_group.moveit.moveit.plugins.simple_controller_manager]: gripper_controller will command a max effort of: 0
[move_group-8] [INFO] [1787260961.927276421] [move_group.moveit.moveit.plugins.simple_controller_manager]: Added GripperCommand controller for gripper_controller
[move_group-8] [INFO] [1787260961.927529416] [move_group.moveit.moveit.plugins.simple_controller_manager]: Returned 2 controllers in list
[move_group-8] [INFO] [1787260961.927561614] [move_group.moveit.moveit.plugins.simple_controller_manager]: Returned 2 controllers in list
[move_group-8] [INFO] [1787260961.928162058] [move_group.moveit.moveit.ros.trajectory_execution_manager]: Trajectory execution is not managing controllers
[move_group-8] [INFO] [1787260961.928198758] [move_group]: MoveGroup debug mode is ON
[gazebo-2] [INFO] [1787260962.057620150] [gz_ros_control]: [gz_ros2_control] Fixed joint ['base_joint'] (Entity='63') is skipped.
[move_group-8] [INFO] [1787260962.061343177] [move_group.moveit.moveit.planners.pilz.move_group_sequence_action]: initialize move group sequence action
[move_group-8] [INFO] [1787260962.066477256] [move_group.moveit.moveit.planners.pilz.joint_limits_aggregator]: Reading limits from namespace robot_description_planning
[move_group-8] [INFO] [1787260962.066711855] [move_group.moveit.moveit.planners.pilz.joint_limits_aggregator]: Reading limits from namespace robot_description_planning
[move_group-8] [INFO] [1787260962.068018544] [move_group.moveit.moveit.ros.move_group.executable]: 
[move_group-8] 
[move_group-8] ********************************************************
[move_group-8] * MoveGroup using: 
[move_group-8] *     - apply_planning_scene_service
[move_group-8] *     - clear_octomap_service
[move_group-8] *     - get_group_urdf
[move_group-8] *     - load_geometry_from_file
[move_group-8] *     - CartesianPathService
[move_group-8] *     - execute_trajectory_action
[move_group-8] *     - get_planning_scene_service
[move_group-8] *     - kinematics_service
[move_group-8] *     - move_action
[move_group-8] *     - motion_plan_service
[move_group-8] *     - query_planners_service
[move_group-8] *     - state_validation_service
[move_group-8] *     - save_geometry_to_file
[move_group-8] *     - SequenceAction
[move_group-8] *     - SequenceService
[move_group-8] ********************************************************
[move_group-8] 
[move_group-8] [INFO] [1787260962.068074578] [move_group.moveit.moveit.ros.move_group.context]: MoveGroup context using pipeline ompl
[move_group-8] [INFO] [1787260962.068084070] [move_group.moveit.moveit.ros.move_group.context]: MoveGroup context initialization complete
[move_group-8] [96mLoading 'move_group/ApplyPlanningSceneService'...[0m
[move_group-8] [96mLoading 'move_group/ClearOctomapService'...[0m
[move_group-8] [96mLoading 'move_group/GetUrdfService'...[0m
[move_group-8] [96mLoading 'move_group/LoadGeometryFromFileService'...[0m
[move_group-8] [96mLoading 'move_group/MoveGroupCartesianPathService'...[0m
[move_group-8] [96mLoading 'move_group/MoveGroupExecuteTrajectoryAction'...[0m
[move_group-8] [96mLoading 'move_group/MoveGroupGetPlanningSceneService'...[0m
[move_group-8] [96mLoading 'move_group/MoveGroupKinematicsService'...[0m
[move_group-8] [96mLoading 'move_group/MoveGroupMoveAction'...[0m
[move_group-8] [96mLoading 'move_group/MoveGroupPlanService'...[0m
[move_group-8] [96mLoading 'move_group/MoveGroupQueryPlannersService'...[0m
[move_group-8] [96mLoading 'move_group/MoveGroupStateValidationService'...[0m
[move_group-8] [96mLoading 'move_group/SaveGeometryToFileService'...[0m
[move_group-8] [96mLoading 'pilz_industrial_motion_planner/MoveGroupSequenceAction'...[0m
[move_group-8] [96mLoading 'pilz_industrial_motion_planner/MoveGroupSequenceService'...[0m
[move_group-8] 
[move_group-8] [92mYou can start planning now![0m
[move_group-8] 
[ground_truth-9] [INFO] [1787260962.189269900] [ground_truth]: Ground truth ready: calibration_type=eye_to_hand, perturbation_file=/home/jonas/benchmarks/runs/sim_wp2-s004-d4c502c497/perturbation.yaml, output_file=/home/jonas/benchmarks/runs/sim_wp2-s004-d4c502c497/ros_home/annin_ar4_calibration/ground_truth.yaml
[gazebo-2] [INFO] [1787260962.374287682] [gz_ros_control]: Loading controller_manager
[gazebo-2] [INFO] [1787260963.092972366] [controller_manager]: Using ROS clock for triggering controller manager cycles.
[gazebo-2] [INFO] [1787260963.104837714] [controller_manager]: Subscribing to '/robot_description' topic for robot description.
[gazebo-2] [WARN] [1787260963.113464398] [gz_ros_control]: Waiting RM to load and initialize hardware...
[gazebo-2] [INFO] [1787260963.115327515] [controller_manager]: Received robot description from topic.
[gazebo-2] [INFO] [1787260963.115455106] [controller_manager]: Enforcing command limits is disabled. Command limits from URDF will be ignored.
[gazebo-2] text not specified in the tf_prefix tag
[gazebo-2] text not specified in the tf_prefix tag
[gazebo-2] [INFO] [1787260963.265480167] [gz_ros_control]: The position_proportional_gain has been set to: 0.1
[gazebo-2] [INFO] [1787260963.265572200] [gz_ros_control]: Loading joint: joint_1
[gazebo-2] [INFO] [1787260963.265581552] [gz_ros_control]: 	State:
[gazebo-2] [INFO] [1787260963.265588094] [gz_ros_control]: 		 position
[gazebo-2] [INFO] [1787260963.265596686] [gz_ros_control]: 			 found initial value: 0.000000
[gazebo-2] [INFO] [1787260963.265607088] [gz_ros_control]: 		 velocity
[gazebo-2] [INFO] [1787260963.265614280] [gz_ros_control]: 			 found initial value: 0.000000
[gazebo-2] [INFO] [1787260963.265618691] [gz_ros_control]: 	Command:
[gazebo-2] [INFO] [1787260963.265622222] [gz_ros_control]: 		 position
[gazebo-2] [INFO] [1787260963.265630544] [gz_ros_control]: 		 velocity
[gazebo-2] [INFO] [1787260963.265638866] [gz_ros_control]: Loading joint: joint_2
[gazebo-2] [INFO] [1787260963.265642837] [gz_ros_control]: 	State:
[gazebo-2] [INFO] [1787260963.265646278] [gz_ros_control]: 		 position
[gazebo-2] [INFO] [1787260963.265650379] [gz_ros_control]: 			 found initial value: 0.000000
[gazebo-2] [INFO] [1787260963.265654020] [gz_ros_control]: 		 velocity
[gazebo-2] [INFO] [1787260963.265657771] [gz_ros_control]: 			 found initial value: 0.000000
[gazebo-2] [INFO] [1787260963.265661372] [gz_ros_control]: 	Command:
[gazebo-2] [INFO] [1787260963.265664833] [gz_ros_control]: 		 position
[gazebo-2] [INFO] [1787260963.265669884] [gz_ros_control]: 		 velocity
[gazebo-2] [INFO] [1787260963.265677036] [gz_ros_control]: Loading joint: joint_3
[gazebo-2] [INFO] [1787260963.265681077] [gz_ros_control]: 	State:
[gazebo-2] [INFO] [1787260963.265684537] [gz_ros_control]: 		 position
[gazebo-2] [INFO] [1787260963.265688128] [gz_ros_control]: 			 found initial value: 0.000000
[gazebo-2] [INFO] [1787260963.265691739] [gz_ros_control]: 		 velocity
[gazebo-2] [INFO] [1787260963.265695020] [gz_ros_control]: 			 found initial value: 0.000000
[gazebo-2] [INFO] [1787260963.265698581] [gz_ros_control]: 	Command:
[gazebo-2] [INFO] [1787260963.265701712] [gz_ros_control]: 		 position
[gazebo-2] [INFO] [1787260963.265706673] [gz_ros_control]: 		 velocity
[gazebo-2] [INFO] [1787260963.265713735] [gz_ros_control]: Loading joint: joint_4
[gazebo-2] [INFO] [1787260963.265717276] [gz_ros_control]: 	State:
[gazebo-2] [INFO] [1787260963.265720476] [gz_ros_control]: 		 position
[gazebo-2] [INFO] [1787260963.265723607] [gz_ros_control]: 			 found initial value: 0.000000
[gazebo-2] [INFO] [1787260963.265768548] [gz_ros_control]: 		 velocity
[gazebo-2] [INFO] [1787260963.265775530] [gz_ros_control]: 			 found initial value: 0.000000
[gazebo-2] [INFO] [1787260963.265779401] [gz_ros_control]: 	Command:
[gazebo-2] [INFO] [1787260963.265782712] [gz_ros_control]: 		 position
[gazebo-2] [INFO] [1787260963.265789613] [gz_ros_control]: 		 velocity
[gazebo-2] [INFO] [1787260963.265797205] [gz_ros_control]: Loading joint: joint_5
[gazebo-2] [INFO] [1787260963.265800936] [gz_ros_control]: 	State:
[gazebo-2] [INFO] [1787260963.265804337] [gz_ros_control]: 		 position
[gazebo-2] [INFO] [1787260963.265808498] [gz_ros_control]: 			 found initial value: 0.000000
[gazebo-2] [INFO] [1787260963.265812679] [gz_ros_control]: 		 velocity
[gazebo-2] [INFO] [1787260963.265815990] [gz_ros_control]: 			 found initial value: 0.000000
[gazebo-2] [INFO] [1787260963.265819601] [gz_ros_control]: 	Command:
[gazebo-2] [INFO] [1787260963.265822921] [gz_ros_control]: 		 position
[gazebo-2] [INFO] [1787260963.265828493] [gz_ros_control]: 		 velocity
[gazebo-2] [INFO] [1787260963.265835205] [gz_ros_control]: Loading joint: joint_6
[gazebo-2] [INFO] [1787260963.265838815] [gz_ros_control]: 	State:
[gazebo-2] [INFO] [1787260963.265842256] [gz_ros_control]: 		 position
[gazebo-2] [INFO] [1787260963.265845457] [gz_ros_control]: 			 found initial value: 0.000000
[gazebo-2] [INFO] [1787260963.265849048] [gz_ros_control]: 		 velocity
[gazebo-2] [INFO] [1787260963.265874494] [gz_ros_control]: 			 found initial value: 0.000000
[gazebo-2] [INFO] [1787260963.265879225] [gz_ros_control]: 	Command:
[gazebo-2] [INFO] [1787260963.265882826] [gz_ros_control]: 		 position
[gazebo-2] [INFO] [1787260963.265888138] [gz_ros_control]: 		 velocity
[gazebo-2] [INFO] [1787260963.265997774] [controller_manager]: Initialize hardware 'mk5' 
[gazebo-2] [WARN] [1787260963.266015909] [controller_manager.hardware_component.system.mk5]: Executor is not available during hardware component initialization for 'mk5'. Skipping node creation!
[gazebo-2] [INFO] [1787260963.266080555] [controller_manager]: Successful initialization of hardware 'mk5'
[gazebo-2] [INFO] [1787260963.266188051] [gz_ros_control]: The position_proportional_gain has been set to: 0.1
[gazebo-2] [INFO] [1787260963.266200594] [gz_ros_control]: Loading joint: gripper_jaw1_joint
[gazebo-2] [INFO] [1787260963.266205095] [gz_ros_control]: 	State:
[gazebo-2] [INFO] [1787260963.266208746] [gz_ros_control]: 		 position
[gazebo-2] [INFO] [1787260963.266212417] [gz_ros_control]: 			 found initial value: 0.000000
[gazebo-2] [INFO] [1787260963.266216358] [gz_ros_control]: 		 velocity
[gazebo-2] [INFO] [1787260963.266220299] [gz_ros_control]: 			 found initial value: 0.000000
[gazebo-2] [INFO] [1787260963.266223960] [gz_ros_control]: 	Command:
[gazebo-2] [INFO] [1787260963.266227231] [gz_ros_control]: 		 position
[gazebo-2] [INFO] [1787260963.266237203] [gz_ros_control]: Loading joint: gripper_jaw2_joint
[gazebo-2] [INFO] [1787260963.266246576] [gz_ros_control]: Joint 'gripper_jaw2_joint'is mimicking joint 'gripper_jaw1_joint' with multiplier: 1 and offset: 0
[gazebo-2] [INFO] [1787260963.266251507] [gz_ros_control]: 	State:
[gazebo-2] [INFO] [1787260963.266254888] [gz_ros_control]: 		 position
[gazebo-2] [INFO] [1787260963.266258399] [gz_ros_control]: 			 found initial value: 0.000000
[gazebo-2] [INFO] [1787260963.266262210] [gz_ros_control]: 		 velocity
[gazebo-2] [INFO] [1787260963.266265820] [gz_ros_control]: 			 found initial value: 0.000000
[gazebo-2] [INFO] [1787260963.266269411] [gz_ros_control]: 	Command:
[gazebo-2] [INFO] [1787260963.266287016] [controller_manager]: Initialize hardware 'ARGripperGazeboSystem' 
[gazebo-2] [WARN] [1787260963.266294007] [controller_manager.hardware_component.system.ARGripperGazeboSystem]: Executor is not available during hardware component initialization for 'ARGripperGazeboSystem'. Skipping node creation!
[gazebo-2] [INFO] [1787260963.266307411] [controller_manager]: Successful initialization of hardware 'ARGripperGazeboSystem'
[gazebo-2] [INFO] [1787260963.266349141] [controller_manager]: Activating component 'ARGripperGazeboSystem'.
[gazebo-2] [INFO] [1787260963.266359263] [resource_manager]: 'configure' hardware 'ARGripperGazeboSystem' 
[gazebo-2] [INFO] [1787260963.266363845] [gz_ros_control]: System Successfully configured!
[gazebo-2] [INFO] [1787260963.266367845] [resource_manager]: Successful 'configure' of hardware 'ARGripperGazeboSystem'
[gazebo-2] [INFO] [1787260963.266373867] [resource_manager]: 'activate' hardware 'ARGripperGazeboSystem' 
[gazebo-2] [INFO] [1787260963.266386680] [resource_manager]: Successful 'activate' of hardware 'ARGripperGazeboSystem'
[gazebo-2] [INFO] [1787260963.266453857] [controller_manager]: Activating component 'mk5'.
[gazebo-2] [INFO] [1787260963.266458638] [resource_manager]: 'configure' hardware 'mk5' 
[gazebo-2] [INFO] [1787260963.266461038] [gz_ros_control]: System Successfully configured!
[gazebo-2] [INFO] [1787260963.266464529] [resource_manager]: Successful 'configure' of hardware 'mk5'
[gazebo-2] [INFO] [1787260963.266468590] [resource_manager]: 'activate' hardware 'mk5' 
[gazebo-2] [INFO] [1787260963.266471451] [resource_manager]: Successful 'activate' of hardware 'mk5'
[gazebo-2] [WARN] [1787260963.266488145] [controller_manager]: Component 'ARGripperGazeboSystem' does not have read or write statistics initialized, skipping registration.
[gazebo-2] [WARN] [1787260963.266492886] [controller_manager]: Component 'mk5' does not have read or write statistics initialized, skipping registration.
[gazebo-2] [INFO] [1787260963.266499108] [controller_manager]: Resource Manager has been successfully initialized. Starting Controller Manager services...
[gazebo-2] [INFO] [1787260963.324034463] [controller_manager]: Loading controller : 'joint_trajectory_controller' of type 'joint_trajectory_controller/JointTrajectoryController'
[gazebo-2] [INFO] [1787260963.324091247] [controller_manager]: Loading controller 'joint_trajectory_controller'
[gazebo-2] [INFO] [1787260963.369072524] [controller_manager]: Controller 'joint_trajectory_controller' node arguments: --ros-args --params-file /tmp/tmp51qr3w38.yaml -p use_sim_time:=true --param use_sim_time:=true 
[spawner-6] [INFO] [1787260963.522229947] [spawner_joint_trajectory_controller]: Loaded joint_trajectory_controller
[gazebo-2] [INFO] [1787260963.523624659] [controller_manager]: Configuring controller: 'joint_trajectory_controller'
[gazebo-2] [INFO] [1787260963.523917841] [joint_trajectory_controller]: No specific joint names are used for command interfaces. Using 'joints' parameter.
[gazebo-2] [INFO] [1787260963.523969644] [joint_trajectory_controller]: Command interfaces are [position velocity] and state interfaces are [position velocity].
[gazebo-2] [INFO] [1787260963.523995350] [joint_trajectory_controller]: Using 'splines' interpolation method.
[gazebo-2] [INFO] [1787260963.545722587] [joint_trajectory_controller]: Action status changes will be monitored at 20.00 Hz.
[gazebo-2] [INFO] [1787260963.555305005] [joint_trajectory_controller]: No scaling interface set. This controller will not read speed scaling from the hardware.
[gazebo-2] [INFO] [1787260963.556966852] [controller_manager]: Activating controllers: [ joint_trajectory_controller ]
[gazebo-2] [1;31m[Err] [SystemPaths.cc:426] [0m[1;31mUnable to find file with URI [[0m[1;31mmodel://annin_ar4_description/meshes/ar4_mk5/Link_6_Col.STL[0m[1;31m][0m[1;31m[0m
[gazebo-2] [1;31m[Err] [SystemPaths.cc:526] [0m[1;31mCould not resolve file [[0m[1;31mmodel://annin_ar4_description/meshes/ar4_mk5/Link_6_Col.STL[0m[1;31m][0m[1;31m[0m
[gazebo-2] [1;31m[Err] [MeshManager.cc:211] [0m[1;31mUnable to find file[[0m[1;31mmodel://annin_ar4_description/meshes/ar4_mk5/Link_6_Col.STL[0m[1;31m][0m
[gazebo-2] [1;33m[Wrn] [SDFFeatures.cc:1094] [0m[1;33mFailed to load mesh from [[0m[1;33mmodel://annin_ar4_description/meshes/ar4_mk5/Link_6_Col.STL[0m[1;33m].[0m[1;33m[0m
[gazebo-2] [1;31m[Err] [SystemPaths.cc:426] [0m[1;31mUnable to find file with URI [[0m[1;31mmodel://annin_ar4_description/meshes/ar4_mk5/Link_5_Col.STL[0m[1;31m][0m[1;31m[0m
[gazebo-2] [1;31m[Err] [SystemPaths.cc:526] [0m[1;31mCould not resolve file [[0m[1;31mmodel://annin_ar4_description/meshes/ar4_mk5/Link_5_Col.STL[0m[1;31m][0m[1;31m[0m
[gazebo-2] [1;31m[Err] [MeshManager.cc:211] [0m[1;31mUnable to find file[[0m[1;31mmodel://annin_ar4_description/meshes/ar4_mk5/Link_5_Col.STL[0m[1;31m][0m
[gazebo-2] [1;33m[Wrn] [SDFFeatures.cc:1094] [0m[1;33mFailed to load mesh from [[0m[1;33mmodel://annin_ar4_description/meshes/ar4_mk5/Link_5_Col.STL[0m[1;33m].[0m[1;33m[0m
[gazebo-2] [1;31m[Err] [SystemPaths.cc:426] [0m[1;31mUnable to find file with URI [[0m[1;31mmodel://annin_ar4_description/meshes/ar4_mk5/Link_5_Col.STL[0m[1;31m][0m[1;31m[0m
[gazebo-2] [1;31m[Err] [SystemPaths.cc:526] [0m[1;31mCould not resolve file [[0m[1;31mmodel://annin_ar4_description/meshes/ar4_mk5/Link_5_Col.STL[0m[1;31m][0m[1;31m[0m
[gazebo-2] [1;31m[Err] [MeshManager.cc:211] [0m[1;31mUnable to find file[[0m[1;31mmodel://annin_ar4_description/meshes/ar4_mk5/Link_5_Col.STL[0m[1;31m][0m
[gazebo-2] [1;33m[Wrn] [Util.cc:859] [0m[1;33mFailed to load mesh from [[0m[1;33mmodel://annin_ar4_description/meshes/ar4_mk5/Link_5_Col.STL[0m[1;33m].[0m[1;33m[0m
[gazebo-2] [1;31m[Err] [SystemPaths.cc:426] [0m[1;31mUnable to find file with URI [[0m[1;31mmodel://annin_ar4_description/meshes/ar4_mk5/Link_6_Col.STL[0m[1;31m][0m[1;31m[0m
[gazebo-2] [1;31m[Err] [SystemPaths.cc:526] [0m[1;31mCould not resolve file [[0m[1;31mmodel://annin_ar4_description/meshes/ar4_mk5/Link_6_Col.STL[0m[1;31m][0m[1;31m[0m
[gazebo-2] [1;31m[Err] [MeshManager.cc:211] [0m[1;31mUnable to find file[[0m[1;31mmodel://annin_ar4_description/meshes/ar4_mk5/Link_6_Col.STL[0m[1;31m][0m
[gazebo-2] [1;33m[Wrn] [Util.cc:859] [0m[1;33mFailed to load mesh from [[0m[1;33mmodel://annin_ar4_description/meshes/ar4_mk5/Link_6_Col.STL[0m[1;33m].[0m[1;33m[0m
[gazebo-2] [WARN] [1787260965.448574938] [gz_ros_control]:  Desired controller update period (0.0166667 s) is slower than the gazebo simulation period (0.001 s).
[gazebo-2] [1;36m[Dbg] [SystemManager.cc:80] [0m[1;36mLoaded system [[0m[1;36mgz_ros2_control::GazeboSimROS2ControlPlugin[0m[1;36m] for entity [[0m[1;36m19[0m[1;36m][0m[1;36m[0m
[gazebo-2] [1;36m[Dbg] [UserCommands.cc:1094] [0m[1;36mCreated entity [[0m[1;36m19[0m[1;36m] named [[0m[1;36mmk5[0m[1;36m][0m[1;36m[0m
[gazebo-2] [1;36m[Dbg] [Physics.cc:1086] [0m[1;36mAttempting to set physics options, but the [0m[1;36mphyiscs engine doesn't support feature [0m[1;36m[CollisionPairMaxContacts]. [0m[1;36mOptions will be ignored.[0m[1;36m[0m
[gazebo-2] [1;36m[Dbg] [Sensors.cc:953] [0m[1;36mInitialization needed[0m[1;36m[0m
[gazebo-2] [1;36m[Dbg] [Sensors.cc:349] [0m[1;36mInitializing render context[0m[1;36m[0m
[gazebo-2] [1;32m[Msg] [0m[1;32mLoading plugin [[0m[1;32mgz-rendering-ogre2[0m[1;32m][0m[1;32m[0m
[gazebo-2] [1;32m[Msg] [0m[1;32mServing scene information on [[0m[1;32m/world/default[0m[1;32m/[0m[1;32mscene/info[0m[1;32m][0m[1;32m[0m
[gazebo-2] [1;32m[Msg] [0m[1;32mServing graph information on [[0m[1;32m/world/default[0m[1;32m/[0m[1;32mscene/graph[0m[1;32m][0m[1;32m[0m
[gazebo-2] [1;32m[Msg] [0m[1;32mServing full state on [[0m[1;32m/world/default[0m[1;32m/[0m[1;32mstate[0m[1;32m][0m[1;32m[0m
[gazebo-2] [1;32m[Msg] [0m[1;32mServing full state (async) on [[0m[1;32m/world/default[0m[1;32m/[0m[1;32mstate_async[0m[1;32m][0m[1;32m[0m
[gazebo-2] [1;32m[Msg] [0m[1;32mPublishing scene information on [[0m[1;32m/world/default/scene/info[0m[1;32m][0m[1;32m[0m
[gazebo-2] [1;32m[Msg] [0m[1;32mPublishing entity deletions on [[0m[1;32m/world/default/scene/deletion[0m[1;32m][0m[1;32m[0m
[gazebo-2] [1;32m[Msg] [0m[1;32mPublishing state changes on [[0m[1;32m/world/default/state[0m[1;32m][0m[1;32m[0m
[gazebo-2] [1;32m[Msg] [0m[1;32mPublishing pose messages on [[0m[1;32m/world/default[0m[1;32m/[0m[1;32mpose/info[0m[1;32m][0m[1;32m[0m
[gazebo-2] [1;32m[Msg] [0m[1;32mPublishing dynamic pose messages on [[0m[1;32m/world/default[0m[1;32m/[0m[1;32mdynamic_pose/info[0m[1;32m][0m[1;32m[0m
[gazebo-2] [1;36m[Dbg] [SimulationRunner.cc:578] [0m[1;36mExiting postupdate worker thread ([0m[1;36m0[0m[1;36m)[0m[1;36m[0m
[gazebo-2] [1;36m[Dbg] [SimulationRunner.cc:578] [0m[1;36mExiting postupdate worker thread ([0m[1;36m1[0m[1;36m)[0m[1;36m[0m
[gazebo-2] [1;36m[Dbg] [SimulationRunner.cc:551] [0m[1;36mCreating PostUpdate worker threads: [0m[1;36m4[0m[1;36m[0m
[gazebo-2] [1;36m[Dbg] [SimulationRunner.cc:562] [0m[1;36mCreating postupdate worker thread ([0m[1;36m0[0m[1;36m)[0m[1;36m[0m
[gazebo-2] [1;36m[Dbg] [SimulationRunner.cc:562] [0m[1;36mCreating postupdate worker thread ([0m[1;36m1[0m[1;36m)[0m[1;36m[0m
[gazebo-2] [1;36m[Dbg] [SimulationRunner.cc:562] [0m[1;36mCreating postupdate worker thread ([0m[1;36m2[0m[1;36m)[0m[1;36m[0m
[gazebo-2]  dllPath = /usr/lib/wsl/drivers/iigd_dch_d.inf_amd64_090b7c5495907f9a, dllName = libigdgmm_w.so.12 
[gazebo-2]  IsWddmLinux = 1, dllWslName = /usr/lib/wsl/drivers/iigd_dch_d.inf_amd64_090b7c5495907f9a/libigdgmm_w.so.12  flags = 2
[gazebo-2]  dllPath = /usr/lib/wsl/drivers/iigd_dch_d.inf_amd64_090b7c5495907f9a, dllName = libigdgmm_w.so.12 
[gazebo-2]  IsWddmLinux = 1, dllWslName = /usr/lib/wsl/drivers/iigd_dch_d.inf_amd64_090b7c5495907f9a/libigdgmm_w.so.12  flags = 2
[gazebo-2]  dllPath = /usr/lib/wsl/drivers/iigd_dch_d.inf_amd64_090b7c5495907f9a, dllName = libigdgmm_w.so.12 
[gazebo-2]  IsWddmLinux = 1, dllWslName = /usr/lib/wsl/drivers/iigd_dch_d.inf_amd64_090b7c5495907f9a/libigdgmm_w.so.12  flags = 2
[gazebo-2]  dllPath = /usr/lib/wsl/drivers/iigd_dch_d.inf_amd64_090b7c5495907f9a, dllName = libigdgmm_w.so.12 
[gazebo-2]  IsWddmLinux = 1, dllWslName = /usr/lib/wsl/drivers/iigd_dch_d.inf_amd64_090b7c5495907f9a/libigdgmm_w.so.12  flags = 2
[gazebo-2]  dllPath = /usr/lib/wsl/drivers/iigd_dch_d.inf_amd64_090b7c5495907f9a, dllName = libigdgmm_w.so.12 
[gazebo-2]  IsWddmLinux = 1, dllWslName = /usr/lib/wsl/drivers/iigd_dch_d.inf_amd64_090b7c5495907f9a/libigdgmm_w.so.12  flags = 2
[gazebo-2]  dllPath = /usr/lib/wsl/drivers/iigd_dch_d.inf_amd64_090b7c5495907f9a, dllName = libigdgmm_w.so.12 
[gazebo-2]  IsWddmLinux = 1, dllWslName = /usr/lib/wsl/drivers/iigd_dch_d.inf_amd64_090b7c5495907f9a/libigdgmm_w.so.12  flags = 2
[gazebo-2] [1;36m[Dbg] [RenderUtil.cc:2646] [0m[1;36mCreate scene [[0m[1;36mscene[0m[1;36m][0m[1;36m[0m
[gazebo-2] [1;36m[Dbg] [Sensors.cc:391] [0m[1;36mRendering Thread initialized[0m[1;36m[0m
[gazebo-2] [1;36m[Dbg] [Sensors.cc:953] [0m[1;36mInitialization needed[0m[1;36m[0m
[gazebo-2] [1;33m[Wrn] [Ogre2Camera.cc:423] [0m[1;33mOgre2Camera::SetVisibilityMask: Mask bits [0m[1;33mc0000000[0m[1;33m are set but will be ignored as they conflict with the [0m[1;33mreserved bits used internally by the ogre2 backend.[0m[1;33m[0m
[gazebo-2] [INFO] [1787260969.435004486] [controller_manager]: Successfully switched controllers!
[spawner-6] [INFO] [1787260969.452877185] [spawner_joint_trajectory_controller]: Configured and activated joint_trajectory_controller
[INFO] [spawner-6]: process has finished cleanly [pid 246374]
[spawner-7] [INFO] [1787260970.025870305] [spawner_gripper_controller]: waiting for service /controller_manager/list_controllers to become available...
[gazebo-2] [INFO] [1787260970.278747699] [controller_manager]: Loading controller : 'gripper_controller' of type 'position_controllers/GripperActionController'
[gazebo-2] [INFO] [1787260970.278800054] [controller_manager]: Loading controller 'gripper_controller'
[gazebo-2] [INFO] [1787260970.309589376] [controller_manager]: Controller 'gripper_controller' node arguments: --ros-args --params-file /tmp/tmp51qr3w38.yaml -p use_sim_time:=true --param use_sim_time:=true 
[gazebo-2] [WARN] [1787260970.325969786] [gripper_controller]: [Deprecated]: the `position_controllers/GripperActionController` and `effort_controllers::GripperActionController` controllers are replaced by 'parallel_gripper_controllers/GripperActionController' controller
[spawner-7] [INFO] [1787260970.329025893] [spawner_gripper_controller]: Loaded gripper_controller
[gazebo-2] [INFO] [1787260970.330258988] [controller_manager]: Configuring controller: 'gripper_controller'
[gazebo-2] [INFO] [1787260970.330316975] [gripper_controller]: Action status changes will be monitored at 20.000000 Hz.
[gazebo-2] [INFO] [1787260970.355003511] [controller_manager]: Activating controllers: [ gripper_controller ]
[gazebo-2] [INFO] [1787260970.375087789] [controller_manager]: Successfully switched controllers!
[spawner-7] [INFO] [1787260970.392784468] [spawner_gripper_controller]: Configured and activated gripper_controller
[INFO] [spawner-7]: process has finished cleanly [pid 246375]
[spawner-5] [INFO] [1787260970.960804274] [spawner_joint_state_broadcaster]: waiting for service /controller_manager/list_controllers to become available...
[gazebo-2] [INFO] [1787260971.964247981] [controller_manager]: Loading controller : 'joint_state_broadcaster' of type 'joint_state_broadcaster/JointStateBroadcaster'
[gazebo-2] [INFO] [1787260971.964298316] [controller_manager]: Loading controller 'joint_state_broadcaster'
[gazebo-2] [1;36m[Dbg] [CameraSensor.cc:405] [0m[1;36mCamera images for [[0m[1;36mmk5::base_link::sim_color[0m[1;36m] advertised on [[0m[1;36msim_camera/color/image_raw[0m[1;36m][0m[1;36m[0m
[gazebo-2] [1;36m[Dbg] [CameraSensor.cc:695] [0m[1;36mCamera info for [[0m[1;36mmk5::base_link::sim_color[0m[1;36m] advertised on [[0m[1;36msim_camera/color/camera_info[0m[1;36m][0m[1;36m[0m
[gazebo-2] [1;36m[Dbg] [CameraSensor.cc:504] [0m[1;36mEnabling camera sensor: '[0m[1;36mmk5::base_link::sim_color[0m[1;36m' data [0m[1;36mgeneration.[0m[1;36m[0m
[gazebo-2] [INFO] [1787260972.095746642] [controller_manager]: Controller 'joint_state_broadcaster' node arguments: --ros-args --params-file /tmp/tmp51qr3w38.yaml -p use_sim_time:=true --param use_sim_time:=true 
[spawner-5] [INFO] [1787260972.114265250] [spawner_joint_state_broadcaster]: Loaded joint_state_broadcaster
[gazebo-2] [INFO] [1787260972.115705352] [controller_manager]: Configuring controller: 'joint_state_broadcaster'
[gazebo-2] [INFO] [1787260972.115785535] [joint_state_broadcaster]: 'joints' or 'interfaces' parameter is empty. All available state interfaces will be published
[gazebo-2] [INFO] [1787260972.179987681] [controller_manager]: Activating controllers: [ joint_state_broadcaster ]
[gazebo-2] [INFO] [1787260972.195146783] [controller_manager]: Successfully switched controllers!
[spawner-5] [INFO] [1787260972.223821573] [spawner_joint_state_broadcaster]: Configured and activated joint_state_broadcaster
[INFO] [spawner-5]: process has finished cleanly [pid 246373]
[ground_truth-9] [INFO] [1787260972.731490899] [ground_truth]: Wrote ground truth to /home/jonas/benchmarks/runs/sim_wp2-s004-d4c502c497/ros_home/annin_ar4_calibration/ground_truth.yaml
[move_group-8] [INFO] [1787260979.381285171] [move_group.moveit.moveit.ros.move_group.move_action]: MoveGroupMoveAction: Received request
[move_group-8] [INFO] [1787260979.381800602] [move_group.moveit.moveit.ros.move_group.move_action]: executing..
[move_group-8] [INFO] [1787260979.396482737] [move_group.moveit.moveit.ros.move_group.move_action]: Combined planning and execution request received for MoveGroup action. Forwarding to planning and execution pipeline.
[move_group-8] [WARN] [1787260979.396582018] [move_group.moveit.moveit.ros.move_group.capability]: Execution of motions should always start at the robot's current state. Ignoring the state supplied as start state in the motion planning request
[move_group-8] [WARN] [1787260979.396608874] [move_group.moveit.moveit.ros.move_group.capability]: Execution of motions should always start at the robot's current state. Ignoring the state supplied as difference in the planning scene diff
[move_group-8] [INFO] [1787260979.396626278] [move_group.moveit.moveit.ros.plan_execution]: Planning attempt 1 of at most 1
[move_group-8] [INFO] [1787260979.397212100] [move_group]: Calling PlanningRequestAdapter 'CheckStartStateBounds'
[move_group-8] [INFO] [1787260979.397358174] [move_group]: Calling PlanningRequestAdapter 'CheckStartStateCollision'
[move_group-8] [INFO] [1787260979.397548805] [move_group]: Calling PlanningRequestAdapter 'ResolveConstraintFrames'
[move_group-8] [INFO] [1787260979.397579932] [move_group]: Calling PlanningRequestAdapter 'ValidateWorkspaceBounds'
[move_group-8] [INFO] [1787260979.398721980] [move_group.moveit.moveit.planners.ompl.model_based_planning_context]: Planner configuration 'ar_manipulator' will use planner 'geometric::RRTConnect'. Additional configuration parameters will be set when the planner is constructed.
[move_group-8] [INFO] [1787260979.399089550] [move_group]: Calling Planner 'OMPL'
[move_group-8] [INFO] [1787260979.414124394] [move_group]: Calling PlanningResponseAdapter 'AddTimeOptimalParameterization'
[move_group-8] [WARN] [1787260979.414265935] [move_group.moveit.moveit.core.time_optimal_trajectory_generation]: Invalid max_velocity_scaling_factor 0.000000 specified, defaulting to 1.000000 instead.
[move_group-8] [WARN] [1787260979.414294041] [move_group.moveit.moveit.core.time_optimal_trajectory_generation]: Invalid max_acceleration_scaling_factor 0.000000 specified, defaulting to 1.000000 instead.
[move_group-8] [INFO] [1787260979.417697217] [move_group]: Calling PlanningResponseAdapter 'ValidateSolution'
[move_group-8] [WARN] [1787260979.418125670] [move_group.moveit.moveit.ros.planning_pipeline]: The planner plugin did not fill out the 'planner_id' field of the MotionPlanResponse. Setting it to the planner ID name of the MotionPlanRequest assuming that the planner plugin does warn you if it does not use the requested planner.
[move_group-8] [INFO] [1787260979.418266461] [move_group.moveit.moveit.plugins.simple_controller_manager]: Returned 2 controllers in list
[move_group-8] [INFO] [1787260979.418287886] [move_group.moveit.moveit.plugins.simple_controller_manager]: Returned 2 controllers in list
[move_group-8] [INFO] [1787260979.418347068] [move_group.moveit.moveit.ros.trajectory_execution_manager]: Validating trajectory with allowed_start_tolerance 0.01
[move_group-8] [INFO] [1787260979.430303809] [move_group.moveit.moveit.ros.trajectory_execution_manager]: Starting trajectory execution ...
[move_group-8] [INFO] [1787260979.430376255] [move_group.moveit.moveit.plugins.simple_controller_manager]: Returned 2 controllers in list
[move_group-8] [INFO] [1787260979.430397940] [move_group.moveit.moveit.plugins.simple_controller_manager]: Returned 2 controllers in list
[move_group-8] [INFO] [1787260979.430561975] [moveit.simple_controller_manager.follow_joint_trajectory_controller_handle]: sending trajectory to joint_trajectory_controller
[gazebo-2] [INFO] [1787260979.431110184] [joint_trajectory_controller]: Received new action goal
[gazebo-2] [INFO] [1787260979.431201103] [joint_trajectory_controller]: Accepted new action goal
[move_group-8] [INFO] [1787260979.431428854] [moveit.simple_controller_manager.follow_joint_trajectory_controller_handle]: joint_trajectory_controller started execution
[move_group-8] [INFO] [1787260979.431462911] [moveit.simple_controller_manager.follow_joint_trajectory_controller_handle]: Goal request accepted!
[gazebo-2] [INFO] [1787260985.160135553] [joint_trajectory_controller]: Goal reached, success!
[move_group-8] [INFO] [1787260985.182208002] [moveit.simple_controller_manager.follow_joint_trajectory_controller_handle]: Controller 'joint_trajectory_controller' successfully finished
[move_group-8] [INFO] [1787260985.199548207] [move_group.moveit.moveit.ros.trajectory_execution_manager]: Completed trajectory execution with status SUCCEEDED ...
[move_group-8] [INFO] [1787260985.200492882] [move_group.moveit.moveit.ros.move_group.move_action]: Solution was found and executed.
[move_group-8] [INFO] [1787260987.554992304] [move_group.moveit.moveit.ros.move_group.move_action]: MoveGroupMoveAction: Received request
[move_group-8] [INFO] [1787260987.555255732] [move_group.moveit.moveit.ros.move_group.move_action]: executing..
[move_group-8] [INFO] [1787260987.561495811] [move_group.moveit.moveit.ros.move_group.move_action]: Combined planning and execution request received for MoveGroup action. Forwarding to planning and execution pipeline.
[move_group-8] [WARN] [1787260987.561580007] [move_group.moveit.moveit.ros.move_group.capability]: Execution of motions should always start at the robot's current state. Ignoring the state supplied as start state in the motion planning request
[move_group-8] [WARN] [1787260987.561602174] [move_group.moveit.moveit.ros.move_group.capability]: Execution of motions should always start at the robot's current state. Ignoring the state supplied as difference in the planning scene diff
[move_group-8] [INFO] [1787260987.561613897] [move_group.moveit.moveit.ros.plan_execution]: Planning attempt 1 of at most 1
[move_group-8] [INFO] [1787260987.561740806] [move_group]: Calling PlanningRequestAdapter 'CheckStartStateBounds'
[move_group-8] [INFO] [1787260987.561780629] [move_group]: Calling PlanningRequestAdapter 'CheckStartStateCollision'
[move_group-8] [INFO] [1787260987.561842728] [move_group]: Calling PlanningRequestAdapter 'ResolveConstraintFrames'
[move_group-8] [INFO] [1787260987.561857732] [move_group]: Calling PlanningRequestAdapter 'ValidateWorkspaceBounds'
[move_group-8] [INFO] [1787260987.562175191] [move_group.moveit.moveit.planners.ompl.model_based_planning_context]: Planner configuration 'ar_manipulator' will use planner 'geometric::RRTConnect'. Additional configuration parameters will be set when the planner is constructed.
[move_group-8] [INFO] [1787260987.562265799] [move_group]: Calling Planner 'OMPL'
[move_group-8] [INFO] [1787260987.575837027] [move_group]: Calling PlanningResponseAdapter 'AddTimeOptimalParameterization'
[move_group-8] [WARN] [1787260987.575897585] [move_group.moveit.moveit.core.time_optimal_trajectory_generation]: Invalid max_velocity_scaling_factor 0.000000 specified, defaulting to 1.000000 instead.
[move_group-8] [WARN] [1787260987.575917902] [move_group.moveit.moveit.core.time_optimal_trajectory_generation]: Invalid max_acceleration_scaling_factor 0.000000 specified, defaulting to 1.000000 instead.
[move_group-8] [INFO] [1787260987.576968696] [move_group]: Calling PlanningResponseAdapter 'ValidateSolution'
[move_group-8] [WARN] [1787260987.577462178] [move_group.moveit.moveit.ros.planning_pipeline]: The planner plugin did not fill out the 'planner_id' field of the MotionPlanResponse. Setting it to the planner ID name of the MotionPlanRequest assuming that the planner plugin does warn you if it does not use the requested planner.
[move_group-8] [INFO] [1787260987.577592289] [move_group.moveit.moveit.plugins.simple_controller_manager]: Returned 2 controllers in list
[move_group-8] [INFO] [1787260987.577619537] [move_group.moveit.moveit.plugins.simple_controller_manager]: Returned 2 controllers in list
[move_group-8] [INFO] [1787260987.577717477] [move_group.moveit.moveit.ros.trajectory_execution_manager]: Validating trajectory with allowed_start_tolerance 0.01
[move_group-8] [INFO] [1787260987.578522257] [move_group.moveit.moveit.ros.trajectory_execution_manager]: Starting trajectory execution ...
[move_group-8] [INFO] [1787260987.578576284] [move_group.moveit.moveit.plugins.simple_controller_manager]: Returned 2 controllers in list
[move_group-8] [INFO] [1787260987.578602922] [move_group.moveit.moveit.plugins.simple_controller_manager]: Returned 2 controllers in list
[move_group-8] [INFO] [1787260987.578706984] [moveit.simple_controller_manager.follow_joint_trajectory_controller_handle]: sending trajectory to joint_trajectory_controller
[gazebo-2] [INFO] [1787260987.578959462] [joint_trajectory_controller]: Received new action goal
[gazebo-2] [INFO] [1787260987.578991742] [joint_trajectory_controller]: Accepted new action goal
[move_group-8] [INFO] [1787260987.579212631] [moveit.simple_controller_manager.follow_joint_trajectory_controller_handle]: joint_trajectory_controller started execution
[move_group-8] [INFO] [1787260987.579255334] [moveit.simple_controller_manager.follow_joint_trajectory_controller_handle]: Goal request accepted!
[gazebo-2] [INFO] [1787260990.840652637] [joint_trajectory_controller]: Goal reached, success!
[move_group-8] [INFO] [1787260990.879506020] [moveit.simple_controller_manager.follow_joint_trajectory_controller_handle]: Controller 'joint_trajectory_controller' successfully finished
[move_group-8] [INFO] [1787260990.943251947] [move_group.moveit.moveit.ros.trajectory_execution_manager]: Completed trajectory execution with status SUCCEEDED ...
[move_group-8] [INFO] [1787260990.948666358] [move_group.moveit.moveit.ros.move_group.move_action]: Solution was found and executed.
[move_group-8] [INFO] [1787260999.379123783] [move_group.moveit.moveit.ros.move_group.move_action]: MoveGroupMoveAction: Received request
[move_group-8] [INFO] [1787260999.379359743] [move_group.moveit.moveit.ros.move_group.move_action]: executing..
[move_group-8] [INFO] [1787260999.385118558] [move_group.moveit.moveit.ros.move_group.move_action]: Combined planning and execution request received for MoveGroup action. Forwarding to planning and execution pipeline.
[move_group-8] [WARN] [1787260999.385175060] [move_group.moveit.moveit.ros.move_group.capability]: Execution of motions should always start at the robot's current state. Ignoring the state supplied as start state in the motion planning request
[move_group-8] [WARN] [1787260999.385194398] [move_group.moveit.moveit.ros.move_group.capability]: Execution of motions should always start at the robot's current state. Ignoring the state supplied as difference in the planning scene diff
[move_group-8] [INFO] [1787260999.385204446] [move_group.moveit.moveit.ros.plan_execution]: Planning attempt 1 of at most 1
[move_group-8] [INFO] [1787260999.385314192] [move_group]: Calling PlanningRequestAdapter 'CheckStartStateBounds'
[move_group-8] [INFO] [1787260999.385364485] [move_group]: Calling PlanningRequestAdapter 'CheckStartStateCollision'
[move_group-8] [INFO] [1787260999.385403130] [move_group]: Calling PlanningRequestAdapter 'ResolveConstraintFrames'
[move_group-8] [INFO] [1787260999.385411579] [move_group]: Calling PlanningRequestAdapter 'ValidateWorkspaceBounds'
[move_group-8] [INFO] [1787260999.385610263] [move_group.moveit.moveit.planners.ompl.model_based_planning_context]: Planner configuration 'ar_manipulator' will use planner 'geometric::RRTConnect'. Additional configuration parameters will be set when the planner is constructed.
[move_group-8] [INFO] [1787260999.385697671] [move_group]: Calling Planner 'OMPL'
[move_group-8] [INFO] [1787260999.400474504] [move_group]: Calling PlanningResponseAdapter 'AddTimeOptimalParameterization'
[move_group-8] [WARN] [1787260999.400539965] [move_group.moveit.moveit.core.time_optimal_trajectory_generation]: Invalid max_velocity_scaling_factor 0.000000 specified, defaulting to 1.000000 instead.
[move_group-8] [WARN] [1787260999.400567541] [move_group.moveit.moveit.core.time_optimal_trajectory_generation]: Invalid max_acceleration_scaling_factor 0.000000 specified, defaulting to 1.000000 instead.
[move_group-8] [INFO] [1787260999.404074237] [move_group]: Calling PlanningResponseAdapter 'ValidateSolution'
[move_group-8] [WARN] [1787260999.404532095] [move_group.moveit.moveit.ros.planning_pipeline]: The planner plugin did not fill out the 'planner_id' field of the MotionPlanResponse. Setting it to the planner ID name of the MotionPlanRequest assuming that the planner plugin does warn you if it does not use the requested planner.
[move_group-8] [INFO] [1787260999.404700427] [move_group.moveit.moveit.plugins.simple_controller_manager]: Returned 2 controllers in list
[move_group-8] [INFO] [1787260999.404734313] [move_group.moveit.moveit.plugins.simple_controller_manager]: Returned 2 controllers in list
[move_group-8] [INFO] [1787260999.404843675] [move_group.moveit.moveit.ros.trajectory_execution_manager]: Validating trajectory with allowed_start_tolerance 0.01
[move_group-8] [INFO] [1787260999.418978877] [move_group.moveit.moveit.ros.trajectory_execution_manager]: Starting trajectory execution ...
[move_group-8] [INFO] [1787260999.419045458] [move_group.moveit.moveit.plugins.simple_controller_manager]: Returned 2 controllers in list
[move_group-8] [INFO] [1787260999.419073855] [move_group.moveit.moveit.plugins.simple_controller_manager]: Returned 2 controllers in list
[move_group-8] [INFO] [1787260999.419165712] [moveit.simple_controller_manager.follow_joint_trajectory_controller_handle]: sending trajectory to joint_trajectory_controller
[gazebo-2] [INFO] [1787260999.419397985] [joint_trajectory_controller]: Received new action goal
[gazebo-2] [INFO] [1787260999.419428691] [joint_trajectory_controller]: Accepted new action goal
[move_group-8] [INFO] [1787260999.419627494] [moveit.simple_controller_manager.follow_joint_trajectory_controller_handle]: joint_trajectory_controller started execution
[move_group-8] [INFO] [1787260999.419643042] [moveit.simple_controller_manager.follow_joint_trajectory_controller_handle]: Goal request accepted!
[gazebo-2] [INFO] [1787261005.161950125] [joint_trajectory_controller]: Goal reached, success!
[move_group-8] [INFO] [1787261005.169876442] [moveit.simple_controller_manager.follow_joint_trajectory_controller_handle]: Controller 'joint_trajectory_controller' successfully finished
[move_group-8] [INFO] [1787261005.194046869] [move_group.moveit.moveit.ros.trajectory_execution_manager]: Completed trajectory execution with status SUCCEEDED ...
[move_group-8] [INFO] [1787261005.199131895] [move_group.moveit.moveit.ros.move_group.move_action]: Solution was found and executed.
[move_group-8] [INFO] [1787261008.433370023] [move_group.moveit.moveit.ros.move_group.move_action]: MoveGroupMoveAction: Received request
[move_group-8] [INFO] [1787261008.433590039] [move_group.moveit.moveit.ros.move_group.move_action]: executing..
[move_group-8] [INFO] [1787261008.445200485] [move_group.moveit.moveit.ros.move_group.move_action]: Combined planning and execution request received for MoveGroup action. Forwarding to planning and execution pipeline.
[move_group-8] [WARN] [1787261008.445262707] [move_group.moveit.moveit.ros.move_group.capability]: Execution of motions should always start at the robot's current state. Ignoring the state supplied as start state in the motion planning request
[move_group-8] [WARN] [1787261008.445285824] [move_group.moveit.moveit.ros.move_group.capability]: Execution of motions should always start at the robot's current state. Ignoring the state supplied as difference in the planning scene diff
[move_group-8] [INFO] [1787261008.445297682] [move_group.moveit.moveit.ros.plan_execution]: Planning attempt 1 of at most 1
[move_group-8] [INFO] [1787261008.445419656] [move_group]: Calling PlanningRequestAdapter 'CheckStartStateBounds'
[move_group-8] [INFO] [1787261008.445447453] [move_group]: Calling PlanningRequestAdapter 'CheckStartStateCollision'
[move_group-8] [INFO] [1787261008.445525852] [move_group]: Calling PlanningRequestAdapter 'ResolveConstraintFrames'
[move_group-8] [INFO] [1787261008.445542100] [move_group]: Calling PlanningRequestAdapter 'ValidateWorkspaceBounds'
[move_group-8] [INFO] [1787261008.445771160] [move_group.moveit.moveit.planners.ompl.model_based_planning_context]: Planner configuration 'ar_manipulator' will use planner 'geometric::RRTConnect'. Additional configuration parameters will be set when the planner is constructed.
[move_group-8] [INFO] [1787261008.445857338] [move_group]: Calling Planner 'OMPL'
[move_group-8] [INFO] [1787261008.459803056] [move_group]: Calling PlanningResponseAdapter 'AddTimeOptimalParameterization'
[move_group-8] [WARN] [1787261008.459847800] [move_group.moveit.moveit.core.time_optimal_trajectory_generation]: Invalid max_velocity_scaling_factor 0.000000 specified, defaulting to 1.000000 instead.
[move_group-8] [WARN] [1787261008.459873386] [move_group.moveit.moveit.core.time_optimal_trajectory_generation]: Invalid max_acceleration_scaling_factor 0.000000 specified, defaulting to 1.000000 instead.
[move_group-8] [INFO] [1787261008.462634810] [move_group]: Calling PlanningResponseAdapter 'ValidateSolution'
[move_group-8] [WARN] [1787261008.463126095] [move_group.moveit.moveit.ros.planning_pipeline]: The planner plugin did not fill out the 'planner_id' field of the MotionPlanResponse. Setting it to the planner ID name of the MotionPlanRequest assuming that the planner plugin does warn you if it does not use the requested planner.
[move_group-8] [INFO] [1787261008.463227992] [move_group.moveit.moveit.plugins.simple_controller_manager]: Returned 2 controllers in list
[move_group-8] [INFO] [1787261008.463254598] [move_group.moveit.moveit.plugins.simple_controller_manager]: Returned 2 controllers in list
[move_group-8] [INFO] [1787261008.463366383] [move_group.moveit.moveit.ros.trajectory_execution_manager]: Validating trajectory with allowed_start_tolerance 0.01
[move_group-8] [INFO] [1787261008.495195676] [move_group.moveit.moveit.ros.trajectory_execution_manager]: Starting trajectory execution ...
[move_group-8] [INFO] [1787261008.495285864] [move_group.moveit.moveit.plugins.simple_controller_manager]: Returned 2 controllers in list
[move_group-8] [INFO] [1787261008.495311761] [move_group.moveit.moveit.plugins.simple_controller_manager]: Returned 2 controllers in list
[move_group-8] [INFO] [1787261008.495420606] [moveit.simple_controller_manager.follow_joint_trajectory_controller_handle]: sending trajectory to joint_trajectory_controller
[gazebo-2] [INFO] [1787261008.495776829] [joint_trajectory_controller]: Received new action goal
[gazebo-2] [INFO] [1787261008.495814604] [joint_trajectory_controller]: Accepted new action goal
[move_group-8] [INFO] [1787261008.496021667] [moveit.simple_controller_manager.follow_joint_trajectory_controller_handle]: joint_trajectory_controller started execution
[move_group-8] [INFO] [1787261008.496064481] [moveit.simple_controller_manager.follow_joint_trajectory_controller_handle]: Goal request accepted!
[gazebo-2] [INFO] [1787261014.482784829] [joint_trajectory_controller]: Goal reached, success!
[move_group-8] [INFO] [1787261014.496543190] [moveit.simple_controller_manager.follow_joint_trajectory_controller_handle]: Controller 'joint_trajectory_controller' successfully finished
[move_group-8] [INFO] [1787261014.515290785] [move_group.moveit.moveit.ros.trajectory_execution_manager]: Completed trajectory execution with status SUCCEEDED ...
[move_group-8] [INFO] [1787261014.525398992] [move_group.moveit.moveit.ros.move_group.move_action]: Solution was found and executed.
[move_group-8] [INFO] [1787261017.328124355] [move_group.moveit.moveit.ros.move_group.move_action]: MoveGroupMoveAction: Received request
[move_group-8] [INFO] [1787261017.328363544] [move_group.moveit.moveit.ros.move_group.move_action]: executing..
[move_group-8] [INFO] [1787261017.328482439] [move_group.moveit.moveit.ros.move_group.move_action]: Combined planning and execution request received for MoveGroup action. Forwarding to planning and execution pipeline.
[move_group-8] [WARN] [1787261017.328514095] [move_group.moveit.moveit.ros.move_group.capability]: Execution of motions should always start at the robot's current state. Ignoring the state supplied as start state in the motion planning request
[move_group-8] [WARN] [1787261017.328534572] [move_group.moveit.moveit.ros.move_group.capability]: Execution of motions should always start at the robot's current state. Ignoring the state supplied as difference in the planning scene diff
[move_group-8] [INFO] [1787261017.328546991] [move_group.moveit.moveit.ros.plan_execution]: Planning attempt 1 of at most 1
[move_group-8] [INFO] [1787261017.328646628] [move_group]: Calling PlanningRequestAdapter 'CheckStartStateBounds'
[move_group-8] [INFO] [1787261017.328685603] [move_group]: Calling PlanningRequestAdapter 'CheckStartStateCollision'
[move_group-8] [INFO] [1787261017.328742725] [move_group]: Calling PlanningRequestAdapter 'ResolveConstraintFrames'
[move_group-8] [INFO] [1787261017.328759053] [move_group]: Calling PlanningRequestAdapter 'ValidateWorkspaceBounds'
[move_group-8] [INFO] [1787261017.329044996] [move_group.moveit.moveit.planners.ompl.model_based_planning_context]: Planner configuration 'ar_manipulator' will use planner 'geometric::RRTConnect'. Additional configuration parameters will be set when the planner is constructed.
[move_group-8] [INFO] [1787261017.329127696] [move_group]: Calling Planner 'OMPL'
[move_group-8] [INFO] [1787261017.343259975] [move_group]: Calling PlanningResponseAdapter 'AddTimeOptimalParameterization'
[move_group-8] [WARN] [1787261017.343305969] [move_group.moveit.moveit.core.time_optimal_trajectory_generation]: Invalid max_velocity_scaling_factor 0.000000 specified, defaulting to 1.000000 instead.
[move_group-8] [WARN] [1787261017.343327586] [move_group.moveit.moveit.core.time_optimal_trajectory_generation]: Invalid max_acceleration_scaling_factor 0.000000 specified, defaulting to 1.000000 instead.
[move_group-8] [INFO] [1787261017.346739536] [move_group]: Calling PlanningResponseAdapter 'ValidateSolution'
[move_group-8] [WARN] [1787261017.347258219] [move_group.moveit.moveit.ros.planning_pipeline]: The planner plugin did not fill out the 'planner_id' field of the MotionPlanResponse. Setting it to the planner ID name of the MotionPlanRequest assuming that the planner plugin does warn you if it does not use the requested planner.
[move_group-8] [INFO] [1787261017.347383193] [move_group.moveit.moveit.plugins.simple_controller_manager]: Returned 2 controllers in list
[move_group-8] [INFO] [1787261017.347412499] [move_group.moveit.moveit.plugins.simple_controller_manager]: Returned 2 controllers in list
[move_group-8] [INFO] [1787261017.347493949] [move_group.moveit.moveit.ros.trajectory_execution_manager]: Validating trajectory with allowed_start_tolerance 0.01
[move_group-8] [INFO] [1787261017.355724790] [move_group.moveit.moveit.ros.trajectory_execution_manager]: Starting trajectory execution ...
[move_group-8] [INFO] [1787261017.355815459] [move_group.moveit.moveit.plugins.simple_controller_manager]: Returned 2 controllers in list
[move_group-8] [INFO] [1787261017.355846575] [move_group.moveit.moveit.plugins.simple_controller_manager]: Returned 2 controllers in list
[move_group-8] [INFO] [1787261017.355947292] [moveit.simple_controller_manager.follow_joint_trajectory_controller_handle]: sending trajectory to joint_trajectory_controller
[gazebo-2] [INFO] [1787261017.356772584] [joint_trajectory_controller]: Received new action goal
[gazebo-2] [INFO] [1787261017.356803090] [joint_trajectory_controller]: Accepted new action goal
[move_group-8] [INFO] [1787261017.357014643] [moveit.simple_controller_manager.follow_joint_trajectory_controller_handle]: joint_trajectory_controller started execution
[move_group-8] [INFO] [1787261017.357051958] [moveit.simple_controller_manager.follow_joint_trajectory_controller_handle]: Goal request accepted!
[gazebo-2] [INFO] [1787261023.696001346] [joint_trajectory_controller]: Goal reached, success!
[move_group-8] [INFO] [1787261023.707216307] [moveit.simple_controller_manager.follow_joint_trajectory_controller_handle]: Controller 'joint_trajectory_controller' successfully finished
[move_group-8] [INFO] [1787261023.727171946] [move_group.moveit.moveit.ros.trajectory_execution_manager]: Completed trajectory execution with status SUCCEEDED ...
[move_group-8] [INFO] [1787261023.735944773] [move_group.moveit.moveit.ros.move_group.move_action]: Solution was found and executed.
[move_group-8] [INFO] [1787261026.483134308] [move_group.moveit.moveit.ros.move_group.move_action]: MoveGroupMoveAction: Received request
[move_group-8] [INFO] [1787261026.483384659] [move_group.moveit.moveit.ros.move_group.move_action]: executing..
[move_group-8] [INFO] [1787261026.486934692] [move_group.moveit.moveit.ros.move_group.move_action]: Combined planning and execution request received for MoveGroup action. Forwarding to planning and execution pipeline.
[move_group-8] [WARN] [1787261026.486986872] [move_group.moveit.moveit.ros.move_group.capability]: Execution of motions should always start at the robot's current state. Ignoring the state supplied as start state in the motion planning request
[move_group-8] [WARN] [1787261026.487000655] [move_group.moveit.moveit.ros.move_group.capability]: Execution of motions should always start at the robot's current state. Ignoring the state supplied as difference in the planning scene diff
[move_group-8] [INFO] [1787261026.487007846] [move_group.moveit.moveit.ros.plan_execution]: Planning attempt 1 of at most 1
[move_group-8] [INFO] [1787261026.487117116] [move_group]: Calling PlanningRequestAdapter 'CheckStartStateBounds'
[move_group-8] [INFO] [1787261026.487142331] [move_group]: Calling PlanningRequestAdapter 'CheckStartStateCollision'
[move_group-8] [INFO] [1787261026.487179798] [move_group]: Calling PlanningRequestAdapter 'ResolveConstraintFrames'
[move_group-8] [INFO] [1787261026.487187340] [move_group]: Calling PlanningRequestAdapter 'ValidateWorkspaceBounds'
[move_group-8] [INFO] [1787261026.487383566] [move_group.moveit.moveit.planners.ompl.model_based_planning_context]: Planner configuration 'ar_manipulator' will use planner 'geometric::RRTConnect'. Additional configuration parameters will be set when the planner is constructed.
[move_group-8] [INFO] [1787261026.487440217] [move_group]: Calling Planner 'OMPL'
[move_group-8] [INFO] [1787261026.501842325] [move_group]: Calling PlanningResponseAdapter 'AddTimeOptimalParameterization'
[move_group-8] [WARN] [1787261026.501916879] [move_group.moveit.moveit.core.time_optimal_trajectory_generation]: Invalid max_velocity_scaling_factor 0.000000 specified, defaulting to 1.000000 instead.
[move_group-8] [WARN] [1787261026.501938103] [move_group.moveit.moveit.core.time_optimal_trajectory_generation]: Invalid max_acceleration_scaling_factor 0.000000 specified, defaulting to 1.000000 instead.
[move_group-8] [INFO] [1787261026.502832020] [move_group]: Calling PlanningResponseAdapter 'ValidateSolution'
[move_group-8] [WARN] [1787261026.503096209] [move_group.moveit.moveit.ros.planning_pipeline]: The planner plugin did not fill out the 'planner_id' field of the MotionPlanResponse. Setting it to the planner ID name of the MotionPlanRequest assuming that the planner plugin does warn you if it does not use the requested planner.
[move_group-8] [INFO] [1787261026.503201029] [move_group.moveit.moveit.plugins.simple_controller_manager]: Returned 2 controllers in list
[move_group-8] [INFO] [1787261026.503224783] [move_group.moveit.moveit.plugins.simple_controller_manager]: Returned 2 controllers in list
[move_group-8] [INFO] [1787261026.503301087] [move_group.moveit.moveit.ros.trajectory_execution_manager]: Validating trajectory with allowed_start_tolerance 0.01
[move_group-8] [INFO] [1787261026.504743176] [move_group.moveit.moveit.ros.trajectory_execution_manager]: Starting trajectory execution ...
[move_group-8] [INFO] [1787261026.504803037] [move_group.moveit.moveit.plugins.simple_controller_manager]: Returned 2 controllers in list
[move_group-8] [INFO] [1787261026.504835083] [move_group.moveit.moveit.plugins.simple_controller_manager]: Returned 2 controllers in list
[move_group-8] [INFO] [1787261026.504955126] [moveit.simple_controller_manager.follow_joint_trajectory_controller_handle]: sending trajectory to joint_trajectory_controller
[gazebo-2] [INFO] [1787261026.505243479] [joint_trajectory_controller]: Received new action goal
[gazebo-2] [INFO] [1787261026.505276996] [joint_trajectory_controller]: Accepted new action goal
[move_group-8] [INFO] [1787261026.505445679] [moveit.simple_controller_manager.follow_joint_trajectory_controller_handle]: joint_trajectory_controller started execution
[move_group-8] [INFO] [1787261026.505459561] [moveit.simple_controller_manager.follow_joint_trajectory_controller_handle]: Goal request accepted!
[gazebo-2] [INFO] [1787261029.491296711] [joint_trajectory_controller]: Goal reached, success!
[move_group-8] [INFO] [1787261029.505811551] [moveit.simple_controller_manager.follow_joint_trajectory_controller_handle]: Controller 'joint_trajectory_controller' successfully finished
[move_group-8] [INFO] [1787261029.557761320] [move_group.moveit.moveit.ros.trajectory_execution_manager]: Completed trajectory execution with status SUCCEEDED ...
[move_group-8] [INFO] [1787261029.564894184] [move_group.moveit.moveit.ros.move_group.move_action]: Solution was found and executed.
[move_group-8] [INFO] [1787261032.024557622] [move_group.moveit.moveit.ros.move_group.move_action]: MoveGroupMoveAction: Received request
[move_group-8] [INFO] [1787261032.024795652] [move_group.moveit.moveit.ros.move_group.move_action]: executing..
[move_group-8] [INFO] [1787261032.041439608] [move_group.moveit.moveit.ros.move_group.move_action]: Combined planning and execution request received for MoveGroup action. Forwarding to planning and execution pipeline.
[move_group-8] [WARN] [1787261032.041517869] [move_group.moveit.moveit.ros.move_group.capability]: Execution of motions should always start at the robot's current state. Ignoring the state supplied as start state in the motion planning request
[move_group-8] [WARN] [1787261032.041538977] [move_group.moveit.moveit.ros.move_group.capability]: Execution of motions should always start at the robot's current state. Ignoring the state supplied as difference in the planning scene diff
[move_group-8] [INFO] [1787261032.041546966] [move_group.moveit.moveit.ros.plan_execution]: Planning attempt 1 of at most 1
[move_group-8] [INFO] [1787261032.041658083] [move_group]: Calling PlanningRequestAdapter 'CheckStartStateBounds'
[move_group-8] [INFO] [1787261032.041684141] [move_group]: Calling PlanningRequestAdapter 'CheckStartStateCollision'
[move_group-8] [INFO] [1787261032.041726126] [move_group]: Calling PlanningRequestAdapter 'ResolveConstraintFrames'
[move_group-8] [INFO] [1787261032.041738894] [move_group]: Calling PlanningRequestAdapter 'ValidateWorkspaceBounds'
[move_group-8] [INFO] [1787261032.041975958] [move_group.moveit.moveit.planners.ompl.model_based_planning_context]: Planner configuration 'ar_manipulator' will use planner 'geometric::RRTConnect'. Additional configuration parameters will be set when the planner is constructed.
[move_group-8] [INFO] [1787261032.042065538] [move_group]: Calling Planner 'OMPL'
[move_group-8] [INFO] [1787261032.055262944] [move_group]: Calling PlanningResponseAdapter 'AddTimeOptimalParameterization'
[move_group-8] [WARN] [1787261032.055322277] [move_group.moveit.moveit.core.time_optimal_trajectory_generation]: Invalid max_velocity_scaling_factor 0.000000 specified, defaulting to 1.000000 instead.
[move_group-8] [WARN] [1787261032.055337315] [move_group.moveit.moveit.core.time_optimal_trajectory_generation]: Invalid max_acceleration_scaling_factor 0.000000 specified, defaulting to 1.000000 instead.
[move_group-8] [INFO] [1787261032.056700442] [move_group]: Calling PlanningResponseAdapter 'ValidateSolution'
[move_group-8] [WARN] [1787261032.057107957] [move_group.moveit.moveit.ros.planning_pipeline]: The planner plugin did not fill out the 'planner_id' field of the MotionPlanResponse. Setting it to the planner ID name of the MotionPlanRequest assuming that the planner plugin does warn you if it does not use the requested planner.
[move_group-8] [INFO] [1787261032.057229323] [move_group.moveit.moveit.plugins.simple_controller_manager]: Returned 2 controllers in list
[move_group-8] [INFO] [1787261032.057258880] [move_group.moveit.moveit.plugins.simple_controller_manager]: Returned 2 controllers in list
[move_group-8] [INFO] [1787261032.057328292] [move_group.moveit.moveit.ros.trajectory_execution_manager]: Validating trajectory with allowed_start_tolerance 0.01
[move_group-8] [INFO] [1787261032.058179816] [move_group.moveit.moveit.ros.trajectory_execution_manager]: Starting trajectory execution ...
[move_group-8] [INFO] [1787261032.058239140] [move_group.moveit.moveit.plugins.simple_controller_manager]: Returned 2 controllers in list
[move_group-8] [INFO] [1787261032.058261397] [move_group.moveit.moveit.plugins.simple_controller_manager]: Returned 2 controllers in list
[move_group-8] [INFO] [1787261032.058344818] [moveit.simple_controller_manager.follow_joint_trajectory_controller_handle]: sending trajectory to joint_trajectory_controller
[gazebo-2] [INFO] [1787261032.058523774] [joint_trajectory_controller]: Received new action goal
[gazebo-2] [INFO] [1787261032.058554830] [joint_trajectory_controller]: Accepted new action goal
[move_group-8] [INFO] [1787261032.058729055] [moveit.simple_controller_manager.follow_joint_trajectory_controller_handle]: joint_trajectory_controller started execution
[move_group-8] [INFO] [1787261032.058743143] [moveit.simple_controller_manager.follow_joint_trajectory_controller_handle]: Goal request accepted!
[gazebo-2] [INFO] [1787261036.371583804] [joint_trajectory_controller]: Goal reached, success!
[move_group-8] [INFO] [1787261036.409043739] [moveit.simple_controller_manager.follow_joint_trajectory_controller_handle]: Controller 'joint_trajectory_controller' successfully finished
[move_group-8] [INFO] [1787261036.469187569] [move_group.moveit.moveit.ros.trajectory_execution_manager]: Completed trajectory execution with status SUCCEEDED ...
[move_group-8] [INFO] [1787261036.478338165] [move_group.moveit.moveit.ros.move_group.move_action]: Solution was found and executed.
[move_group-8] [INFO] [1787261039.119266266] [move_group.moveit.moveit.ros.move_group.move_action]: MoveGroupMoveAction: Received request
[move_group-8] [INFO] [1787261039.119514182] [move_group.moveit.moveit.ros.move_group.move_action]: executing..
[move_group-8] [INFO] [1787261039.119635290] [move_group.moveit.moveit.ros.move_group.move_action]: Combined planning and execution request received for MoveGroup action. Forwarding to planning and execution pipeline.
[move_group-8] [WARN] [1787261039.119661797] [move_group.moveit.moveit.ros.move_group.capability]: Execution of motions should always start at the robot's current state. Ignoring the state supplied as start state in the motion planning request
[move_group-8] [WARN] [1787261039.119674436] [move_group.moveit.moveit.ros.move_group.capability]: Execution of motions should always start at the robot's current state. Ignoring the state supplied as difference in the planning scene diff
[move_group-8] [INFO] [1787261039.119681445] [move_group.moveit.moveit.ros.plan_execution]: Planning attempt 1 of at most 1
[move_group-8] [INFO] [1787261039.119769366] [move_group]: Calling PlanningRequestAdapter 'CheckStartStateBounds'
[move_group-8] [INFO] [1787261039.119794783] [move_group]: Calling PlanningRequestAdapter 'CheckStartStateCollision'
[move_group-8] [INFO] [1787261039.119828700] [move_group]: Calling PlanningRequestAdapter 'ResolveConstraintFrames'
[move_group-8] [INFO] [1787261039.119836029] [move_group]: Calling PlanningRequestAdapter 'ValidateWorkspaceBounds'
[move_group-8] [INFO] [1787261039.120032959] [move_group.moveit.moveit.planners.ompl.model_based_planning_context]: Planner configuration 'ar_manipulator' will use planner 'geometric::RRTConnect'. Additional configuration parameters will be set when the planner is constructed.
[move_group-8] [INFO] [1787261039.120108841] [move_group]: Calling Planner 'OMPL'
[move_group-8] [INFO] [1787261039.134215952] [move_group]: Calling PlanningResponseAdapter 'AddTimeOptimalParameterization'
[move_group-8] [WARN] [1787261039.134275286] [move_group.moveit.moveit.core.time_optimal_trajectory_generation]: Invalid max_velocity_scaling_factor 0.000000 specified, defaulting to 1.000000 instead.
[move_group-8] [WARN] [1787261039.134299354] [move_group.moveit.moveit.core.time_optimal_trajectory_generation]: Invalid max_acceleration_scaling_factor 0.000000 specified, defaulting to 1.000000 instead.
[move_group-8] [INFO] [1787261039.135605259] [move_group]: Calling PlanningResponseAdapter 'ValidateSolution'
[move_group-8] [WARN] [1787261039.135977650] [move_group.moveit.moveit.ros.planning_pipeline]: The planner plugin did not fill out the 'planner_id' field of the MotionPlanResponse. Setting it to the planner ID name of the MotionPlanRequest assuming that the planner plugin does warn you if it does not use the requested planner.
[move_group-8] [INFO] [1787261039.136091978] [move_group.moveit.moveit.plugins.simple_controller_manager]: Returned 2 controllers in list
[move_group-8] [INFO] [1787261039.136119496] [move_group.moveit.moveit.plugins.simple_controller_manager]: Returned 2 controllers in list
[move_group-8] [INFO] [1787261039.136202857] [move_group.moveit.moveit.ros.trajectory_execution_manager]: Validating trajectory with allowed_start_tolerance 0.01
[move_group-8] [INFO] [1787261039.152910448] [move_group.moveit.moveit.ros.trajectory_execution_manager]: Starting trajectory execution ...
[move_group-8] [INFO] [1787261039.152987620] [move_group.moveit.moveit.plugins.simple_controller_manager]: Returned 2 controllers in list
[move_group-8] [INFO] [1787261039.153023047] [move_group.moveit.moveit.plugins.simple_controller_manager]: Returned 2 controllers in list
[move_group-8] [INFO] [1787261039.153147394] [moveit.simple_controller_manager.follow_joint_trajectory_controller_handle]: sending trajectory to joint_trajectory_controller
[gazebo-2] [INFO] [1787261039.153390269] [joint_trajectory_controller]: Received new action goal
[gazebo-2] [INFO] [1787261039.153426555] [joint_trajectory_controller]: Accepted new action goal
[move_group-8] [INFO] [1787261039.153673457] [moveit.simple_controller_manager.follow_joint_trajectory_controller_handle]: joint_trajectory_controller started execution
[move_group-8] [INFO] [1787261039.153732950] [moveit.simple_controller_manager.follow_joint_trajectory_controller_handle]: Goal request accepted!
[gazebo-2] [INFO] [1787261043.254289238] [joint_trajectory_controller]: Goal reached, success!
[move_group-8] [INFO] [1787261043.304104574] [moveit.simple_controller_manager.follow_joint_trajectory_controller_handle]: Controller 'joint_trajectory_controller' successfully finished
[move_group-8] [INFO] [1787261043.322092516] [move_group.moveit.moveit.ros.trajectory_execution_manager]: Completed trajectory execution with status SUCCEEDED ...
[move_group-8] [INFO] [1787261043.323033864] [move_group.moveit.moveit.ros.move_group.move_action]: Solution was found and executed.
[move_group-8] [INFO] [1787261047.547009932] [move_group.moveit.moveit.ros.move_group.move_action]: MoveGroupMoveAction: Received request
[move_group-8] [INFO] [1787261047.547226705] [move_group.moveit.moveit.ros.move_group.move_action]: executing..
[move_group-8] [INFO] [1787261047.567095259] [move_group.moveit.moveit.ros.move_group.move_action]: Combined planning and execution request received for MoveGroup action. Forwarding to planning and execution pipeline.
[move_group-8] [WARN] [1787261047.567180290] [move_group.moveit.moveit.ros.move_group.capability]: Execution of motions should always start at the robot's current state. Ignoring the state supplied as start state in the motion planning request
[move_group-8] [WARN] [1787261047.567201898] [move_group.moveit.moveit.ros.move_group.capability]: Execution of motions should always start at the robot's current state. Ignoring the state supplied as difference in the planning scene diff
[move_group-8] [INFO] [1787261047.567214237] [move_group.moveit.moveit.ros.plan_execution]: Planning attempt 1 of at most 1
[move_group-8] [INFO] [1787261047.567350344] [move_group]: Calling PlanningRequestAdapter 'CheckStartStateBounds'
[move_group-8] [INFO] [1787261047.567377441] [move_group]: Calling PlanningRequestAdapter 'CheckStartStateCollision'
[move_group-8] [INFO] [1787261047.567417077] [move_group]: Calling PlanningRequestAdapter 'ResolveConstraintFrames'
[move_group-8] [INFO] [1787261047.567424787] [move_group]: Calling PlanningRequestAdapter 'ValidateWorkspaceBounds'
[move_group-8] [INFO] [1787261047.567629467] [move_group.moveit.moveit.planners.ompl.model_based_planning_context]: Planner configuration 'ar_manipulator' will use planner 'geometric::RRTConnect'. Additional configuration parameters will be set when the planner is constructed.
[move_group-8] [INFO] [1787261047.567714398] [move_group]: Calling Planner 'OMPL'
[move_group-8] [INFO] [1787261047.582281031] [move_group]: Calling PlanningResponseAdapter 'AddTimeOptimalParameterization'
[move_group-8] [WARN] [1787261047.582343605] [move_group.moveit.moveit.core.time_optimal_trajectory_generation]: Invalid max_velocity_scaling_factor 0.000000 specified, defaulting to 1.000000 instead.
[move_group-8] [WARN] [1787261047.582368602] [move_group.moveit.moveit.core.time_optimal_trajectory_generation]: Invalid max_acceleration_scaling_factor 0.000000 specified, defaulting to 1.000000 instead.
[move_group-8] [INFO] [1787261047.585874040] [move_group]: Calling PlanningResponseAdapter 'ValidateSolution'
[move_group-8] [WARN] [1787261047.586313247] [move_group.moveit.moveit.ros.planning_pipeline]: The planner plugin did not fill out the 'planner_id' field of the MotionPlanResponse. Setting it to the planner ID name of the MotionPlanRequest assuming that the planner plugin does warn you if it does not use the requested planner.
[move_group-8] [INFO] [1787261047.586462092] [move_group.moveit.moveit.plugins.simple_controller_manager]: Returned 2 controllers in list
[move_group-8] [INFO] [1787261047.586493569] [move_group.moveit.moveit.plugins.simple_controller_manager]: Returned 2 controllers in list
[move_group-8] [INFO] [1787261047.586581091] [move_group.moveit.moveit.ros.trajectory_execution_manager]: Validating trajectory with allowed_start_tolerance 0.01
[move_group-8] [INFO] [1787261047.601973766] [move_group.moveit.moveit.ros.trajectory_execution_manager]: Starting trajectory execution ...
[move_group-8] [INFO] [1787261047.602085905] [move_group.moveit.moveit.plugins.simple_controller_manager]: Returned 2 controllers in list
[move_group-8] [INFO] [1787261047.602150409] [move_group.moveit.moveit.plugins.simple_controller_manager]: Returned 2 controllers in list
[move_group-8] [INFO] [1787261047.602291835] [moveit.simple_controller_manager.follow_joint_trajectory_controller_handle]: sending trajectory to joint_trajectory_controller
[gazebo-2] [INFO] [1787261047.602540800] [joint_trajectory_controller]: Received new action goal
[gazebo-2] [INFO] [1787261047.602574347] [joint_trajectory_controller]: Accepted new action goal
[move_group-8] [INFO] [1787261047.602815794] [moveit.simple_controller_manager.follow_joint_trajectory_controller_handle]: joint_trajectory_controller started execution
[move_group-8] [INFO] [1787261047.602827793] [moveit.simple_controller_manager.follow_joint_trajectory_controller_handle]: Goal request accepted!
[gazebo-2] [INFO] [1787261053.796137342] [joint_trajectory_controller]: Goal reached, success!
[move_group-8] [INFO] [1787261053.803012737] [moveit.simple_controller_manager.follow_joint_trajectory_controller_handle]: Controller 'joint_trajectory_controller' successfully finished
[move_group-8] [INFO] [1787261053.863504986] [move_group.moveit.moveit.ros.trajectory_execution_manager]: Completed trajectory execution with status SUCCEEDED ...
[move_group-8] [INFO] [1787261053.872151919] [move_group.moveit.moveit.ros.move_group.move_action]: Solution was found and executed.
[move_group-8] [INFO] [1787261056.561104489] [move_group.moveit.moveit.ros.move_group.move_action]: MoveGroupMoveAction: Received request
[move_group-8] [INFO] [1787261056.561321548] [move_group.moveit.moveit.ros.move_group.move_action]: executing..
[move_group-8] [INFO] [1787261056.583987736] [move_group.moveit.moveit.ros.move_group.move_action]: Combined planning and execution request received for MoveGroup action. Forwarding to planning and execution pipeline.
[move_group-8] [WARN] [1787261056.584056600] [move_group.moveit.moveit.ros.move_group.capability]: Execution of motions should always start at the robot's current state. Ignoring the state supplied as start state in the motion planning request
[move_group-8] [WARN] [1787261056.584077648] [move_group.moveit.moveit.ros.move_group.capability]: Execution of motions should always start at the robot's current state. Ignoring the state supplied as difference in the planning scene diff
[move_group-8] [INFO] [1787261056.584090806] [move_group.moveit.moveit.ros.plan_execution]: Planning attempt 1 of at most 1
[move_group-8] [INFO] [1787261056.584227463] [move_group]: Calling PlanningRequestAdapter 'CheckStartStateBounds'
[move_group-8] [INFO] [1787261056.584266300] [move_group]: Calling PlanningRequestAdapter 'CheckStartStateCollision'
[move_group-8] [INFO] [1787261056.584320564] [move_group]: Calling PlanningRequestAdapter 'ResolveConstraintFrames'
[move_group-8] [INFO] [1787261056.584334553] [move_group]: Calling PlanningRequestAdapter 'ValidateWorkspaceBounds'
[move_group-8] [INFO] [1787261056.584620746] [move_group.moveit.moveit.planners.ompl.model_based_planning_context]: Planner configuration 'ar_manipulator' will use planner 'geometric::RRTConnect'. Additional configuration parameters will be set when the planner is constructed.
[move_group-8] [INFO] [1787261056.584711357] [move_group]: Calling Planner 'OMPL'
[move_group-8] [INFO] [1787261056.598695757] [move_group]: Calling PlanningResponseAdapter 'AddTimeOptimalParameterization'
[move_group-8] [WARN] [1787261056.598736823] [move_group.moveit.moveit.core.time_optimal_trajectory_generation]: Invalid max_velocity_scaling_factor 0.000000 specified, defaulting to 1.000000 instead.
[move_group-8] [WARN] [1787261056.598757221] [move_group.moveit.moveit.core.time_optimal_trajectory_generation]: Invalid max_acceleration_scaling_factor 0.000000 specified, defaulting to 1.000000 instead.
[move_group-8] [INFO] [1787261056.600514205] [move_group]: Calling PlanningResponseAdapter 'ValidateSolution'
[move_group-8] [WARN] [1787261056.600944204] [move_group.moveit.moveit.ros.planning_pipeline]: The planner plugin did not fill out the 'planner_id' field of the MotionPlanResponse. Setting it to the planner ID name of the MotionPlanRequest assuming that the planner plugin does warn you if it does not use the requested planner.
[move_group-8] [INFO] [1787261056.601097099] [move_group.moveit.moveit.plugins.simple_controller_manager]: Returned 2 controllers in list
[move_group-8] [INFO] [1787261056.601119437] [move_group.moveit.moveit.plugins.simple_controller_manager]: Returned 2 controllers in list
[move_group-8] [INFO] [1787261056.601175492] [move_group.moveit.moveit.ros.trajectory_execution_manager]: Validating trajectory with allowed_start_tolerance 0.01
[move_group-8] [INFO] [1787261056.618108584] [move_group.moveit.moveit.ros.trajectory_execution_manager]: Starting trajectory execution ...
[move_group-8] [INFO] [1787261056.618188766] [move_group.moveit.moveit.plugins.simple_controller_manager]: Returned 2 controllers in list
[move_group-8] [INFO] [1787261056.618212794] [move_group.moveit.moveit.plugins.simple_controller_manager]: Returned 2 controllers in list
[move_group-8] [INFO] [1787261056.618299886] [moveit.simple_controller_manager.follow_joint_trajectory_controller_handle]: sending trajectory to joint_trajectory_controller
[gazebo-2] [INFO] [1787261056.618615537] [joint_trajectory_controller]: Received new action goal
[gazebo-2] [INFO] [1787261056.618652684] [joint_trajectory_controller]: Accepted new action goal
[move_group-8] [INFO] [1787261056.618827347] [moveit.simple_controller_manager.follow_joint_trajectory_controller_handle]: joint_trajectory_controller started execution
[move_group-8] [INFO] [1787261056.618841206] [moveit.simple_controller_manager.follow_joint_trajectory_controller_handle]: Goal request accepted!
[gazebo-2] [INFO] [1787261061.741900361] [joint_trajectory_controller]: Goal reached, success!
[move_group-8] [INFO] [1787261061.769112391] [moveit.simple_controller_manager.follow_joint_trajectory_controller_handle]: Controller 'joint_trajectory_controller' successfully finished
[move_group-8] [INFO] [1787261061.793041591] [move_group.moveit.moveit.ros.trajectory_execution_manager]: Completed trajectory execution with status SUCCEEDED ...
[move_group-8] [INFO] [1787261061.798613273] [move_group.moveit.moveit.ros.move_group.move_action]: Solution was found and executed.
[WARNING] [launch]: user interrupted with ctrl-c (SIGINT)
[move_group-8] [INFO] [1787261067.271603698] [rclcpp]: signal_handler(SIGINT/SIGTERM)
[parameter_bridge-4] [INFO] [1787261067.271628904] [rclcpp]: signal_handler(SIGINT/SIGTERM)
[robot_state_publisher-1] [INFO] [1787261067.271621213] [rclcpp]: signal_handler(SIGINT/SIGTERM)
[move_group-8] Stack trace (most recent call last):
[move_group-8] #6    Object "", at 0xffffffffffffffff, in 
[INFO] [parameter_bridge-4]: process has finished cleanly [pid 246372]
[INFO] [robot_state_publisher-1]: process has finished cleanly [pid 246369]
[INFO] [ground_truth-9]: process has finished cleanly [pid 246377]
[gazebo-2] Segmentation fault (core dumped)
[ERROR] [gazebo-2]: process has died [pid 246370, exit code -2, cmd 'ruby /opt/ros/jazzy/opt/gz_tools_vendor/bin/gz sim -s --headless-rendering -r -v 4 --physics-engine gz-physics-bullet-featherstone-plugin /home/jonas/Documents/Bachelorarbeit/robocal/install/annin_ar4_gazebo/share/annin_ar4_gazebo/worlds/calibration.world --force-version 8'].
[INFO] [launch]: process[gazebo-2] was required: shutting down launched system
[ERROR] [move_group-8]: process[move_group-8] failed to terminate '5' seconds after receiving 'SIGINT', escalating to 'SIGTERM'
[INFO] [move_group-8]: sending signal 'SIGTERM' to process[move_group-8]
[ERROR] [move_group-8]: process has died [pid 246376, exit code -15, cmd '/opt/ros/jazzy/lib/moveit_ros_move_group/move_group --ros-args -p use_sim_time:=True --params-file /tmp/launch_params_y_m5uyob --params-file /tmp/launch_params_n4d273oy --params-file /tmp/launch_params_97jby4nn --params-file /tmp/launch_params_005_7uqn --params-file /tmp/launch_params_erst25hm --params-file /tmp/launch_params_gjgh5b67 --params-file /tmp/launch_params_uibwzf56 --params-file /tmp/launch_params_vciwcfzu --params-file /tmp/launch_params_42nzbohk --params-file /tmp/launch_params_z3xhrnd3'].
